{"type": "FeatureCollection", "features": [{"type": "Feature", "id": 1, "geometry": {"type": "Point", "coordinates": [-84.3921056610018, 33.779166328003]}, "properties": {"OBJECTID": 1, "BinType": "satelliteStation", "size": null, "InOut": "Indoor", "RRtype": "Recycling", "recepticleCount": 5, "Comments": null, "LocDesc": "3rd Floor by break room", "RecycleMat": null, "GlobalID": "ece5425d-50f4-40f3-8caa-5c01fa2abf96"}}, {"type": "Feature", "id": 2, "geometry": {"type": "Point", "coordinates": [-84.3922344070019, 33.778965680003]}, "properties": {"OBJECTID": 2, "BinType": "satelliteStation", "size": null, "InOut": "Indoor", "RRtype": "Recycling", "recepticleCount": 5, "Comments": null, "LocDesc": "1st Floor Break room", "RecycleMat": null, "GlobalID": "362fe958-8dc7-4ecf-8519-b0da10dcd272"}}, {"type": "Feature", "id": 3, "geometry": {"type": "Point", "coordinates": [-84.3914619310019, 33.778136332003]}, "properties": {"OBJECTID": 3, "BinType": "dumpster", "size": null, "InOut": "Outdoor", "RRtype": "Recycling", "recepticleCount": 1, "Comments": "1 - Tuesday ", "LocDesc": "Recycling Center OCC", "RecycleMat": "Cardboard", "GlobalID": "89326f0b-e872-43ef-a6e8-0171fcbb5f9f"}}, {"type": "Feature", "id": 4, "geometry": {"type": "Point", "coordinates": [-84.3919661870018, 33.7787650330031]}, "properties": {"OBJECTID": 4, "BinType": "victorStanley", "size": 50, "InOut": "Outdoor", "RRtype": "Rubbish", "recepticleCount": 1, "Comments": null, "LocDesc": "By stairs", "RecycleMat": null, "GlobalID": "9f10920c-30e7-48f4-b6f2-1fbf4bccc2e0"}}, {"type": "Feature", "id": 5, "geometry": {"type": "Point", "coordinates": [-84.3918964490018, 33.7791707870031]}, "properties": {"OBJECTID": 5, "BinType": "victorStanley", "size": 50, "InOut": "Outdoor", "RRtype": "Rubbish", "recepticleCount": 1, "Comments": null, "LocDesc": null, "RecycleMat": null, "GlobalID": "0de734ce-c7ab-4f2f-bf11-3bf5e81f705e"}}, {"type": "Feature", "id": 6, "geometry": {"type": "Point", "coordinates": [-84.3921804210019, 33.776750512003]}, "properties": {"OBJECTID": 6, "BinType": "victorStanley", "size": null, "InOut": "Outdoor", "RRtype": "Recycling", "recepticleCount": 3, "Comments": null, "LocDesc": null, "RecycleMat": null, "GlobalID": "02c0b883-9947-4a06-8c46-5c3e2a32c0aa"}}, {"type": "Feature", "id": 7, "geometry": {"type": "Point", "coordinates": [-84.3920713450018, 33.778657438003]}, "properties": {"OBJECTID": 7, "BinType": "satelliteStation", "size": null, "InOut": "Indoor", "RRtype": "Recycling", "recepticleCount": 3, "Comments": null, "LocDesc": "Ground Floor by the elevator", "RecycleMat": null, "GlobalID": "abbf8b61-1286-46ad-8379-3e34298507ca"}}, {"type": "Feature", "id": 8, "geometry": {"type": "Point", "coordinates": [-84.3921808690018, 33.7767869260031]}, "properties": {"OBJECTID": 8, "BinType": "victorStanley", "size": null, "InOut": "Outdoor", "RRtype": "Rubbish", "recepticleCount": 1, "Comments": null, "LocDesc": null, "RecycleMat": null, "GlobalID": "a887a178-e9f7-4082-8e97-14c52671ad2a"}}, {"type": "Feature", "id": 9, "geometry": {"type": "Point", "coordinates": [-84.3966342880018, 33.7750092250031]}, "properties": {"OBJECTID": 9, "BinType": "victorStanley", "size": 50, "InOut": "Outdoor", "RRtype": "Recycling", "recepticleCount": 3, "Comments": null, "LocDesc": null, "RecycleMat": null, "GlobalID": "33a2f835-90e8-4c1c-ac1f-882fe4d0d0f5"}}, {"type": "Feature", "id": 10, "geometry": {"type": "Point", "coordinates": [-84.3967377540018, 33.7756921600031]}, "properties": {"OBJECTID": 10, "BinType": "victorStanley", "size": 50, "InOut": "Outdoor", "RRtype": "Recycling", "recepticleCount": 3, "Comments": null, "LocDesc": null, "RecycleMat": null, "GlobalID": "a69f70fb-9410-4052-9db9-ae79a628868f"}}, {"type": "Feature", "id": 11, "geometry": {"type": "Point", "coordinates": [-84.3978698400018, 33.780378956003]}, "properties": {"OBJECTID": 11, "BinType": "victorStanley", "size": 50, "InOut": "Outdoor", "RRtype": "Recycling", "recepticleCount": 4, "Comments": null, "LocDesc": null, "RecycleMat": "Individual", "GlobalID": "8d3f6b6f-4d73-4765-bdc8-b3955aa4c780"}}, {"type": "Feature", "id": 12, "geometry": {"type": "Point", "coordinates": [-84.3980920640018, 33.780659015003]}, "properties": {"OBJECTID": 12, "BinType": "compactor", "size": null, "InOut": "Outdoor", "RRtype": "Rubbish", "recepticleCount": 1, "Comments": null, "LocDesc": "GT bldg 195 - EBB BLDG", "RecycleMat": "Landfill", "GlobalID": "3339fa26-71df-48fa-881b-ac08b1d5e510"}}, {"type": "Feature", "id": 13, "geometry": {"type": "Point", "coordinates": [-84.3988535300018, 33.779061615003]}, "properties": {"OBJECTID": 13, "BinType": "rolloff", "size": 30, "InOut": "Outdoor", "RRtype": "Rubbish", "recepticleCount": 1, "Comments": null, "LocDesc": "GT nanotechnology ", "RecycleMat": "Landfill", "GlobalID": "9626c0ff-993d-406b-a651-746fc466f7f4"}}, {"type": "Feature", "id": 14, "geometry": {"type": "Point", "coordinates": [-84.3976861750019, 33.777487385003]}, "properties": {"OBJECTID": 14, "BinType": "victorStanley", "size": 50, "InOut": "Outdoor", "RRtype": "Rubbish", "recepticleCount": 1, "Comments": null, "LocDesc": null, "RecycleMat": "Landfill", "GlobalID": "83799697-bb8a-4dcc-b579-bd0d19f02140"}}, {"type": "Feature", "id": 15, "geometry": {"type": "Point", "coordinates": [-84.3988426920018, 33.779011493003]}, "properties": {"OBJECTID": 15, "BinType": "victorStanley", "size": 50, "InOut": "Outdoor", "RRtype": "Rubbish", "recepticleCount": 1, "Comments": null, "LocDesc": null, "RecycleMat": "Landfill", "GlobalID": "e0d4e09b-ce2b-41e7-a123-7a8cefb316cc"}}, {"type": "Feature", "id": 16, "geometry": {"type": "Point", "coordinates": [-84.3982214900018, 33.778515654003]}, "properties": {"OBJECTID": 16, "BinType": "victorStanley", "size": 50, "InOut": "Outdoor", "RRtype": "Rubbish", "recepticleCount": 1, "Comments": null, "LocDesc": null, "RecycleMat": "Landfill", "GlobalID": "5457999d-584f-4aeb-a652-3132ac9d6eef"}}, {"type": "Feature", "id": 17, "geometry": {"type": "Point", "coordinates": [-84.3989591750018, 33.7784291400031]}, "properties": {"OBJECTID": 17, "BinType": "victorStanley", "size": 50, "InOut": "Outdoor", "RRtype": "Recycling", "recepticleCount": 4, "Comments": null, "LocDesc": null, "RecycleMat": "Individual", "GlobalID": "91ff37b3-b2f5-4a46-9325-d54bcb06c48c"}}, {"type": "Feature", "id": 18, "geometry": {"type": "Point", "coordinates": [-84.3972297130018, 33.7785752940031]}, "properties": {"OBJECTID": 18, "BinType": "victorStanley", "size": 50, "InOut": "Outdoor", "RRtype": "Rubbish", "recepticleCount": 1, "Comments": null, "LocDesc": null, "RecycleMat": "Landfill", "GlobalID": "defd8dfe-4a58-4493-8241-3d4628be029e"}}, {"type": "Feature", "id": 19, "geometry": {"type": "Point", "coordinates": [-84.3968637790018, 33.778652541003]}, "properties": {"OBJECTID": 19, "BinType": "victorStanley", "size": 50, "InOut": "Outdoor", "RRtype": "Rubbish", "recepticleCount": 1, "Comments": null, "LocDesc": null, "RecycleMat": "Landfill", "GlobalID": "80c13708-06d7-42a9-88f8-5b7ea705d5e5"}}, {"type": "Feature", "id": 20, "geometry": {"type": "Point", "coordinates": [-84.3964639720018, 33.7786318760031]}, "properties": {"OBJECTID": 20, "BinType": "victorStanley", "size": 50, "InOut": "Outdoor", "RRtype": "Rubbish", "recepticleCount": 1, "Comments": null, "LocDesc": null, "RecycleMat": "Landfill", "GlobalID": "2bde3ca8-3db7-4ec7-9c7d-8325ee59c96d"}}, {"type": "Feature", "id": 21, "geometry": {"type": "Point", "coordinates": [-84.3964082060019, 33.778782257003]}, "properties": {"OBJECTID": 21, "BinType": "victorStanley", "size": 50, "InOut": "Outdoor", "RRtype": "Recycling", "recepticleCount": 4, "Comments": null, "LocDesc": null, "RecycleMat": "Individual", "GlobalID": "976e0435-e6b2-4d60-967c-ed4be24f8bef"}}, {"type": "Feature", "id": 22, "geometry": {"type": "Point", "coordinates": [-84.3961841050018, 33.7790084760031]}, "properties": {"OBJECTID": 22, "BinType": "victorStanley", "size": 50, "InOut": "Outdoor", "RRtype": "Rubbish", "recepticleCount": 1, "Comments": null, "LocDesc": null, "RecycleMat": "Landfill", "GlobalID": "578709eb-ebfc-4956-93e4-ad4bbb8b99f3"}}, {"type": "Feature", "id": 23, "geometry": {"type": "Point", "coordinates": [-84.3961841050018, 33.7790084760031]}, "properties": {"OBJECTID": 23, "BinType": "victorStanley", "size": 50, "InOut": "Outdoor", "RRtype": "Rubbish", "recepticleCount": 1, "Comments": null, "LocDesc": null, "RecycleMat": "Landfill", "GlobalID": "ae22cb15-a4db-4a31-9874-075be10cf748"}}, {"type": "Feature", "id": 24, "geometry": {"type": "Point", "coordinates": [-84.3962863920019, 33.777845632003]}, "properties": {"OBJECTID": 24, "BinType": "victorStanley", "size": 50, "InOut": "Outdoor", "RRtype": "Recycling", "recepticleCount": 4, "Comments": null, "LocDesc": null, "RecycleMat": "Individual", "GlobalID": "934dd21d-de59-443f-8ee2-73d03072958a"}}, {"type": "Feature", "id": 25, "geometry": {"type": "Point", "coordinates": [-84.3970427190018, 33.779060230003]}, "properties": {"OBJECTID": 25, "BinType": "victorStanley", "size": 50, "InOut": "Outdoor", "RRtype": "Rubbish", "recepticleCount": 1, "Comments": null, "LocDesc": null, "RecycleMat": "Landfill", "GlobalID": "1d780e63-d015-43b6-a186-d519c3fb89db"}}, {"type": "Feature", "id": 26, "geometry": {"type": "Point", "coordinates": [-84.3968120790018, 33.7790881120031]}, "properties": {"OBJECTID": 26, "BinType": "victorStanley", "size": 50, "InOut": "Outdoor", "RRtype": "Recycling", "recepticleCount": 4, "Comments": null, "LocDesc": null, "RecycleMat": "Individual", "GlobalID": "62e403c1-e2cb-402b-ac17-51be2e044bc1"}}, {"type": "Feature", "id": 27, "geometry": {"type": "Point", "coordinates": [-84.3965565100019, 33.7796243330031]}, "properties": {"OBJECTID": 27, "BinType": "victorStanley", "size": 50, "InOut": "Outdoor", "RRtype": "Rubbish", "recepticleCount": 1, "Comments": null, "LocDesc": null, "RecycleMat": "Landfill", "GlobalID": "18e273cd-4ffd-4d21-9ede-012f614a39ac"}}, {"type": "Feature", "id": 28, "geometry": {"type": "Point", "coordinates": [-84.3961725640019, 33.779566576003]}, "properties": {"OBJECTID": 28, "BinType": "victorStanley", "size": 50, "InOut": "Outdoor", "RRtype": "Rubbish", "recepticleCount": 1, "Comments": null, "LocDesc": null, "RecycleMat": "Landfill", "GlobalID": "ae8c93eb-0403-4954-9da8-7bcab1d8d586"}}, {"type": "Feature", "id": 29, "geometry": {"type": "Point", "coordinates": [-84.3965347510019, 33.7801098940031]}, "properties": {"OBJECTID": 29, "BinType": "victorStanley", "size": 50, "InOut": "Outdoor", "RRtype": "Rubbish", "recepticleCount": 1, "Comments": null, "LocDesc": null, "RecycleMat": "Landfill", "GlobalID": "1136c7ea-8e22-4a25-bd82-7befb61f13c2"}}, {"type": "Feature", "id": 30, "geometry": {"type": "Point", "coordinates": [-84.3956694450018, 33.779212776003]}, "properties": {"OBJECTID": 30, "BinType": "compactor", "size": 34, "InOut": "Outdoor", "RRtype": "Recycling", "recepticleCount": 1, "Comments": null, "LocDesc": "FMC ES&T (cardboard recycling)", "RecycleMat": "Cardboard", "GlobalID": "9bec7954-03a8-477f-871c-9a4b4a723006"}}, {"type": "Feature", "id": 31, "geometry": {"type": "Point", "coordinates": [-84.3956708820019, 33.7792444880031]}, "properties": {"OBJECTID": 31, "BinType": "compactor", "size": 34, "InOut": "Outdoor", "RRtype": "Rubbish", "recepticleCount": 1, "Comments": null, "LocDesc": "FMC ES&T RO Bldg 147", "RecycleMat": "Landfill", "GlobalID": "32f39304-86b7-4ee0-8c79-9fbdf16ec89e"}}, {"type": "Feature", "id": 32, "geometry": {"type": "Point", "coordinates": [-84.3919403550019, 33.779465760003]}, "properties": {"OBJECTID": 32, "BinType": "compactor", "size": 34, "InOut": "Outdoor", "RRtype": "Rubbish", "recepticleCount": 1, "Comments": null, "LocDesc": "McCamish Center", "RecycleMat": "Landfill", "GlobalID": "e6458b63-c347-4e46-a300-d5efafcc223c"}}, {"type": "Feature", "id": 33, "geometry": {"type": "Point", "coordinates": [-84.3926068410018, 33.7786363440031]}, "properties": {"OBJECTID": 33, "BinType": "dumpster", "size": 8, "InOut": "Outdoor", "RRtype": "Rubbish", "recepticleCount": 1, "Comments": "2- Monday, Thursday ", "LocDesc": "O\u2019Keefe Main Building ", "RecycleMat": "Landfill", "GlobalID": "8d83ce26-dec9-4c8c-bd0f-437ec7c4fe26"}}, {"type": "Feature", "id": 34, "geometry": {"type": "Point", "coordinates": [-84.3926651120018, 33.7785945030031]}, "properties": {"OBJECTID": 34, "BinType": "dumpster", "size": 8, "InOut": "Outdoor", "RRtype": "Recycling", "recepticleCount": 1, "Comments": "1- Tuesday ", "LocDesc": "O\u2019Keefe OCC", "RecycleMat": "Cardboard", "GlobalID": "35f864a0-9d41-42a5-8de5-6f487a30fbd7"}}, {"type": "Feature", "id": 35, "geometry": {"type": "Point", "coordinates": [-84.3927933820018, 33.778038078003]}, "properties": {"OBJECTID": 35, "BinType": "dumpster", "size": 8, "InOut": "Outdoor", "RRtype": "Rubbish", "recepticleCount": 1, "Comments": "3- Monday, Wednesday, Saturday ", "LocDesc": "5 Kappa Sigma", "RecycleMat": "Landfill", "GlobalID": "4c68e158-bb72-4a18-96a2-60e12c535a1d"}}, {"type": "Feature", "id": 36, "geometry": {"type": "Point", "coordinates": [-84.3918405500018, 33.778049270003]}, "properties": {"OBJECTID": 36, "BinType": "dumpster", "size": 6, "InOut": "Outdoor", "RRtype": "Rubbish", "recepticleCount": 1, "Comments": "2- Tuesday, Friday ", "LocDesc": "19 Alpha Xi Delta", "RecycleMat": "Landfill", "GlobalID": "29895514-ae93-46cc-ab72-e0c20b35ef25"}}, {"type": "Feature", "id": 37, "geometry": {"type": "Point", "coordinates": [-84.3918405500018, 33.778049270003]}, "properties": {"OBJECTID": 37, "BinType": "dumpster", "size": 6, "InOut": "Outdoor", "RRtype": "Rubbish", "recepticleCount": 1, "Comments": null, "LocDesc": null, "RecycleMat": "Landfill", "GlobalID": "00469d31-418f-470b-bc71-a567aa7e657c"}}, {"type": "Feature", "id": 38, "geometry": {"type": "Point", "coordinates": [-84.3918405500018, 33.778049270003]}, "properties": {"OBJECTID": 38, "BinType": "dumpster", "size": 6, "InOut": "Outdoor", "RRtype": "Rubbish", "recepticleCount": 1, "Comments": null, "LocDesc": null, "RecycleMat": "Landfill", "GlobalID": "8c22ca86-abff-4e00-853b-9aa7b7688a49"}}, {"type": "Feature", "id": 39, "geometry": {"type": "Point", "coordinates": [-84.3918405500018, 33.778049270003]}, "properties": {"OBJECTID": 39, "BinType": "dumpster", "size": 6, "InOut": "Outdoor", "RRtype": "Rubbish", "recepticleCount": 1, "Comments": null, "LocDesc": null, "RecycleMat": "Landfill", "GlobalID": "c0932a51-7111-434a-a01e-cc32d5900818"}}, {"type": "Feature", "id": 40, "geometry": {"type": "Point", "coordinates": [-84.3916474740018, 33.777551354003]}, "properties": {"OBJECTID": 40, "BinType": "dumpster", "size": 8, "InOut": "Outdoor", "RRtype": "Rubbish", "recepticleCount": 1, "Comments": "6- Monday-Saturday ", "LocDesc": "4 Phi Kappa Sigma ", "RecycleMat": "Landfill", "GlobalID": "0ae5897d-044b-455f-b7db-29fcb1e473c4"}}, {"type": "Feature", "id": 41, "geometry": {"type": "Point", "coordinates": [-84.3928396120019, 33.777431617003]}, "properties": {"OBJECTID": 41, "BinType": "dumpster", "size": 8, "InOut": "Outdoor", "RRtype": "Rubbish", "recepticleCount": 3, "Comments": "6- Monday-Saturday ", "LocDesc": "3 Tau Kappa Epsilon", "RecycleMat": "Landfill", "GlobalID": "18d0208e-da1e-4e4e-8ad9-736fafd62218"}}, {"type": "Feature", "id": 42, "geometry": {"type": "Point", "coordinates": [-84.3928396120019, 33.777431617003]}, "properties": {"OBJECTID": 42, "BinType": "dumpster", "size": 8, "InOut": "Outdoor", "RRtype": "Rubbish", "recepticleCount": 3, "Comments": null, "LocDesc": null, "RecycleMat": "Landfill", "GlobalID": "4f8a93b5-b2e3-46c6-b29f-9990bb81f185"}}, {"type": "Feature", "id": 43, "geometry": {"type": "Point", "coordinates": [-84.3928396120019, 33.777431617003]}, "properties": {"OBJECTID": 43, "BinType": "dumpster", "size": 8, "InOut": "Outdoor", "RRtype": "Rubbish", "recepticleCount": 3, "Comments": null, "LocDesc": null, "RecycleMat": "Landfill", "GlobalID": "239f87a4-9e4c-4a7a-af9f-b90ac86b2031"}}, {"type": "Feature", "id": 44, "geometry": {"type": "Point", "coordinates": [-84.3928396120019, 33.777431617003]}, "properties": {"OBJECTID": 44, "BinType": "dumpster", "size": 8, "InOut": "Outdoor", "RRtype": "Rubbish", "recepticleCount": 3, "Comments": null, "LocDesc": null, "RecycleMat": "Landfill", "GlobalID": "4ca230c4-805d-44aa-bd85-7382097a2769"}}, {"type": "Feature", "id": 45, "geometry": {"type": "Point", "coordinates": [-84.3943212230018, 33.7763800480031]}, "properties": {"OBJECTID": 45, "BinType": "dumpster", "size": 8, "InOut": "Outdoor", "RRtype": "Rubbish", "recepticleCount": 2, "Comments": "6 - Monday- Saturday ", "LocDesc": "11 Alpha Tau Omega ", "RecycleMat": "Landfill", "GlobalID": "6b9ef000-0e56-4b49-8724-518ab6f90bef"}}, {"type": "Feature", "id": 46, "geometry": {"type": "Point", "coordinates": [-84.3950469440018, 33.776528125003]}, "properties": {"OBJECTID": 46, "BinType": "dumpster", "size": 8, "InOut": "Outdoor", "RRtype": "Rubbish", "recepticleCount": 2, "Comments": "6 - Monday- Saturday ", "LocDesc": "12 Sigma Alpha Epsilon ", "RecycleMat": "Landfill", "GlobalID": "7c5d042d-c8cb-40fb-a851-ae0b3cf75106"}}, {"type": "Feature", "id": 47, "geometry": {"type": "Point", "coordinates": [-84.3950990450018, 33.7764123320031]}, "properties": {"OBJECTID": 47, "BinType": "rolloff", "size": 12, "InOut": "Outdoor", "RRtype": "Rubbish", "recepticleCount": 1, "Comments": null, "LocDesc": "Architecture roll off", "RecycleMat": "Landfill", "GlobalID": "f6dea879-1356-4fd6-8c1d-5e9359a8aa66"}}, {"type": "Feature", "id": 48, "geometry": {"type": "Point", "coordinates": [-84.3932968930018, 33.776498885003]}, "properties": {"OBJECTID": 48, "BinType": "dumpster", "size": 8, "InOut": "Outdoor", "RRtype": "Rubbish", "recepticleCount": 1, "Comments": "2- Monday, Thursday ", "LocDesc": "10 Sigma Phi Epsilon", "RecycleMat": "Landfill", "GlobalID": "634cdec3-fb23-4ceb-8930-0686612fa850"}}, {"type": "Feature", "id": 49, "geometry": {"type": "Point", "coordinates": [-84.3925733620018, 33.776383701003]}, "properties": {"OBJECTID": 49, "BinType": "dumpster", "size": 8, "InOut": "Outdoor", "RRtype": "Rubbish", "recepticleCount": 2, "Comments": "6- Monday-Saturday ", "LocDesc": "9 Phi Kappa Tau", "RecycleMat": "Landfill", "GlobalID": "d4fa7490-ba77-4faa-a2fd-f20bd8d4c4e8"}}, {"type": "Feature", "id": 50, "geometry": {"type": "Point", "coordinates": [-84.3914415630018, 33.776171318003]}, "properties": {"OBJECTID": 50, "BinType": "dumpster", "size": 8, "InOut": "Outdoor", "RRtype": "Rubbish", "recepticleCount": 1, "Comments": "3- Monday, Wednesday, Friday ", "LocDesc": "6 Kappa Alpha", "RecycleMat": "Landfill", "GlobalID": "147b14b3-a8d3-42bb-9f98-748c37a5dc85"}}, {"type": "Feature", "id": 51, "geometry": {"type": "Point", "coordinates": [-84.3915108230019, 33.775484593003]}, "properties": {"OBJECTID": 51, "BinType": "dumpster", "size": 8, "InOut": "Outdoor", "RRtype": "Rubbish", "recepticleCount": 1, "Comments": "2- Monday, Thursday ", "LocDesc": "20 Campus Christian ", "RecycleMat": "Landfill", "GlobalID": "d857bee1-1dad-4c8c-83f5-ddea8b022f8e"}}, {"type": "Feature", "id": 52, "geometry": {"type": "Point", "coordinates": [-84.3910770400018, 33.7748726300031]}, "properties": {"OBJECTID": 52, "BinType": "dumpster", "size": 8, "InOut": "Outdoor", "RRtype": "Rubbish", "recepticleCount": 2, "Comments": "3- Monday, Wednesday, Saturday ", "LocDesc": "Fourth street Apt(stein house)", "RecycleMat": "Landfill", "GlobalID": "85b0fede-6cba-412d-86f5-3113f080b1a2"}}, {"type": "Feature", "id": 53, "geometry": {"type": "Point", "coordinates": [-84.3910699590018, 33.7748356540031]}, "properties": {"OBJECTID": 53, "BinType": "dumpster", "size": 8, "InOut": "Outdoor", "RRtype": "Recycling", "recepticleCount": 1, "Comments": "2- Monday, Thursday ", "LocDesc": "Fourth St Apt SSRY", "RecycleMat": "SingleStream", "GlobalID": "da755595-33f0-453c-9fb1-148e8e9b13a6"}}, {"type": "Feature", "id": 54, "geometry": {"type": "Point", "coordinates": [-84.3921267160018, 33.775867922003]}, "properties": {"OBJECTID": 54, "BinType": "dumpster", "size": 8, "InOut": "Outdoor", "RRtype": "Rubbish", "recepticleCount": 1, "Comments": "5- Monday, Tuesday, Thursday, Friday, Saturday ", "LocDesc": "8 sigma chi", "RecycleMat": "Landfill", "GlobalID": "fd068222-2e87-4578-bd1f-d9f30628e288"}}, {"type": "Feature", "id": 55, "geometry": {"type": "Point", "coordinates": [-84.3927524150018, 33.7751050530031]}, "properties": {"OBJECTID": 55, "BinType": "dumpster", "size": 8, "InOut": "Outdoor", "RRtype": "Rubbish", "recepticleCount": 1, "Comments": "3- Monday, Wednesday, Saturday ", "LocDesc": "15 Alpa Chi Omega", "RecycleMat": "Landfill", "GlobalID": "9a38084f-b367-42a3-92af-e5d471b9de16"}}, {"type": "Feature", "id": 56, "geometry": {"type": "Point", "coordinates": [-84.3926035050018, 33.774845327003]}, "properties": {"OBJECTID": 56, "BinType": "dumpster", "size": 8, "InOut": "Outdoor", "RRtype": "Rubbish", "recepticleCount": 1, "Comments": "3- Monday, Wednesday, Friday ", "LocDesc": "14 Alpha Delta Pi", "RecycleMat": "Landfill", "GlobalID": "ca5d23c2-1782-4a08-9130-86bd391f53a5"}}, {"type": "Feature", "id": 57, "geometry": {"type": "Point", "coordinates": [-84.3926264300018, 33.774370172003]}, "properties": {"OBJECTID": 57, "BinType": "dumpster", "size": 8, "InOut": "Outdoor", "RRtype": "Rubbish", "recepticleCount": 1, "Comments": "6 - Monday- Saturday ", "LocDesc": "13 alpha phi", "RecycleMat": "Landfill", "GlobalID": "046230de-9fa1-40b1-b2d0-d142bb7f3c62"}}, {"type": "Feature", "id": 58, "geometry": {"type": "Point", "coordinates": [-84.3943323730018, 33.7744369560031]}, "properties": {"OBJECTID": 58, "BinType": "dumpster", "size": 8, "InOut": "Outdoor", "RRtype": "Rubbish", "recepticleCount": 1, "Comments": "3- Monday, Wednesday, Friday ", "LocDesc": "16 Chi Phi", "RecycleMat": "Landfill", "GlobalID": "8a59f6d7-66a7-428b-90a8-75529efc2e05"}}, {"type": "Feature", "id": 59, "geometry": {"type": "Point", "coordinates": [-84.3943903020018, 33.774454937003]}, "properties": {"OBJECTID": 59, "BinType": "dumpster", "size": 8, "InOut": "Outdoor", "RRtype": "Rubbish", "recepticleCount": 1, "Comments": "2- Monday, Thursday ", "LocDesc": "Hinman ", "RecycleMat": "Landfill", "GlobalID": "fd7f4710-7e55-4c1f-bd3c-9e1cd7c0b140"}}, {"type": "Feature", "id": 60, "geometry": {"type": "Point", "coordinates": [-84.3944435320018, 33.774883139003]}, "properties": {"OBJECTID": 60, "BinType": "dumpster", "size": 8, "InOut": "Outdoor", "RRtype": "Rubbish", "recepticleCount": 1, "Comments": "6- Monday- Saturday ", "LocDesc": "17 Sigma Nu", "RecycleMat": "Landfill", "GlobalID": "792b241b-5c1b-4a4f-9f09-530ee735a873"}}, {"type": "Feature", "id": 61, "geometry": {"type": "Point", "coordinates": [-84.3946522680018, 33.775116833003]}, "properties": {"OBJECTID": 61, "BinType": "dumpster", "size": 8, "InOut": "Outdoor", "RRtype": "Rubbish", "recepticleCount": 1, "Comments": "3- Monday, Wednesday, Thursday ", "LocDesc": "Rich Computer", "RecycleMat": "Landfill", "GlobalID": "31f1527e-1e33-44e4-bf50-6b29a5073619"}}, {"type": "Feature", "id": 62, "geometry": {"type": "Point", "coordinates": [-84.3950500830018, 33.7730579650031]}, "properties": {"OBJECTID": 62, "BinType": "dumpster", "size": 8, "InOut": "Outdoor", "RRtype": "Rubbish", "recepticleCount": 2, "Comments": "- Monday- Saturday ", "LocDesc": "Bldg 35 Admin ", "RecycleMat": "Landfill", "GlobalID": "25b579ba-1cd7-4774-8fc5-aff75c588ecd"}}, {"type": "Feature", "id": 63, "geometry": {"type": "Point", "coordinates": [-84.3929727960018, 33.770874464003]}, "properties": {"OBJECTID": 63, "BinType": "dumpster", "size": 8, "InOut": "Outdoor", "RRtype": "Rubbish", "recepticleCount": 1, "Comments": "3- Monday, Wednesday, Friday ", "LocDesc": "Alumni House", "RecycleMat": "Landfill", "GlobalID": "49b9cfd5-3232-472d-84d1-13e3892c4b98"}}, {"type": "Feature", "id": 64, "geometry": {"type": "Point", "coordinates": [-84.3959060640018, 33.7717647390031]}, "properties": {"OBJECTID": 64, "BinType": "dumpster", "size": 8, "InOut": "Outdoor", "RRtype": "Rubbish", "recepticleCount": 1, "Comments": "5- Monday- Friday ", "LocDesc": "Guggenheim Bldg. ", "RecycleMat": "Landfill", "GlobalID": "22da9a5f-bf38-461b-ae72-248c8ee7f27c"}}, {"type": "Feature", "id": 65, "geometry": {"type": "Point", "coordinates": [-84.3960792030018, 33.7730201290031]}, "properties": {"OBJECTID": 65, "BinType": "dumpster", "size": 8, "InOut": "Outdoor", "RRtype": "Rubbish", "recepticleCount": 2, "Comments": "3- Monday, Wednesday, Friday ", "LocDesc": "Bldg 45 JS Coon ", "RecycleMat": "Landfill", "GlobalID": "0e736fd4-9ee5-4e19-84d9-ac4b128a45f9"}}, {"type": "Feature", "id": 66, "geometry": {"type": "Point", "coordinates": [-84.3987341370018, 33.7737152070031]}, "properties": {"OBJECTID": 66, "BinType": "compactor", "size": 20, "InOut": "Outdoor", "RRtype": "Recycling", "recepticleCount": 1, "Comments": "OCC", "LocDesc": "STU COMMONS RO Packer ", "RecycleMat": "Cardboard", "GlobalID": "94080c0a-c132-442a-90c3-5a6cf7790f61"}}, {"type": "Feature", "id": 67, "geometry": {"type": "Point", "coordinates": [-84.3989615030018, 33.773733463003]}, "properties": {"OBJECTID": 67, "BinType": "compactor", "size": 34, "InOut": "Outdoor", "RRtype": "Rubbish", "recepticleCount": 1, "Comments": null, "LocDesc": "Went Stu Cntr RO Packer", "RecycleMat": "Landfill", "GlobalID": "b7bb59c4-5a4e-42f4-9458-77d11a409af8"}}, {"type": "Feature", "id": 68, "geometry": {"type": "Point", "coordinates": [-84.3998964720018, 33.7740585620031]}, "properties": {"OBJECTID": 68, "BinType": "dumpster", "size": 8, "InOut": "Outdoor", "RRtype": "Rubbish", "recepticleCount": 1, "Comments": "3- Monday, Wednesday, Friday ", "LocDesc": "Student Services", "RecycleMat": "Landfill", "GlobalID": "6ff4dad8-9436-4a84-8ba9-c02ea0f786da"}}, {"type": "Feature", "id": 69, "geometry": {"type": "Point", "coordinates": [-84.4033808270018, 33.7746226570031]}, "properties": {"OBJECTID": 69, "BinType": "dumpster", "size": 8, "InOut": "Outdoor", "RRtype": "Rubbish", "recepticleCount": 1, "Comments": "2- Monday, Thursday ", "LocDesc": "Student Health", "RecycleMat": "Landfill", "GlobalID": "924cbc71-7240-4bf9-a036-4792b4f0173f"}}, {"type": "Feature", "id": 70, "geometry": {"type": "Point", "coordinates": [-84.4013132830019, 33.775997386003]}, "properties": {"OBJECTID": 70, "BinType": "compactor", "size": 34, "InOut": "Outdoor", "RRtype": "Rubbish", "recepticleCount": 1, "Comments": null, "LocDesc": "MRDC 2 compactor", "RecycleMat": "Landfill", "GlobalID": "436bb329-ae9d-4f7f-a2c0-19fc70bc99fa"}}, {"type": "Feature", "id": 71, "geometry": {"type": "Point", "coordinates": [-84.4039855790018, 33.780400468003]}, "properties": {"OBJECTID": 71, "BinType": "dumpster", "size": 8, "InOut": "Outdoor", "RRtype": "Rubbish", "recepticleCount": 2, "Comments": "3- Monday, Wednesday, Saturday ", "LocDesc": "Hemphill Apt", "RecycleMat": "Landfill", "GlobalID": "112e24b2-e1f0-479a-bbd8-f6ce7a4bd406"}}, {"type": "Feature", "id": 72, "geometry": {"type": "Point", "coordinates": [-84.4039907590018, 33.780431213003]}, "properties": {"OBJECTID": 72, "BinType": "dumpster", "size": 8, "InOut": "Outdoor", "RRtype": "Recycling", "recepticleCount": 1, "Comments": "2- Monday, Thursday ", "LocDesc": "Hemphill Apt. SSRY", "RecycleMat": "SingleStream", "GlobalID": "e9529f11-c686-4c3c-9637-6532f1bc5562"}}, {"type": "Feature", "id": 73, "geometry": {"type": "Point", "coordinates": [-84.4052256870018, 33.780432229003]}, "properties": {"OBJECTID": 73, "BinType": "dumpster", "size": 8, "InOut": "Outdoor", "RRtype": "Rubbish", "recepticleCount": 3, "Comments": "3- Monday, Wednesday, Saturday ", "LocDesc": "Eight street Apt. ", "RecycleMat": "Landfill", "GlobalID": "19252bfc-73e8-4435-80e9-7d16033aa6df"}}, {"type": "Feature", "id": 74, "geometry": {"type": "Point", "coordinates": [-84.4052084950018, 33.780434793003]}, "properties": {"OBJECTID": 74, "BinType": "dumpster", "size": 8, "InOut": "Outdoor", "RRtype": "Recycling", "recepticleCount": 1, "Comments": "2- Monday, Thursday ", "LocDesc": "Eighth St Apt SSRY", "RecycleMat": "SingleStream", "GlobalID": "3c0678ab-10d2-4b91-85d1-3bc3e7ac87e4"}}, {"type": "Feature", "id": 75, "geometry": {"type": "Point", "coordinates": [-84.4065775920018, 33.7797127850031]}, "properties": {"OBJECTID": 75, "BinType": "dumpster", "size": 8, "InOut": "Outdoor", "RRtype": "Rubbish", "recepticleCount": 2, "Comments": "3- Monday, Wednesday, Saturday ", "LocDesc": "Woodruff Dorm", "RecycleMat": "Landfill", "GlobalID": "ec8e9984-96d0-4f17-96d6-c51b901f11ed"}}, {"type": "Feature", "id": 76, "geometry": {"type": "Point", "coordinates": [-84.4065763830018, 33.779724452003]}, "properties": {"OBJECTID": 76, "BinType": "dumpster", "size": 8, "InOut": "Outdoor", "RRtype": "Recycling", "recepticleCount": 1, "Comments": "2- Monday, Thursday ", "LocDesc": "Woodruff SSRY", "RecycleMat": "SingleStream", "GlobalID": "1a28dad7-c477-4ff3-b876-332fcfb21640"}}, {"type": "Feature", "id": 77, "geometry": {"type": "Point", "coordinates": [-84.4036679680019, 33.7780884790031]}, "properties": {"OBJECTID": 77, "BinType": "dumpster", "size": 8, "InOut": "Outdoor", "RRtype": "Recycling", "recepticleCount": 1, "Comments": "2- Monday, Thursday ", "LocDesc": "Fulmer SSRY", "RecycleMat": "SingleStream", "GlobalID": "55baf74b-cb12-4e15-bb8c-5f8cdd00dbd6"}}, {"type": "Feature", "id": 78, "geometry": {"type": "Point", "coordinates": [-84.4036386510018, 33.778089951003]}, "properties": {"OBJECTID": 78, "BinType": "dumpster", "size": 8, "InOut": "Outdoor", "RRtype": "Rubbish", "recepticleCount": 2, "Comments": "3- Monday, Wednesday, Saturday ", "LocDesc": "Fulmer Hall", "RecycleMat": "Landfill", "GlobalID": "77e33821-a1b4-475b-82c1-82d5c9b4eaa4"}}, {"type": "Feature", "id": 79, "geometry": {"type": "Point", "coordinates": [-84.4050990610018, 33.779203179003]}, "properties": {"OBJECTID": 79, "BinType": "compactor", "size": 34, "InOut": "Outdoor", "RRtype": "Rubbish", "recepticleCount": 1, "Comments": null, "LocDesc": "GT west campus village", "RecycleMat": "Landfill", "GlobalID": "e4abfcda-b387-4ce7-9156-f2aaa3ed343b"}}, {"type": "Feature", "id": 80, "geometry": {"type": "Point", "coordinates": [-84.4050286390018, 33.779203398003]}, "properties": {"OBJECTID": 80, "BinType": "dumpster", "size": 8, "InOut": "Outdoor", "RRtype": "Recycling", "recepticleCount": 1, "Comments": "5- Monday- Friday ", "LocDesc": "West Campus Village OCC", "RecycleMat": "Cardboard", "GlobalID": "fee52674-7851-43cc-ae43-01a8a4e2f65a"}}, {"type": "Feature", "id": 81, "geometry": {"type": "Point", "coordinates": [-84.4061623780018, 33.778438620003]}, "properties": {"OBJECTID": 81, "BinType": "dumpster", "size": 8, "InOut": "Outdoor", "RRtype": "Rubbish", "recepticleCount": 2, "Comments": "2- Monday, Thursday ", "LocDesc": "Undergraduate Res", "RecycleMat": "Landfill", "GlobalID": "10a993b2-43c2-41d4-b633-b8b097c0908d"}}, {"type": "Feature", "id": 82, "geometry": {"type": "Point", "coordinates": [-84.4062045030018, 33.778441885003]}, "properties": {"OBJECTID": 82, "BinType": "dumpster", "size": 8, "InOut": "Outdoor", "RRtype": "Recycling", "recepticleCount": 2, "Comments": "2- Monday, Thursday ", "LocDesc": "West Main SSRY", "RecycleMat": "SingleStream", "GlobalID": "547db90a-d90e-4099-972a-40ee94ad18d1"}}, {"type": "Feature", "id": 83, "geometry": {"type": "Point", "coordinates": [-84.4048126160018, 33.7756466480031]}, "properties": {"OBJECTID": 83, "BinType": "dumpster", "size": 8, "InOut": "Outdoor", "RRtype": "Recycling", "recepticleCount": 1, "Comments": "2- Tuesday, Friday ", "LocDesc": "CRC OCC", "RecycleMat": "Cardboard", "GlobalID": "1461502c-f715-4287-b67c-17464a45208f"}}, {"type": "Feature", "id": 84, "geometry": {"type": "Point", "coordinates": [-84.4048379320018, 33.775610500003]}, "properties": {"OBJECTID": 84, "BinType": "compactor", "size": 34, "InOut": "Outdoor", "RRtype": "Rubbish", "recepticleCount": 1, "Comments": null, "LocDesc": "CRC RO Packer", "RecycleMat": "Landfill", "GlobalID": "2400b05b-1fc9-4eaa-b6a4-157a002aa833"}}, {"type": "Feature", "id": 85, "geometry": {"type": "Point", "coordinates": [-84.4069833180018, 33.779710526003]}, "properties": {"OBJECTID": 85, "BinType": "compactor", "size": 30, "InOut": "Outdoor", "RRtype": "Rubbish", "recepticleCount": 1, "Comments": "Landscape waste ", "LocDesc": "Landscape services", "RecycleMat": null, "GlobalID": "fcf29e9a-b1d7-4709-9ea4-20c63452038f"}}, {"type": "Feature", "id": 86, "geometry": {"type": "Point", "coordinates": [-84.4070950100018, 33.779706312003]}, "properties": {"OBJECTID": 86, "BinType": "rolloff", "size": 30, "InOut": "Outdoor", "RRtype": "Recycling", "recepticleCount": 1, "Comments": "Aluminum", "LocDesc": "GT the yard aluminum", "RecycleMat": "Individual", "GlobalID": "75cbada5-2126-488d-a64f-ab9545d9ef96"}}, {"type": "Feature", "id": 87, "geometry": {"type": "Point", "coordinates": [-84.4072000090018, 33.7797060940031]}, "properties": {"OBJECTID": 87, "BinType": "rolloff", "size": 30, "InOut": "Outdoor", "RRtype": "Recycling", "recepticleCount": 1, "Comments": "Metal", "LocDesc": "GT the yard metal", "RecycleMat": "Individual", "GlobalID": "17fb3db9-adc1-4873-81cd-6c799126f9b7"}}, {"type": "Feature", "id": 88, "geometry": {"type": "Point", "coordinates": [-84.4071272710019, 33.779708430003]}, "properties": {"OBJECTID": 88, "BinType": "rolloff", "size": 30, "InOut": "Outdoor", "RRtype": "Recycling", "recepticleCount": 1, "Comments": "Plastic", "LocDesc": "GT the yard plastic", "RecycleMat": "Individual", "GlobalID": "4defeee1-1b80-40a6-8142-2e219318a51a"}}, {"type": "Feature", "id": 89, "geometry": {"type": "Point", "coordinates": [-84.4008963390018, 33.7772549700031]}, "properties": {"OBJECTID": 89, "BinType": "dumpster", "size": 8, "InOut": "Outdoor", "RRtype": "Recycling", "recepticleCount": 1, "Comments": "1- Tuesday ", "LocDesc": "MRDC 1 OCC", "RecycleMat": "Cardboard", "GlobalID": "9a47fdda-20da-4b4b-b7cb-efcd966cb58f"}}, {"type": "Feature", "id": 90, "geometry": {"type": "Point", "coordinates": [-84.4009246350018, 33.777306240003]}, "properties": {"OBJECTID": 90, "BinType": "compactor", "size": 30, "InOut": "Outdoor", "RRtype": "Rubbish", "recepticleCount": 1, "Comments": null, "LocDesc": "Bldg 135 MRDC 1", "RecycleMat": "Landfill", "GlobalID": "5f1e2c36-e5c4-4add-b9d8-ce86aa584cab"}}, {"type": "Feature", "id": 91, "geometry": {"type": "Point", "coordinates": [-84.3990174710019, 33.777245405003]}, "properties": {"OBJECTID": 91, "BinType": "dumpster", "size": 8, "InOut": "Outdoor", "RRtype": "Rubbish", "recepticleCount": 1, "Comments": "2- Monday, Thursday ", "LocDesc": "Howey Physics ", "RecycleMat": "Landfill", "GlobalID": "6009ab66-5d03-4068-a311-35fb36bfc34d"}}, {"type": "Feature", "id": 92, "geometry": {"type": "Point", "coordinates": [-84.3991039810018, 33.776638318003]}, "properties": {"OBJECTID": 92, "BinType": "dumpster", "size": 8, "InOut": "Outdoor", "RRtype": "Rubbish", "recepticleCount": 1, "Comments": "3- Monday, Wednesday, Thursday ", "LocDesc": "Mason ", "RecycleMat": "Landfill", "GlobalID": "b8a1205e-0aa7-4e59-8b46-2312287edc52"}}, {"type": "Feature", "id": 93, "geometry": {"type": "Point", "coordinates": [-84.3995135360018, 33.775882913003]}, "properties": {"OBJECTID": 93, "BinType": "dumpster", "size": 8, "InOut": "Outdoor", "RRtype": "Rubbish", "recepticleCount": 1, "Comments": "2- Monday, Thursday ", "LocDesc": "Boggs Chemical", "RecycleMat": "Landfill", "GlobalID": "3fa76f84-6edb-4024-b71e-6cef5827f628"}}, {"type": "Feature", "id": 94, "geometry": {"type": "Point", "coordinates": [-84.3994757290018, 33.775883917003]}, "properties": {"OBJECTID": 94, "BinType": "dumpster", "size": 8, "InOut": "Outdoor", "RRtype": "Recycling", "recepticleCount": 1, "Comments": "1- Tuesday ", "LocDesc": "Boggs Chemical OCC", "RecycleMat": "Cardboard", "GlobalID": "0bd6a9cb-4323-4327-9f2a-7f123caf8fc4"}}, {"type": "Feature", "id": 95, "geometry": {"type": "Point", "coordinates": [-84.3995641940018, 33.775443506003]}, "properties": {"OBJECTID": 95, "BinType": "dumpster", "size": 8, "InOut": "Outdoor", "RRtype": "Rubbish", "recepticleCount": 1, "Comments": "1- Monday ", "LocDesc": "Drama Tech", "RecycleMat": "Landfill", "GlobalID": "7b2faab3-f20a-46d7-9716-435fc4a540f5"}}, {"type": "Feature", "id": 96, "geometry": {"type": "Point", "coordinates": [-84.3986244460018, 33.775766214003]}, "properties": {"OBJECTID": 96, "BinType": "dumpster", "size": 8, "InOut": "Outdoor", "RRtype": "Recycling", "recepticleCount": 1, "Comments": "1- Tuesday ", "LocDesc": "Bunger Henry OCC", "RecycleMat": "Cardboard", "GlobalID": "6b253f9f-9200-4618-a5e6-7a9f5f47521c"}}, {"type": "Feature", "id": 97, "geometry": {"type": "Point", "coordinates": [-84.3985739150018, 33.775768397003]}, "properties": {"OBJECTID": 97, "BinType": "dumpster", "size": 8, "InOut": "Outdoor", "RRtype": "Rubbish", "recepticleCount": 1, "Comments": "2- Monday, Thursday ", "LocDesc": "Bunger Henry ", "RecycleMat": "Landfill", "GlobalID": "4b8ece3f-4d80-4026-bd02-68d77031a01d"}}, {"type": "Feature", "id": 98, "geometry": {"type": "Point", "coordinates": [-84.3961184970018, 33.774504252003]}, "properties": {"OBJECTID": 98, "BinType": "compactor", "size": 34, "InOut": "Outdoor", "RRtype": "Rubbish", "recepticleCount": 1, "Comments": null, "LocDesc": "Clough bldg", "RecycleMat": "Landfill", "GlobalID": "413c2d2b-e7a8-4f2a-aed3-32e074a2696b"}}, {"type": "Feature", "id": 99, "geometry": {"type": "Point", "coordinates": [-84.3969361280018, 33.776289620003]}, "properties": {"OBJECTID": 99, "BinType": "rolloff", "size": 34, "InOut": "Outdoor", "RRtype": "Rubbish", "recepticleCount": 1, "Comments": null, "LocDesc": "GT Bldg 85 van leer ", "RecycleMat": "Landfill", "GlobalID": "26cf87af-3a9f-493e-af0f-ec4319573530"}}, {"type": "Feature", "id": 100, "geometry": {"type": "Point", "coordinates": [-84.3970125100018, 33.776422821003]}, "properties": {"OBJECTID": 100, "BinType": "dumpster", "size": 8, "InOut": "Outdoor", "RRtype": "Recycling", "recepticleCount": 1, "Comments": null, "LocDesc": "Van Leer Pettit OCC", "RecycleMat": "Cardboard", "GlobalID": "7a65b4a9-b756-482a-8c5f-a3a9b7f4bcc7"}}, {"type": "Feature", "id": 101, "geometry": {"type": "Point", "coordinates": [-84.3963498450019, 33.7776071960031]}, "properties": {"OBJECTID": 101, "BinType": "compactor", "size": 34, "InOut": "Outdoor", "RRtype": "Rubbish", "recepticleCount": 1, "Comments": null, "LocDesc": "KlausRO Packer", "RecycleMat": "Landfill", "GlobalID": "261c85e9-b31d-455e-b5cb-7072188d853c"}}, {"type": "Feature", "id": 102, "geometry": {"type": "Point", "coordinates": [-84.3968830510018, 33.777471243003]}, "properties": {"OBJECTID": 102, "BinType": "dumpster", "size": 8, "InOut": "Outdoor", "RRtype": "Recycling", "recepticleCount": 1, "Comments": "1- Tuesday ", "LocDesc": "College of Computing OCC ", "RecycleMat": "Cardboard", "GlobalID": "1300c929-5375-4bd5-8a82-01dbe422d57b"}}, {"type": "Feature", "id": 103, "geometry": {"type": "Point", "coordinates": [-84.3969259910019, 33.7774714720031]}, "properties": {"OBJECTID": 103, "BinType": "dumpster", "size": 8, "InOut": "Outdoor", "RRtype": "Rubbish", "recepticleCount": 1, "Comments": "6- Monday - Saturday ", "LocDesc": "Cherry Emerson", "RecycleMat": "Landfill", "GlobalID": "e6b9610d-9aa4-4b1e-95ac-2d26e17f2004"}}, {"type": "Feature", "id": 104, "geometry": {"type": "Point", "coordinates": [-84.3901859570018, 33.7765818510031]}, "properties": {"OBJECTID": 104, "BinType": "dumpster", "size": 6, "InOut": "Outdoor", "RRtype": "Rubbish", "recepticleCount": 1, "Comments": "Vertical compactor. 5- Monday- Friday ", "LocDesc": "Tech Square", "RecycleMat": "Landfill", "GlobalID": "d5cbcc5f-c88c-4a2b-812c-50c1c63c0745"}}, {"type": "Feature", "id": 105, "geometry": {"type": "Point", "coordinates": [-84.3901860150018, 33.7765673290031]}, "properties": {"OBJECTID": 105, "BinType": "dumpster", "size": 8, "InOut": "Outdoor", "RRtype": "Recycling", "recepticleCount": 1, "Comments": "5 - Monday- Friday ", "LocDesc": "Tech Sq OCC", "RecycleMat": "Cardboard", "GlobalID": "e16933c2-2f29-4a18-b31b-f836184d5e97"}}, {"type": "Feature", "id": 106, "geometry": {"type": "Point", "coordinates": [-84.3901772020018, 33.7762926980031]}, "properties": {"OBJECTID": 106, "BinType": "compactor", "size": 34, "InOut": "Outdoor", "RRtype": "Rubbish", "recepticleCount": 1, "Comments": null, "LocDesc": "Global Learning RO Packer", "RecycleMat": "Landfill", "GlobalID": "bfa50338-37b0-42a4-abbf-5b9d97cb9650"}}, {"type": "Feature", "id": 107, "geometry": {"type": "Point", "coordinates": [-84.3884163200018, 33.7759830170031]}, "properties": {"OBJECTID": 107, "BinType": "compactor", "size": 34, "InOut": "Outdoor", "RRtype": "Rubbish", "recepticleCount": 1, "Comments": null, "LocDesc": "GT Bldg 172 college of business ", "RecycleMat": "Landfill", "GlobalID": "5f6dde43-4d60-44b0-87a1-8acb21380160"}}, {"type": "Feature", "id": 108, "geometry": {"type": "Point", "coordinates": [-84.3880006150018, 33.7771904890031]}, "properties": {"OBJECTID": 108, "BinType": "dumpster", "size": 8, "InOut": "Outdoor", "RRtype": "Rubbish", "recepticleCount": 1, "Comments": "2- Monday, Thursday ", "LocDesc": "828 W Peachtree ", "RecycleMat": "Landfill", "GlobalID": "9cfc62e0-27b5-449b-95ef-dc38f9b681c2"}}, {"type": "Feature", "id": 109, "geometry": {"type": "Point", "coordinates": [-84.3907286720018, 33.7737894850031]}, "properties": {"OBJECTID": 109, "BinType": "dumpster", "size": 8, "InOut": "Outdoor", "RRtype": "Rubbish", "recepticleCount": 2, "Comments": "3- Monday, Wednesday, Saturday ", "LocDesc": "Towers Resid Hall", "RecycleMat": "Landfill", "GlobalID": "0ef793ff-2ddb-455c-96a8-d812c8b5e26e"}}, {"type": "Feature", "id": 110, "geometry": {"type": "Point", "coordinates": [-84.3907440560018, 33.7738139350031]}, "properties": {"OBJECTID": 110, "BinType": "dumpster", "size": 8, "InOut": "Outdoor", "RRtype": "Recycling", "recepticleCount": 1, "Comments": "2- Monday, Thursday ", "LocDesc": "Towers SSRY", "RecycleMat": "SingleStream", "GlobalID": "72dcaad3-cb40-4d84-8bf5-229a05b46a59"}}, {"type": "Feature", "id": 111, "geometry": {"type": "Point", "coordinates": [-84.3907857710018, 33.770990535003]}, "properties": {"OBJECTID": 111, "BinType": "dumpster", "size": 8, "InOut": "Outdoor", "RRtype": "Recycling", "recepticleCount": 2, "Comments": "4- Monday, Wednesday, Thursday, Friday ", "LocDesc": "NAA CB Dining North Ave OCC", "RecycleMat": "Cardboard", "GlobalID": "9d151bb6-48a2-43ca-90ac-02e37dc6c951"}}, {"type": "Feature", "id": 112, "geometry": {"type": "Point", "coordinates": [-84.3907857710018, 33.770990535003]}, "properties": {"OBJECTID": 112, "BinType": "dumpster", "size": 8, "InOut": "Outdoor", "RRtype": "Recycling", "recepticleCount": 2, "Comments": null, "LocDesc": null, "RecycleMat": "Cardboard", "GlobalID": "8131f0fa-caec-4a3c-a2e2-17cdcc8401cf"}}, {"type": "Feature", "id": 113, "geometry": {"type": "Point", "coordinates": [-84.3908303610018, 33.7709933300031]}, "properties": {"OBJECTID": 113, "BinType": "dumpster", "size": 8, "InOut": "Outdoor", "RRtype": "Rubbish", "recepticleCount": 1, "Comments": "6- Monday - Saturday ", "LocDesc": "NAA Dining North Ave", "RecycleMat": "Landfill", "GlobalID": "55f0ecca-b3c2-4e11-93b4-3063b83a987c"}}, {"type": "Feature", "id": 114, "geometry": {"type": "Point", "coordinates": [-84.3907905470018, 33.770700392003]}, "properties": {"OBJECTID": 114, "BinType": "compactor", "size": 34, "InOut": "Outdoor", "RRtype": "Rubbish", "recepticleCount": 1, "Comments": null, "LocDesc": "NAA Housing compactor", "RecycleMat": "Landfill", "GlobalID": "81865563-26aa-4cf3-aa14-896db83ed408"}}, {"type": "Feature", "id": 115, "geometry": {"type": "Point", "coordinates": [-84.3916532960018, 33.772064685003]}, "properties": {"OBJECTID": 115, "BinType": "dumpster", "size": 8, "InOut": "Outdoor", "RRtype": "Recycling", "recepticleCount": 1, "Comments": "5 - Monday- Friday ", "LocDesc": "Britten Dining OCC", "RecycleMat": "Cardboard", "GlobalID": "d0d74b90-80ff-4922-b9d4-65f9713120c4"}}, {"type": "Feature", "id": 116, "geometry": {"type": "Point", "coordinates": [-84.3916174470019, 33.772079073003]}, "properties": {"OBJECTID": 116, "BinType": "dumpster", "size": 8, "InOut": "Outdoor", "RRtype": "Rubbish", "recepticleCount": 1, "Comments": "6- Monday- Friday ", "LocDesc": "Bldg. 12 Britten Dining", "RecycleMat": "Landfill", "GlobalID": "519067a2-e89c-4fb0-963b-0441eb4d2b24"}}, {"type": "Feature", "id": 117, "geometry": {"type": "Point", "coordinates": [-84.3915309730019, 33.772014058003]}, "properties": {"OBJECTID": 117, "BinType": "dumpster", "size": 8, "InOut": "Outdoor", "RRtype": "Rubbish", "recepticleCount": 2, "Comments": "3- Monday, Wednesday, Saturday ", "LocDesc": "Howell Resi Hall", "RecycleMat": "Landfill", "GlobalID": "e524a306-b5c6-4ccb-bd06-bf778424016e"}}, {"type": "Feature", "id": 118, "geometry": {"type": "Point", "coordinates": [-84.3915151350018, 33.772035244003]}, "properties": {"OBJECTID": 118, "BinType": "dumpster", "size": 8, "InOut": "Outdoor", "RRtype": "Recycling", "recepticleCount": 1, "Comments": "2- Monday, Thursday ", "LocDesc": "Howell SSRY", "RecycleMat": "SingleStream", "GlobalID": "022e0140-dc8b-4a85-9899-e03262dc3687"}}, {"type": "Feature", "id": 119, "geometry": {"type": "Point", "coordinates": [-84.3916023300018, 33.772804706003]}, "properties": {"OBJECTID": 119, "BinType": "dumpster", "size": 8, "InOut": "Outdoor", "RRtype": "Rubbish", "recepticleCount": 2, "Comments": "3- Monday, Wednesday, Saturday ", "LocDesc": "Cloud man Dorm", "RecycleMat": "Landfill", "GlobalID": "44815909-ced1-4d0a-860b-f6dce73c0b34"}}, {"type": "Feature", "id": 120, "geometry": {"type": "Point", "coordinates": [-84.3916256580018, 33.772801869003]}, "properties": {"OBJECTID": 120, "BinType": "dumpster", "size": 8, "InOut": "Outdoor", "RRtype": "Recycling", "recepticleCount": 1, "Comments": "2- Monday, Thursday ", "LocDesc": "Cloudman SRY", "RecycleMat": "SingleStream", "GlobalID": "2e0dda33-9fb6-4db0-93f3-b9a7acccfa1f"}}, {"type": "Feature", "id": 121, "geometry": {"type": "Point", "coordinates": [-84.3962503540018, 33.782208634003]}, "properties": {"OBJECTID": 121, "BinType": "dumpster", "size": 8, "InOut": "Outdoor", "RRtype": "Rubbish", "recepticleCount": 2, "Comments": "2- Monday, Thursday ", "LocDesc": "Graduate Living Center", "RecycleMat": "Landfill", "GlobalID": "bcdf70d0-66d5-42f9-a648-87639f453598"}}, {"type": "Feature", "id": 122, "geometry": {"type": "Point", "coordinates": [-84.3963000820019, 33.782350082003]}, "properties": {"OBJECTID": 122, "BinType": "dumpster", "size": 8, "InOut": "Outdoor", "RRtype": "Recycling", "recepticleCount": 2, "Comments": "2- Monday, Thursday ", "LocDesc": "GLC SSRY", "RecycleMat": "SingleStream", "GlobalID": "71033943-b1d5-4763-b095-782e857ae383"}}, {"type": "Feature", "id": 123, "geometry": {"type": "Point", "coordinates": [-84.3949433050019, 33.782727337003]}, "properties": {"OBJECTID": 123, "BinType": "dumpster", "size": 8, "InOut": "Outdoor", "RRtype": "Rubbish", "recepticleCount": 2, "Comments": "3- Monday, Wednesday, Saturday ", "LocDesc": "Family Housing 1", "RecycleMat": "Landfill", "GlobalID": "526c5b35-a9cb-4276-beb2-29f464e09cfc"}}, {"type": "Feature", "id": 124, "geometry": {"type": "Point", "coordinates": [-84.3949936100018, 33.782764445003]}, "properties": {"OBJECTID": 124, "BinType": "dumpster", "size": 8, "InOut": "Outdoor", "RRtype": "Recycling", "recepticleCount": 1, "Comments": "2- Monday, Thursday ", "LocDesc": "Family Housing 1 SSRY", "RecycleMat": "SingleStream", "GlobalID": "72ec8486-35e6-4fe6-b337-5111eb0450b4"}}, {"type": "Feature", "id": 125, "geometry": {"type": "Point", "coordinates": [-84.3966029310018, 33.783176311003]}, "properties": {"OBJECTID": 125, "BinType": "dumpster", "size": 8, "InOut": "Outdoor", "RRtype": "Rubbish", "recepticleCount": 1, "Comments": "3- Monday, Wednesday, Saturday ", "LocDesc": "Family Housing 2", "RecycleMat": "Landfill", "GlobalID": "e9eedb6d-73e2-4f65-b9f8-f7f77bab2bc0"}}, {"type": "Feature", "id": 126, "geometry": {"type": "Point", "coordinates": [-84.3966539930018, 33.7831805800031]}, "properties": {"OBJECTID": 126, "BinType": "dumpster", "size": 8, "InOut": "Outdoor", "RRtype": "Recycling", "recepticleCount": 1, "Comments": "2- Monday, Thursday ", "LocDesc": "Family Housing 2 SSRY", "RecycleMat": "SingleStream", "GlobalID": "bdba5cf2-27dd-47ea-8e9b-49d3687541bf"}}, {"type": "Feature", "id": 127, "geometry": {"type": "Point", "coordinates": [-84.3970427960018, 33.7828280920031]}, "properties": {"OBJECTID": 127, "BinType": "dumpster", "size": 8, "InOut": "Outdoor", "RRtype": "Rubbish", "recepticleCount": 1, "Comments": "3- Monday, Wednesday, Saturday ", "LocDesc": "Family Housing 3", "RecycleMat": "Landfill", "GlobalID": "b6e62b21-36d3-4a05-9e1c-e88713d8922d"}}, {"type": "Feature", "id": 128, "geometry": {"type": "Point", "coordinates": [-84.3970376000019, 33.7828508540031]}, "properties": {"OBJECTID": 128, "BinType": "dumpster", "size": 8, "InOut": "Outdoor", "RRtype": "Recycling", "recepticleCount": 1, "Comments": "2- Monday, Thursday ", "LocDesc": "Family Housing 3 SSRY", "RecycleMat": "SingleStream", "GlobalID": "84eaf58c-c516-4058-bc63-b57bdfa7b353"}}, {"type": "Feature", "id": 129, "geometry": {"type": "Point", "coordinates": [-84.4005055900018, 33.782525396003]}, "properties": {"OBJECTID": 129, "BinType": "dumpster", "size": 8, "InOut": "Outdoor", "RRtype": "Rubbish", "recepticleCount": 1, "Comments": "2- Tuesday, Friday ", "LocDesc": null, "RecycleMat": "Landfill", "GlobalID": "a24ae884-9c5b-44ba-b0fe-88e6129c7ad9"}}, {"type": "Feature", "id": 130, "geometry": {"type": "Point", "coordinates": [-84.4007063100018, 33.781194144003]}, "properties": {"OBJECTID": 130, "BinType": "dumpster", "size": 8, "InOut": "Outdoor", "RRtype": "Recycling", "recepticleCount": 1, "Comments": "2- Tuesday, Friday ", "LocDesc": "CRB OCC", "RecycleMat": "Cardboard", "GlobalID": "e4a5fd26-803c-483b-8730-b8bc51b734bf"}}, {"type": "Feature", "id": 131, "geometry": {"type": "Point", "coordinates": [-84.4006507390018, 33.7811941420031]}, "properties": {"OBJECTID": 131, "BinType": "dumpster", "size": 8, "InOut": "Outdoor", "RRtype": "Rubbish", "recepticleCount": 1, "Comments": "5- Monday - Friday ", "LocDesc": "CRB", "RecycleMat": "Landfill", "GlobalID": "757c1135-5e8d-4c37-a61f-304f8abfa4c3"}}, {"type": "Feature", "id": 132, "geometry": {"type": "Point", "coordinates": [-84.4017977590018, 33.780041742003]}, "properties": {"OBJECTID": 132, "BinType": "dumpster", "size": 8, "InOut": "Outdoor", "RRtype": "Rubbish", "recepticleCount": 1, "Comments": "3- Monday, Wednesday, Saturday ", "LocDesc": "Center Street South", "RecycleMat": "Landfill", "GlobalID": "9fd8a675-2807-49f5-8fb7-83589858a414"}}, {"type": "Feature", "id": 133, "geometry": {"type": "Point", "coordinates": [-84.4018066660018, 33.780116669003]}, "properties": {"OBJECTID": 133, "BinType": "dumpster", "size": 8, "InOut": "Outdoor", "RRtype": "Recycling", "recepticleCount": 1, "Comments": "2- Monday, Thursday ", "LocDesc": "GT Bldg 135 Center St North SSRY", "RecycleMat": "Cardboard", "GlobalID": "bce05a75-2c89-411b-9055-8f029315d133"}}, {"type": "Feature", "id": 134, "geometry": {"type": "Point", "coordinates": [-84.4012705610019, 33.7808318410031]}, "properties": {"OBJECTID": 134, "BinType": "dumpster", "size": 8, "InOut": "Outdoor", "RRtype": "Rubbish", "recepticleCount": 1, "Comments": "2- Monday, Thursday ", "LocDesc": "430 10th st", "RecycleMat": "Landfill", "GlobalID": "4d0c8161-2aee-4799-8ca0-e2888a783c7c"}}, {"type": "Feature", "id": 135, "geometry": {"type": "Point", "coordinates": [-84.4012794810018, 33.780536223003]}, "properties": {"OBJECTID": 135, "BinType": "dumpster", "size": 8, "InOut": "Outdoor", "RRtype": "Rubbish", "recepticleCount": 1, "Comments": "2- Monday, Thursday ", "LocDesc": "430 10th st", "RecycleMat": "Landfill", "GlobalID": "65c57212-bbe0-49a7-8507-1818180d774f"}}, {"type": "Feature", "id": 136, "geometry": {"type": "Point", "coordinates": [-84.4026361480018, 33.7806866330031]}, "properties": {"OBJECTID": 136, "BinType": "dumpster", "size": 8, "InOut": "Outdoor", "RRtype": "Rubbish", "recepticleCount": 1, "Comments": "3- Monday, Wednesday, Saturday ", "LocDesc": "Center Street North", "RecycleMat": "Landfill", "GlobalID": "454aaae1-d064-4fdc-864d-17b2fa96e94e"}}, {"type": "Feature", "id": 137, "geometry": {"type": "Point", "coordinates": [-84.4029469640018, 33.781172384003]}, "properties": {"OBJECTID": 137, "BinType": "dumpster", "size": 8, "InOut": "Outdoor", "RRtype": "Rubbish", "recepticleCount": 1, "Comments": "2- Monday, Thursday ", "LocDesc": "Campus Safety", "RecycleMat": "Landfill", "GlobalID": "9128c4e3-81ee-4cea-8e5e-94cb4c70b767"}}, {"type": "Feature", "id": 138, "geometry": {"type": "Point", "coordinates": [-84.4031618970018, 33.781805246003]}, "properties": {"OBJECTID": 138, "BinType": "dumpster", "size": 8, "InOut": "Outdoor", "RRtype": "Rubbish", "recepticleCount": 1, "Comments": "2- Monday, Thursday ", "LocDesc": "505 10th st. ", "RecycleMat": "Landfill", "GlobalID": "dbc7086e-25ad-4809-93db-02c38005f7cb"}}, {"type": "Feature", "id": 139, "geometry": {"type": "Point", "coordinates": [-84.3997312540018, 33.7798004690031]}, "properties": {"OBJECTID": 139, "BinType": "dumpster", "size": 8, "InOut": "Outdoor", "RRtype": "Rubbish", "recepticleCount": 1, "Comments": "6- Monday- Saturday ", "LocDesc": "Baker Bldg", "RecycleMat": "Landfill", "GlobalID": "d2f1ce00-0ca8-487f-a406-6adfbd7ebdfb"}}, {"type": "Feature", "id": 140, "geometry": {"type": "Point", "coordinates": [-84.3908547650018, 33.768878363003]}, "properties": {"OBJECTID": 140, "BinType": "dumpster", "size": 8, "InOut": "Outdoor", "RRtype": "Recycling", "recepticleCount": 4, "Comments": "2- Monday, Thursday ", "LocDesc": "NAA North Ave SSRY", "RecycleMat": "SingleStream", "GlobalID": "8a117e3c-ce0e-4d1b-a8be-c1d824abf7a9"}}, {"type": "Feature", "id": 141, "geometry": {"type": "Point", "coordinates": [-84.3908704430018, 33.7688291640031]}, "properties": {"OBJECTID": 141, "BinType": "dumpster", "size": 8, "InOut": "Outdoor", "RRtype": "Rubbish", "recepticleCount": 3, "Comments": "3- Monday, Wednesday, Saturday ", "LocDesc": "NAA Dumpsters - North Ave", "RecycleMat": "Landfill", "GlobalID": "a3e94434-9853-486b-96ac-7b026e032149"}}, {"type": "Feature", "id": 142, "geometry": {"type": "Point", "coordinates": [-84.4028026990018, 33.773368110003]}, "properties": {"OBJECTID": 142, "BinType": "dumpster", "size": 8, "InOut": "Outdoor", "RRtype": "Rubbish", "recepticleCount": 1, "Comments": "2- Monday, Thursday ", "LocDesc": "500 Tech Pkwy", "RecycleMat": "Landfill", "GlobalID": "b477d9fb-9cd7-43d8-9788-8d2a769e9543"}}, {"type": "Feature", "id": 143, "geometry": {"type": "Point", "coordinates": [-84.4013907540019, 33.772550505003]}, "properties": {"OBJECTID": 143, "BinType": "dumpster", "size": 8, "InOut": "Outdoor", "RRtype": "Rubbish", "recepticleCount": 1, "Comments": "2- Monday, Thursday ", "LocDesc": "711 Marietta", "RecycleMat": "Landfill", "GlobalID": "003e7ed9-c499-4a88-8e70-4afff1776edc"}}, {"type": "Feature", "id": 144, "geometry": {"type": "Point", "coordinates": [-84.4009773730019, 33.772751040003]}, "properties": {"OBJECTID": 144, "BinType": "rolloff", "size": 30, "InOut": "Outdoor", "RRtype": "Recycling", "recepticleCount": 1, "Comments": "Metal", "LocDesc": "711 Marietta Metal", "RecycleMat": "Individual", "GlobalID": "cfaa1b24-1045-4ff9-aef5-29058aaba0ce"}}, {"type": "Feature", "id": 145, "geometry": {"type": "Point", "coordinates": [-84.4012464760019, 33.772656465003]}, "properties": {"OBJECTID": 145, "BinType": "rolloff", "size": 30, "InOut": "Outdoor", "RRtype": "Rubbish", "recepticleCount": 1, "Comments": null, "LocDesc": "Ziegler roll off", "RecycleMat": "Landfill", "GlobalID": "c897981d-f2f0-4943-a98c-8c87f9ce475f"}}, {"type": "Feature", "id": 146, "geometry": {"type": "Point", "coordinates": [-84.4052803370018, 33.777343957003]}, "properties": {"OBJECTID": 146, "BinType": "dumpster", "size": 8, "InOut": "Outdoor", "RRtype": "Rubbish", "recepticleCount": 2, "Comments": "3- Monday, Wednesday, Saturday ", "LocDesc": "Sixth Street Apt", "RecycleMat": "Landfill", "GlobalID": "672b19c6-f863-4677-b08d-b78f4ecfed81"}}, {"type": "Feature", "id": 147, "geometry": {"type": "Point", "coordinates": [-84.4052803370018, 33.777343957003]}, "properties": {"OBJECTID": 147, "BinType": "dumpster", "size": 8, "InOut": "Outdoor", "RRtype": "Recycling", "recepticleCount": 1, "Comments": null, "LocDesc": null, "RecycleMat": "SingleStream", "GlobalID": "0839cbb8-012d-4987-9c78-4d3e390be7b4"}}, {"type": "Feature", "id": 148, "geometry": {"type": "Point", "coordinates": [-84.4052835340019, 33.777316231003]}, "properties": {"OBJECTID": 148, "BinType": "dumpster", "size": 8, "InOut": "Outdoor", "RRtype": "Recycling", "recepticleCount": 1, "Comments": "2- Monday, Thursday ", "LocDesc": "Sixth St Apts SSRY", "RecycleMat": "SingleStream", "GlobalID": "cabb59fe-9d52-4327-85f8-0d8450aead49"}}, {"type": "Feature", "id": 149, "geometry": {"type": "Point", "coordinates": [-84.4070204800018, 33.779710616003]}, "properties": {"OBJECTID": 149, "BinType": "rolloff", "size": 34, "InOut": "Outdoor", "RRtype": "Rubbish", "recepticleCount": 1, "Comments": null, "LocDesc": "Landscape Services roll off ", "RecycleMat": "Landfill", "GlobalID": "98082394-d764-4689-b572-1030a58e132f"}}, {"type": "Feature", "id": 150, "geometry": {"type": "Point", "coordinates": [-84.4045157950018, 33.7712745800031]}, "properties": {"OBJECTID": 150, "BinType": "rolloff", "size": 30, "InOut": "Outdoor", "RRtype": "Rubbish", "recepticleCount": 1, "Comments": null, "LocDesc": "GT structures lab ", "RecycleMat": "Landfill", "GlobalID": "430b2796-bdbe-4083-81bf-aad0a7b4c177"}}, {"type": "Feature", "id": 151, "geometry": {"type": "Point", "coordinates": [-84.4011009520018, 33.7715971480031]}, "properties": {"OBJECTID": 151, "BinType": "dumpster", "size": 8, "InOut": "Outdoor", "RRtype": "Rubbish", "recepticleCount": 2, "Comments": "1- Thursday ", "LocDesc": "Wood Products Lab", "RecycleMat": "Landfill", "GlobalID": "a5d4aa7d-dde6-4352-813c-2e3fd35af081"}}, {"type": "Feature", "id": 152, "geometry": {"type": "Point", "coordinates": [-84.4066813830018, 33.775695791003]}, "properties": {"OBJECTID": 152, "BinType": "dumpster", "size": 8, "InOut": "Outdoor", "RRtype": "Rubbish", "recepticleCount": 1, "Comments": "1- Thursday ", "LocDesc": "845 Marietta St. ", "RecycleMat": "Landfill", "GlobalID": "81ce220b-9d8c-4bf1-9b92-cb312c92a02c"}}, {"type": "Feature", "id": 153, "geometry": {"type": "Point", "coordinates": [-84.4020945780018, 33.7703406640031]}, "properties": {"OBJECTID": 153, "BinType": "dumpster", "size": 8, "InOut": "Outdoor", "RRtype": "Rubbish", "recepticleCount": 1, "Comments": "2- Monday, Thursday ", "LocDesc": "Combustion Lab", "RecycleMat": "Landfill", "GlobalID": "c4e1215e-13de-4993-bf92-fd29ffcdb89f"}}, {"type": "Feature", "id": 154, "geometry": {"type": "Point", "coordinates": [-84.4021765440019, 33.770343328003]}, "properties": {"OBJECTID": 154, "BinType": "dumpster", "size": 8, "InOut": "Outdoor", "RRtype": "Recycling", "recepticleCount": 1, "Comments": "1- Tuesday ", "LocDesc": "BLDG 151 Combustion Lab OCC", "RecycleMat": "Cardboard", "GlobalID": "5f04e398-c271-4c04-ad6c-71e1cb99a8d6"}}, {"type": "Feature", "id": 155, "geometry": {"type": "Point", "coordinates": [-84.4045050030018, 33.780687948003]}, "properties": {"OBJECTID": 155, "BinType": "dumpster", "size": 8, "InOut": "Outdoor", "RRtype": "Rubbish", "recepticleCount": 1, "Comments": "5- Monday - Friday ", "LocDesc": "IPST", "RecycleMat": "Landfill", "GlobalID": "1caccb5b-3730-451a-aa14-dca2781e02f9"}}, {"type": "Feature", "id": 156, "geometry": {"type": "Point", "coordinates": [-84.4039624260018, 33.773944785003]}, "properties": {"OBJECTID": 156, "BinType": "dumpster", "size": 8, "InOut": "Outdoor", "RRtype": "Rubbish", "recepticleCount": 1, "Comments": "2- Monday, Thursday ", "LocDesc": "Ivan Allen College", "RecycleMat": "Landfill", "GlobalID": "ba034e0a-b95f-4126-a0ab-9a9c48c95fe7"}}, {"type": "Feature", "id": 157, "geometry": {"type": "Point", "coordinates": [-84.4056368840019, 33.774399573003]}, "properties": {"OBJECTID": 157, "BinType": "dumpster", "size": 8, "InOut": "Outdoor", "RRtype": "Rubbish", "recepticleCount": 1, "Comments": "3- Monday, Wednesday, Friday ", "LocDesc": "Printing & Copying", "RecycleMat": "Landfill", "GlobalID": "4368e2e3-1f3c-448d-836e-522706bd147e"}}, {"type": "Feature", "id": 158, "geometry": {"type": "Point", "coordinates": [-84.4045360420018, 33.7711447880031]}, "properties": {"OBJECTID": 158, "BinType": "dumpster", "size": 8, "InOut": "Outdoor", "RRtype": "Rubbish", "recepticleCount": 1, "Comments": "1- Thursday ", "LocDesc": "Structures Lab", "RecycleMat": "Landfill", "GlobalID": "38416277-b5a6-40ca-82f2-4d566564407c"}}, {"type": "Feature", "id": 159, "geometry": {"type": "Point", "coordinates": [-84.4040416330018, 33.770612656003]}, "properties": {"OBJECTID": 159, "BinType": "dumpster", "size": 8, "InOut": "Outdoor", "RRtype": "Rubbish", "recepticleCount": 1, "Comments": "2- Monday, Thursday ", "LocDesc": "Food Processing ", "RecycleMat": "Landfill", "GlobalID": "f2702b11-8af8-420d-965b-c93118089146"}}, {"type": "Feature", "id": 160, "geometry": {"type": "Point", "coordinates": [-84.3864828900019, 33.7781272080031]}, "properties": {"OBJECTID": 160, "BinType": "dumpster", "size": 8, "InOut": "Outdoor", "RRtype": "Rubbish", "recepticleCount": 1, "Comments": "1- Tuesday ", "LocDesc": "Academy of Medicine ", "RecycleMat": "Landfill", "GlobalID": "3c4d707d-5b16-470c-9699-43577d44fbaa"}}, {"type": "Feature", "id": 161, "geometry": {"type": "Point", "coordinates": [-84.4071473490018, 33.781281920003]}, "properties": {"OBJECTID": 161, "BinType": "dumpster", "size": 8, "InOut": "Outdoor", "RRtype": "Rubbish", "recepticleCount": 1, "Comments": "1- Friday ", "LocDesc": "Bldg. 125 SREB", "RecycleMat": "Landfill", "GlobalID": "879ee0c0-81c9-4665-805c-575554b1168e"}}, {"type": "Feature", "id": 162, "geometry": {"type": "Point", "coordinates": [-84.4057460830018, 33.7743066940031]}, "properties": {"OBJECTID": 162, "BinType": "dumpster", "size": 8, "InOut": "Outdoor", "RRtype": "Recycling", "recepticleCount": 1, "Comments": "1- Tuesday ", "LocDesc": "Printing & photo OCC", "RecycleMat": "Cardboard", "GlobalID": "246d1f50-cf7c-40d2-a013-b12e572e0bb9"}}, {"type": "Feature", "id": 163, "geometry": {"type": "Point", "coordinates": [-84.3951895780018, 33.7854037880031]}, "properties": {"OBJECTID": 163, "BinType": "dumpster", "size": 8, "InOut": "Outdoor", "RRtype": "Recycling", "recepticleCount": 1, "Comments": "2- Tuesday, Friday ", "LocDesc": "GCATT OCC", "RecycleMat": "Cardboard", "GlobalID": "d4100d36-824f-4849-98a6-7efcbdb45e7e"}}, {"type": "Feature", "id": 164, "geometry": {"type": "Point", "coordinates": [-84.3950627600018, 33.785316014003]}, "properties": {"OBJECTID": 164, "BinType": "compactor", "size": 34, "InOut": "Outdoor", "RRtype": "Rubbish", "recepticleCount": 1, "Comments": null, "LocDesc": "Bldg 141 Old G-Catt Packer", "RecycleMat": "Landfill", "GlobalID": "73e313e9-cfdf-4f4b-83fc-a10700b263de"}}, {"type": "Feature", "id": 165, "geometry": {"type": "Point", "coordinates": [-84.4083599730018, 33.784429597003]}, "properties": {"OBJECTID": 165, "BinType": "rolloff", "size": 30, "InOut": "Outdoor", "RRtype": "Rubbish", "recepticleCount": 1, "Comments": null, "LocDesc": "Ethel street front", "RecycleMat": "Landfill", "GlobalID": "9b6dc40f-a6dd-4139-8a6a-a4cfae4c12ff"}}, {"type": "Feature", "id": 166, "geometry": {"type": "Point", "coordinates": [-84.4081419080018, 33.783938323003]}, "properties": {"OBJECTID": 166, "BinType": "rolloff", "size": 30, "InOut": "Outdoor", "RRtype": "Rubbish", "recepticleCount": 1, "Comments": null, "LocDesc": "Ethel street back", "RecycleMat": "Landfill", "GlobalID": "6ec6e1c1-7ff2-4a2b-999f-a092633052d5"}}, {"type": "Feature", "id": 167, "geometry": {"type": "Point", "coordinates": [-84.4174579000019, 33.7766077310031]}, "properties": {"OBJECTID": 167, "BinType": "rolloff", "size": 30, "InOut": "Outdoor", "RRtype": "Rubbish", "recepticleCount": 1, "Comments": null, "LocDesc": "GT housing warehouse ", "RecycleMat": "Landfill", "GlobalID": "82d1f9a9-d44b-40f1-b897-6b16ba354d78"}}, {"type": "Feature", "id": 168, "geometry": {"type": "Point", "coordinates": [-84.4058378290018, 33.7756404670031]}, "properties": {"OBJECTID": 168, "BinType": "dumpster", "size": 8, "InOut": "Outdoor", "RRtype": "Rubbish", "recepticleCount": 1, "Comments": "2- Monday, Thursday ", "LocDesc": "Area 1", "RecycleMat": "Landfill", "GlobalID": "365da4ee-e879-4b00-94a2-4c7476fdeea2"}}, {"type": "Feature", "id": 169, "geometry": {"type": "Point", "coordinates": [-84.3923015550018, 33.7804335350031]}, "properties": {"OBJECTID": 169, "BinType": "dumpster", "size": 8, "InOut": "Outdoor", "RRtype": "Rubbish", "recepticleCount": 1, "Comments": null, "LocDesc": null, "RecycleMat": "Landfill", "GlobalID": "615eb501-06aa-4af5-b510-694f2c639476"}}, {"type": "Feature", "id": 170, "geometry": {"type": "Point", "coordinates": [-84.3922539580018, 33.780409144003]}, "properties": {"OBJECTID": 170, "BinType": "dumpster", "size": 8, "InOut": "Outdoor", "RRtype": "Recycling", "recepticleCount": 1, "Comments": "2 - Monday, Thursday ", "LocDesc": "GTAA SSRY", "RecycleMat": "SingleStream", "GlobalID": "d619aa2f-b771-4bfa-8872-83feb2f7c59b"}}, {"type": "Feature", "id": 171, "geometry": {"type": "Point", "coordinates": [-84.4174047950018, 33.7766077860031]}, "properties": {"OBJECTID": 171, "BinType": "dumpster", "size": 8, "InOut": "Outdoor", "RRtype": "Rubbish", "recepticleCount": 1, "Comments": "1- Monday", "LocDesc": "GT Housing Warehouse 2", "RecycleMat": "Landfill", "GlobalID": "02a1415d-8a28-40d1-836b-6ace6d01fe53"}}, {"type": "Feature", "id": 172, "geometry": {"type": "Point", "coordinates": [-84.5272686860018, 33.910170316003]}, "properties": {"OBJECTID": 172, "BinType": "Dumpster", "size": 8, "InOut": "Outdoor", "RRtype": "Rubbish", "recepticleCount": 1, "Comments": "Cobb bldg 1", "LocDesc": null, "RecycleMat": "Landfill", "GlobalID": "f5394743-c22b-4caa-a01d-c62324875a48"}}, {"type": "Feature", "id": 173, "geometry": {"type": "Point", "coordinates": [-84.5245132660018, 33.909505402003]}, "properties": {"OBJECTID": 173, "BinType": "Dumpster", "size": 8, "InOut": "Outdoor", "RRtype": "Rubbish", "recepticleCount": 1, "Comments": "Cobb 4", "LocDesc": null, "RecycleMat": "Landfill", "GlobalID": "dafcce71-1520-4e90-a939-0842a52fb75a"}}, {"type": "Feature", "id": 174, "geometry": {"type": "Point", "coordinates": [-84.5245404520018, 33.9095357030031]}, "properties": {"OBJECTID": 174, "BinType": "Dumpster", "size": 8, "InOut": "Outdoor", "RRtype": "Rubbish", "recepticleCount": 1, "Comments": "Cobb 5", "LocDesc": null, "RecycleMat": "Landfill", "GlobalID": "0ac44678-3fe2-400f-ad86-e9059568ede1"}}, {"type": "Feature", "id": 175, "geometry": {"type": "Point", "coordinates": [-84.5244530760019, 33.909523596003]}, "properties": {"OBJECTID": 175, "BinType": "Dumpster", "size": 8, "InOut": "Outdoor", "RRtype": "Rubbish", "recepticleCount": 1, "Comments": "Cobb 7 ", "LocDesc": "Moved for construction ", "RecycleMat": "Landfill", "GlobalID": "9394d038-0f49-4e29-9973-12360daa93cb"}}, {"type": "Feature", "id": 176, "geometry": {"type": "Point", "coordinates": [-84.5246853560019, 33.910170876003]}, "properties": {"OBJECTID": 176, "BinType": "Dumpster", "size": 8, "InOut": "Outdoor", "RRtype": "Rubbish", "recepticleCount": 1, "Comments": "Cobb bldg 3", "LocDesc": null, "RecycleMat": "Landfill", "GlobalID": "bdc980c7-5d97-4eff-9e13-e192de9de5fd"}}, {"type": "Feature", "id": 177, "geometry": {"type": "Point", "coordinates": [-84.5256849770018, 33.9107244520031]}, "properties": {"OBJECTID": 177, "BinType": "Dumpster", "size": 8, "InOut": "Outdoor", "RRtype": "Rubbish", "recepticleCount": 1, "Comments": "Cobb bldg 2", "LocDesc": null, "RecycleMat": "Landfill", "GlobalID": "cf650a1d-bf2f-4c82-9ce7-f74a016203b3"}}, {"type": "Feature", "id": 178, "geometry": {"type": "Point", "coordinates": [-84.5289465480018, 33.9099449400031]}, "properties": {"OBJECTID": 178, "BinType": "Other", "size": 30, "InOut": "Outdoor", "RRtype": "Recycling", "recepticleCount": 1, "Comments": "Cobb warehouse bldg 8", "LocDesc": null, "RecycleMat": "Landfill", "GlobalID": "e65d8ff1-7c6a-40a6-baa4-af3263df278a"}}, {"type": "Feature", "id": 179, "geometry": {"type": "Point", "coordinates": [-84.5242756750018, 33.906677441003]}, "properties": {"OBJECTID": 179, "BinType": "Dumpster", "size": 8, "InOut": "Outdoor", "RRtype": "Rubbish", "recepticleCount": 2, "Comments": "Cobb bldg 11", "LocDesc": null, "RecycleMat": "Landfill", "GlobalID": "4e685315-0288-4bac-a1f9-a2bc24e7567c"}}, {"type": "Feature", "id": 180, "geometry": {"type": "Point", "coordinates": [-84.5260039310018, 33.906028101003]}, "properties": {"OBJECTID": 180, "BinType": "Other", "size": 30, "InOut": "Outdoor", "RRtype": "Recycling", "recepticleCount": 1, "Comments": "Cobb bldg 12", "LocDesc": null, "RecycleMat": "Landfill", "GlobalID": "a0cf2e8a-b03d-4b86-9d8a-2310a16f048c"}}, {"type": "Feature", "id": 181, "geometry": {"type": "Point", "coordinates": [-84.5259922320018, 33.906060585003]}, "properties": {"OBJECTID": 181, "BinType": "Other", "size": 30, "InOut": "Outdoor", "RRtype": "Recycling", "recepticleCount": 1, "Comments": "Cobb bldg 12 ", "LocDesc": null, "RecycleMat": "Landfill", "GlobalID": "3cdbd4b9-c829-4152-bd60-7c5e8c764a11"}}, {"type": "Feature", "id": 182, "geometry": {"type": "Point", "coordinates": [-84.3978805760018, 33.780714039003]}, "properties": {"OBJECTID": 182, "BinType": "victorStanley", "size": 3, "InOut": "Outdoor", "RRtype": "Recycling", "recepticleCount": 3, "Comments": null, "LocDesc": "Near front door", "RecycleMat": "Individual", "GlobalID": "4b75e8ed-72ff-4c8f-a324-defb24293718"}}, {"type": "Feature", "id": 183, "geometry": {"type": "Point", "coordinates": [-84.3978426500018, 33.7807140510031]}, "properties": {"OBJECTID": 183, "BinType": "victorStanley", "size": 1, "InOut": "Outdoor", "RRtype": "Rubbish", "recepticleCount": 1, "Comments": null, "LocDesc": null, "RecycleMat": "Individual", "GlobalID": "4bf483fd-a605-461d-940e-072781313292"}}, {"type": "Feature", "id": 184, "geometry": {"type": "Point", "coordinates": [-84.3979937070018, 33.780684798003]}, "properties": {"OBJECTID": 184, "BinType": "satelliteStation", "size": 3, "InOut": "Indoor", "RRtype": "Recycling", "recepticleCount": 5, "Comments": null, "LocDesc": "1st floor hallway elevator entrance", "RecycleMat": "Individual", "GlobalID": "aae54794-174b-4b8b-9022-82eb3f3afd85"}}, {"type": "Feature", "id": 185, "geometry": {"type": "Point", "coordinates": [-84.3898992770018, 33.776067391003]}, "properties": {"OBJECTID": 185, "BinType": "satelliteStation", "size": 1, "InOut": "Indoor", "RRtype": "Recycling", "recepticleCount": 3, "Comments": null, "LocDesc": "4th floor next to service elevator ", "RecycleMat": "Individual", "GlobalID": "58615a6b-e853-4204-84ad-7d7a8e229991"}}, {"type": "Feature", "id": 186, "geometry": {"type": "Point", "coordinates": [-84.3875982480018, 33.776044959003]}, "properties": {"OBJECTID": 186, "BinType": "satelliteStation", "size": 5, "InOut": "Indoor", "RRtype": "Recycling", "recepticleCount": 5, "Comments": null, "LocDesc": "4th floor  across from room 491", "RecycleMat": "Individual", "GlobalID": "5592f48f-f098-46ea-a06a-9a74736662e3"}}, {"type": "Feature", "id": 187, "geometry": {"type": "Point", "coordinates": [-84.3898729690018, 33.775465136003]}, "properties": {"OBJECTID": 187, "BinType": "satelliteStation", "size": 5, "InOut": "Indoor", "RRtype": "Recycling", "recepticleCount": 5, "Comments": null, "LocDesc": "4th floor suite 4426", "RecycleMat": "Individual", "GlobalID": "b09020a6-aefb-4fc8-bed0-e2d938061611"}}, {"type": "Feature", "id": 188, "geometry": {"type": "Point", "coordinates": [-84.3898729690018, 33.775465136003]}, "properties": {"OBJECTID": 188, "BinType": "satelliteStation", "size": 5, "InOut": "Indoor", "RRtype": "Recycling", "recepticleCount": 5, "Comments": null, "LocDesc": "4th floor suite 400", "RecycleMat": "Individual", "GlobalID": "5d0fa86b-4771-4d1e-9215-37756ce59e90"}}, {"type": "Feature", "id": 189, "geometry": {"type": "Point", "coordinates": [-84.3880323830018, 33.776588856003]}, "properties": {"OBJECTID": 189, "BinType": "satelliteStation", "size": 5, "InOut": "Indoor", "RRtype": "Recycling", "recepticleCount": 5, "Comments": null, "LocDesc": "4th floor faculty office next to room 481", "RecycleMat": "Individual", "GlobalID": "ea17a439-dd9a-40e9-bd66-1ce29129b386"}}, {"type": "Feature", "id": 190, "geometry": {"type": "Point", "coordinates": [-84.3884898100018, 33.7766859650031]}, "properties": {"OBJECTID": 190, "BinType": "satelliteStation", "size": 3, "InOut": "Indoor", "RRtype": "Recycling", "recepticleCount": 5, "Comments": null, "LocDesc": "4th floor room 439", "RecycleMat": "Individual", "GlobalID": "7b77af73-617e-4fb9-a6fc-0f5645703669"}}, {"type": "Feature", "id": 191, "geometry": {"type": "Point", "coordinates": [-84.3883760780018, 33.776602761003]}, "properties": {"OBJECTID": 191, "BinType": "satelliteStation", "size": 3, "InOut": "Indoor", "RRtype": "Recycling", "recepticleCount": 5, "Comments": null, "LocDesc": "4th floor next to room 436", "RecycleMat": "Individual", "GlobalID": "7991ae2e-a0c6-450e-8c4f-6d2704581b5f"}}, {"type": "Feature", "id": 192, "geometry": {"type": "Point", "coordinates": [-84.3883819500018, 33.776294860003]}, "properties": {"OBJECTID": 192, "BinType": "satelliteStation", "size": 1, "InOut": "Indoor", "RRtype": "Recycling", "recepticleCount": 3, "Comments": null, "LocDesc": "4th floor ciber lab", "RecycleMat": "Individual", "GlobalID": "3d82b394-6c7a-4447-a540-76ce21d967d0"}}, {"type": "Feature", "id": 193, "geometry": {"type": "Point", "coordinates": [-84.3883567600018, 33.776224454003]}, "properties": {"OBJECTID": 193, "BinType": "satelliteStation", "size": 1, "InOut": "Indoor", "RRtype": "Recycling", "recepticleCount": 3, "Comments": null, "LocDesc": "3rd floor next to I12", "RecycleMat": "Individual", "GlobalID": "88d6ae87-b146-4248-a5d9-949cd2a6eb41"}}, {"type": "Feature", "id": 194, "geometry": {"type": "Point", "coordinates": [-84.3876694560018, 33.7769461450031]}, "properties": {"OBJECTID": 194, "BinType": "satelliteStation", "size": 1, "InOut": "Indoor", "RRtype": "Recycling", "recepticleCount": 3, "Comments": null, "LocDesc": "3rd floor across from311A", "RecycleMat": "Individual", "GlobalID": "3577e229-dc3f-4d15-a331-f816fe9f35c0"}}, {"type": "Feature", "id": 195, "geometry": {"type": "Point", "coordinates": [-84.3884884320019, 33.7765519610031]}, "properties": {"OBJECTID": 195, "BinType": "satelliteStation", "size": 1, "InOut": "Indoor", "RRtype": "Recycling", "recepticleCount": 3, "Comments": null, "LocDesc": "3rd floor next to 312B", "RecycleMat": "Individual", "GlobalID": "bd8d139d-36dc-4213-855e-8a7716727235"}}, {"type": "Feature", "id": 196, "geometry": {"type": "Point", "coordinates": [-84.3884884320019, 33.7765519610031]}, "properties": {"OBJECTID": 196, "BinType": "satelliteStation", "size": 1, "InOut": "Indoor", "RRtype": "Recycling", "recepticleCount": 3, "Comments": null, "LocDesc": "3rd floor in front of 316B", "RecycleMat": "Individual", "GlobalID": "1d392f73-107e-4116-ac16-7c13cf76d452"}}, {"type": "Feature", "id": 197, "geometry": {"type": "Point", "coordinates": [-84.3884884320019, 33.7765519610031]}, "properties": {"OBJECTID": 197, "BinType": "satelliteStation", "size": 1, "InOut": "Indoor", "RRtype": "Recycling", "recepticleCount": 3, "Comments": null, "LocDesc": "3rd floor Reading Room", "RecycleMat": "Individual", "GlobalID": "12f0bcdf-68c0-43ad-a325-33cc17367cc6"}}, {"type": "Feature", "id": 198, "geometry": {"type": "Point", "coordinates": [-84.3884884320019, 33.7765519610031]}, "properties": {"OBJECTID": 198, "BinType": "satelliteStation", "size": 1, "InOut": "Indoor", "RRtype": "Recycling", "recepticleCount": 3, "Comments": null, "LocDesc": "3rd floor across from 317", "RecycleMat": "Individual", "GlobalID": "379abddc-8656-4194-80bf-91f8fda5a09e"}}, {"type": "Feature", "id": 199, "geometry": {"type": "Point", "coordinates": [-84.3880328250018, 33.776638071003]}, "properties": {"OBJECTID": 199, "BinType": "satelliteStation", "size": 3, "InOut": "Indoor", "RRtype": "Recycling", "recepticleCount": 5, "Comments": null, "LocDesc": "3rd floor break room 3308", "RecycleMat": "Individual", "GlobalID": "4a22ff4e-e049-4cc5-a037-4b1a217320ea"}}, {"type": "Feature", "id": 200, "geometry": {"type": "Point", "coordinates": [-84.3878771930018, 33.7761446000031]}, "properties": {"OBJECTID": 200, "BinType": "satelliteStation", "size": 1, "InOut": "Indoor", "RRtype": "Recycling", "recepticleCount": 3, "Comments": null, "LocDesc": "4th floor by main elevator ", "RecycleMat": "Individual", "GlobalID": "504eff72-c9c6-4b46-a196-ed73d8161844"}}, {"type": "Feature", "id": 201, "geometry": {"type": "Point", "coordinates": [-84.3879083120018, 33.776125431003]}, "properties": {"OBJECTID": 201, "BinType": "satelliteStation", "size": 1, "InOut": "Indoor", "RRtype": "Recycling", "recepticleCount": 3, "Comments": null, "LocDesc": "3rd floor by main elevator ", "RecycleMat": "Individual", "GlobalID": "de80a6a4-3d8a-470e-bbb5-1f21865279de"}}, {"type": "Feature", "id": 202, "geometry": {"type": "Point", "coordinates": [-84.3879379800018, 33.776079193003]}, "properties": {"OBJECTID": 202, "BinType": "satelliteStation", "size": 1, "InOut": "Indoor", "RRtype": "Recycling", "recepticleCount": 3, "Comments": null, "LocDesc": "3rd floor in front of 301", "RecycleMat": "Individual", "GlobalID": "bcefa88f-da6f-4d3a-8b85-f306f1dfd99b"}}, {"type": "Feature", "id": 203, "geometry": {"type": "Point", "coordinates": [-84.3879398840019, 33.7760775030031]}, "properties": {"OBJECTID": 203, "BinType": "satelliteStation", "size": 3, "InOut": "Indoor", "RRtype": "Recycling", "recepticleCount": 5, "Comments": null, "LocDesc": "3rd floor inside of 301", "RecycleMat": "Individual", "GlobalID": "eb752574-8afb-4d0e-8d07-f2ad2ffa8324"}}, {"type": "Feature", "id": 204, "geometry": {"type": "Point", "coordinates": [-84.3884384550018, 33.7762156870031]}, "properties": {"OBJECTID": 204, "BinType": "satelliteStation", "size": 3, "InOut": "Indoor", "RRtype": "Recycling", "recepticleCount": 5, "Comments": null, "LocDesc": "2nd floor across from room 204", "RecycleMat": "Individual", "GlobalID": "260f511c-a6e4-4a1e-adc5-13a1ca6ed9e2"}}, {"type": "Feature", "id": 205, "geometry": {"type": "Point", "coordinates": [-84.3877982110018, 33.7760753310031]}, "properties": {"OBJECTID": 205, "BinType": "satelliteStation", "size": 1, "InOut": "Indoor", "RRtype": "Recycling", "recepticleCount": 3, "Comments": null, "LocDesc": "2nd floor by elevator ", "RecycleMat": "Individual", "GlobalID": "df1f6f11-335b-4ebf-a72b-fca3f5dd8d1f"}}, {"type": "Feature", "id": 206, "geometry": {"type": "Point", "coordinates": [-84.3880670910018, 33.776101994003]}, "properties": {"OBJECTID": 206, "BinType": "satelliteStation", "size": 3, "InOut": "Indoor", "RRtype": "Recycling", "recepticleCount": 5, "Comments": null, "LocDesc": "2nd floor Auditorium ", "RecycleMat": "Individual", "GlobalID": "1274d311-5672-4402-99b0-c38cdb4806bf"}}, {"type": "Feature", "id": 207, "geometry": {"type": "Point", "coordinates": [-84.3879074020018, 33.776667800003]}, "properties": {"OBJECTID": 207, "BinType": "satelliteStation", "size": 3, "InOut": "Indoor", "RRtype": "Recycling", "recepticleCount": 5, "Comments": null, "LocDesc": "2nd floor next to room 224", "RecycleMat": "Individual", "GlobalID": "5321b6ca-95ba-4d2e-b257-cbf22ce83950"}}, {"type": "Feature", "id": 208, "geometry": {"type": "Point", "coordinates": [-84.3880795720018, 33.776648809003]}, "properties": {"OBJECTID": 208, "BinType": "satelliteStation", "size": 3, "InOut": "Indoor", "RRtype": "Recycling", "recepticleCount": 5, "Comments": null, "LocDesc": "2nd floor next to 221", "RecycleMat": "Individual", "GlobalID": "ecd9e004-504e-4cd2-aa34-2e9a188e077e"}}, {"type": "Feature", "id": 209, "geometry": {"type": "Point", "coordinates": [-84.3877868950018, 33.7770173750031]}, "properties": {"OBJECTID": 209, "BinType": "satelliteStation", "size": 1, "InOut": "Indoor", "RRtype": "Recycling", "recepticleCount": 3, "Comments": null, "LocDesc": "1st floor next to elevator equipment room", "RecycleMat": "Individual", "GlobalID": "63fe51dc-85df-4505-89ef-a50770963fa7"}}, {"type": "Feature", "id": 210, "geometry": {"type": "Point", "coordinates": [-84.3877041710018, 33.7761216130031]}, "properties": {"OBJECTID": 210, "BinType": "satelliteStation", "size": 3, "InOut": "Indoor", "RRtype": "Recycling", "recepticleCount": 5, "Comments": null, "LocDesc": "1st floor by security desk", "RecycleMat": "Individual", "GlobalID": "bb3d58a4-0df3-44f4-a5a5-41f499e40c43"}}, {"type": "Feature", "id": 211, "geometry": {"type": "Point", "coordinates": [-84.3879248000018, 33.7765757660031]}, "properties": {"OBJECTID": 211, "BinType": "satelliteStation", "size": 3, "InOut": "Indoor", "RRtype": "Recycling", "recepticleCount": 5, "Comments": null, "LocDesc": "1st floor in room 1211/1213", "RecycleMat": "Individual", "GlobalID": "b81f779c-ac02-4557-a6bb-3962bf3452d8"}}, {"type": "Feature", "id": 212, "geometry": {"type": "Point", "coordinates": [-84.3878485890018, 33.7763303720031]}, "properties": {"OBJECTID": 212, "BinType": "satelliteStation", "size": 3, "InOut": "Indoor", "RRtype": "Recycling", "recepticleCount": 5, "Comments": null, "LocDesc": "1st floor Autitorium", "RecycleMat": "Individual", "GlobalID": "96a2d728-ae55-4be2-be47-368e0f5f0c19"}}, {"type": "Feature", "id": 213, "geometry": {"type": "Point", "coordinates": [-84.3878649060018, 33.7762251550031]}, "properties": {"OBJECTID": 213, "BinType": "satelliteStation", "size": 3, "InOut": "Indoor", "RRtype": "Recycling", "recepticleCount": 5, "Comments": null, "LocDesc": "1st floor by elevator ", "RecycleMat": "Individual", "GlobalID": "f78a9f80-0c55-4e04-b30c-aa4605e56a96"}}, {"type": "Feature", "id": 214, "geometry": {"type": "Point", "coordinates": [-84.3897840020018, 33.776344398003]}, "properties": {"OBJECTID": 214, "BinType": "satelliteStation", "size": 3, "InOut": "Indoor", "RRtype": "Recycling", "recepticleCount": 5, "Comments": null, "LocDesc": "4th Floor Conference Rm. 431", "RecycleMat": "Individual", "GlobalID": "117cd8fe-4ecc-412f-b598-a367384288f9"}}, {"type": "Feature", "id": 215, "geometry": {"type": "Point", "coordinates": [-84.3892215500018, 33.7754508420031]}, "properties": {"OBJECTID": 215, "BinType": "satelliteStation", "size": 3, "InOut": "Indoor", "RRtype": "Recycling", "recepticleCount": 5, "Comments": null, "LocDesc": "3rd Floor Breakroom", "RecycleMat": "Individual", "GlobalID": "dfa13d1d-d553-47a2-9202-8255051a8656"}}, {"type": "Feature", "id": 216, "geometry": {"type": "Point", "coordinates": [-84.3883237590018, 33.7760915150031]}, "properties": {"OBJECTID": 216, "BinType": "satelliteStation", "size": 3, "InOut": "Indoor", "RRtype": "Recycling", "recepticleCount": 5, "Comments": null, "LocDesc": "2nd Floor Across from Rm 222", "RecycleMat": "Individual", "GlobalID": "49c93fd2-3f54-4cdc-872b-beb4bdc035ca"}}, {"type": "Feature", "id": 217, "geometry": {"type": "Point", "coordinates": [-84.3890825660018, 33.7755268660031]}, "properties": {"OBJECTID": 217, "BinType": "satelliteStation", "size": 3, "InOut": "Indoor", "RRtype": "Recycling", "recepticleCount": 5, "Comments": null, "LocDesc": "2nd Floor Across from Parking Deck Entrance", "RecycleMat": "Individual", "GlobalID": "001a9fbd-ca64-4ca4-a6ef-741a272141d6"}}, {"type": "Feature", "id": 218, "geometry": {"type": "Point", "coordinates": [-84.3890877770019, 33.7753311390031]}, "properties": {"OBJECTID": 218, "BinType": "satelliteStation", "size": 3, "InOut": "Indoor", "RRtype": "Recycling", "recepticleCount": 5, "Comments": null, "LocDesc": "1st Floor across from Break room 147", "RecycleMat": "Individual", "GlobalID": "a46fe000-029d-4b85-985c-7c284285d6f1"}}, {"type": "Feature", "id": 219, "geometry": {"type": "Point", "coordinates": [-84.4017241620018, 33.775109539003]}, "properties": {"OBJECTID": 219, "BinType": "satelliteStation", "size": 5, "InOut": "Indoor", "RRtype": "Recycling", "recepticleCount": 5, "Comments": null, "LocDesc": "1st floor across from room 122", "RecycleMat": "Individual", "GlobalID": "c6897010-7238-4173-80c4-e829a6fe879a"}}, {"type": "Feature", "id": 220, "geometry": {"type": "Point", "coordinates": [-84.4018521730018, 33.775145658003]}, "properties": {"OBJECTID": 220, "BinType": "satelliteStation", "size": 3, "InOut": "Indoor", "RRtype": "Recycling", "recepticleCount": 5, "Comments": null, "LocDesc": "Next to auditorium room 103", "RecycleMat": "Individual", "GlobalID": "e8dd3f43-7931-4ecf-be92-ad41d275ac73"}}, {"type": "Feature", "id": 221, "geometry": {"type": "Point", "coordinates": [-84.4018715770018, 33.7752751690031]}, "properties": {"OBJECTID": 221, "BinType": "satelliteStation", "size": 3, "InOut": "Indoor", "RRtype": "Recycling", "recepticleCount": 5, "Comments": null, "LocDesc": "2nd floor next to room 215", "RecycleMat": "Individual", "GlobalID": "47d99b86-d0f0-4f2e-a515-79f591366d4c"}}, {"type": "Feature", "id": 222, "geometry": {"type": "Point", "coordinates": [-84.4017107640018, 33.775186838003]}, "properties": {"OBJECTID": 222, "BinType": "satelliteStation", "size": 3, "InOut": "Indoor", "RRtype": "Recycling", "recepticleCount": 5, "Comments": null, "LocDesc": "2nd floor across from room 224", "RecycleMat": "Individual", "GlobalID": "59dff029-333e-4d02-a5b6-d88098478d34"}}, {"type": "Feature", "id": 223, "geometry": {"type": "Point", "coordinates": [-84.4013639880018, 33.775394892003]}, "properties": {"OBJECTID": 223, "BinType": "satelliteStation", "size": 3, "InOut": "Indoor", "RRtype": "Recycling", "recepticleCount": 5, "Comments": null, "LocDesc": "1st floor next to room 122", "RecycleMat": "Individual", "GlobalID": "8469e790-e17b-4c50-bd1f-9fac8f2a695e"}}, {"type": "Feature", "id": 224, "geometry": {"type": "Point", "coordinates": [-84.4018515530018, 33.7757376210031]}, "properties": {"OBJECTID": 224, "BinType": "satelliteStation", "size": 5, "InOut": "Indoor", "RRtype": "Recycling", "recepticleCount": 5, "Comments": null, "LocDesc": "1st floor next to room 113", "RecycleMat": "Individual", "GlobalID": "24218497-199b-46dc-8dc0-54e1c5e75792"}}, {"type": "Feature", "id": 225, "geometry": {"type": "Point", "coordinates": [-84.3984488380018, 33.777242323003]}, "properties": {"OBJECTID": 225, "BinType": "satelliteStation", "size": 3, "InOut": "Indoor", "RRtype": "Recycling", "recepticleCount": 5, "Comments": null, "LocDesc": "1st floor next to room S107", "RecycleMat": "Individual", "GlobalID": "a9768854-7161-4fa4-adf7-25221200a588"}}, {"type": "Feature", "id": 226, "geometry": {"type": "Point", "coordinates": [-84.3981485120018, 33.7776872750031]}, "properties": {"OBJECTID": 226, "BinType": "satelliteStation", "size": 3, "InOut": "Indoor", "RRtype": "Recycling", "recepticleCount": 5, "Comments": null, "LocDesc": "1st floor main entrance ", "RecycleMat": "Individual", "GlobalID": "9f4db9d0-40c7-4fd6-8fd8-6ce164f79e41"}}, {"type": "Feature", "id": 227, "geometry": {"type": "Point", "coordinates": [-84.3985108980019, 33.777584872003]}, "properties": {"OBJECTID": 227, "BinType": "satelliteStation", "size": 3, "InOut": "Indoor", "RRtype": "Recycling", "recepticleCount": 5, "Comments": null, "LocDesc": "1st floor main entrance ", "RecycleMat": "Individual", "GlobalID": "3a38bdcc-2188-44ad-a121-1b5229662893"}}, {"type": "Feature", "id": 228, "geometry": {"type": "Point", "coordinates": [-84.3968173070018, 33.7763823330031]}, "properties": {"OBJECTID": 228, "BinType": "victorStanley", "size": 1, "InOut": "Outdoor", "RRtype": "Recycling", "recepticleCount": 1, "Comments": "2 blue plastic blue bin", "LocDesc": "Ground floor next to exit", "RecycleMat": "Landfill", "GlobalID": "b4297c0d-3ca9-4e19-8169-9709ecfa4c58"}}, {"type": "Feature", "id": 229, "geometry": {"type": "Point", "coordinates": [-84.3973678350018, 33.776143332003]}, "properties": {"OBJECTID": 229, "BinType": "other", "size": 2, "InOut": "Indoor", "RRtype": "Recycling", "recepticleCount": 2, "Comments": "2 blue bins 1 aluminum/ 1 plastic", "LocDesc": "1st floor next to room 102A", "RecycleMat": "Individual", "GlobalID": "7bd17994-3749-4cf5-9159-9d4760bdba28"}}, {"type": "Feature", "id": 230, "geometry": {"type": "Point", "coordinates": [-84.3971556960018, 33.7761620590031]}, "properties": {"OBJECTID": 230, "BinType": "other", "size": 2, "InOut": "Indoor", "RRtype": "Recycling", "recepticleCount": 2, "Comments": "2 blue bin 1 aluminum/ 1 plastic", "LocDesc": "1st floor next to elevator ", "RecycleMat": "Individual", "GlobalID": "7530f32b-6885-44fa-87df-79d7002d13f2"}}, {"type": "Feature", "id": 231, "geometry": {"type": "Point", "coordinates": [-84.3939806640018, 33.772427324003]}, "properties": {"OBJECTID": 231, "BinType": "satelliteStation", "size": 3, "InOut": "Indoor", "RRtype": "Recycling", "recepticleCount": 5, "Comments": null, "LocDesc": "President building break room ground floor", "RecycleMat": "Individual", "GlobalID": "5b575525-b121-43e2-81ae-7389d116eb29"}}, {"type": "Feature", "id": 232, "geometry": {"type": "Point", "coordinates": [-84.3992572600018, 33.7748894800031]}, "properties": {"OBJECTID": 232, "BinType": "satelliteStation", "size": 3, "InOut": "Indoor", "RRtype": "Recycling", "recepticleCount": 5, "Comments": null, "LocDesc": "Main floor left main entrance ", "RecycleMat": "Individual", "GlobalID": "618895a7-2a4e-40f4-a00f-d9d5dcdd3d1c"}}, {"type": "Feature", "id": 233, "geometry": {"type": "Point", "coordinates": [-84.3992540000018, 33.774838184003]}, "properties": {"OBJECTID": 233, "BinType": "satelliteStation", "size": 3, "InOut": "Indoor", "RRtype": "Recycling", "recepticleCount": 5, "Comments": null, "LocDesc": " 1st floor right main entrance ", "RecycleMat": "Individual", "GlobalID": "24014227-f2e8-4982-b60a-b499915b8bc0"}}, {"type": "Feature", "id": 234, "geometry": {"type": "Point", "coordinates": [-84.3983514190018, 33.7766007430031]}, "properties": {"OBJECTID": 234, "BinType": "satelliteStation", "size": 3, "InOut": "Indoor", "RRtype": "Recycling", "recepticleCount": 5, "Comments": null, "LocDesc": "1st floor lobby ", "RecycleMat": "Individual", "GlobalID": "cff49aa8-a9b8-4dd4-964f-b47cfce97bb5"}}, {"type": "Feature", "id": 235, "geometry": {"type": "Point", "coordinates": [-84.3982798290019, 33.776673326003]}, "properties": {"OBJECTID": 235, "BinType": "satelliteStation", "size": 3, "InOut": "Indoor", "RRtype": "Recycling", "recepticleCount": 5, "Comments": null, "LocDesc": "5th floor in front of stairwell", "RecycleMat": "Individual", "GlobalID": "ea2e52a3-16dc-4c22-a024-1929427bef5b"}}, {"type": "Feature", "id": 236, "geometry": {"type": "Point", "coordinates": [-84.3982920940018, 33.776659260003]}, "properties": {"OBJECTID": 236, "BinType": "satelliteStation", "size": 3, "InOut": "Indoor", "RRtype": "Recycling", "recepticleCount": 5, "Comments": null, "LocDesc": "3rd floor across from stairway", "RecycleMat": "Individual", "GlobalID": "2dd35068-de30-4f4b-a8ec-b152d14f715f"}}, {"type": "Feature", "id": 237, "geometry": {"type": "Point", "coordinates": [-84.3985088180018, 33.776651976003]}, "properties": {"OBJECTID": 237, "BinType": "satelliteStation", "size": 3, "InOut": "Indoor", "RRtype": "Recycling", "recepticleCount": 5, "Comments": null, "LocDesc": "2nd floor next to room 2123", "RecycleMat": "Individual", "GlobalID": "1fb2aff5-6da8-44e8-ab29-c5f7ada27d35"}}, {"type": "Feature", "id": 238, "geometry": {"type": "Point", "coordinates": [-84.3989336550018, 33.776612044003]}, "properties": {"OBJECTID": 238, "BinType": "satelliteStation", "size": 3, "InOut": "Indoor", "RRtype": "Recycling", "recepticleCount": 5, "Comments": null, "LocDesc": "2nd floor next to room2273", "RecycleMat": "Individual", "GlobalID": "b1f5506f-f197-4d4c-9c91-a4b462fd7196"}}, {"type": "Feature", "id": 239, "geometry": {"type": "Point", "coordinates": [-84.3987777140018, 33.776113232003]}, "properties": {"OBJECTID": 239, "BinType": "victorStanley", "size": 3, "InOut": "Outdoor", "RRtype": "Recycling", "recepticleCount": 2, "Comments": null, "LocDesc": "2nd floor 2 plastic bins", "RecycleMat": "Individual", "GlobalID": "98fb3b39-43cd-4797-9d35-5ee0f07acd9c"}}, {"type": "Feature", "id": 240, "geometry": {"type": "Point", "coordinates": [-84.3986558290018, 33.7761496860031]}, "properties": {"OBJECTID": 240, "BinType": "victorStanley", "size": 2, "InOut": "Outdoor", "RRtype": "Recycling", "recepticleCount": 2, "Comments": "2 blue bins 1 aluminum/ 1 plastic", "LocDesc": "3rd floor next to room 309", "RecycleMat": "Individual", "GlobalID": "767b1618-134d-4533-b18e-709d02b92170"}}, {"type": "Feature", "id": 241, "geometry": {"type": "Point", "coordinates": [-84.3986951540018, 33.776236837003]}, "properties": {"OBJECTID": 241, "BinType": "satelliteStation", "size": 3, "InOut": "Indoor", "RRtype": "Recycling", "recepticleCount": 5, "Comments": null, "LocDesc": "1st floor next to room 107", "RecycleMat": "Individual", "GlobalID": "8993660e-6cba-44c8-82ae-1cc16d5cb41f"}}, {"type": "Feature", "id": 242, "geometry": {"type": "Point", "coordinates": [-84.3987364650018, 33.7761853530031]}, "properties": {"OBJECTID": 242, "BinType": "victorStanley", "size": 2, "InOut": "Outdoor", "RRtype": "Recycling", "recepticleCount": 2, "Comments": "2 blue bins 1 plastic/ 1 aluminum ", "LocDesc": "1st floor next to room 107", "RecycleMat": "Individual", "GlobalID": "6a730072-53c9-45cd-92e4-486892cd80c2"}}, {"type": "Feature", "id": 243, "geometry": {"type": "Point", "coordinates": [-84.3989710100018, 33.776228444003]}, "properties": {"OBJECTID": 243, "BinType": "satelliteStation", "size": 3, "InOut": "Indoor", "RRtype": "Recycling", "recepticleCount": 5, "Comments": null, "LocDesc": "1st floor next to room 119", "RecycleMat": "Individual", "GlobalID": "a6b27688-c0d4-408b-879c-02c9b34db888"}}, {"type": "Feature", "id": 244, "geometry": {"type": "Point", "coordinates": [-84.3988131720018, 33.7772456330031]}, "properties": {"OBJECTID": 244, "BinType": "satelliteStation", "size": 3, "InOut": "Indoor", "RRtype": "Recycling", "recepticleCount": 5, "Comments": null, "LocDesc": "1st floor entrance left side of auditorium ", "RecycleMat": "Individual", "GlobalID": "e1c485ee-339c-49b9-be29-9f23b642f471"}}, {"type": "Feature", "id": 245, "geometry": {"type": "Point", "coordinates": [-84.3983711230018, 33.7775398850031]}, "properties": {"OBJECTID": 245, "BinType": "satelliteStation", "size": 3, "InOut": "Indoor", "RRtype": "Recycling", "recepticleCount": 5, "Comments": null, "LocDesc": "Ground floor ", "RecycleMat": "Individual", "GlobalID": "7370c374-4722-4dff-b8d9-873a78052350"}}, {"type": "Feature", "id": 246, "geometry": {"type": "Point", "coordinates": [-84.3974788430018, 33.777305936003]}, "properties": {"OBJECTID": 246, "BinType": "satelliteStation", "size": 3, "InOut": "Indoor", "RRtype": "Recycling", "recepticleCount": 5, "Comments": null, "LocDesc": "1st floor across from room 101", "RecycleMat": "Individual", "GlobalID": "2d2ff117-5c57-4efc-b465-69d79610b666"}}, {"type": "Feature", "id": 247, "geometry": {"type": "Point", "coordinates": [-84.3974788430018, 33.777305936003]}, "properties": {"OBJECTID": 247, "BinType": "satelliteStation", "size": 3, "InOut": "Indoor", "RRtype": "Recycling", "recepticleCount": 5, "Comments": null, "LocDesc": "1st floor in student breakroom", "RecycleMat": "Individual", "GlobalID": "69ab7290-222e-45a9-b190-493ad3f8b6c9"}}, {"type": "Feature", "id": 248, "geometry": {"type": "Point", "coordinates": [-84.3973064440018, 33.777421326003]}, "properties": {"OBJECTID": 248, "BinType": "satelliteStation", "size": 3, "InOut": "Indoor", "RRtype": "Recycling", "recepticleCount": 5, "Comments": null, "LocDesc": "1st floor across from room 149A", "RecycleMat": "Individual", "GlobalID": "d276dd5a-6dcb-4aa6-8c7b-98516a2e49f9"}}, {"type": "Feature", "id": 249, "geometry": {"type": "Point", "coordinates": [-84.3965487550018, 33.7773594380031]}, "properties": {"OBJECTID": 249, "BinType": "satelliteStation", "size": 1, "InOut": "Indoor", "RRtype": "Recycling", "recepticleCount": 3, "Comments": null, "LocDesc": "1st floor next to room 1132", "RecycleMat": "Individual", "GlobalID": "c6de63d9-abc4-456e-b09e-3f784a079d5b"}}, {"type": "Feature", "id": 250, "geometry": {"type": "Point", "coordinates": [-84.3965235660018, 33.777184242003]}, "properties": {"OBJECTID": 250, "BinType": "satelliteStation", "size": 1, "InOut": "Indoor", "RRtype": "Recycling", "recepticleCount": 3, "Comments": null, "LocDesc": "1st floor main entrance across from elevator ", "RecycleMat": "Individual", "GlobalID": "fe3a21cc-dabb-4ed6-9e96-8ef7f9901b6f"}}, {"type": "Feature", "id": 251, "geometry": {"type": "Point", "coordinates": [-84.3964955360019, 33.777176534003]}, "properties": {"OBJECTID": 251, "BinType": "satelliteStation", "size": 1, "InOut": "Indoor", "RRtype": "Recycling", "recepticleCount": 3, "Comments": null, "LocDesc": "1st floor next to room 1116W", "RecycleMat": "Individual", "GlobalID": "e76a14a6-25ff-4673-b487-7a8b7df790bd"}}, {"type": "Feature", "id": 252, "geometry": {"type": "Point", "coordinates": [-84.3960732520018, 33.777264286003]}, "properties": {"OBJECTID": 252, "BinType": "satelliteStation", "size": 1, "InOut": "Indoor", "RRtype": "Recycling", "recepticleCount": 3, "Comments": null, "LocDesc": "1st floor next to room 1127", "RecycleMat": "Individual", "GlobalID": "f70a0cb5-8aff-4ef6-9c9c-ec0c3ace854e"}}, {"type": "Feature", "id": 253, "geometry": {"type": "Point", "coordinates": [-84.3964377420019, 33.777242917003]}, "properties": {"OBJECTID": 253, "BinType": "satelliteStation", "size": 3, "InOut": "Indoor", "RRtype": "Recycling", "recepticleCount": 5, "Comments": null, "LocDesc": "1st floor across from room 1213", "RecycleMat": "Individual", "GlobalID": "450cd856-6bd7-4811-a69e-a7dc215a1287"}}, {"type": "Feature", "id": 254, "geometry": {"type": "Point", "coordinates": [-84.3962111610018, 33.777541780003]}, "properties": {"OBJECTID": 254, "BinType": "satelliteStation", "size": 3, "InOut": "Indoor", "RRtype": "Recycling", "recepticleCount": 5, "Comments": null, "LocDesc": "1sr floor room 1329 recycling ", "RecycleMat": "Individual", "GlobalID": "8252d96a-1775-4422-97ca-a927bf38de1e"}}, {"type": "Feature", "id": 255, "geometry": {"type": "Point", "coordinates": [-84.3963319130019, 33.777770159003]}, "properties": {"OBJECTID": 255, "BinType": "satelliteStation", "size": 3, "InOut": "Indoor", "RRtype": "Recycling", "recepticleCount": 5, "Comments": null, "LocDesc": "3rd floor room 3329 recycling ", "RecycleMat": "Individual", "GlobalID": "13ed7a4d-2654-4519-8d0a-5d8c730f3ca5"}}, {"type": "Feature", "id": 256, "geometry": {"type": "Point", "coordinates": [-84.3965461350018, 33.777114081003]}, "properties": {"OBJECTID": 256, "BinType": "satelliteStation", "size": 3, "InOut": "Indoor", "RRtype": "Recycling", "recepticleCount": 5, "Comments": null, "LocDesc": "3rd floor next to room 3109", "RecycleMat": "Individual", "GlobalID": "abe42266-1cb6-4d88-b099-d8250cb06e49"}}, {"type": "Feature", "id": 257, "geometry": {"type": "Point", "coordinates": [-84.3960274380019, 33.7768872230031]}, "properties": {"OBJECTID": 257, "BinType": "satelliteStation", "size": 3, "InOut": "Indoor", "RRtype": "Recycling", "recepticleCount": 5, "Comments": null, "LocDesc": "3rd floor next to room 3420", "RecycleMat": "Individual", "GlobalID": "c77a6625-afd9-4037-af5a-0bc6a49b550f"}}, {"type": "Feature", "id": 258, "geometry": {"type": "Point", "coordinates": [-84.3960023650018, 33.7768072760031]}, "properties": {"OBJECTID": 258, "BinType": "satelliteStation", "size": 3, "InOut": "Indoor", "RRtype": "Recycling", "recepticleCount": 5, "Comments": null, "LocDesc": "2hd floor room 2450 recycling ", "RecycleMat": "Individual", "GlobalID": "3807f59f-5a69-41d6-9152-3debe8dc2caf"}}, {"type": "Feature", "id": 259, "geometry": {"type": "Point", "coordinates": [-84.3959969110018, 33.776799102003]}, "properties": {"OBJECTID": 259, "BinType": "satelliteStation", "size": 3, "InOut": "Indoor", "RRtype": "Recycling", "recepticleCount": 5, "Comments": null, "LocDesc": "2nd floor next to room 2202", "RecycleMat": "Individual", "GlobalID": "7e75dab7-b28f-418e-9d63-b0f10371fe89"}}, {"type": "Feature", "id": 260, "geometry": {"type": "Point", "coordinates": [-84.3965317830018, 33.777052268003]}, "properties": {"OBJECTID": 260, "BinType": "satelliteStation", "size": 3, "InOut": "Indoor", "RRtype": "Recycling", "recepticleCount": 5, "Comments": null, "LocDesc": "2nd floor next to room2109", "RecycleMat": "Individual", "GlobalID": "5c2b1926-4c07-4cbf-9d87-fd945809fe9a"}}, {"type": "Feature", "id": 261, "geometry": {"type": "Point", "coordinates": [-84.3962735330018, 33.7776910690031]}, "properties": {"OBJECTID": 261, "BinType": "satelliteStation", "size": 3, "InOut": "Indoor", "RRtype": "Recycling", "recepticleCount": 5, "Comments": null, "LocDesc": "2nd floor in room 2329 recycling", "RecycleMat": "Individual", "GlobalID": "54a782ec-f4d6-4fcb-9086-21b487d60730"}}, {"type": "Feature", "id": 262, "geometry": {"type": "Point", "coordinates": [-84.3972036460019, 33.777666326003]}, "properties": {"OBJECTID": 262, "BinType": "satelliteStation", "size": 3, "InOut": "Indoor", "RRtype": "Recycling", "recepticleCount": 5, "Comments": null, "LocDesc": "3rd floor across from room 340", "RecycleMat": "Individual", "GlobalID": "60f54964-e9b9-4671-a0f1-3078f9e8be9a"}}, {"type": "Feature", "id": 263, "geometry": {"type": "Point", "coordinates": [-84.3974374990019, 33.777139054003]}, "properties": {"OBJECTID": 263, "BinType": "satelliteStation", "size": 3, "InOut": "Indoor", "RRtype": "Recycling", "recepticleCount": 5, "Comments": null, "LocDesc": "3rd floor next to room 360B", "RecycleMat": "Individual", "GlobalID": "71e99a46-f352-4b71-ae5b-10fe6f402a48"}}, {"type": "Feature", "id": 264, "geometry": {"type": "Point", "coordinates": [-84.3975645580018, 33.7773829320031]}, "properties": {"OBJECTID": 264, "BinType": "satelliteStation", "size": 3, "InOut": "Indoor", "RRtype": "Recycling", "recepticleCount": 5, "Comments": null, "LocDesc": "3rd floor next to room 364A", "RecycleMat": "Individual", "GlobalID": "07fff53c-c8a0-404c-8e22-749ab53aedd9"}}, {"type": "Feature", "id": 265, "geometry": {"type": "Point", "coordinates": [-84.3973064440018, 33.777421326003]}, "properties": {"OBJECTID": 265, "BinType": "satelliteStation", "size": 3, "InOut": "Indoor", "RRtype": "Recycling", "recepticleCount": 5, "Comments": null, "LocDesc": "2nd floor next to room 260", "RecycleMat": "Individual", "GlobalID": "38692c73-41e3-486c-9136-4889ea5da808"}}, {"type": "Feature", "id": 266, "geometry": {"type": "Point", "coordinates": [-84.3973064440018, 33.777421326003]}, "properties": {"OBJECTID": 266, "BinType": "satelliteStation", "size": 3, "InOut": "Indoor", "RRtype": "Recycling", "recepticleCount": 5, "Comments": null, "LocDesc": "2nd floor next to elevator ", "RecycleMat": "Individual", "GlobalID": "3bef9dfa-81b5-48a5-a041-303fd1364b3b"}}, {"type": "Feature", "id": 267, "geometry": {"type": "Point", "coordinates": [-84.3975285090018, 33.777640880003]}, "properties": {"OBJECTID": 267, "BinType": "satelliteStation", "size": 3, "InOut": "Indoor", "RRtype": "Recycling", "recepticleCount": 5, "Comments": null, "LocDesc": "2nd floor across from room 233", "RecycleMat": "Individual", "GlobalID": "8c4c1dfd-6227-47d7-9e47-cd0bbe80663b"}}, {"type": "Feature", "id": 268, "geometry": {"type": "Point", "coordinates": [-84.3935715080018, 33.783341756003]}, "properties": {"OBJECTID": 268, "BinType": "satelliteStation", "size": 3, "InOut": "Indoor", "RRtype": "Recycling", "recepticleCount": 5, "Comments": null, "LocDesc": "Ground floor across from room 042", "RecycleMat": "Individual", "GlobalID": "07b3ff02-b311-47da-8a68-c2ecb04fbc25"}}, {"type": "Feature", "id": 269, "geometry": {"type": "Point", "coordinates": [-84.3970574050018, 33.7775315590031]}, "properties": {"OBJECTID": 269, "BinType": "satelliteStation", "size": 3, "InOut": "Indoor", "RRtype": "Recycling", "recepticleCount": 5, "Comments": null, "LocDesc": "Ground floor across from 042", "RecycleMat": "Individual", "GlobalID": "834ce747-02a3-4930-8e29-a19594621ebf"}}, {"type": "Feature", "id": 270, "geometry": {"type": "Point", "coordinates": [-84.3972350180018, 33.7789309770031]}, "properties": {"OBJECTID": 270, "BinType": "satelliteStation", "size": 3, "InOut": "Indoor", "RRtype": "Recycling", "recepticleCount": 5, "Comments": null, "LocDesc": "1st floor next to room 1128", "RecycleMat": "Individual", "GlobalID": "f285aafe-ffdf-4fbe-a43e-34d98b35bdda"}}, {"type": "Feature", "id": 271, "geometry": {"type": "Point", "coordinates": [-84.3972350180018, 33.7789309770031]}, "properties": {"OBJECTID": 271, "BinType": "satelliteStation", "size": 1, "InOut": "Indoor", "RRtype": "Recycling", "recepticleCount": 3, "Comments": null, "LocDesc": "2nd floor next to room 2102", "RecycleMat": "Individual", "GlobalID": "41cfdf8c-8e6d-476d-891f-5264be4b5fea"}}, {"type": "Feature", "id": 272, "geometry": {"type": "Point", "coordinates": [-84.4034544010019, 33.7755563310031]}, "properties": {"OBJECTID": 272, "BinType": "satelliteStation", "size": 1, "InOut": "Indoor", "RRtype": "Recycling", "recepticleCount": 3, "Comments": null, "LocDesc": "2nd floor next to room 231", "RecycleMat": "Individual", "GlobalID": "bd6b323c-44f4-44bf-bbfa-d541546e3028"}}, {"type": "Feature", "id": 273, "geometry": {"type": "Point", "coordinates": [-84.4034385690018, 33.775558350003]}, "properties": {"OBJECTID": 273, "BinType": "satelliteStation", "size": 1, "InOut": "Indoor", "RRtype": "Recycling", "recepticleCount": 3, "Comments": null, "LocDesc": "2nd floor across from room 251", "RecycleMat": "Individual", "GlobalID": "2f215d58-0add-43e2-8539-98e5f7cd72d5"}}, {"type": "Feature", "id": 274, "geometry": {"type": "Point", "coordinates": [-84.4041621380018, 33.775442737003]}, "properties": {"OBJECTID": 274, "BinType": "satelliteStation", "size": 1, "InOut": "Indoor", "RRtype": "Recycling", "recepticleCount": 3, "Comments": null, "LocDesc": "2nd floor next to men restroom", "RecycleMat": "Individual", "GlobalID": "be71e85b-9a4b-44b0-8373-1f5e7ec4e453"}}, {"type": "Feature", "id": 275, "geometry": {"type": "Point", "coordinates": [-84.4033653960018, 33.7755915450031]}, "properties": {"OBJECTID": 275, "BinType": "satelliteStation", "size": 1, "InOut": "Indoor", "RRtype": "Recycling", "recepticleCount": 3, "Comments": null, "LocDesc": "4th floor gym area by men restroom", "RecycleMat": "Individual", "GlobalID": "822b16a4-8306-4ac2-8e9c-5669bb458d0d"}}, {"type": "Feature", "id": 276, "geometry": {"type": "Point", "coordinates": [-84.4034296750019, 33.7754775600031]}, "properties": {"OBJECTID": 276, "BinType": "satelliteStation", "size": 1, "InOut": "Indoor", "RRtype": "Recycling", "recepticleCount": 3, "Comments": null, "LocDesc": "1st floor next to elevator ", "RecycleMat": "Individual", "GlobalID": "93dd22f8-2533-443c-83b5-298120ceab7d"}}, {"type": "Feature", "id": 277, "geometry": {"type": "Point", "coordinates": [-84.4034902170018, 33.775491458003]}, "properties": {"OBJECTID": 277, "BinType": "satelliteStation", "size": 1, "InOut": "Indoor", "RRtype": "Recycling", "recepticleCount": 3, "Comments": null, "LocDesc": "1st floor next to indoor slide & jacuzzi", "RecycleMat": "Individual", "GlobalID": "c0ba5f7b-ecb0-4b9a-847b-aa634ff4474c"}}, {"type": "Feature", "id": 278, "geometry": {"type": "Point", "coordinates": [-84.4035555040018, 33.775510259003]}, "properties": {"OBJECTID": 278, "BinType": "satelliteStation", "size": 1, "InOut": "Indoor", "RRtype": "Recycling", "recepticleCount": 3, "Comments": null, "LocDesc": "1st floor across from room 136", "RecycleMat": "Individual", "GlobalID": "237fb756-b5e7-4d7d-af3b-bf0f97daedca"}}, {"type": "Feature", "id": 279, "geometry": {"type": "Point", "coordinates": [-84.4039566410019, 33.7755074460031]}, "properties": {"OBJECTID": 279, "BinType": "satelliteStation", "size": 1, "InOut": "Indoor", "RRtype": "Recycling", "recepticleCount": 3, "Comments": null, "LocDesc": "1st floor outside of pool dock 150", "RecycleMat": "Individual", "GlobalID": "77603f7d-203d-4f16-9d23-1077826575de"}}, {"type": "Feature", "id": 280, "geometry": {"type": "Point", "coordinates": [-84.4044669330019, 33.775442115003]}, "properties": {"OBJECTID": 280, "BinType": "satelliteStation", "size": 1, "InOut": "Indoor", "RRtype": "Recycling", "recepticleCount": 3, "Comments": null, "LocDesc": "1st floor pool dock entrance ", "RecycleMat": "Individual", "GlobalID": "a25725d8-7277-4e22-ab95-afca89faaa89"}}, {"type": "Feature", "id": 281, "geometry": {"type": "Point", "coordinates": [-84.4027398380018, 33.7732817620031]}, "properties": {"OBJECTID": 281, "BinType": "satelliteStation", "size": 1, "InOut": "Indoor", "RRtype": "Recycling", "recepticleCount": 3, "Comments": null, "LocDesc": "1st floor break room ", "RecycleMat": "Individual", "GlobalID": "c870fdb9-beab-4462-a3e2-3bca614db841"}}, {"type": "Feature", "id": 282, "geometry": {"type": "Point", "coordinates": [-84.4027779010018, 33.773326806003]}, "properties": {"OBJECTID": 282, "BinType": "satelliteStation", "size": 3, "InOut": "Indoor", "RRtype": "Recycling", "recepticleCount": 5, "Comments": null, "LocDesc": "2nd floor next to room 220", "RecycleMat": "Individual", "GlobalID": "537ebcbe-f94c-42ce-99fe-df6ebca78d3e"}}, {"type": "Feature", "id": 283, "geometry": {"type": "Point", "coordinates": [-84.4034695290018, 33.773697064003]}, "properties": {"OBJECTID": 283, "BinType": "satelliteStation", "size": 3, "InOut": "Indoor", "RRtype": "Recycling", "recepticleCount": 5, "Comments": null, "LocDesc": "Main floor work room 180", "RecycleMat": "Individual", "GlobalID": "0718e8ad-6eb3-448c-902e-4969a4b9c567"}}, {"type": "Feature", "id": 284, "geometry": {"type": "Point", "coordinates": [-84.4034266280018, 33.773750333003]}, "properties": {"OBJECTID": 284, "BinType": "satelliteStation", "size": 3, "InOut": "Indoor", "RRtype": "Recycling", "recepticleCount": 5, "Comments": null, "LocDesc": "Main floor next to room 184A", "RecycleMat": "Individual", "GlobalID": "f86e1158-7be6-4265-904a-7d0202a3c159"}}, {"type": "Feature", "id": 285, "geometry": {"type": "Point", "coordinates": [-84.3942293160018, 33.7725060160031]}, "properties": {"OBJECTID": 285, "BinType": "satelliteStation", "size": 3, "InOut": "Indoor", "RRtype": "Recycling", "recepticleCount": 5, "Comments": null, "LocDesc": "Ground floor break room", "RecycleMat": "Individual", "GlobalID": "92cd3e31-5a73-4a33-aad7-ed820bb2687f"}}, {"type": "Feature", "id": 286, "geometry": {"type": "Point", "coordinates": [-84.3951600840018, 33.774340040003]}, "properties": {"OBJECTID": 286, "BinType": "satelliteStation", "size": 3, "InOut": "Indoor", "RRtype": "Recycling", "recepticleCount": 5, "Comments": null, "LocDesc": "2nd floor next to vending machines ", "RecycleMat": "Individual", "GlobalID": "6ff76713-0605-4334-90ad-86b6666f9fff"}}, {"type": "Feature", "id": 287, "geometry": {"type": "Point", "coordinates": [-84.3950783490018, 33.774306100003]}, "properties": {"OBJECTID": 287, "BinType": "satelliteStation", "size": 3, "InOut": "Indoor", "RRtype": "Recycling", "recepticleCount": 5, "Comments": null, "LocDesc": "1st floor across from 118", "RecycleMat": "Individual", "GlobalID": "14fe1e29-c6d7-42fd-8bb1-0192560ea486"}}, {"type": "Feature", "id": 288, "geometry": {"type": "Point", "coordinates": [-84.3950840220018, 33.7746137940031]}, "properties": {"OBJECTID": 288, "BinType": "satelliteStation", "size": 3, "InOut": "Indoor", "RRtype": "Recycling", "recepticleCount": 5, "Comments": null, "LocDesc": "3rd floor next to elevator ", "RecycleMat": "Individual", "GlobalID": "05ccaf4b-55af-4319-a78e-e36c22412aca"}}, {"type": "Feature", "id": 289, "geometry": {"type": "Point", "coordinates": [-84.3951967680018, 33.774650256003]}, "properties": {"OBJECTID": 289, "BinType": "satelliteStation", "size": 3, "InOut": "Indoor", "RRtype": "Recycling", "recepticleCount": 5, "Comments": null, "LocDesc": "3rd floor back hall way", "RecycleMat": "Individual", "GlobalID": "f47026cc-352c-4c00-8b56-2c5d5087ccd1"}}, {"type": "Feature", "id": 290, "geometry": {"type": "Point", "coordinates": [-84.3954627370018, 33.776209107003]}, "properties": {"OBJECTID": 290, "BinType": "satelliteStation", "size": 3, "InOut": "Indoor", "RRtype": "Recycling", "recepticleCount": 5, "Comments": null, "LocDesc": "1st floor main entrance ", "RecycleMat": "Individual", "GlobalID": "2531a222-3932-44eb-a24f-0faa048905e0"}}, {"type": "Feature", "id": 291, "geometry": {"type": "Point", "coordinates": [-84.3955621300018, 33.776084773003]}, "properties": {"OBJECTID": 291, "BinType": "satelliteStation", "size": 3, "InOut": "Indoor", "RRtype": "Recycling", "recepticleCount": 5, "Comments": null, "LocDesc": "3rd floor lobby", "RecycleMat": "Individual", "GlobalID": "dc15b1b4-ed4b-45be-992e-87904b53300b"}}, {"type": "Feature", "id": 292, "geometry": {"type": "Point", "coordinates": [-84.3987136410018, 33.7745050660031]}, "properties": {"OBJECTID": 292, "BinType": "satelliteStation", "size": 3, "InOut": "Indoor", "RRtype": "Recycling", "recepticleCount": 5, "Comments": null, "LocDesc": "1st floor next to elevator ", "RecycleMat": "Individual", "GlobalID": "65a56f75-3a74-431f-82bb-1c71e055f3d3"}}, {"type": "Feature", "id": 293, "geometry": {"type": "Point", "coordinates": [-84.3992796400019, 33.774396289003]}, "properties": {"OBJECTID": 293, "BinType": "satelliteStation", "size": 3, "InOut": "Indoor", "RRtype": "Recycling", "recepticleCount": 5, "Comments": null, "LocDesc": "2nd floor next to room 206", "RecycleMat": "Individual", "GlobalID": "2c87a7e6-bcff-4549-baa0-b35260ed9f78"}}, {"type": "Feature", "id": 294, "geometry": {"type": "Point", "coordinates": [-84.3989246930018, 33.7745062110031]}, "properties": {"OBJECTID": 294, "BinType": "satelliteStation", "size": 3, "InOut": "Indoor", "RRtype": "Recycling", "recepticleCount": 5, "Comments": null, "LocDesc": "2nd floor next to suit 210", "RecycleMat": "Individual", "GlobalID": "f1ede6e6-f5e8-4d26-8413-543d6c0861b5"}}, {"type": "Feature", "id": 295, "geometry": {"type": "Point", "coordinates": [-84.3997244260018, 33.774209102003]}, "properties": {"OBJECTID": 295, "BinType": "satelliteStation", "size": 3, "InOut": "Indoor", "RRtype": "Recycling", "recepticleCount": 5, "Comments": null, "LocDesc": "2nd floor next to room 233", "RecycleMat": "Individual", "GlobalID": "92ccce01-b2e8-46cf-88c2-9623f45b572a"}}, {"type": "Feature", "id": 296, "geometry": {"type": "Point", "coordinates": [-84.3953853320018, 33.772087501003]}, "properties": {"OBJECTID": 296, "BinType": "satelliteStation", "size": 1, "InOut": "Indoor", "RRtype": "Recycling", "recepticleCount": 3, "Comments": null, "LocDesc": "1st floor next to office of the Dean", "RecycleMat": "Individual", "GlobalID": "46ff6973-74b9-4b97-836d-0cf6231b56f4"}}, {"type": "Feature", "id": 297, "geometry": {"type": "Point", "coordinates": [-84.3953853320018, 33.772087501003]}, "properties": {"OBJECTID": 297, "BinType": "satelliteStation", "size": 1, "InOut": "Indoor", "RRtype": "Recycling", "recepticleCount": 3, "Comments": null, "LocDesc": "2nd floor hallway next to room 201", "RecycleMat": "Individual", "GlobalID": "7fca8b82-3714-46d5-961f-91006f36657a"}}, {"type": "Feature", "id": 298, "geometry": {"type": "Point", "coordinates": [-84.3953091930018, 33.7717143670031]}, "properties": {"OBJECTID": 298, "BinType": "satelliteStation", "size": 1, "InOut": "Indoor", "RRtype": "Recycling", "recepticleCount": 3, "Comments": null, "LocDesc": "2nd floor faculty lounge", "RecycleMat": "Individual", "GlobalID": "c002e9f2-91e1-4c73-82ba-e6116ec9d34f"}}, {"type": "Feature", "id": 299, "geometry": {"type": "Point", "coordinates": [-84.3952949180019, 33.7718725070031]}, "properties": {"OBJECTID": 299, "BinType": "satelliteStation", "size": 1, "InOut": "Indoor", "RRtype": "Recycling", "recepticleCount": 3, "Comments": null, "LocDesc": "1st floor room 112", "RecycleMat": "Individual", "GlobalID": "3d489ac6-9bd5-4d16-bc4d-e208621a35b1"}}, {"type": "Feature", "id": 300, "geometry": {"type": "Point", "coordinates": [-84.3949474500018, 33.773248475003]}, "properties": {"OBJECTID": 300, "BinType": "satelliteStation", "size": 3, "InOut": "Indoor", "RRtype": "Recycling", "recepticleCount": 5, "Comments": null, "LocDesc": "Main entrance lobby", "RecycleMat": "Individual", "GlobalID": "8509183a-4528-4ba7-92e7-9494df951f30"}}, {"type": "Feature", "id": 301, "geometry": {"type": "Point", "coordinates": [-84.3940656210018, 33.773099846003]}, "properties": {"OBJECTID": 301, "BinType": "satelliteStation", "size": 3, "InOut": "Indoor", "RRtype": "Recycling", "recepticleCount": 5, "Comments": null, "LocDesc": "Main entrance lobby", "RecycleMat": "Individual", "GlobalID": "3f3e38e7-5ab6-4254-a08c-459926dd3197"}}, {"type": "Feature", "id": 302, "geometry": {"type": "Point", "coordinates": [-84.3940656210018, 33.773099846003]}, "properties": {"OBJECTID": 302, "BinType": "satelliteStation", "size": 3, "InOut": "Indoor", "RRtype": "Recycling", "recepticleCount": 5, "Comments": null, "LocDesc": "2nd floor stair well ", "RecycleMat": "Individual", "GlobalID": "2e38438a-d489-44b2-b85d-f7a0ccc2dde6"}}, {"type": "Feature", "id": 303, "geometry": {"type": "Point", "coordinates": [-84.3940567210018, 33.772952027003]}, "properties": {"OBJECTID": 303, "BinType": "satelliteStation", "size": 3, "InOut": "Indoor", "RRtype": "Recycling", "recepticleCount": 5, "Comments": null, "LocDesc": "3rd floor stair well", "RecycleMat": "Individual", "GlobalID": "b8a9a9cf-ca74-43e0-a547-667210b02211"}}, {"type": "Feature", "id": 304, "geometry": {"type": "Point", "coordinates": [-84.3940567210018, 33.772952027003]}, "properties": {"OBJECTID": 304, "BinType": "satelliteStation", "size": 3, "InOut": "Indoor", "RRtype": "Recycling", "recepticleCount": 5, "Comments": null, "LocDesc": "1st floor stair well ", "RecycleMat": "Individual", "GlobalID": "61b13218-5c65-43b8-8fb8-1574aba4b9d8"}}, {"type": "Feature", "id": 305, "geometry": {"type": "Point", "coordinates": [-84.3996327300018, 33.7756656240031]}, "properties": {"OBJECTID": 305, "BinType": "satelliteStation", "size": 3, "InOut": "Indoor", "RRtype": "Recycling", "recepticleCount": 5, "Comments": null, "LocDesc": "3rd floor next to room 3-28", "RecycleMat": "Individual", "GlobalID": "a50d36fb-7c2c-4d08-a703-e43e68953b41"}}, {"type": "Feature", "id": 306, "geometry": {"type": "Point", "coordinates": [-84.4000327170018, 33.775585982003]}, "properties": {"OBJECTID": 306, "BinType": "satelliteStation", "size": 3, "InOut": "Indoor", "RRtype": "Recycling", "recepticleCount": 5, "Comments": null, "LocDesc": "3rd floor next to room 3-58", "RecycleMat": "Individual", "GlobalID": "e5b2343d-ab39-4664-a00d-8779e09f26e2"}}, {"type": "Feature", "id": 307, "geometry": {"type": "Point", "coordinates": [-84.3996513780019, 33.775838756003]}, "properties": {"OBJECTID": 307, "BinType": "satelliteStation", "size": 1, "InOut": "Indoor", "RRtype": "Recycling", "recepticleCount": 3, "Comments": null, "LocDesc": "2nd floor commons area room 2-28", "RecycleMat": "Individual", "GlobalID": "564c03ec-625d-4166-a406-8f592be0997b"}}, {"type": "Feature", "id": 308, "geometry": {"type": "Point", "coordinates": [-84.3996626790018, 33.7757520760031]}, "properties": {"OBJECTID": 308, "BinType": "satelliteStation", "size": 1, "InOut": "Indoor", "RRtype": "Recycling", "recepticleCount": 3, "Comments": null, "LocDesc": "2nd floor commons area 2-10", "RecycleMat": "Individual", "GlobalID": "5b2bb65f-8270-4e74-9044-12e76f10a965"}}, {"type": "Feature", "id": 309, "geometry": {"type": "Point", "coordinates": [-84.4000187490018, 33.775825303003]}, "properties": {"OBJECTID": 309, "BinType": "satelliteStation", "size": 1, "InOut": "Indoor", "RRtype": "Recycling", "recepticleCount": 3, "Comments": null, "LocDesc": "2nd floor break room 2-90k", "RecycleMat": "Individual", "GlobalID": "fa867145-f15a-4560-a5cd-985da245b992"}}, {"type": "Feature", "id": 310, "geometry": {"type": "Point", "coordinates": [-84.3999188350018, 33.775953190003]}, "properties": {"OBJECTID": 310, "BinType": "satelliteStation", "size": 1, "InOut": "Indoor", "RRtype": "Recycling", "recepticleCount": 3, "Comments": null, "LocDesc": "2nd floor student commons 2-76", "RecycleMat": "Individual", "GlobalID": "bd97e3bb-da50-413b-b2ce-e0e9b1a7bf84"}}, {"type": "Feature", "id": 311, "geometry": {"type": "Point", "coordinates": [-84.3999339730019, 33.775744557003]}, "properties": {"OBJECTID": 311, "BinType": "satelliteStation", "size": 1, "InOut": "Indoor", "RRtype": "Recycling", "recepticleCount": 3, "Comments": null, "LocDesc": "2nd floor students commons 2-58", "RecycleMat": "Individual", "GlobalID": "dff8e151-2fe2-4624-a4b4-1b8aabea473b"}}, {"type": "Feature", "id": 312, "geometry": {"type": "Point", "coordinates": [-84.3997031110018, 33.775574619003]}, "properties": {"OBJECTID": 312, "BinType": "satelliteStation", "size": 1, "InOut": "Indoor", "RRtype": "Recycling", "recepticleCount": 3, "Comments": null, "LocDesc": "1st floor next to room 1-23", "RecycleMat": "Individual", "GlobalID": "1239c992-3eac-4a66-ba5b-daf02a68f44d"}}, {"type": "Feature", "id": 313, "geometry": {"type": "Point", "coordinates": [-84.3998093840019, 33.7758272740031]}, "properties": {"OBJECTID": 313, "BinType": "satelliteStation", "size": 1, "InOut": "Indoor", "RRtype": "Recycling", "recepticleCount": 3, "Comments": null, "LocDesc": "1st floor student hub 1-58", "RecycleMat": "Individual", "GlobalID": "df11d386-f6af-47b8-b1dd-d257e0b68ba3"}}, {"type": "Feature", "id": 314, "geometry": {"type": "Point", "coordinates": [-84.3984781480018, 33.775634000003]}, "properties": {"OBJECTID": 314, "BinType": "satelliteStation", "size": 3, "InOut": "Indoor", "RRtype": "Recycling", "recepticleCount": 5, "Comments": null, "LocDesc": "2nd floor across from room 234", "RecycleMat": "Individual", "GlobalID": "5993fb40-e2cf-43dc-8df9-0afd4fe34199"}}, {"type": "Feature", "id": 315, "geometry": {"type": "Point", "coordinates": [-84.3997194780018, 33.7751126000031]}, "properties": {"OBJECTID": 315, "BinType": "victorStanley", "size": 2, "InOut": "Outdoor", "RRtype": "Recycling", "recepticleCount": 2, "Comments": "1 plastic/ 1 aluminum ", "LocDesc": "Up stairs in student lounge area", "RecycleMat": "Individual", "GlobalID": "d804ebc6-8c39-42e3-b96d-9e972920c8f2"}}, {"type": "Feature", "id": 316, "geometry": {"type": "Point", "coordinates": [-84.3971413820018, 33.779107702003]}, "properties": {"OBJECTID": 316, "BinType": "satelliteStation", "size": 3, "InOut": "Indoor", "RRtype": "Recycling", "recepticleCount": 5, "Comments": null, "LocDesc": "1st floor next to 1128", "RecycleMat": "Individual", "GlobalID": "880df95a-0fe1-4460-a024-57807d26b36e"}}, {"type": "Feature", "id": 317, "geometry": {"type": "Point", "coordinates": [-84.3973831550018, 33.7787512040031]}, "properties": {"OBJECTID": 317, "BinType": "satelliteStation", "size": 1, "InOut": "Indoor", "RRtype": "Recycling", "recepticleCount": 3, "Comments": null, "LocDesc": "2nd floor next to 2102", "RecycleMat": "Individual", "GlobalID": "c226cc4e-e895-4904-8e7e-6ab14db2e6f9"}}, {"type": "Feature", "id": 318, "geometry": {"type": "Point", "coordinates": [-84.3966917190019, 33.778496578003]}, "properties": {"OBJECTID": 318, "BinType": "satelliteStation", "size": 3, "InOut": "Indoor", "RRtype": "Recycling", "recepticleCount": 5, "Comments": null, "LocDesc": "1st floor in lobby", "RecycleMat": "Individual", "GlobalID": "83f9cc93-ec8a-4e2f-9209-8c184abd7455"}}, {"type": "Feature", "id": 319, "geometry": {"type": "Point", "coordinates": [-84.3965945450018, 33.778578753003]}, "properties": {"OBJECTID": 319, "BinType": "satelliteStation", "size": 1, "InOut": "Indoor", "RRtype": "Recycling", "recepticleCount": 3, "Comments": null, "LocDesc": "1st floor student lounge next to room 1103", "RecycleMat": "Individual", "GlobalID": "49418c1d-799e-4643-9178-27b77939d455"}}, {"type": "Feature", "id": 320, "geometry": {"type": "Point", "coordinates": [-84.3968367630018, 33.7785799710031]}, "properties": {"OBJECTID": 320, "BinType": "satelliteStation", "size": 1, "InOut": "Indoor", "RRtype": "Recycling", "recepticleCount": 3, "Comments": null, "LocDesc": "1st floor student lounge next to room 1236", "RecycleMat": "Individual", "GlobalID": "75aec1f1-20b5-4341-8c4c-51a06bb0b9d1"}}, {"type": "Feature", "id": 321, "geometry": {"type": "Point", "coordinates": [-84.3969022040018, 33.7785853940031]}, "properties": {"OBJECTID": 321, "BinType": "satelliteStation", "size": 3, "InOut": "Indoor", "RRtype": "Recycling", "recepticleCount": 5, "Comments": null, "LocDesc": "4th floor learning commons room 4114", "RecycleMat": "Individual", "GlobalID": "f8cb0d73-14bb-46cc-8a97-afec051af3bd"}}, {"type": "Feature", "id": 322, "geometry": {"type": "Point", "coordinates": [-84.3969182120018, 33.778464908003]}, "properties": {"OBJECTID": 322, "BinType": "satelliteStation", "size": 3, "InOut": "Indoor", "RRtype": "Recycling", "recepticleCount": 5, "Comments": null, "LocDesc": "3rd floor next to room 3203", "RecycleMat": "Individual", "GlobalID": "2e0d28a3-4dff-4c7c-ab20-95bd669a4c6f"}}, {"type": "Feature", "id": 323, "geometry": {"type": "Point", "coordinates": [-84.3970261900018, 33.778504007003]}, "properties": {"OBJECTID": 323, "BinType": "satelliteStation", "size": 1, "InOut": "Indoor", "RRtype": "Recycling", "recepticleCount": 3, "Comments": null, "LocDesc": "2nd floor next to room 2209", "RecycleMat": "Individual", "GlobalID": "e0bd0fd7-69a5-428e-a950-bcc4ba4bc78f"}}, {"type": "Feature", "id": 324, "geometry": {"type": "Point", "coordinates": [-84.3971739150018, 33.7757661330031]}, "properties": {"OBJECTID": 324, "BinType": "satelliteStation", "size": 3, "InOut": "Indoor", "RRtype": "Recycling", "recepticleCount": 5, "Comments": null, "LocDesc": "4th floor across from room 435", "RecycleMat": "Individual", "GlobalID": "a4eea959-6e6e-49cf-96e0-9feae6e67709"}}, {"type": "Feature", "id": 325, "geometry": {"type": "Point", "coordinates": [-84.3973620820018, 33.7757289940031]}, "properties": {"OBJECTID": 325, "BinType": "satelliteStation", "size": 3, "InOut": "Indoor", "RRtype": "Recycling", "recepticleCount": 5, "Comments": null, "LocDesc": "3rd floor next to room C341", "RecycleMat": "Individual", "GlobalID": "6ff073a1-a57c-4016-92ad-e2de62903c55"}}, {"type": "Feature", "id": 326, "geometry": {"type": "Point", "coordinates": [-84.3973569010018, 33.775826732003]}, "properties": {"OBJECTID": 326, "BinType": "satelliteStation", "size": 3, "InOut": "Indoor", "RRtype": "Recycling", "recepticleCount": 5, "Comments": null, "LocDesc": "2nd floor next to room C245", "RecycleMat": "Individual", "GlobalID": "c2b16d1b-a067-4de3-8a4f-9cb2117224fa"}}, {"type": "Feature", "id": 327, "geometry": {"type": "Point", "coordinates": [-84.3945512290018, 33.772968708003]}, "properties": {"OBJECTID": 327, "BinType": "satelliteStation", "size": 1, "InOut": "Indoor", "RRtype": "Recycling", "recepticleCount": 3, "Comments": null, "LocDesc": "2nd floor next to room 201", "RecycleMat": "Individual", "GlobalID": "77aca465-6f78-4fb4-b059-a4cfd2fc59ec"}}, {"type": "Feature", "id": 328, "geometry": {"type": "Point", "coordinates": [-84.3944695130019, 33.7729415850031]}, "properties": {"OBJECTID": 328, "BinType": "satelliteStation", "size": 3, "InOut": "Indoor", "RRtype": "Recycling", "recepticleCount": 5, "Comments": null, "LocDesc": "1st floor next to elevator ", "RecycleMat": "Individual", "GlobalID": "abf47a1d-f8a6-4d35-90c0-f2968e1e5d08"}}, {"type": "Feature", "id": 329, "geometry": {"type": "Point", "coordinates": [-84.3945162580018, 33.7728609370031]}, "properties": {"OBJECTID": 329, "BinType": "satelliteStation", "size": 1, "InOut": "Indoor", "RRtype": "Recycling", "recepticleCount": 3, "Comments": null, "LocDesc": "Ground floor next to elevator ", "RecycleMat": "Individual", "GlobalID": "256b15ca-c4b4-4412-8b16-c69ac4ed4372"}}, {"type": "Feature", "id": 330, "geometry": {"type": "Point", "coordinates": [-84.3957962500019, 33.771588536003]}, "properties": {"OBJECTID": 330, "BinType": "satelliteStation", "size": 3, "InOut": "Indoor", "RRtype": "Recycling", "recepticleCount": 5, "Comments": null, "LocDesc": "4th floor next to elevator ", "RecycleMat": "Individual", "GlobalID": "bc5df727-7214-4418-af48-90330d245512"}}, {"type": "Feature", "id": 331, "geometry": {"type": "Point", "coordinates": [-84.3957282340019, 33.771661803003]}, "properties": {"OBJECTID": 331, "BinType": "satelliteStation", "size": 3, "InOut": "Indoor", "RRtype": "Recycling", "recepticleCount": 5, "Comments": null, "LocDesc": "3rd floor next to elevator ", "RecycleMat": "Individual", "GlobalID": "19928eaf-8703-446e-901e-cb156656f196"}}, {"type": "Feature", "id": 332, "geometry": {"type": "Point", "coordinates": [-84.3958316600018, 33.771666157003]}, "properties": {"OBJECTID": 332, "BinType": "satelliteStation", "size": 3, "InOut": "Indoor", "RRtype": "Recycling", "recepticleCount": 5, "Comments": null, "LocDesc": "2nd floor next to elevator ", "RecycleMat": "Individual", "GlobalID": "cb007511-271f-482d-b3e7-c111ad49d9f7"}}, {"type": "Feature", "id": 333, "geometry": {"type": "Point", "coordinates": [-84.3957030740018, 33.772137392003]}, "properties": {"OBJECTID": 333, "BinType": "satelliteStation", "size": 1, "InOut": "Indoor", "RRtype": "Recycling", "recepticleCount": 3, "Comments": null, "LocDesc": "1st floor next to room 110", "RecycleMat": "Individual", "GlobalID": "bc1e3630-98a1-465b-b548-ea5344118f62"}}, {"type": "Feature", "id": 334, "geometry": {"type": "Point", "coordinates": [-84.3963065930018, 33.772622067003]}, "properties": {"OBJECTID": 334, "BinType": "satelliteStation", "size": 3, "InOut": "Indoor", "RRtype": "Recycling", "recepticleCount": 5, "Comments": null, "LocDesc": "2nd floor next to Cube from", "RecycleMat": "Individual", "GlobalID": "513a12ba-3730-4c9d-86b6-2f4e5e57c65f"}}, {"type": "Feature", "id": 335, "geometry": {"type": "Point", "coordinates": [-84.3963065930018, 33.772622067003]}, "properties": {"OBJECTID": 335, "BinType": "satelliteStation", "size": 3, "InOut": "Indoor", "RRtype": "Recycling", "recepticleCount": 5, "Comments": null, "LocDesc": "Main floor next to coke and snack machine ", "RecycleMat": "Individual", "GlobalID": "485cc246-86ea-4f35-bb18-239eabc77852"}}, {"type": "Feature", "id": 336, "geometry": {"type": "Point", "coordinates": [-84.3934893050018, 33.771118985003]}, "properties": {"OBJECTID": 336, "BinType": "satelliteStation", "size": 1, "InOut": "Indoor", "RRtype": "Recycling", "recepticleCount": 3, "Comments": null, "LocDesc": "Main floor behind front desk", "RecycleMat": "Individual", "GlobalID": "9a1f1588-aecc-4d12-90c6-444e63856bd3"}}, {"type": "Feature", "id": 337, "geometry": {"type": "Point", "coordinates": [-84.3935326500018, 33.771043905003]}, "properties": {"OBJECTID": 337, "BinType": "satelliteStation", "size": 1, "InOut": "Indoor", "RRtype": "Recycling", "recepticleCount": 3, "Comments": null, "LocDesc": "3rd floor by room 301 ", "RecycleMat": "Individual", "GlobalID": "b895b7b6-ccfe-4c19-a79c-e08c6518ccfd"}}, {"type": "Feature", "id": 338, "geometry": {"type": "Point", "coordinates": [-84.3934560540018, 33.770893468003]}, "properties": {"OBJECTID": 338, "BinType": "satelliteStation", "size": 1, "InOut": "Indoor", "RRtype": "Recycling", "recepticleCount": 3, "Comments": null, "LocDesc": "2nd floor across from elevator ", "RecycleMat": "Individual", "GlobalID": "06782372-2a57-4c28-a027-14be88b701f1"}}, {"type": "Feature", "id": 339, "geometry": {"type": "Point", "coordinates": [-84.3935269060018, 33.770929702003]}, "properties": {"OBJECTID": 339, "BinType": "satelliteStation", "size": 1, "InOut": "Indoor", "RRtype": "Recycling", "recepticleCount": 3, "Comments": null, "LocDesc": "1st floor break room ", "RecycleMat": "Individual", "GlobalID": "94ed2298-17ca-4a56-920e-7f71f91c886f"}}, {"type": "Feature", "id": 340, "geometry": {"type": "Point", "coordinates": [-84.3935137500018, 33.770877197003]}, "properties": {"OBJECTID": 340, "BinType": "satelliteStation", "size": 3, "InOut": "Indoor", "RRtype": "Recycling", "recepticleCount": 5, "Comments": null, "LocDesc": "Ground floor across from elevator ", "RecycleMat": "Individual", "GlobalID": "5ab7bddb-1c8a-43f9-acf2-7dfdf1f9251d"}}, {"type": "Feature", "id": 341, "geometry": {"type": "Point", "coordinates": [-84.4033652270018, 33.781229352003]}, "properties": {"OBJECTID": 341, "BinType": "satelliteStation", "size": 3, "InOut": "Indoor", "RRtype": "Recycling", "recepticleCount": 5, "Comments": null, "LocDesc": "2nd floor room # 294 break room ", "RecycleMat": "Individual", "GlobalID": "87b602e0-c22d-41bf-9a51-ee80748de85e"}}, {"type": "Feature", "id": 342, "geometry": {"type": "Point", "coordinates": [-84.3993842500018, 33.7794352330031]}, "properties": {"OBJECTID": 342, "BinType": "victorStanley", "size": 55, "InOut": "Outdoor", "RRtype": "Recycling", "recepticleCount": 2, "Comments": "Brown Rubbish bin and Green recycling bin", "LocDesc": null, "RecycleMat": "Mixed", "GlobalID": "ba435176-15ae-44cd-a391-8c64988a2490"}}, {"type": "Feature", "id": 343, "geometry": {"type": "Point", "coordinates": [-84.4010530460018, 33.7786418860031]}, "properties": {"OBJECTID": 343, "BinType": "victorStanley", "size": 55, "InOut": "Outdoor", "RRtype": "Recycling", "recepticleCount": 2, "Comments": "Brown Rubbish bin and Green recycling bin", "LocDesc": null, "RecycleMat": "Mixed", "GlobalID": "584793fd-0ccf-4c4d-a669-0c5cab6e393d"}}, {"type": "Feature", "id": 344, "geometry": {"type": "Point", "coordinates": [-84.4032209920018, 33.7812300370031]}, "properties": {"OBJECTID": 344, "BinType": "satelliteStation", "size": 1, "InOut": "Indoor", "RRtype": "Recycling", "recepticleCount": 3, "Comments": null, "LocDesc": "2nd floor between room # 17A and 17B through double door to the right ", "RecycleMat": "Individual", "GlobalID": "54d39d44-c82b-4665-a695-124cc1c83c70"}}, {"type": "Feature", "id": 345, "geometry": {"type": "Point", "coordinates": [-84.4034830990018, 33.781213718003]}, "properties": {"OBJECTID": 345, "BinType": "satelliteStation", "size": 1, "InOut": "Indoor", "RRtype": "Recycling", "recepticleCount": 3, "Comments": null, "LocDesc": "1st floor left side wall just before room 198", "RecycleMat": "Individual", "GlobalID": "9eeaccf8-b003-4766-981a-287274939383"}}, {"type": "Feature", "id": 346, "geometry": {"type": "Point", "coordinates": [-84.4032209920018, 33.7812300370031]}, "properties": {"OBJECTID": 346, "BinType": "satelliteStation", "size": 1, "InOut": "Indoor", "RRtype": "Recycling", "recepticleCount": 3, "Comments": "1st floor through double door to the right between room 117A and 117B", "LocDesc": null, "RecycleMat": "Individual", "GlobalID": "f211d90d-bd96-4f87-92a6-ee88a655c6f1"}}, {"type": "Feature", "id": 347, "geometry": {"type": "Point", "coordinates": [-84.3985124790018, 33.781199158003]}, "properties": {"OBJECTID": 347, "BinType": "victorStanley", "size": 1, "InOut": "Outdoor", "RRtype": "Recycling", "recepticleCount": 1, "Comments": null, "LocDesc": "Ebb north", "RecycleMat": "Individual", "GlobalID": "0aafcd1f-5cef-42cf-8b1c-915f58abe4b3"}}, {"type": "Feature", "id": 348, "geometry": {"type": "Point", "coordinates": [-84.3988418380018, 33.7806082710031]}, "properties": {"OBJECTID": 348, "BinType": "victorStanley", "size": 1, "InOut": "Outdoor", "RRtype": "Recycling", "recepticleCount": 1, "Comments": null, "LocDesc": "Ebb south", "RecycleMat": "Individual", "GlobalID": "8c09b6e7-fe44-4734-9e55-643812326068"}}, {"type": "Feature", "id": 349, "geometry": {"type": "Point", "coordinates": [-84.3979388390018, 33.7803930420031]}, "properties": {"OBJECTID": 349, "BinType": "victorStanley", "size": 1, "InOut": "Outdoor", "RRtype": "Recycling", "recepticleCount": 1, "Comments": null, "LocDesc": "W23 Parking Deck", "RecycleMat": "Individual", "GlobalID": "f473aaa0-f102-43c5-9483-e136ba4dc6b8"}}, {"type": "Feature", "id": 350, "geometry": {"type": "Point", "coordinates": [-84.3979895180018, 33.778319997003]}, "properties": {"OBJECTID": 350, "BinType": "victorStanley", "size": 1, "InOut": "Outdoor", "RRtype": "Recycling", "recepticleCount": 1, "Comments": null, "LocDesc": "First Drive", "RecycleMat": "Individual", "GlobalID": "e512b9c0-2350-4fbe-becc-86e328d54d14"}}, {"type": "Feature", "id": 351, "geometry": {"type": "Point", "coordinates": [-84.3966265080018, 33.774806445003]}, "properties": {"OBJECTID": 351, "BinType": "satelliteStation", "size": 3, "InOut": "Indoor", "RRtype": "Recycling", "recepticleCount": 5, "Comments": null, "LocDesc": "1st floor next to room 152", "RecycleMat": "Individual", "GlobalID": "ac9432f6-926b-4549-b03f-c25032087a14"}}, {"type": "Feature", "id": 352, "geometry": {"type": "Point", "coordinates": [-84.3966306120018, 33.774942906003]}, "properties": {"OBJECTID": 352, "BinType": "satelliteStation", "size": 3, "InOut": "Indoor", "RRtype": "Recycling", "recepticleCount": 5, "Comments": null, "LocDesc": "1st floor next to room 140", "RecycleMat": "Individual", "GlobalID": "7fbbbbd8-3f03-46e9-bf7d-bd15774c1a39"}}, {"type": "Feature", "id": 353, "geometry": {"type": "Point", "coordinates": [-84.3966149390018, 33.7747448110031]}, "properties": {"OBJECTID": 353, "BinType": "satelliteStation", "size": 3, "InOut": "Indoor", "RRtype": "Recycling", "recepticleCount": 5, "Comments": null, "LocDesc": "1st floor in vending area", "RecycleMat": "Individual", "GlobalID": "282b6f36-d6ae-4461-a44b-2e85206331d3"}}, {"type": "Feature", "id": 354, "geometry": {"type": "Point", "coordinates": [-84.3964777310018, 33.7743823960031]}, "properties": {"OBJECTID": 354, "BinType": "victorStanley", "size": 1, "InOut": "Outdoor", "RRtype": "Recycling", "recepticleCount": 1, "Comments": null, "LocDesc": "5th floor outdoor 1 aluminum 1 plastic 1 paper ", "RecycleMat": "Individual", "GlobalID": "468ff673-8f72-412b-976a-7aa061fb7c00"}}, {"type": "Feature", "id": 355, "geometry": {"type": "Point", "coordinates": [-84.3964537660018, 33.774651422003]}, "properties": {"OBJECTID": 355, "BinType": "satelliteStation", "size": 3, "InOut": "Indoor", "RRtype": "Recycling", "recepticleCount": 5, "Comments": null, "LocDesc": "5th floor across from room 587", "RecycleMat": "Individual", "GlobalID": "f244bf6d-0267-4743-922e-41bf87ae7adb"}}, {"type": "Feature", "id": 356, "geometry": {"type": "Point", "coordinates": [-84.3964603940018, 33.7747109060031]}, "properties": {"OBJECTID": 356, "BinType": "satelliteStation", "size": 3, "InOut": "Indoor", "RRtype": "Recycling", "recepticleCount": 5, "Comments": null, "LocDesc": "5th floor across from 573", "RecycleMat": "Individual", "GlobalID": "c63444e5-c7c0-4966-a946-2c05c86146fe"}}, {"type": "Feature", "id": 357, "geometry": {"type": "Point", "coordinates": [-84.3972124800018, 33.775165713003]}, "properties": {"OBJECTID": 357, "BinType": "victorStanley", "size": 1, "InOut": "Outdoor", "RRtype": "Recycling", "recepticleCount": 1, "Comments": null, "LocDesc": "5th floor outdoor by stairwell ", "RecycleMat": "Individual", "GlobalID": "c791b336-f1b7-42eb-b566-a6712d64d395"}}, {"type": "Feature", "id": 358, "geometry": {"type": "Point", "coordinates": [-84.3965091070018, 33.7750445510031]}, "properties": {"OBJECTID": 358, "BinType": "satelliteStation", "size": 3, "InOut": "Indoor", "RRtype": "Recycling", "recepticleCount": 5, "Comments": null, "LocDesc": "4th floor across from room 457", "RecycleMat": "Individual", "GlobalID": "74d1769e-3739-4f87-b892-af4647098ce0"}}, {"type": "Feature", "id": 359, "geometry": {"type": "Point", "coordinates": [-84.3962690500018, 33.7749297980031]}, "properties": {"OBJECTID": 359, "BinType": "satelliteStation", "size": 3, "InOut": "Indoor", "RRtype": "Recycling", "recepticleCount": 5, "Comments": null, "LocDesc": "4th floor student commons area", "RecycleMat": "Individual", "GlobalID": "a12e3ca1-c06b-4f44-a738-cc0f83dd5b28"}}, {"type": "Feature", "id": 360, "geometry": {"type": "Point", "coordinates": [-84.3963778560018, 33.7746095420031]}, "properties": {"OBJECTID": 360, "BinType": "satelliteStation", "size": 3, "InOut": "Indoor", "RRtype": "Recycling", "recepticleCount": 5, "Comments": null, "LocDesc": "4th floor across from 487", "RecycleMat": "Individual", "GlobalID": "db989394-7ff0-467a-89a5-924ffa7f8c32"}}, {"type": "Feature", "id": 361, "geometry": {"type": "Point", "coordinates": [-84.3963685000018, 33.7747825540031]}, "properties": {"OBJECTID": 361, "BinType": "satelliteStation", "size": 3, "InOut": "Indoor", "RRtype": "Recycling", "recepticleCount": 5, "Comments": null, "LocDesc": "4th floor across from room 473", "RecycleMat": "Individual", "GlobalID": "dcd403d0-5ca7-4b47-9c09-a51a91aaa10a"}}, {"type": "Feature", "id": 362, "geometry": {"type": "Point", "coordinates": [-84.3963685000018, 33.7747825540031]}, "properties": {"OBJECTID": 362, "BinType": "satelliteStation", "size": 3, "InOut": "Indoor", "RRtype": "Recycling", "recepticleCount": 5, "Comments": null, "LocDesc": "3rd floor across from room 387", "RecycleMat": "Individual", "GlobalID": "db7f855f-2033-4a4b-9eda-a2a632fcb5e6"}}, {"type": "Feature", "id": 363, "geometry": {"type": "Point", "coordinates": [-84.3961712760018, 33.7751066530031]}, "properties": {"OBJECTID": 363, "BinType": "satelliteStation", "size": 3, "InOut": "Indoor", "RRtype": "Recycling", "recepticleCount": 5, "Comments": null, "LocDesc": "3rd floor across from room 373", "RecycleMat": "Individual", "GlobalID": "14cd7a30-ed14-4bcf-931b-cddfcd2ea34d"}}, {"type": "Feature", "id": 364, "geometry": {"type": "Point", "coordinates": [-84.3965091070018, 33.7750445510031]}, "properties": {"OBJECTID": 364, "BinType": "satelliteStation", "size": 3, "InOut": "Indoor", "RRtype": "Recycling", "recepticleCount": 5, "Comments": null, "LocDesc": "3rd floor across from room 365", "RecycleMat": "Individual", "GlobalID": "1b398600-3bfa-4901-8229-50ef24827421"}}, {"type": "Feature", "id": 365, "geometry": {"type": "Point", "coordinates": [-84.3966018170019, 33.774976286003]}, "properties": {"OBJECTID": 365, "BinType": "satelliteStation", "size": 3, "InOut": "Indoor", "RRtype": "Recycling", "recepticleCount": 5, "Comments": null, "LocDesc": "3rd floor next to room 346", "RecycleMat": "Individual", "GlobalID": "fbae9368-bef6-40c3-9e8a-cba1f542e14f"}}, {"type": "Feature", "id": 366, "geometry": {"type": "Point", "coordinates": [-84.3966066560018, 33.774601858003]}, "properties": {"OBJECTID": 366, "BinType": "satelliteStation", "size": 3, "InOut": "Indoor", "RRtype": "Recycling", "recepticleCount": 5, "Comments": null, "LocDesc": "3rd floor student commons area", "RecycleMat": "Individual", "GlobalID": "05b61772-c5d0-4c0c-b8d3-7e6d646a03ac"}}, {"type": "Feature", "id": 367, "geometry": {"type": "Point", "coordinates": [-84.3962694170018, 33.7744727850031]}, "properties": {"OBJECTID": 367, "BinType": "satelliteStation", "size": 3, "InOut": "Indoor", "RRtype": "Recycling", "recepticleCount": 5, "Comments": null, "LocDesc": "3rd floor student commons area next to vending machines ", "RecycleMat": "Individual", "GlobalID": "129f66e6-c016-4184-bf70-c232ff8205df"}}, {"type": "Feature", "id": 368, "geometry": {"type": "Point", "coordinates": [-84.3964564660018, 33.774428421003]}, "properties": {"OBJECTID": 368, "BinType": "satelliteStation", "size": 3, "InOut": "Indoor", "RRtype": "Recycling", "recepticleCount": 5, "Comments": null, "LocDesc": "2nd floor next to Starbucks ", "RecycleMat": "Individual", "GlobalID": "79f89aaf-b103-4008-9f5e-6af9d9e828b6"}}, {"type": "Feature", "id": 369, "geometry": {"type": "Point", "coordinates": [-84.3962031740018, 33.774716621003]}, "properties": {"OBJECTID": 369, "BinType": "satelliteStation", "size": 3, "InOut": "Indoor", "RRtype": "Recycling", "recepticleCount": 5, "Comments": null, "LocDesc": "2nd floor next to room 205", "RecycleMat": "Individual", "GlobalID": "b780b5a4-0f85-40a5-ac07-1baf1db86565"}}, {"type": "Feature", "id": 370, "geometry": {"type": "Point", "coordinates": [-84.3963241060018, 33.775068306003]}, "properties": {"OBJECTID": 370, "BinType": "satelliteStation", "size": 3, "InOut": "Indoor", "RRtype": "Recycling", "recepticleCount": 5, "Comments": null, "LocDesc": "2nd floor next to room 272", "RecycleMat": "Individual", "GlobalID": "b5a5fb27-21b9-460e-b582-2bd566fa7aa8"}}, {"type": "Feature", "id": 371, "geometry": {"type": "Point", "coordinates": [-84.3964672140019, 33.775115680003]}, "properties": {"OBJECTID": 371, "BinType": "satelliteStation", "size": 3, "InOut": "Indoor", "RRtype": "Recycling", "recepticleCount": 5, "Comments": null, "LocDesc": "2nd floor next to room 262", "RecycleMat": "Individual", "GlobalID": "5e865f5f-83be-420b-b6e2-1abd0278c894"}}, {"type": "Feature", "id": 372, "geometry": {"type": "Point", "coordinates": [-84.3964128040018, 33.7749266640031]}, "properties": {"OBJECTID": 372, "BinType": "satelliteStation", "size": 1, "InOut": "Indoor", "RRtype": "Recycling", "recepticleCount": 3, "Comments": null, "LocDesc": "2nd floor next to room 246", "RecycleMat": "Individual", "GlobalID": "8c678ee1-9132-413b-8de2-52159fbd673d"}}, {"type": "Feature", "id": 373, "geometry": {"type": "Point", "coordinates": [-84.3952104740018, 33.7733629270031]}, "properties": {"OBJECTID": 373, "BinType": "satelliteStation", "size": 1, "InOut": "Indoor", "RRtype": "Recycling", "recepticleCount": 3, "Comments": null, "LocDesc": "Located by side door exit ", "RecycleMat": "Individual", "GlobalID": "c1a6cf3c-c038-4559-a2bd-6c77c4c6fe75"}}, {"type": "Feature", "id": 374, "geometry": {"type": "Point", "coordinates": [-84.3957733360019, 33.774358991003]}, "properties": {"OBJECTID": 374, "BinType": "satelliteStation", "size": 3, "InOut": "Indoor", "RRtype": "Recycling", "recepticleCount": 5, "Comments": null, "LocDesc": "4th floor next to room 4280 in student conmen area ", "RecycleMat": "Individual", "GlobalID": "8750ea60-3b5c-4a46-be3a-c1461ab3ff7b"}}, {"type": "Feature", "id": 375, "geometry": {"type": "Point", "coordinates": [-84.3955008550018, 33.7744743760031]}, "properties": {"OBJECTID": 375, "BinType": "satelliteStation", "size": 3, "InOut": "Indoor", "RRtype": "Recycling", "recepticleCount": 5, "Comments": null, "LocDesc": "4th floor students conmen area right side coming off elevator ", "RecycleMat": "Individual", "GlobalID": "ec076aef-598a-4015-a7eb-fcb7232b1637"}}, {"type": "Feature", "id": 376, "geometry": {"type": "Point", "coordinates": [-84.3960809090018, 33.774280583003]}, "properties": {"OBJECTID": 376, "BinType": "satelliteStation", "size": 3, "InOut": "Indoor", "RRtype": "Recycling", "recepticleCount": 5, "Comments": null, "LocDesc": "3rd floor student commons area left of elevator ", "RecycleMat": "Individual", "GlobalID": "727aaf22-a60e-4aa6-ba7e-c8e0e4633423"}}, {"type": "Feature", "id": 377, "geometry": {"type": "Point", "coordinates": [-84.3954871820018, 33.7743403790031]}, "properties": {"OBJECTID": 377, "BinType": "satelliteStation", "size": 3, "InOut": "Indoor", "RRtype": "Recycling", "recepticleCount": 5, "Comments": null, "LocDesc": "3rd floor right of elevator in student commons area", "RecycleMat": "Individual", "GlobalID": "de40666f-a0db-444b-8be4-e379638b867d"}}, {"type": "Feature", "id": 378, "geometry": {"type": "Point", "coordinates": [-84.3960778410018, 33.774475586003]}, "properties": {"OBJECTID": 378, "BinType": "satelliteStation", "size": 1, "InOut": "Indoor", "RRtype": "Recycling", "recepticleCount": 3, "Comments": null, "LocDesc": "2nd floor left of elevator in student commons area", "RecycleMat": "Individual", "GlobalID": "af02cae2-3b91-42da-95f9-5d544714c2d6"}}, {"type": "Feature", "id": 379, "geometry": {"type": "Point", "coordinates": [-84.3954864080018, 33.7744002680031]}, "properties": {"OBJECTID": 379, "BinType": "satelliteStation", "size": 1, "InOut": "Indoor", "RRtype": "Recycling", "recepticleCount": 3, "Comments": null, "LocDesc": "2nd floor right of elevator in student commons area ", "RecycleMat": "Individual", "GlobalID": "b18e6d8d-7a86-415f-b83a-c832b6f17f35"}}, {"type": "Feature", "id": 380, "geometry": {"type": "Point", "coordinates": [-84.3957406040019, 33.774491673003]}, "properties": {"OBJECTID": 380, "BinType": "satelliteStation", "size": 3, "InOut": "Indoor", "RRtype": "Recycling", "recepticleCount": 5, "Comments": null, "LocDesc": "1st floor front entrance ", "RecycleMat": "Individual", "GlobalID": "815c4faa-6747-4309-a341-cee2fc8a3ab8"}}, {"type": "Feature", "id": 381, "geometry": {"type": "Point", "coordinates": [-84.3959357640018, 33.7743148430031]}, "properties": {"OBJECTID": 381, "BinType": "satelliteStation", "size": 3, "InOut": "Indoor", "RRtype": "Recycling", "recepticleCount": 5, "Comments": null, "LocDesc": "1st floor main hallway by elevator ", "RecycleMat": "Individual", "GlobalID": "a1c3d6f4-fa49-46f0-afbf-3d98d7535eed"}}, {"type": "Feature", "id": 382, "geometry": {"type": "Point", "coordinates": [-84.3951666040018, 33.774219460003]}, "properties": {"OBJECTID": 382, "BinType": "satelliteStation", "size": 3, "InOut": "Indoor", "RRtype": "Recycling", "recepticleCount": 5, "Comments": null, "LocDesc": "2nd fl next to right staircase,", "RecycleMat": "Individual", "GlobalID": "5cb69abb-0cfd-421c-a03c-3a4f04844e59"}}, {"type": "Feature", "id": 383, "geometry": {"type": "Point", "coordinates": [-84.3951666040018, 33.774219460003]}, "properties": {"OBJECTID": 383, "BinType": "satelliteStation", "size": 3, "InOut": "Indoor", "RRtype": "Recycling", "recepticleCount": 5, "Comments": null, "LocDesc": "2nd fl next to left staircase", "RecycleMat": "Individual", "GlobalID": "08536d91-6935-445d-878a-6633e1f6c6d3"}}, {"type": "Feature", "id": 384, "geometry": {"type": "Point", "coordinates": [-84.3951666040018, 33.774219460003]}, "properties": {"OBJECTID": 384, "BinType": "satelliteStation", "size": 3, "InOut": "Indoor", "RRtype": "Recycling", "recepticleCount": 5, "Comments": null, "LocDesc": "3rd fl next to right staircase 1", "RecycleMat": "Individual", "GlobalID": "03951334-7573-4fb1-987b-ef5385b1c41a"}}, {"type": "Feature", "id": 385, "geometry": {"type": "Point", "coordinates": [-84.3981147040018, 33.7806937450031]}, "properties": {"OBJECTID": 385, "BinType": "satelliteStation", "size": 3, "InOut": "Indoor", "RRtype": "Recycling", "recepticleCount": 5, "Comments": null, "LocDesc": "3rd fl next to left staircase", "RecycleMat": "Individual", "GlobalID": "0481a634-66a2-4e3d-8b76-f0a509006edc"}}, {"type": "Feature", "id": 386, "geometry": {"type": "Point", "coordinates": [-84.3950529860018, 33.774070588003]}, "properties": {"OBJECTID": 386, "BinType": "satelliteStation", "size": 1, "InOut": "Indoor", "RRtype": "Recycling", "recepticleCount": 3, "Comments": null, "LocDesc": "7th floor left of the elevator outside of student commons area", "RecycleMat": "Individual", "GlobalID": "a69ddeac-c612-4821-a249-a015f6cd1efa"}}, {"type": "Feature", "id": 387, "geometry": {"type": "Point", "coordinates": [-84.3952975550018, 33.774073634003]}, "properties": {"OBJECTID": 387, "BinType": "satelliteStation", "size": 1, "InOut": "Indoor", "RRtype": "Recycling", "recepticleCount": 3, "Comments": null, "LocDesc": "7th floor right of elevator outside of student commons area", "RecycleMat": "Individual", "GlobalID": "cf6f9a7e-94a1-4933-b813-3f03da91ce8d"}}, {"type": "Feature", "id": 388, "geometry": {"type": "Point", "coordinates": [-84.3952572060018, 33.774261650003]}, "properties": {"OBJECTID": 388, "BinType": "satelliteStation", "size": 3, "InOut": "Indoor", "RRtype": "Recycling", "recepticleCount": 5, "Comments": null, "LocDesc": "3rd fl next to left staircase", "RecycleMat": "Individual", "GlobalID": "125d2e4d-4118-496d-8f35-79771e20c3e0"}}, {"type": "Feature", "id": 389, "geometry": {"type": "Point", "coordinates": [-84.3953466020018, 33.774143264003]}, "properties": {"OBJECTID": 389, "BinType": "satelliteStation", "size": 3, "InOut": "Indoor", "RRtype": "Recycling", "recepticleCount": 5, "Comments": null, "LocDesc": "6th floor left of elevator next to student commons area ", "RecycleMat": "Individual", "GlobalID": "a8db30a0-a407-4b38-a549-8dee373d7af5"}}, {"type": "Feature", "id": 390, "geometry": {"type": "Point", "coordinates": [-84.3952966220019, 33.774268786003]}, "properties": {"OBJECTID": 390, "BinType": "satelliteStation", "size": 3, "InOut": "Indoor", "RRtype": "Recycling", "recepticleCount": 5, "Comments": null, "LocDesc": "4th fl next to left staircase", "RecycleMat": "Individual", "GlobalID": "dfc9f55c-5af8-4bbe-bc22-d038ddf705d4"}}, {"type": "Feature", "id": 391, "geometry": {"type": "Point", "coordinates": [-84.3949848230018, 33.7741399650031]}, "properties": {"OBJECTID": 391, "BinType": "satelliteStation", "size": 3, "InOut": "Indoor", "RRtype": "Recycling", "recepticleCount": 5, "Comments": null, "LocDesc": "6th floor right of elevator next to student commons area ", "RecycleMat": "Individual", "GlobalID": "bb4eac35-3332-4772-ba7a-f84cde52fb67"}}, {"type": "Feature", "id": 392, "geometry": {"type": "Point", "coordinates": [-84.3950277190018, 33.774173322003]}, "properties": {"OBJECTID": 392, "BinType": "satelliteStation", "size": 1, "InOut": "Indoor", "RRtype": "Recycling", "recepticleCount": 3, "Comments": null, "LocDesc": "4th fl next to right staircase", "RecycleMat": "Individual", "GlobalID": "42f6c97c-6b38-43a3-8ff1-893771bb85c7"}}, {"type": "Feature", "id": 393, "geometry": {"type": "Point", "coordinates": [-84.3950803480018, 33.774163811003]}, "properties": {"OBJECTID": 393, "BinType": "satelliteStation", "size": 3, "InOut": "Indoor", "RRtype": "Recycling", "recepticleCount": 5, "Comments": null, "LocDesc": "5th floor right  next to elevator ", "RecycleMat": "Individual", "GlobalID": "902151ac-7b9e-4da6-8175-88c7185c150f"}}, {"type": "Feature", "id": 394, "geometry": {"type": "Point", "coordinates": [-84.3952779190018, 33.7741879980031]}, "properties": {"OBJECTID": 394, "BinType": "satelliteStation", "size": 3, "InOut": "Indoor", "RRtype": "Recycling", "recepticleCount": 5, "Comments": null, "LocDesc": "5th floor left of elevator near stairway ", "RecycleMat": "Individual", "GlobalID": "b048e248-5995-4ca1-b060-bf98bd3c0bc4"}}, {"type": "Feature", "id": 395, "geometry": {"type": "Point", "coordinates": [-84.3952966220019, 33.774268786003]}, "properties": {"OBJECTID": 395, "BinType": "satelliteStation", "size": 1, "InOut": "Indoor", "RRtype": "Recycling", "recepticleCount": 3, "Comments": null, "LocDesc": "3rd fl next to vending machine", "RecycleMat": "Individual", "GlobalID": "06123754-a220-45df-a2a1-77d0478283fb"}}, {"type": "Feature", "id": 396, "geometry": {"type": "Point", "coordinates": [-84.3952966220019, 33.774268786003]}, "properties": {"OBJECTID": 396, "BinType": "satelliteStation", "size": 3, "InOut": "Indoor", "RRtype": "Recycling", "recepticleCount": 5, "Comments": null, "LocDesc": "1st fl at price Gilbert side entrance", "RecycleMat": "Individual", "GlobalID": "e3f4d04d-8e11-4442-b059-c667b58f33c6"}}, {"type": "Feature", "id": 397, "geometry": {"type": "Point", "coordinates": [-84.3952966220019, 33.774268786003]}, "properties": {"OBJECTID": 397, "BinType": "satelliteStation", "size": 3, "InOut": "Indoor", "RRtype": "Recycling", "recepticleCount": 5, "Comments": null, "LocDesc": "Ground fl by copier and printer", "RecycleMat": "Individual", "GlobalID": "6cc295aa-7d9b-4471-bb66-46c71753ec59"}}, {"type": "Feature", "id": 398, "geometry": {"type": "Point", "coordinates": [-84.3979468981536, 33.778626529756]}, "properties": {"OBJECTID": 398, "BinType": "futureStation", "size": null, "InOut": "Indoor", "RRtype": "Recycling", "recepticleCount": 1, "Comments": null, "LocDesc": null, "RecycleMat": null, "GlobalID": "88ecaf7c-093c-4e38-9741-0ee102727911"}}, {"type": "Feature", "id": 399, "geometry": {"type": "Point", "coordinates": [-84.3982849916872, 33.7785966538941]}, "properties": {"OBJECTID": 399, "BinType": "futureStation", "size": null, "InOut": "Indoor", "RRtype": "Recycling", "recepticleCount": 1, "Comments": null, "LocDesc": null, "RecycleMat": null, "GlobalID": "d69cce58-d5e9-4fe5-bb37-7bd45a753a7d"}}, {"type": "Feature", "id": 400, "geometry": {"type": "Point", "coordinates": [-84.3980461242633, 33.7785871353103]}, "properties": {"OBJECTID": 400, "BinType": "futureStation", "size": null, "InOut": "Indoor", "RRtype": "Recycling", "recepticleCount": 1, "Comments": null, "LocDesc": null, "RecycleMat": null, "GlobalID": "f888a6cf-b40a-4687-a86b-17943133479e"}}, {"type": "Feature", "id": 401, "geometry": {"type": "Point", "coordinates": [-84.3988492244155, 33.7788953851639]}, "properties": {"OBJECTID": 401, "BinType": "futureStation", "size": null, "InOut": "Indoor", "RRtype": "Recycling", "recepticleCount": 1, "Comments": null, "LocDesc": null, "RecycleMat": null, "GlobalID": "215de3b7-e67b-431e-a8a7-7aa465860a60"}}, {"type": "Feature", "id": 402, "geometry": {"type": "Point", "coordinates": [-84.3974277842089, 33.7766994302023]}, "properties": {"OBJECTID": 402, "BinType": "futureStation", "size": null, "InOut": "Indoor", "RRtype": "Recycling", "recepticleCount": 1, "Comments": null, "LocDesc": null, "RecycleMat": null, "GlobalID": "e261ab47-263c-4ca7-bf33-0a2ae1840872"}}, {"type": "Feature", "id": 403, "geometry": {"type": "Point", "coordinates": [-84.3973054228874, 33.7766016541808]}, "properties": {"OBJECTID": 403, "BinType": "futureStation", "size": null, "InOut": "Indoor", "RRtype": "Recycling", "recepticleCount": 1, "Comments": null, "LocDesc": null, "RecycleMat": null, "GlobalID": "3a93505c-2425-4468-958a-a9232e46b12e"}}, {"type": "Feature", "id": 404, "geometry": {"type": "Point", "coordinates": [-84.3975793812012, 33.776593080685]}, "properties": {"OBJECTID": 404, "BinType": "futureStation", "size": null, "InOut": "Indoor", "RRtype": "Recycling", "recepticleCount": 1, "Comments": null, "LocDesc": null, "RecycleMat": null, "GlobalID": "85a9b787-4e85-4bbb-b8ce-7712ab2b1cc9"}}, {"type": "Feature", "id": 405, "geometry": {"type": "Point", "coordinates": [-84.3974474366523, 33.7765487384796]}, "properties": {"OBJECTID": 405, "BinType": "futureStation", "size": null, "InOut": "Indoor", "RRtype": "Recycling", "recepticleCount": 1, "Comments": null, "LocDesc": null, "RecycleMat": null, "GlobalID": "571dbfc4-521b-4456-a320-9e122452f3f7"}}, {"type": "Feature", "id": 406, "geometry": {"type": "Point", "coordinates": [-84.3967790855894, 33.7798805964707]}, "properties": {"OBJECTID": 406, "BinType": "futureStation", "size": null, "InOut": "Indoor", "RRtype": "Recycling", "recepticleCount": 1, "Comments": null, "LocDesc": null, "RecycleMat": null, "GlobalID": "b86a45e7-3625-4142-9467-a63d6bf485f0"}}, {"type": "Feature", "id": 407, "geometry": {"type": "Point", "coordinates": [-84.3971113230056, 33.7799056394931]}, "properties": {"OBJECTID": 407, "BinType": "futureStation", "size": null, "InOut": "Indoor", "RRtype": "Recycling", "recepticleCount": 1, "Comments": null, "LocDesc": null, "RecycleMat": null, "GlobalID": "78a5f4eb-c07b-4fff-8210-23b61fd58ea4"}}, {"type": "Feature", "id": 408, "geometry": {"type": "Point", "coordinates": [-84.3962088233689, 33.7799118547013]}, "properties": {"OBJECTID": 408, "BinType": "futureStation", "size": null, "InOut": "Indoor", "RRtype": "Recycling", "recepticleCount": 1, "Comments": null, "LocDesc": null, "RecycleMat": null, "GlobalID": "e17c906a-7f65-4753-bbc8-87829d3e50a7"}}, {"type": "Feature", "id": 409, "geometry": {"type": "Point", "coordinates": [-84.3962675255778, 33.7794651134406]}, "properties": {"OBJECTID": 409, "BinType": "futureStation", "size": null, "InOut": "Indoor", "RRtype": "Recycling", "recepticleCount": 1, "Comments": null, "LocDesc": null, "RecycleMat": null, "GlobalID": "fc74bed2-8f46-4f4c-bdf3-35c44b446202"}}, {"type": "Feature", "id": 410, "geometry": {"type": "Point", "coordinates": [-84.3959090986777, 33.7783660765814]}, "properties": {"OBJECTID": 410, "BinType": "futureStation", "size": null, "InOut": "Indoor", "RRtype": "Recycling", "recepticleCount": 1, "Comments": null, "LocDesc": null, "RecycleMat": null, "GlobalID": "2413cecc-5324-4460-9a52-290138fa7ddd"}}, {"type": "Feature", "id": 411, "geometry": {"type": "Point", "coordinates": [-84.3960776450829, 33.7787905152882]}, "properties": {"OBJECTID": 411, "BinType": "futureStation", "size": null, "InOut": "Indoor", "RRtype": "Recycling", "recepticleCount": 1, "Comments": null, "LocDesc": null, "RecycleMat": null, "GlobalID": "fced13e6-b3fb-4069-9d59-3844c41b3b76"}}, {"type": "Feature", "id": 412, "geometry": {"type": "Point", "coordinates": [-84.4017060296141, 33.7762632266936]}, "properties": {"OBJECTID": 412, "BinType": "futureStation", "size": null, "InOut": "Indoor", "RRtype": "Recycling", "recepticleCount": 1, "Comments": null, "LocDesc": null, "RecycleMat": null, "GlobalID": "fbbc085f-87a7-4fec-8ffb-6c6f580eb46f"}}, {"type": "Feature", "id": 413, "geometry": {"type": "Point", "coordinates": [-84.4019024058268, 33.7767746113195]}, "properties": {"OBJECTID": 413, "BinType": "FutureStation", "size": null, "InOut": "Indoor", "RRtype": "Recycling", "recepticleCount": 1, "Comments": null, "LocDesc": null, "RecycleMat": null, "GlobalID": "a10b9416-dc49-4130-becc-f68f6ad18d34"}}, {"type": "Feature", "id": 414, "geometry": {"type": "Point", "coordinates": [-84.4002939264965, 33.7767848640994]}, "properties": {"OBJECTID": 414, "BinType": "futureStation", "size": null, "InOut": "Indoor", "RRtype": "Recycling", "recepticleCount": 1, "Comments": null, "LocDesc": null, "RecycleMat": null, "GlobalID": "737e65e6-59a5-4e99-a943-0baa94edaa23"}}, {"type": "Feature", "id": 415, "geometry": {"type": "Point", "coordinates": [-84.3957973482564, 33.7771433462431]}, "properties": {"OBJECTID": 415, "BinType": "futureStation", "size": null, "InOut": "Indoor", "RRtype": "Recycling", "recepticleCount": 1, "Comments": null, "LocDesc": null, "RecycleMat": null, "GlobalID": "a038d056-64b6-4ba0-991e-4a88fe2f3446"}}, {"type": "Feature", "id": 416, "geometry": {"type": "Point", "coordinates": [-84.3965233891269, 33.777198406056]}, "properties": {"OBJECTID": 416, "BinType": "futureStation", "size": null, "InOut": "Indoor", "RRtype": "Recycling", "recepticleCount": 1, "Comments": null, "LocDesc": null, "RecycleMat": null, "GlobalID": "9ecef72a-1f3a-4994-a1dc-e207df295de0"}}, {"type": "Feature", "id": 417, "geometry": {"type": "Point", "coordinates": [-84.3963344168288, 33.7773246741069]}, "properties": {"OBJECTID": 417, "BinType": "futureStation", "size": null, "InOut": "Indoor", "RRtype": "Recycling", "recepticleCount": 1, "Comments": null, "LocDesc": null, "RecycleMat": null, "GlobalID": "dbb67e2c-b957-4dec-bb54-482ec93174c3"}}, {"type": "Feature", "id": 418, "geometry": {"type": "Point", "coordinates": [-84.402088283663, 33.7745160988449]}, "properties": {"OBJECTID": 418, "BinType": "compactor", "size": null, "InOut": "Outdoor", "RRtype": "Recycling", "recepticleCount": 1, "Comments": null, "LocDesc": null, "RecycleMat": null, "GlobalID": "63af146b-35cf-4b01-ae2d-79d3731ece6b"}}, {"type": "Feature", "id": 419, "geometry": {"type": "Point", "coordinates": [-84.4020205729149, 33.7745010369615]}, "properties": {"OBJECTID": 419, "BinType": "compactor", "size": null, "InOut": "Outdoor", "RRtype": "Rubbish", "recepticleCount": 1, "Comments": null, "LocDesc": null, "RecycleMat": null, "GlobalID": "ebf9487d-2b3d-4ed5-86af-dfcd8928c442"}}, {"type": "Feature", "id": 420, "geometry": {"type": "Point", "coordinates": [-84.3953934293562, 33.7731581263777]}, "properties": {"OBJECTID": 420, "BinType": "victorStanley", "size": 1, "InOut": "Outdoor", "RRtype": "Recycling", "recepticleCount": 3, "Comments": null, "LocDesc": null, "RecycleMat": "Individual", "GlobalID": "a54f078e-9361-400f-9739-24715bc56ece"}}, {"type": "Feature", "id": 421, "geometry": {"type": "Point", "coordinates": [-84.3954234701299, 33.7731581263778]}, "properties": {"OBJECTID": 421, "BinType": "victorStanley", "size": 1, "InOut": "Outdoor", "RRtype": "Rubbish", "recepticleCount": 1, "Comments": null, "LocDesc": "Harrison square next to Chapin on Cherry street", "RecycleMat": "Landfill", "GlobalID": "8564efca-af3d-40a9-8ea7-98e7017e0469"}}, {"type": "Feature", "id": 422, "geometry": {"type": "Point", "coordinates": [-84.401506971032, 33.7753003920002]}, "properties": {"OBJECTID": 422, "BinType": "satelliteStation", "size": 5, "InOut": "Indoor", "RRtype": "Recycling", "recepticleCount": 5, "Comments": null, "LocDesc": "1st floor next to room 103", "RecycleMat": "Individual", "GlobalID": "25b39075-9266-4996-857a-2df0ff11b3ef"}}, {"type": "Feature", "id": 423, "geometry": {"type": "Point", "coordinates": [-84.4013815275907, 33.7754698392898]}, "properties": {"OBJECTID": 423, "BinType": "satelliteStation", "size": 5, "InOut": "Indoor", "RRtype": "Recycling", "recepticleCount": 5, "Comments": null, "LocDesc": "1st floor next to room 115", "RecycleMat": "Individual", "GlobalID": "f2d6a04f-2c8d-4f9b-bfae-f1b8dbbd38a8"}}, {"type": "Feature", "id": 424, "geometry": {"type": "Point", "coordinates": [-84.4013249013885, 33.7755221978729]}, "properties": {"OBJECTID": 424, "BinType": "satelliteStation", "size": 5, "InOut": "Indoor", "RRtype": "Recycling", "recepticleCount": 5, "Comments": null, "LocDesc": "2nd floor next to 215", "RecycleMat": "Individual", "GlobalID": "3a04c5fe-082c-434e-8760-089d0abee9aa"}}, {"type": "Feature", "id": 425, "geometry": {"type": "Point", "coordinates": [-84.4012976177567, 33.7755318571768]}, "properties": {"OBJECTID": 425, "BinType": "satelliteStation", "size": 5, "InOut": "Indoor", "RRtype": "Recycling", "recepticleCount": 5, "Comments": null, "LocDesc": "2nd floor next to 211", "RecycleMat": "Individual", "GlobalID": "c1cedd4a-52f9-4fca-ae22-c3b7fdf6c5f5"}}, {"type": "Feature", "id": 426, "geometry": {"type": "Point", "coordinates": [-84.4017962114855, 33.775270921184]}, "properties": {"OBJECTID": 426, "BinType": "satelliteStation", "size": 5, "InOut": "Indoor", "RRtype": "Recycling", "recepticleCount": 5, "Comments": null, "LocDesc": "2nd floor next to bathroom and 205", "RecycleMat": "Individual", "GlobalID": "312f6fe1-5fc3-4c35-8140-17e60a129537"}}, {"type": "Feature", "id": 427, "geometry": {"type": "Point", "coordinates": [-84.4018326246955, 33.775296648786]}, "properties": {"OBJECTID": 427, "BinType": "satelliteStation", "size": 3, "InOut": "Indoor", "RRtype": "Recycling", "recepticleCount": 3, "Comments": null, "LocDesc": "3rd floor by 345", "RecycleMat": "Individual", "GlobalID": "fc2094ea-4263-4963-b0d6-e32fcc0bc780"}}, {"type": "Feature", "id": 428, "geometry": {"type": "Point", "coordinates": [-84.4019781715345, 33.7752288079464]}, "properties": {"OBJECTID": 428, "BinType": "satelliteStation", "size": 3, "InOut": "Indoor", "RRtype": "Recycling", "recepticleCount": 5, "Comments": null, "LocDesc": "4th floor across from 450", "RecycleMat": "Individual", "GlobalID": "beb6cfb2-d9aa-4140-b964-44649000c9c6"}}, {"type": "Feature", "id": 429, "geometry": {"type": "Point", "coordinates": [-84.4018689840066, 33.7756256828906]}, "properties": {"OBJECTID": 429, "BinType": "satelliteStation", "size": 3, "InOut": "Indoor", "RRtype": "Recycling", "recepticleCount": 5, "Comments": null, "LocDesc": "2nd floor By the elevator and bathrooms", "RecycleMat": "Individual", "GlobalID": "93d4389e-c1f5-4294-91ea-89f0de5fd24d"}}, {"type": "Feature", "id": 430, "geometry": {"type": "Point", "coordinates": [-84.401916461766, 33.7756324076578]}, "properties": {"OBJECTID": 430, "BinType": "satelliteStation", "size": 3, "InOut": "Indoor", "RRtype": "Recycling", "recepticleCount": 3, "Comments": null, "LocDesc": "3rd floors By the elevator and bathrooms", "RecycleMat": "Individual", "GlobalID": "ab10af78-fd28-489a-be6c-bd9cfe040b84"}}, {"type": "Feature", "id": 431, "geometry": {"type": "Point", "coordinates": [-84.4019184542293, 33.7756016138054]}, "properties": {"OBJECTID": 431, "BinType": "satelliteStation", "size": 3, "InOut": "Indoor", "RRtype": "Recycling", "recepticleCount": 3, "Comments": null, "LocDesc": "4th floor by the elevator and bathrooms", "RecycleMat": "Individual", "GlobalID": "e0a489dd-cea8-47e7-8bde-c0b1f3b30b84"}}, {"type": "Feature", "id": 432, "geometry": {"type": "Point", "coordinates": [-84.4017060296141, 33.7762632266936]}, "properties": {"OBJECTID": 432, "BinType": "satelliteStation", "size": 3, "InOut": "Indoor", "RRtype": "Recycling", "recepticleCount": 3, "Comments": null, "LocDesc": "1st floor across from 184", "RecycleMat": "Individual", "GlobalID": "406361a7-964a-40fc-b2d1-f4f816bfbe4b"}}, {"type": "Feature", "id": 433, "geometry": {"type": "Point", "coordinates": [-84.4017106604294, 33.7764031195159]}, "properties": {"OBJECTID": 433, "BinType": "satelliteStation", "size": 5, "InOut": "Indoor", "RRtype": "Recycling", "recepticleCount": 5, "Comments": null, "LocDesc": "1st floor across from vending machines and elevator", "RecycleMat": "Individual", "GlobalID": "dda28d3f-a6cb-4346-b4e4-099bba142bf2"}}, {"type": "Feature", "id": 434, "geometry": {"type": "Point", "coordinates": [-84.4018535248989, 33.7766802865821]}, "properties": {"OBJECTID": 434, "BinType": "satelliteStation", "size": 3, "InOut": "Indoor", "RRtype": "Recycling", "recepticleCount": 3, "Comments": null, "LocDesc": "1st floor across from 109", "RecycleMat": "Individual", "GlobalID": "a7e843d6-bd87-4f6d-b2a5-3acb930aa0b2"}}, {"type": "Feature", "id": 435, "geometry": {"type": "Point", "coordinates": [-84.4017570727869, 33.7764145394194]}, "properties": {"OBJECTID": 435, "BinType": "satelliteStation", "size": 5, "InOut": "Indoor", "RRtype": "Recycling", "recepticleCount": 5, "Comments": null, "LocDesc": "2nd floor across from vending machines and elevator", "RecycleMat": "Individual", "GlobalID": "0a2732c2-edc6-4629-b9ac-6cac54e1e1d6"}}, {"type": "Feature", "id": 436, "geometry": {"type": "Point", "coordinates": [-84.4017745297478, 33.7763622119961]}, "properties": {"OBJECTID": 436, "BinType": "satelliteStation", "size": 3, "InOut": "Indoor", "RRtype": "Recycling", "recepticleCount": 3, "Comments": null, "LocDesc": "2nd floor across from 299A", "RecycleMat": "Individual", "GlobalID": "304752e7-a4d7-4170-97c9-f78959f5287b"}}, {"type": "Feature", "id": 437, "geometry": {"type": "Point", "coordinates": [-84.4018626706468, 33.7766240892275]}, "properties": {"OBJECTID": 437, "BinType": "satelliteStation", "size": 3, "InOut": "Indoor", "RRtype": "Recycling", "recepticleCount": 3, "Comments": null, "LocDesc": "2nd floor by bathrooms and 254", "RecycleMat": "Individual", "GlobalID": "1b59cdf7-037b-48d9-bb4d-e1ec0ad883f0"}}, {"type": "Feature", "id": 438, "geometry": {"type": "Point", "coordinates": [-84.4017872858248, 33.7764303267205]}, "properties": {"OBJECTID": 438, "BinType": "satelliteStation", "size": 5, "InOut": "Indoor", "RRtype": "Recycling", "recepticleCount": 5, "Comments": null, "LocDesc": "3rd floor across from elevator", "RecycleMat": "Individual ", "GlobalID": "fe9df65e-d807-4783-9341-6394ad44586e"}}, {"type": "Feature", "id": 439, "geometry": {"type": "Point", "coordinates": [-84.4018010525065, 33.7763773631252]}, "properties": {"OBJECTID": 439, "BinType": "satelliteStation", "size": 3, "InOut": "Indoor", "RRtype": "Recycling", "recepticleCount": 3, "Comments": null, "LocDesc": "3rd floor by the bathrooms", "RecycleMat": "Individual ", "GlobalID": "df868005-2ae2-4bb7-96c0-742239663ff8"}}, {"type": "Feature", "id": 440, "geometry": {"type": "Point", "coordinates": [-84.4018680111312, 33.7767439552685]}, "properties": {"OBJECTID": 440, "BinType": "satelliteStation", "size": 3, "InOut": "Indoor", "RRtype": "Recycling", "recepticleCount": 3, "Comments": null, "LocDesc": "3rd floor by bathrooms and 326", "RecycleMat": "Individual", "GlobalID": "7d76eeaf-4cbf-4075-80bb-a320c38eee56"}}, {"type": "Feature", "id": 441, "geometry": {"type": "Point", "coordinates": [-84.3987505804142, 33.7807449729885]}, "properties": {"OBJECTID": 441, "BinType": "satelliteStation", "size": 3, "InOut": "Indoor", "RRtype": "Recycling", "recepticleCount": 5, "Comments": null, "LocDesc": "2nd floor by staircase and 2202", "RecycleMat": "Individual", "GlobalID": "ba670aa2-1ca1-487b-84c2-d32aac59fb43"}}, {"type": "Feature", "id": 442, "geometry": {"type": "Point", "coordinates": [-84.3986231247467, 33.7807435431462]}, "properties": {"OBJECTID": 442, "BinType": "satelliteStation", "size": 3, "InOut": "Indoor", "RRtype": "Recycling", "recepticleCount": 5, "Comments": null, "LocDesc": "3rd floor by 3113", "RecycleMat": "Individual", "GlobalID": "786867aa-4ccd-43a2-bd63-4abad445b674"}}, {"type": "Feature", "id": 443, "geometry": {"type": "Point", "coordinates": [-84.3988104737891, 33.7806991903961]}, "properties": {"OBJECTID": 443, "BinType": "satelliteStation", "size": 3, "InOut": "Indoor", "RRtype": "Recycling", "recepticleCount": 5, "Comments": null, "LocDesc": "3rd floor by 3222", "RecycleMat": "Individual", "GlobalID": "a68d740c-9538-4a87-bd74-94a1f1b07fff"}}, {"type": "Feature", "id": 444, "geometry": {"type": "Point", "coordinates": [-84.398069797566, 33.7806944364478]}, "properties": {"OBJECTID": 444, "BinType": "satelliteStation", "size": 3, "InOut": "Indoor", "RRtype": "Recycling", "recepticleCount": 5, "Comments": null, "LocDesc": "4th fl next to left staircase", "RecycleMat": "Individual", "GlobalID": "62e7aeb6-dd0e-4d41-a5a8-590ae2e26b2b"}}, {"type": "Feature", "id": 445, "geometry": {"type": "Point", "coordinates": [-84.3985540739458, 33.7807390930884]}, "properties": {"OBJECTID": 445, "BinType": "satelliteStation", "size": 3, "InOut": "Indoor", "RRtype": "Recycling", "recepticleCount": 5, "Comments": null, "LocDesc": "4th floor by 4113", "RecycleMat": "Individual", "GlobalID": "7032aa00-c2b4-4a9e-a11a-a860406b81fa"}}, {"type": "Feature", "id": 446, "geometry": {"type": "Point", "coordinates": [-84.3987736527439, 33.7806830126348]}, "properties": {"OBJECTID": 446, "BinType": "satelliteStation", "size": 3, "InOut": "Indoor", "RRtype": "Recycling", "recepticleCount": 5, "Comments": null, "LocDesc": "4th floor by 4222", "RecycleMat": "Individual", "GlobalID": "d343ff5b-1081-404f-9d7f-780211f19634"}}, {"type": "Feature", "id": 447, "geometry": {"type": "Point", "coordinates": [-84.3988023575105, 33.7806688463581]}, "properties": {"OBJECTID": 447, "BinType": "satelliteStation", "size": 3, "InOut": "Indoor", "RRtype": "Recycling", "recepticleCount": 5, "Comments": null, "LocDesc": "5th floor by 5222", "RecycleMat": "Individual", "GlobalID": "8f385976-623c-4841-9a3e-c52c3923c05a"}}, {"type": "Feature", "id": 448, "geometry": {"type": "Point", "coordinates": [-84.3985934489013, 33.780701255642]}, "properties": {"OBJECTID": 448, "BinType": "satelliteStation", "size": 3, "InOut": "Indoor", "RRtype": "Recycling", "recepticleCount": 5, "Comments": null, "LocDesc": "5th floor by 5113", "RecycleMat": "Individual", "GlobalID": "52001231-4772-4706-a4ee-7dbad05e1b4e"}}, {"type": "Feature", "id": 449, "geometry": {"type": "Point", "coordinates": [-84.3980781195588, 33.7806752377213]}, "properties": {"OBJECTID": 449, "BinType": "satelliteStation", "size": 3, "InOut": "Indoor", "RRtype": "Recycling", "recepticleCount": 5, "Comments": null, "LocDesc": "4th fl next to left staircase", "RecycleMat": "Individual", "GlobalID": "4b0e250a-38fb-4300-bbfa-3589f224f58a"}}, {"type": "Feature", "id": 450, "geometry": {"type": "Point", "coordinates": [-84.3924962102671, 33.7784254416784]}, "properties": {"OBJECTID": 450, "BinType": "satelliteStation", "size": 3, "InOut": "Indoor", "RRtype": "Recycling", "recepticleCount": 3, "Comments": null, "LocDesc": "Next to training room 011", "RecycleMat": null, "GlobalID": "5a778d1d-927e-4693-86aa-1f8bb974d4c0"}}, {"type": "Feature", "id": 451, "geometry": {"type": "Point", "coordinates": [-84.3924566224109, 33.7784484377464]}, "properties": {"OBJECTID": 451, "BinType": "satelliteStation", "size": 3, "InOut": "Indoor", "RRtype": "Recycling", "recepticleCount": 3, "Comments": null, "LocDesc": null, "RecycleMat": null, "GlobalID": "3912ffee-e48a-41a7-b7e1-5d0b47e57d1b"}}, {"type": "Feature", "id": 452, "geometry": {"type": "Point", "coordinates": [-84.3924489759512, 33.7784528819497]}, "properties": {"OBJECTID": 452, "BinType": "satelliteStation", "size": 3, "InOut": "Indoor", "RRtype": "Recycling", "recepticleCount": 3, "Comments": null, "LocDesc": "Next to training room 011", "RecycleMat": null, "GlobalID": "6058e65e-4daf-4033-a54b-0d5585f16def"}}, {"type": "Feature", "id": 453, "geometry": {"type": "Point", "coordinates": [-84.3920995277124, 33.7785173490058]}, "properties": {"OBJECTID": 453, "BinType": "satelliteStation", "size": 5, "InOut": "Indoor", "RRtype": "Recycling", "recepticleCount": 5, "Comments": null, "LocDesc": "By stairs next to 022", "RecycleMat": null, "GlobalID": "b7fe1074-e295-451b-a1a8-1921df659aaa"}}, {"type": "Feature", "id": 454, "geometry": {"type": "Point", "coordinates": [-84.3922279517637, 33.7790620044283]}, "properties": {"OBJECTID": 454, "BinType": "satelliteStation", "size": 5, "InOut": "Indoor", "RRtype": "Recycling", "recepticleCount": 5, "Comments": null, "LocDesc": "1st floor break room", "RecycleMat": null, "GlobalID": "3999d3b2-5d0f-41cd-996c-ffb360b9a111"}}, {"type": "Feature", "id": 455, "geometry": {"type": "Point", "coordinates": [-84.3921093130608, 33.7788951977498]}, "properties": {"OBJECTID": 455, "BinType": "satelliteStation", "size": 2, "InOut": "Indoor", "RRtype": "Recycling", "recepticleCount": 2, "Comments": null, "LocDesc": "Next 212", "RecycleMat": null, "GlobalID": "225a64c9-4217-4196-8b44-415f40703217"}}, {"type": "Feature", "id": 456, "geometry": {"type": "Point", "coordinates": [-84.3920522772268, 33.7788164509009]}, "properties": {"OBJECTID": 456, "BinType": "satelliteStation", "size": 3, "InOut": "Indoor", "RRtype": "Recycling", "recepticleCount": 3, "Comments": null, "LocDesc": "To left of the receptionist desk", "RecycleMat": null, "GlobalID": "73416b88-476c-45a1-967e-70f761dd0b6a"}}, {"type": "Feature", "id": 457, "geometry": {"type": "Point", "coordinates": [-84.392071344867, 33.7786997894887]}, "properties": {"OBJECTID": 457, "BinType": "satelliteStation", "size": 5, "InOut": "Indoor", "RRtype": "Recycling", "recepticleCount": 5, "Comments": null, "LocDesc": "Across from sunroom 342", "RecycleMat": null, "GlobalID": "32058e8d-37c6-4a3a-a800-36a726e2ab08"}}, {"type": "Feature", "id": 458, "geometry": {"type": "Point", "coordinates": [-84.388259221788, 33.7774312220803]}, "properties": {"OBJECTID": 458, "BinType": "satelliteStation", "size": 3, "InOut": "Indoor", "RRtype": "Recycling", "recepticleCount": 3, "Comments": null, "LocDesc": "Custodian lounge 0132", "RecycleMat": null, "GlobalID": "55151222-eb6a-4fcf-a633-501a8e8610ff"}}, {"type": "Feature", "id": 459, "geometry": {"type": "Point", "coordinates": [-84.3882556707476, 33.7773263907329]}, "properties": {"OBJECTID": 459, "BinType": "satelliteStation", "size": 5, "InOut": "Indoor", "RRtype": "Recycling", "recepticleCount": 5, "Comments": null, "LocDesc": "Next to Kaldis Coffee", "RecycleMat": null, "GlobalID": "6c549b9d-73f5-42c4-b915-638c777bc8ad"}}, {"type": "Feature", "id": 460, "geometry": {"type": "Point", "coordinates": [-84.3885687911163, 33.7774700958731]}, "properties": {"OBJECTID": 460, "BinType": "satelliteStation", "size": 5, "InOut": "Indoor", "RRtype": "Recycling", "recepticleCount": 5, "Comments": null, "LocDesc": "Lobby to right of console", "RecycleMat": null, "GlobalID": "9966467b-cdf5-42f7-abde-b63baa53c9dd"}}, {"type": "Feature", "id": 461, "geometry": {"type": "Point", "coordinates": [-84.3886665511754, 33.7774814499264]}, "properties": {"OBJECTID": 461, "BinType": "satelliteStation", "size": 5, "InOut": "Indoor", "RRtype": "Recycling", "recepticleCount": 5, "Comments": null, "LocDesc": "Lobby to the left of the console", "RecycleMat": null, "GlobalID": "cd6bf948-ee70-4f6f-af1c-44e1f9367d7b"}}, {"type": "Feature", "id": 462, "geometry": {"type": "Point", "coordinates": [-84.3881150044556, 33.7774615448648]}, "properties": {"OBJECTID": 462, "BinType": "satelliteStation", "size": 5, "InOut": "Indoor", "RRtype": "Recycling", "recepticleCount": 5, "Comments": null, "LocDesc": "Next to bathroom 0235 in next hallway", "RecycleMat": null, "GlobalID": "eb2eab9c-4647-4793-95ff-3b8c6d1e1c99"}}, {"type": "Feature", "id": 463, "geometry": {"type": "Point", "coordinates": [-84.3886227636952, 33.7774314938728]}, "properties": {"OBJECTID": 463, "BinType": "satelliteStation", "size": 5, "InOut": "Indoor", "RRtype": "Recycling", "recepticleCount": 5, "Comments": null, "LocDesc": "Across from classroom 0210", "RecycleMat": null, "GlobalID": "f4ebd865-5b3d-43ba-b8e4-4ec9c7f3ddfe"}}, {"type": "Feature", "id": 464, "geometry": {"type": "Point", "coordinates": [-84.3886761990816, 33.7774041570633]}, "properties": {"OBJECTID": 464, "BinType": "satelliteStation", "size": 5, "InOut": "Indoor", "RRtype": "Recycling", "recepticleCount": 5, "Comments": null, "LocDesc": "Next to auditorium 0270", "RecycleMat": null, "GlobalID": "f591bad8-1cd6-40fb-8eef-0f6e5e12dfd6"}}, {"type": "Feature", "id": 465, "geometry": {"type": "Point", "coordinates": [-84.3885725918883, 33.7773908907441]}, "properties": {"OBJECTID": 465, "BinType": "satelliteStation", "size": 5, "InOut": "Indoor", "RRtype": "Recycling", "recepticleCount": 5, "Comments": null, "LocDesc": "Other entrance of auditorium 0270", "RecycleMat": null, "GlobalID": "4ab47d58-88aa-49df-9d9d-e1233211211e"}}, {"type": "Feature", "id": 466, "geometry": {"type": "Point", "coordinates": [-84.3882838140672, 33.77737629682]}, "properties": {"OBJECTID": 466, "BinType": "satelliteStation", "size": 5, "InOut": "Indoor", "RRtype": "Recycling", "recepticleCount": 5, "Comments": null, "LocDesc": "Next to AV 0236", "RecycleMat": null, "GlobalID": "37bf05e8-163b-43e5-b698-cccafb951fdb"}}, {"type": "Feature", "id": 467, "geometry": {"type": "Point", "coordinates": [-84.3884065975968, 33.7771120616149]}, "properties": {"OBJECTID": 467, "BinType": "satelliteStation", "size": 3, "InOut": "Indoor", "RRtype": "Recycling", "recepticleCount": 3, "Comments": null, "LocDesc": "Student lounge 0257", "RecycleMat": null, "GlobalID": "7b94c9cd-8d9b-41ea-b4fd-5a9a1afe8abd"}}, {"type": "Feature", "id": 468, "geometry": {"type": "Point", "coordinates": [-84.3884841231041, 33.7773212438416]}, "properties": {"OBJECTID": 468, "BinType": "satelliteStation", "size": 5, "InOut": "Indoor", "RRtype": "Recycling", "recepticleCount": 5, "Comments": null, "LocDesc": "Next to huddle room 0362", "RecycleMat": null, "GlobalID": "c188eb43-46ab-4cad-b3e2-9a56dcbc8e7d"}}, {"type": "Feature", "id": 469, "geometry": {"type": "Point", "coordinates": [-84.3880662708515, 33.7773557070251]}, "properties": {"OBJECTID": 469, "BinType": "satelliteStation", "size": 5, "InOut": "Indoor", "RRtype": "Recycling", "recepticleCount": 5, "Comments": null, "LocDesc": "Across from huddle room 0344", "RecycleMat": null, "GlobalID": "9873d195-0aed-4ac6-807c-e967d52d56f2"}}, {"type": "Feature", "id": 470, "geometry": {"type": "Point", "coordinates": [-84.3884794967805, 33.7772466545783]}, "properties": {"OBJECTID": 470, "BinType": "satelliteStation", "size": 3, "InOut": "Indoor", "RRtype": "Recycling", "recepticleCount": 3, "Comments": null, "LocDesc": "Pantry 0313A", "RecycleMat": null, "GlobalID": "c7c8bf09-5dae-45ac-b3f9-e81d8672f6a3"}}, {"type": "Feature", "id": 471, "geometry": {"type": "Point", "coordinates": [-84.3885727544834, 33.7773255290598]}, "properties": {"OBJECTID": 471, "BinType": "satelliteStation", "size": 5, "InOut": "Indoor", "RRtype": "Recycling", "recepticleCount": 5, "Comments": null, "LocDesc": "Lounge ", "RecycleMat": null, "GlobalID": "ea10e624-fd93-45ea-b43a-cf013b2ff681"}}, {"type": "Feature", "id": 472, "geometry": {"type": "Point", "coordinates": [-84.3885552786578, 33.7772765749654]}, "properties": {"OBJECTID": 472, "BinType": "satelliteStation", "size": 5, "InOut": "Indoor", "RRtype": "Recycling", "recepticleCount": 5, "Comments": null, "LocDesc": "Lounge", "RecycleMat": null, "GlobalID": "383f024b-b1f3-4e88-abcb-2b7e2be22b17"}}, {"type": "Feature", "id": 473, "geometry": {"type": "Point", "coordinates": [-84.3885548582463, 33.7773146521168]}, "properties": {"OBJECTID": 473, "BinType": "satelliteStation", "size": 5, "InOut": "Indoor", "RRtype": "Recycling", "recepticleCount": 5, "Comments": null, "LocDesc": "Lounge", "RecycleMat": null, "GlobalID": "a33a593d-3302-49cf-bf8a-9dfe25517583"}}, {"type": "Feature", "id": 474, "geometry": {"type": "Point", "coordinates": [-84.3881382519568, 33.777250343946]}, "properties": {"OBJECTID": 474, "BinType": "satelliteStation", "size": 5, "InOut": "Indoor", "RRtype": "Recycling", "recepticleCount": 5, "Comments": null, "LocDesc": "Across from breakout room 0336", "RecycleMat": null, "GlobalID": "4f1590ed-6231-43d2-840d-2e1febe0caad"}}, {"type": "Feature", "id": 475, "geometry": {"type": "Point", "coordinates": [-84.395885710141, 33.7789219621344]}, "properties": {"OBJECTID": 475, "BinType": "satelliteStation", "size": 3, "InOut": "Indoor", "RRtype": "Recycling", "recepticleCount": 3, "Comments": null, "LocDesc": "Cherry St. Entrance ", "RecycleMat": null, "GlobalID": "c9586069-76bb-4215-8055-0e18c39f26c4"}}, {"type": "Feature", "id": 476, "geometry": {"type": "Point", "coordinates": [-84.3960282296574, 33.7791016696962]}, "properties": {"OBJECTID": 476, "BinType": "satelliteStation", "size": 3, "InOut": "Indoor", "RRtype": "Recycling", "recepticleCount": 3, "Comments": null, "LocDesc": "By storage 3211 and elevator", "RecycleMat": null, "GlobalID": "518b9450-b07e-4fe4-a816-45035506bc9a"}}, {"type": "Feature", "id": 477, "geometry": {"type": "Point", "coordinates": [-84.3961520273851, 33.7788991812345]}, "properties": {"OBJECTID": 477, "BinType": "satelliteStation", "size": null, "InOut": "Indoor", "RRtype": "Recycling", "recepticleCount": 3, "Comments": null, "LocDesc": "Atrium floor 3", "RecycleMat": null, "GlobalID": "eb6c56e9-913c-4f07-9cfc-579ae6c8e34a"}}, {"type": "Feature", "id": 478, "geometry": {"type": "Point", "coordinates": [-84.3961537018448, 33.7788920878689]}, "properties": {"OBJECTID": 478, "BinType": "satelliteStation", "size": null, "InOut": "Indoor", "RRtype": "Recycling", "recepticleCount": 2, "Comments": null, "LocDesc": "Atrium floor 2", "RecycleMat": null, "GlobalID": "007fe5d4-0a8d-44ca-9fa7-16696e222082"}}, {"type": "Feature", "id": 479, "geometry": {"type": "Point", "coordinates": [-84.3961442731275, 33.7788839439377]}, "properties": {"OBJECTID": 479, "BinType": "satelliteStation", "size": null, "InOut": "Indoor", "RRtype": "Recycling", "recepticleCount": 3, "Comments": null, "LocDesc": "Atrium floor 1", "RecycleMat": null, "GlobalID": "c9c424f2-6158-4f3f-9d6b-5b21bb51ee0c"}}, {"type": "Feature", "id": 480, "geometry": {"type": "Point", "coordinates": [-84.3961662944284, 33.7788923156032]}, "properties": {"OBJECTID": 480, "BinType": "satelliteStation", "size": null, "InOut": "Indoor", "RRtype": "Recycling", "recepticleCount": 3, "Comments": null, "LocDesc": "Atrium floor L1", "RecycleMat": null, "GlobalID": "2d7336c8-1d0c-4e77-aa25-f7620ccdc464"}}, {"type": "Feature", "id": 481, "geometry": {"type": "Point", "coordinates": [-84.3960214213259, 33.7786415617637]}, "properties": {"OBJECTID": 481, "BinType": "satelliteStation", "size": 3, "InOut": "Indoor", "RRtype": "Recycling", "recepticleCount": 3, "Comments": null, "LocDesc": "By 3104", "RecycleMat": null, "GlobalID": "64da6add-f803-425d-b81f-82ac628e6838"}}, {"type": "Feature", "id": 482, "geometry": {"type": "Point", "coordinates": [-84.3960047207465, 33.7786066809609]}, "properties": {"OBJECTID": 482, "BinType": "satelliteStation", "size": 3, "InOut": "Indoor", "RRtype": "Recycling", "recepticleCount": 3, "Comments": null, "LocDesc": "By elevator and 2102", "RecycleMat": null, "GlobalID": "e0a33a3c-f332-47d6-9c77-2f96d653c8eb"}}, {"type": "Feature", "id": 483, "geometry": {"type": "Point", "coordinates": [-84.3960394765648, 33.7786352299825]}, "properties": {"OBJECTID": 483, "BinType": "satelliteStation", "size": null, "InOut": "Indoor", "RRtype": "Recycling", "recepticleCount": 5, "Comments": null, "LocDesc": "Custodial L1245", "RecycleMat": null, "GlobalID": "6dca0492-a60a-441b-9a2e-4eefd3befaf9"}}, {"type": "Feature", "id": 484, "geometry": {"type": "Point", "coordinates": [-84.3971193108251, 33.7787462511274]}, "properties": {"OBJECTID": 484, "BinType": "satelliteStation", "size": 5, "InOut": "Indoor", "RRtype": "Recycling", "recepticleCount": 5, "Comments": null, "LocDesc": "Suddath seminar room", "RecycleMat": null, "GlobalID": "1dc7d743-383d-4eab-91e7-33c52ad6eaec"}}, {"type": "Feature", "id": 485, "geometry": {"type": "Point", "coordinates": [-84.3971423894431, 33.7786997013814]}, "properties": {"OBJECTID": 485, "BinType": "satelliteStation", "size": 4, "InOut": "Indoor", "RRtype": "Recycling", "recepticleCount": 4, "Comments": null, "LocDesc": "Bobs Cafe", "RecycleMat": null, "GlobalID": "0105ba57-65d6-4f47-9f39-c53a98696e60"}}, {"type": "Feature", "id": 486, "geometry": {"type": "Point", "coordinates": [-84.3971543289515, 33.779156059236]}, "properties": {"OBJECTID": 486, "BinType": "satelliteStation", "size": 4, "InOut": "Indoor", "RRtype": "Recycling", "recepticleCount": 4, "Comments": null, "LocDesc": "Back kitchen area ", "RecycleMat": null, "GlobalID": "c4a981fc-2517-4d16-a53e-b56c517ccc86"}}, {"type": "Feature", "id": 487, "geometry": {"type": "Point", "coordinates": [-84.3971742481946, 33.779173231847]}, "properties": {"OBJECTID": 487, "BinType": "satelliteStation", "size": 4, "InOut": "Indoor", "RRtype": "Recycling", "recepticleCount": 4, "Comments": null, "LocDesc": "Back kitchen area ", "RecycleMat": null, "GlobalID": "fe816a46-e87a-482c-be24-e5c1a22ce9c5"}}, {"type": "Feature", "id": 488, "geometry": {"type": "Point", "coordinates": [-84.3971536040111, 33.7791750343027]}, "properties": {"OBJECTID": 488, "BinType": "satelliteStation", "size": 4, "InOut": "Indoor", "RRtype": "Recycling", "recepticleCount": 4, "Comments": null, "LocDesc": "Back kitchen area ", "RecycleMat": null, "GlobalID": "5e652280-f9d1-4861-96d1-2c9b1272141c"}}, {"type": "Feature", "id": 489, "geometry": {"type": "Point", "coordinates": [-84.3969810475265, 33.7789627444846]}, "properties": {"OBJECTID": 489, "BinType": "other", "size": 1, "InOut": "Indoor", "RRtype": "Recycling", "recepticleCount": 1, "Comments": null, "LocDesc": "Conference room", "RecycleMat": "Compost", "GlobalID": "80454d25-6dca-4373-baf7-001cd8a78df8"}}, {"type": "Feature", "id": 490, "geometry": {"type": "Point", "coordinates": [-84.3969719898135, 33.7789766952561]}, "properties": {"OBJECTID": 490, "BinType": "other", "size": 1, "InOut": "Indoor", "RRtype": "Recycling", "recepticleCount": 1, "Comments": null, "LocDesc": "Conference room", "RecycleMat": "Compost", "GlobalID": "e2457808-31c6-4042-ad7d-cfdde1b94407"}}, {"type": "Feature", "id": 491, "geometry": {"type": "Point", "coordinates": [-84.3969942518628, 33.7789778824604]}, "properties": {"OBJECTID": 491, "BinType": "other", "size": 1, "InOut": "Indoor", "RRtype": "Recycling", "recepticleCount": 1, "Comments": null, "LocDesc": "Conference room", "RecycleMat": "Compost", "GlobalID": "93df53e6-7d9b-4f37-8cc2-5026c84aa06a"}}, {"type": "Feature", "id": 492, "geometry": {"type": "Point", "coordinates": [-84.3970581867582, 33.7790319898379]}, "properties": {"OBJECTID": 492, "BinType": "satelliteStation", "size": 3, "InOut": "Indoor", "RRtype": "Recycling", "recepticleCount": 3, "Comments": null, "LocDesc": "Basement", "RecycleMat": null, "GlobalID": "46f560b3-bbd3-4806-aa2b-fc4fd5c6031c"}}, {"type": "Feature", "id": 493, "geometry": {"type": "Point", "coordinates": [-84.3959513886663, 33.7795099902416]}, "properties": {"OBJECTID": 493, "BinType": "other", "size": 3, "InOut": "Indoor", "RRtype": "Recycling", "recepticleCount": 3, "Comments": null, "LocDesc": "In the tunnel", "RecycleMat": "Styrofoam, glass", "GlobalID": "efd61ecd-5c28-443b-9085-ef01e8ed44ae"}}, {"type": "Feature", "id": 494, "geometry": {"type": "Point", "coordinates": [-84.3971465935586, 33.7787606148433]}, "properties": {"OBJECTID": 494, "BinType": "satelliteStation", "size": 5, "InOut": "Indoor", "RRtype": "Recycling", "recepticleCount": 5, "Comments": null, "LocDesc": "Suddath seminar room inside", "RecycleMat": null, "GlobalID": "8cfeffd1-839c-4449-a74c-cd2e51922afc"}}, {"type": "Feature", "id": 495, "geometry": {"type": "Point", "coordinates": [-84.39954810652, 33.7785936940835]}, "properties": {"OBJECTID": 495, "BinType": "satelliteStation", "size": 5, "InOut": "Indoor", "RRtype": "Recycling", "recepticleCount": 5, "Comments": null, "LocDesc": "Entrance next to 194", "RecycleMat": null, "GlobalID": "76088ba0-71d6-46ee-832e-e9bd8ed3d781"}}, {"type": "Feature", "id": 496, "geometry": {"type": "Point", "coordinates": [-84.3995825290634, 33.7788603760371]}, "properties": {"OBJECTID": 496, "BinType": "satelliteStation", "size": null, "InOut": "Indoor", "RRtype": "Recycling", "recepticleCount": 6, "Comments": null, "LocDesc": "Side entrance", "RecycleMat": null, "GlobalID": "b6ac19e0-6417-427a-937a-4ac24e3ba5e8"}}, {"type": "Feature", "id": 497, "geometry": {"type": "Point", "coordinates": [-84.3994264988851, 33.7790468604941]}, "properties": {"OBJECTID": 497, "BinType": "other", "size": null, "InOut": "Indoor", "RRtype": "Recycling", "recepticleCount": 4, "Comments": null, "LocDesc": "Basement of Kendeda", "RecycleMat": "Styrofoam, Plastic Bags, Cardboard, E-Waste", "GlobalID": "e2683629-ce68-4606-a761-290db5e7e1a7"}}, {"type": "Feature", "id": 498, "geometry": {"type": "Point", "coordinates": [-84.3995954630069, 33.7788075408783]}, "properties": {"OBJECTID": 498, "BinType": "satelliteStation", "size": null, "InOut": "Indoor", "RRtype": "Recycling", "recepticleCount": 6, "Comments": null, "LocDesc": "Next to bathroom", "RecycleMat": null, "GlobalID": "5c235bcc-bace-4829-bb02-10d0e74b7857"}}, {"type": "Feature", "id": 499, "geometry": {"type": "Point", "coordinates": [-84.3997668103591, 33.7785903288296]}, "properties": {"OBJECTID": 499, "BinType": "satelliteStation", "size": null, "InOut": "Indoor", "RRtype": "Recycling", "recepticleCount": 4, "Comments": null, "LocDesc": "Outdoor seating area", "RecycleMat": null, "GlobalID": "0ff4da02-9b8e-4e63-affe-ef397bc1ec15"}}, {"type": "Feature", "id": 500, "geometry": {"type": "Point", "coordinates": [-84.3997661465041, 33.778705900997]}, "properties": {"OBJECTID": 500, "BinType": "satelliteStation", "size": null, "InOut": "Indoor", "RRtype": "Recycling", "recepticleCount": 4, "Comments": null, "LocDesc": "Lower outdoor seating area", "RecycleMat": null, "GlobalID": "7f94412b-827c-4cde-8f74-55b60fc3331c"}}, {"type": "Feature", "id": 501, "geometry": {"type": "Point", "coordinates": [-84.3892640655867, 33.7757786977189]}, "properties": {"OBJECTID": 501, "BinType": "other", "size": null, "InOut": "Indoor", "RRtype": "Recycling", "recepticleCount": 5, "Comments": null, "LocDesc": "1st floor breakvoom", "RecycleMat": null, "GlobalID": "929383e2-95ba-4f26-89a9-b205ec9f0d5c"}}, {"type": "Feature", "id": 502, "geometry": {"type": "Point", "coordinates": [-84.3895576547845, 33.7756079263967]}, "properties": {"OBJECTID": 502, "BinType": "satelliteStation", "size": 5, "InOut": "Indoor", "RRtype": "Recycling", "recepticleCount": 5, "Comments": null, "LocDesc": "By the elevators", "RecycleMat": null, "GlobalID": "c173fe67-c366-4c92-b315-aa79f4d678e7"}}]}