{"type": "FeatureCollection", "features": [{"type": "Feature", "id": 2, "geometry": {"type": "Polygon", "coordinates": [[[-84.3960791638238, 33.7738612226937], [-84.3960306356956, 33.7738597259843], [-84.3960099165571, 33.7738601143297], [-84.3960089998878, 33.7738601070166], [-84.3958011318058, 33.7738584157179], [-84.395803764398, 33.7735511242135], [-84.3958031364532, 33.7734494884548], [-84.3958045371829, 33.7733547330416], [-84.3960003870998, 33.7733559588768], [-84.3960150764131, 33.7733560821558], [-84.3960150258419, 33.7733601991931], [-84.3960854103862, 33.7733607905978], [-84.3960854598743, 33.7733566735625], [-84.396714264037, 33.7733619579958], [-84.3967134316288, 33.7734310432257], [-84.3967131753343, 33.7734522992486], [-84.3967081917579, 33.7738660396773], [-84.3966241128858, 33.7738653334884], [-84.3965468815084, 33.7738646839149], [-84.3963199024631, 33.7738627766233], [-84.396249973143, 33.7738621890148], [-84.3960816116642, 33.7738612983904], [-84.3960814766926, 33.7738612941331], [-84.3960791638238, 33.7738612226937]], [[-84.3965453073236, 33.7736771080673], [-84.3965310660319, 33.7736769885254], [-84.3965309997161, 33.7736824779063], [-84.3964975872014, 33.7736821966042], [-84.3964979540424, 33.7736517777887], [-84.3965313665453, 33.7736520590908], [-84.3965313002296, 33.7736575484718], [-84.3965455415181, 33.7736576680137], [-84.3965474813755, 33.7734966545949], [-84.396434921419, 33.7734957082866], [-84.3963065535437, 33.7734946244849], [-84.3961678983027, 33.7734934641052], [-84.3960876743311, 33.773492790054], [-84.3960845848665, 33.7737247016013], [-84.3965446868287, 33.7737285683064], [-84.3965453073236, 33.7736771080673]]]}, "properties": {"OBJECTID": 2, "BUILDINGID": "002", "FACILITYKEY": "002", "SHORTNAME": "Skiles Classroom", "LONGNAME": "Skiles, William Vernon Classroom Building", "FLOORCOUNT": 4, "BLGHEIGHT": null, "BLDGAREA": 139914, "BLDGTYPE": null, "OPERHOURS": null, "OPERDATE": null, "ACCESSTYPE": "Public", "CONDITION": null, "OWNEDBY": 1, "MAINTBY": 4, "LASTUPDATE": null, "LASTEDITOR": null, "created_user": "wsims6_GTFacilities", "created_date": 1628109909166, "last_edited_user": "dsimsGT", "last_edited_date": 1713902913653, "cust_shift1": 4, "cust_shift2": null, "cust_shift3": null, "Shape__Area": 5250.87109375, "Shape__Length": 516.4036632904374, "GlobalID": "9c53cc86-73e5-4882-9520-615db4a91a82", "cust_zone": 4}}, {"type": "Feature", "id": 3, "geometry": {"type": "Polygon", "coordinates": [[[-84.3934178105493, 33.7708389923639], [-84.3935925695136, 33.7708386711676], [-84.3935926826751, 33.7708815968315], [-84.3935939403446, 33.7710425016171], [-84.3936273745756, 33.7710432209694], [-84.3936269666379, 33.7710543408977], [-84.3936269643819, 33.7710821487655], [-84.3936267285671, 33.7711180115239], [-84.3936267579848, 33.7711340825232], [-84.3936277273214, 33.7711770066105], [-84.3935582095727, 33.7711777196024], [-84.3935587167231, 33.7712124277809], [-84.3934536328686, 33.7712126209205], [-84.3934533879404, 33.7711778464389], [-84.3933844362517, 33.7711774537685], [-84.3933840857696, 33.7710443840337], [-84.3934174669861, 33.7710442415604], [-84.3934182251571, 33.7709963867657], [-84.3934178105493, 33.7708389923639]]]}, "properties": {"OBJECTID": 3, "BUILDINGID": "003", "FACILITYKEY": "003", "SHORTNAME": "Alumni House", "LONGNAME": "Robert, L.W. Alumni House", "FLOORCOUNT": 3, "BLGHEIGHT": null, "BLDGAREA": 25424, "BLDGTYPE": null, "OPERHOURS": null, "OPERDATE": null, "ACCESSTYPE": "Employee", "CONDITION": null, "OWNEDBY": null, "MAINTBY": 4, "LASTUPDATE": null, "LASTEDITOR": null, "created_user": "wsims6_GTFacilities", "created_date": 1628109909166, "last_edited_user": "dsimsGT", "last_edited_date": 1713902914529, "cust_shift1": 4, "cust_shift2": null, "cust_shift3": null, "Shape__Area": 1074.171875, "Shape__Length": 153.83272847382997, "GlobalID": "3e300ae8-2d07-4caf-aabc-64e5b3a19d09", "cust_zone": 4}}, {"type": "Feature", "id": 4, "geometry": {"type": "Polygon", "coordinates": [[[-84.3914947268692, 33.7718971202257], [-84.3914959556285, 33.7717537291074], [-84.3912740969959, 33.771752402793], [-84.3912738602849, 33.7717800226406], [-84.3912366547637, 33.7717798000127], [-84.3912360788057, 33.771814783371], [-84.3911944628052, 33.7718145344927], [-84.3911939193287, 33.7718458345415], [-84.39116084677, 33.7718456368314], [-84.3911605479433, 33.7718805015685], [-84.3911604230464, 33.7718951220893], [-84.3911177046587, 33.7718948661739], [-84.3910818767524, 33.7718946518139], [-84.3910820265652, 33.7718771594848], [-84.3909743139779, 33.771876514955], [-84.390953624187, 33.7718763911604], [-84.390834260842, 33.7718756775154], [-84.3908344053733, 33.7718627710002], [-84.3908343177665, 33.7718370082449], [-84.3908390024705, 33.7718370367036], [-84.3908391607316, 33.7718186237721], [-84.390834474949, 33.7718185953154], [-84.3908345446614, 33.771810539826], [-84.390855213923, 33.771810663678], [-84.3908555833487, 33.7717676226285], [-84.3909448920167, 33.7717682781662], [-84.3910190128789, 33.7717688223945], [-84.3910197573493, 33.7716820595362], [-84.3910001893845, 33.7716819427265], [-84.3910001110737, 33.7716672224912], [-84.3909992138381, 33.771667206089], [-84.3909923731578, 33.7716614100778], [-84.3909925800913, 33.771637243613], [-84.3909995192545, 33.7716315307534], [-84.3910002577672, 33.7716315420342], [-84.3910004730786, 33.7716168050353], [-84.3910192129216, 33.7716169170388], [-84.3910195392037, 33.7715788946636], [-84.3910195714984, 33.7715751302059], [-84.3910196991035, 33.7715602968895], [-84.3910139109932, 33.7715602623285], [-84.3910139577607, 33.7715566655518], [-84.3910144972236, 33.771491904285], [-84.3911167451251, 33.7714925163414], [-84.3911162713084, 33.771519073573], [-84.3911162118699, 33.7715546601001], [-84.3911161647325, 33.7715601837088], [-84.3911103777019, 33.7715601491503], [-84.3911101364818, 33.7715781925561], [-84.3911096063086, 33.7716179185237], [-84.3911236640992, 33.7716177721367], [-84.3911457120542, 33.7716179042526], [-84.3911627989224, 33.7716180066176], [-84.3911625820838, 33.7716433245109], [-84.3914968849286, 33.7716453226456], [-84.3914971001125, 33.771620235578], [-84.3915410481076, 33.7716204981385], [-84.3915756461544, 33.7716207046885], [-84.3915754309958, 33.7716457926578], [-84.3916898059442, 33.7716464759109], [-84.3916892432602, 33.7717120721503], [-84.3916261310425, 33.7717116949012], [-84.3916246873557, 33.7718801739893], [-84.391572598485, 33.7718798622769], [-84.3915724461361, 33.771897585434], [-84.3914947268692, 33.7718971202257]]]}, "properties": {"OBJECTID": 4, "BUILDINGID": "006", "FACILITYKEY": "006", "SHORTNAME": "Smith Dorm", "LONGNAME": "Smith, John M. Residence Hall", "FLOORCOUNT": 5, "BLGHEIGHT": null, "BLDGAREA": 63848, "BLDGTYPE": null, "OPERHOURS": null, "OPERDATE": null, "ACCESSTYPE": "Student", "CONDITION": null, "OWNEDBY": null, "MAINTBY": 7, "LASTUPDATE": null, "LASTEDITOR": null, "created_user": "wsims6_GTFacilities", "created_date": 1628109909166, "last_edited_user": "dsimsGT", "last_edited_date": 1713902915177, "cust_shift1": null, "cust_shift2": null, "cust_shift3": null, "Shape__Area": 2263.30859375, "Shape__Length": 351.8033991961456, "GlobalID": "59899710-5179-47b8-9b17-a4004bf2da6a", "cust_zone": null}}, {"type": "Feature", "id": 5, "geometry": {"type": "Polygon", "coordinates": [[[-84.3917719227741, 33.7718894179638], [-84.3917719620404, 33.7717871849372], [-84.391760933238, 33.7717871401334], [-84.3917621152155, 33.7715826783739], [-84.3917585307293, 33.7715826641733], [-84.3917587127579, 33.7715511204326], [-84.3917590132118, 33.7715260539468], [-84.3917588495408, 33.7715204405572], [-84.3917624756757, 33.7715202806629], [-84.3917626339908, 33.7714928809597], [-84.3917776294401, 33.7714929419715], [-84.3917837233721, 33.7714881313603], [-84.3918025840135, 33.7714882069585], [-84.3918083458688, 33.771493065371], [-84.3918373499536, 33.7714931828705], [-84.3918449011208, 33.7714932132746], [-84.3918509950467, 33.7714884017584], [-84.3918698556905, 33.771488478248], [-84.3918756175495, 33.7714933366573], [-84.3918905611735, 33.7714933968483], [-84.3918904013414, 33.7715210264757], [-84.391893709433, 33.7715210402751], [-84.3918933506233, 33.7715832071602], [-84.391890041452, 33.7715831942644], [-84.3918897228695, 33.771638454418], [-84.3918919286252, 33.7716384630158], [-84.3918918801361, 33.771646751995], [-84.391891816203, 33.7716578036654], [-84.3918917687935, 33.7716660926426], [-84.3918895630371, 33.7716660840447], [-84.3918892361923, 33.771722725544], [-84.3918925442893, 33.7717227384418], [-84.3918921689575, 33.7717876689197], [-84.391889963198, 33.7717876603218], [-84.3918899276413, 33.77179387728], [-84.3918898719698, 33.7718035476035], [-84.3918898095941, 33.7718143693494], [-84.3918859497825, 33.7718143538517], [-84.3918859600779, 33.7718125117571], [-84.3918749312722, 33.7718124669635], [-84.3918744848117, 33.7718898313565], [-84.3917796395047, 33.7718895788094], [-84.3917719227741, 33.7718894179638]]]}, "properties": {"OBJECTID": 5, "BUILDINGID": "007", "FACILITYKEY": "007", "SHORTNAME": "Brown Dorm", "LONGNAME": "Brown, Julius Residence Hall", "FLOORCOUNT": 4, "BLGHEIGHT": null, "BLDGAREA": 17423, "BLDGTYPE": null, "OPERHOURS": null, "OPERDATE": null, "ACCESSTYPE": "Student", "CONDITION": null, "OWNEDBY": null, "MAINTBY": 7, "LASTUPDATE": null, "LASTEDITOR": null, "created_user": "wsims6_GTFacilities", "created_date": 1628109909166, "last_edited_user": "dsimsGT", "last_edited_date": 1713902916065, "cust_shift1": null, "cust_shift2": null, "cust_shift3": null, "Shape__Area": 737.67578125, "Shape__Length": 138.91214753124223, "GlobalID": "05417b6c-a645-4bde-9d79-375c9c9b229f", "cust_zone": null}}, {"type": "Feature", "id": 6, "geometry": {"type": "Polygon", "coordinates": [[[-84.3934392975181, 33.7758228549055], [-84.3932081826807, 33.7751635226968], [-84.3933980581419, 33.7751171077108], [-84.3931048822724, 33.774283965068], [-84.3930956746943, 33.7742576970023], [-84.3930889191324, 33.7742384221584], [-84.3930651768034, 33.774170688533], [-84.3934561998207, 33.7740751014764], [-84.3935350798304, 33.7743001350719], [-84.3935601243126, 33.7742940118963], [-84.3935934388352, 33.7743901280578], [-84.3935995846223, 33.7744065836272], [-84.3935745390306, 33.7744127068127], [-84.3935838634368, 33.7744389971682], [-84.3937468318954, 33.7749027163529], [-84.3937546433403, 33.7749251666366], [-84.3938669171558, 33.7752505618123], [-84.3938752847024, 33.775274236408], [-84.3939317455241, 33.7754341440894], [-84.3939365107895, 33.7754478422249], [-84.3939446041042, 33.775471098052], [-84.3939487133279, 33.7754829084346], [-84.3939501245612, 33.7754874294227], [-84.3939648109066, 33.7754838390465], [-84.3939715667591, 33.7755031120341], [-84.3939568804106, 33.775506702411], [-84.3939583330658, 33.7755105542971], [-84.3940177985077, 33.7756804872746], [-84.3938204478488, 33.775728730193], [-84.3937388855311, 33.775748668843], [-84.3935963918105, 33.7757844533187], [-84.3934392975181, 33.7758228549055]]]}, "properties": {"OBJECTID": 6, "BUILDINGID": "008", "FACILITYKEY": "008", "SHORTNAME": "Peter Parking Deck", "LONGNAME": "Peters, Richard Park Parking Deck", "FLOORCOUNT": 2, "BLGHEIGHT": null, "BLDGAREA": 180307, "BLDGTYPE": null, "OPERHOURS": null, "OPERDATE": null, "ACCESSTYPE": "Secure", "CONDITION": null, "OWNEDBY": null, "MAINTBY": 8, "LASTUPDATE": null, "LASTEDITOR": null, "created_user": "wsims6_GTFacilities", "created_date": 1628109909166, "last_edited_user": "dsimsGT", "last_edited_date": 1713902916680, "cust_shift1": null, "cust_shift2": null, "cust_shift3": null, "Shape__Area": 12210.859375, "Shape__Length": 591.7111633727449, "GlobalID": "529a2822-7864-416a-a863-493429c761fd", "cust_zone": null}}, {"type": "Feature", "id": 7, "geometry": {"type": "Polygon", "coordinates": [[[-84.3937746957729, 33.7708002197098], [-84.3937745347556, 33.7707383711527], [-84.3941132162603, 33.7707378673937], [-84.3941135492007, 33.7708932927343], [-84.3941142479985, 33.7712219095026], [-84.3939394118315, 33.7712223163368], [-84.3939159933219, 33.7712223738855], [-84.3937755645894, 33.7712224132722], [-84.3937754236931, 33.7711563251126], [-84.3937751433611, 33.7710815822468], [-84.3937746878521, 33.7708009004721], [-84.3937746957729, 33.7708002197098]]]}, "properties": {"OBJECTID": 7, "BUILDINGID": "009", "FACILITYKEY": "009", "SHORTNAME": "Burge Parking Deck", "LONGNAME": "Burge, Flippen D. Parking Deck", "FLOORCOUNT": 3, "BLGHEIGHT": null, "BLDGAREA": 56064, "BLDGTYPE": null, "OPERHOURS": null, "OPERDATE": null, "ACCESSTYPE": "Public", "CONDITION": null, "OWNEDBY": null, "MAINTBY": 8, "LASTUPDATE": null, "LASTEDITOR": null, "created_user": "wsims6_GTFacilities", "created_date": 1628109909166, "last_edited_user": "dsimsGT", "last_edited_date": 1713902917507, "cust_shift1": null, "cust_shift2": null, "cust_shift3": null, "Shape__Area": 2444.578125, "Shape__Length": 205.04585617476508, "GlobalID": "e0d20433-ce38-473d-aa74-aa630f95f36e", "cust_zone": null}}, {"type": "Feature", "id": 8, "geometry": {"type": "Polygon", "coordinates": [[[-84.3908481396378, 33.7723465231284], [-84.3908481339268, 33.7722796620106], [-84.3908536553186, 33.7722796618994], [-84.3908536550625, 33.7722745892037], [-84.3908536543173, 33.7722655979278], [-84.3908536538205, 33.7722596037438], [-84.3908536511877, 33.7722208705666], [-84.3908420556253, 33.7722208708913], [-84.3908420553723, 33.7722157990973], [-84.3908409270259, 33.7722157605724], [-84.3908329448255, 33.7722086114429], [-84.3908329418698, 33.7721784565866], [-84.3908412318262, 33.772171532167], [-84.390841775975, 33.7721715320803], [-84.3908417748779, 33.7721653070743], [-84.390855301946, 33.7721653068477], [-84.3908553026545, 33.7721618481079], [-84.3908553004477, 33.7721452486918], [-84.3908553000658, 33.7721376405498], [-84.390859165248, 33.7721376398402], [-84.3908591178597, 33.7721103261709], [-84.3908591488301, 33.7719418992518], [-84.3909155620256, 33.7719418959445], [-84.3909295651855, 33.7719418948448], [-84.3909378288854, 33.771941894255], [-84.3909378289194, 33.7719501948669], [-84.3909535409926, 33.7719501221335], [-84.3909750186305, 33.7719501227732], [-84.3909855897421, 33.771950191922], [-84.3909856016618, 33.7720952100635], [-84.3911749869189, 33.7720951993112], [-84.3911749903087, 33.7721362371109], [-84.391189621864, 33.7721362366418], [-84.3911896247138, 33.7721671308532], [-84.3911868640228, 33.7721671313672], [-84.3911868676093, 33.7722007918464], [-84.3911240931915, 33.7722009141439], [-84.391096868153, 33.7722007977506], [-84.3909856112504, 33.7722008043582], [-84.3909856129003, 33.7722213232579], [-84.3909425462938, 33.7722213257877], [-84.3909425508428, 33.7722794255522], [-84.3909489003362, 33.7722794257351], [-84.3909489067246, 33.7723465167728], [-84.3908481396378, 33.7723465231284]]]}, "properties": {"OBJECTID": 8, "BUILDINGID": "010", "FACILITYKEY": "010", "SHORTNAME": "Howell Res. Hall", "LONGNAME": "Howell, Clark Residence Hall", "FLOORCOUNT": 4, "BLGHEIGHT": null, "BLDGAREA": 23933, "BLDGTYPE": null, "OPERHOURS": null, "OPERDATE": null, "ACCESSTYPE": "Student", "CONDITION": null, "OWNEDBY": null, "MAINTBY": 7, "LASTUPDATE": null, "LASTEDITOR": null, "created_user": "wsims6_GTFacilities", "created_date": 1628109909166, "last_edited_user": "dsimsGT", "last_edited_date": 1713902918101, "cust_shift1": null, "cust_shift2": null, "cust_shift3": null, "Shape__Area": 1030.53515625, "Shape__Length": 189.34018912317728, "GlobalID": "031ed2f0-d6dc-480a-a31e-f0097b881aa8", "cust_zone": null}}, {"type": "Feature", "id": 9, "geometry": {"type": "Polygon", "coordinates": [[[-84.3916679874892, 33.772208721197], [-84.3916680126314, 33.7722059485702], [-84.3914929211356, 33.772204860174], [-84.3914588075066, 33.7722046094397], [-84.3914592303066, 33.7721585567757], [-84.3914393050015, 33.7721584920809], [-84.3914389847767, 33.7721933884135], [-84.3914057781668, 33.7721931756853], [-84.3914062446319, 33.7721423333646], [-84.3914394523018, 33.7721425460907], [-84.3914394245184, 33.772145550447], [-84.3914593489056, 33.7721456782591], [-84.3914597749831, 33.7720992270584], [-84.3916750765349, 33.7720996804706], [-84.3917392774235, 33.7721000917748], [-84.3917396075093, 33.7720640584395], [-84.391730478184, 33.7720637504932], [-84.3917309429013, 33.7720131389968], [-84.3917309525709, 33.7720127079893], [-84.3917167363853, 33.772012586042], [-84.3917177537799, 33.7720151998804], [-84.3916853414326, 33.7720222549003], [-84.3916699578868, 33.7719728877251], [-84.3917021846226, 33.7719658736219], [-84.3917126440404, 33.7719996169234], [-84.3917413040586, 33.771999800893], [-84.3917416477447, 33.771962362758], [-84.3918014207774, 33.7719627451372], [-84.3918013956395, 33.7719655177642], [-84.3918179978222, 33.7719656245291], [-84.391818007281, 33.7719647003182], [-84.3918379316242, 33.7719648271677], [-84.3918379400031, 33.7719639029587], [-84.3918578643485, 33.7719640307067], [-84.3918578475911, 33.7719658791247], [-84.3918744508536, 33.77196598588], [-84.3918742550409, 33.7719872931845], [-84.3918808458639, 33.7719928822223], [-84.3918806088792, 33.7720186726174], [-84.3918739164396, 33.7720241767941], [-84.3918737065072, 33.7720471025902], [-84.3918814553492, 33.7720471515659], [-84.3918812677964, 33.7720674886771], [-84.3918735200298, 33.7720674387978], [-84.3918734838854, 33.7720713682647], [-84.3918768049729, 33.7720713892541], [-84.3918763722974, 33.7721185338387], [-84.391792800891, 33.7721179992502], [-84.3917926227738, 33.7721374112486], [-84.3917973528469, 33.7721374422931], [-84.3918012008204, 33.7721374668317], [-84.3918011202258, 33.7721462806304], [-84.3918009698837, 33.7721626891741], [-84.3918008849307, 33.7721719006094], [-84.3917972993167, 33.7721718773956], [-84.3917840052321, 33.7721717925451], [-84.3917836851469, 33.7722066888779], [-84.3917427285933, 33.772206426359], [-84.3917427034558, 33.7722091998874], [-84.3916679874892, 33.772208721197]]]}, "properties": {"OBJECTID": 9, "BUILDINGID": "011", "FACILITYKEY": "011", "SHORTNAME": "Harris Res. Hall", "LONGNAME": "Harris, Nathanial E. Residence Hall", "FLOORCOUNT": 4, "BLGHEIGHT": null, "BLDGAREA": 25558, "BLDGTYPE": null, "OPERHOURS": null, "OPERDATE": null, "ACCESSTYPE": "Student", "CONDITION": null, "OWNEDBY": null, "MAINTBY": 7, "LASTUPDATE": null, "LASTEDITOR": null, "created_user": "wsims6_GTFacilities", "created_date": 1628109909166, "last_edited_user": "dsimsGT", "last_edited_date": 1713902918672, "cust_shift1": null, "cust_shift2": null, "cust_shift3": null, "Shape__Area": 897.01171875, "Shape__Length": 208.69988161978762, "GlobalID": "31041748-3a35-4dea-b0c7-50e64e0658a5", "cust_zone": null}}, {"type": "Feature", "id": 10, "geometry": {"type": "Polygon", "coordinates": [[[-84.3913167726694, 33.7726447544714], [-84.3912941135957, 33.7726447127626], [-84.3912713057782, 33.7726447668954], [-84.3912529310439, 33.7726448102522], [-84.3912154312128, 33.7726448992243], [-84.3911293754818, 33.7726449692083], [-84.391121261771, 33.7726449632268], [-84.391121055709, 33.7725104614227], [-84.3911557830374, 33.7725104244084], [-84.3911555794153, 33.772377292207], [-84.3911554830583, 33.7723142659824], [-84.3912391555935, 33.7723141768745], [-84.391239064389, 33.7722548041354], [-84.3912688694499, 33.7722547724394], [-84.3912688591315, 33.7722479217037], [-84.3913161643764, 33.7722478707703], [-84.3913161528635, 33.7722405638007], [-84.3913618970387, 33.7722405607739], [-84.3914052059928, 33.7722403340467], [-84.3914400215999, 33.772240241791], [-84.3914558806338, 33.7722401975788], [-84.3914649043885, 33.7722401757329], [-84.3914649250565, 33.7722538772043], [-84.3914649432285, 33.7722666229287], [-84.3914649460413, 33.7722672865397], [-84.391464964975, 33.7722799105396], [-84.3914649931372, 33.7722977217285], [-84.3914650114152, 33.772310508027], [-84.3914650127645, 33.7723110246713], [-84.3914650330535, 33.772323754162], [-84.3914650601385, 33.7723415662544], [-84.3914650802191, 33.7723546293567], [-84.391465080258, 33.7723550576415], [-84.3914651000549, 33.7723675986876], [-84.3914651271399, 33.7723854107799], [-84.3914651461586, 33.7723980672389], [-84.3914651480212, 33.7723987804425], [-84.3914651670564, 33.772411443213], [-84.3914651760848, 33.7724173805771], [-84.3914848637012, 33.7724173600436], [-84.3914848874659, 33.7724326592368], [-84.3914805126811, 33.7724326645009], [-84.3914805533125, 33.7724593821882], [-84.3914849280987, 33.7724593769241], [-84.3914849524618, 33.7724749051358], [-84.3914652648346, 33.772474926571], [-84.3914652732672, 33.7724806358181], [-84.3914652924957, 33.7724933725235], [-84.3914653034229, 33.7724938359529], [-84.391465313184, 33.7725066682507], [-84.3914653396595, 33.7725242468158], [-84.3914653402693, 33.7725244803426], [-84.3914653508429, 33.7725372103014], [-84.3914653608212, 33.7725377237742], [-84.3914653801862, 33.7725505127751], [-84.3914654072717, 33.7725683248669], [-84.39146542711, 33.772581295099], [-84.391465427654, 33.7725815033797], [-84.3914654471886, 33.7725943572992], [-84.3914654753514, 33.7726121684872], [-84.3914654952911, 33.7726251774901], [-84.3914654943481, 33.7726252297876], [-84.3914654969313, 33.7726262188955], [-84.3914655152709, 33.772638201821], [-84.3914655372453, 33.7726528166628], [-84.3914565134144, 33.7726528258858], [-84.3914406542338, 33.772652843049], [-84.3914305367056, 33.772652854262], [-84.3914305353978, 33.772651939989], [-84.3914149159023, 33.7726519567124], [-84.3913167841849, 33.7726520623422], [-84.3913167726694, 33.7726447544714]]]}, "properties": {"OBJECTID": 10, "BUILDINGID": "012", "FACILITYKEY": "012", "SHORTNAME": "Brittain Dining", "LONGNAME": "Brittain, Marion L. Dining Hall", "FLOORCOUNT": 2, "BLGHEIGHT": null, "BLDGAREA": 19990, "BLDGTYPE": null, "OPERHOURS": null, "OPERDATE": null, "ACCESSTYPE": "Public", "CONDITION": null, "OWNEDBY": null, "MAINTBY": 4, "LASTUPDATE": null, "LASTEDITOR": null, "created_user": "wsims6_GTFacilities", "created_date": 1628109909166, "last_edited_user": "dsimsGT", "last_edited_date": 1713902919377, "cust_shift1": null, "cust_shift2": null, "cust_shift3": null, "Shape__Area": 1863.58203125, "Shape__Length": 192.4930663601369, "GlobalID": "9e28a318-cd20-49ac-b235-c2ed466e07e7", "cust_zone": null}}, {"type": "Feature", "id": 11, "geometry": {"type": "Polygon", "coordinates": [[[-84.3917007973721, 33.7729694286906], [-84.3917008862051, 33.7729414619812], [-84.3917041802992, 33.7729414694996], [-84.3917042311967, 33.772925422702], [-84.3917027174922, 33.7729254200522], [-84.3916712125313, 33.7729253494593], [-84.3916498813649, 33.7729253026901], [-84.3916502758143, 33.7728705076626], [-84.3916503002803, 33.7727939519319], [-84.3915116823908, 33.7727934147016], [-84.391511615295, 33.7727970746303], [-84.3914337161755, 33.7727966800421], [-84.3914337718665, 33.7727791419026], [-84.3914338012726, 33.7727684897291], [-84.3914338400636, 33.7727577104056], [-84.3914275261287, 33.7727576966582], [-84.391427658068, 33.772716434105], [-84.3914304026005, 33.7727164408282], [-84.3914304917903, 33.7726877500904], [-84.3914305064678, 33.7726838612374], [-84.3914343862994, 33.7726816054507], [-84.3914379254691, 33.7726816134315], [-84.3914387312359, 33.7726871165511], [-84.3914576708682, 33.7726871586964], [-84.391457686849, 33.7726821157262], [-84.3914616632866, 33.7726821247132], [-84.3914645415126, 33.7726845413087], [-84.3914645332734, 33.7726871741483], [-84.3914753522798, 33.7726870444399], [-84.3914944279603, 33.7726875037968], [-84.3916662842998, 33.7726876224988], [-84.3916662937848, 33.7726846425208], [-84.3917052721536, 33.7726847283411], [-84.3917431514171, 33.7726848125471], [-84.391743143976, 33.772687334482], [-84.3917845915615, 33.772687426594], [-84.3917856364212, 33.7727067299648], [-84.3917922001484, 33.7727118474918], [-84.391792130466, 33.7727335026014], [-84.3917852753859, 33.7727383533716], [-84.3917846812246, 33.7727456524288], [-84.3917909940789, 33.7727456661599], [-84.3917909586781, 33.7727568990084], [-84.3917909471564, 33.7727603370295], [-84.391790891833, 33.772777987875], [-84.3917908798331, 33.7727816558183], [-84.3917908349516, 33.7727958686446], [-84.3917867170705, 33.7727958590246], [-84.3917863277082, 33.7727910575349], [-84.3917752037857, 33.7727910201194], [-84.3917747861383, 33.7729223699737], [-84.3917349849477, 33.7729222820694], [-84.3917349739047, 33.7729254910699], [-84.3917237733416, 33.7729254664127], [-84.3917212501384, 33.7729254610957], [-84.3917211981621, 33.7729415069936], [-84.3917623727122, 33.772941598709], [-84.3917622838992, 33.7729695654183], [-84.3917007973721, 33.7729694286906]]]}, "properties": {"OBJECTID": 11, "BUILDINGID": "013", "FACILITYKEY": "013", "SHORTNAME": "Cloudman Res. Hall", "LONGNAME": "Cloudman, Josiah Residence Hall", "FLOORCOUNT": 4, "BLGHEIGHT": null, "BLDGAREA": 23117, "BLDGTYPE": null, "OPERHOURS": null, "OPERDATE": null, "ACCESSTYPE": "Student", "CONDITION": null, "OWNEDBY": null, "MAINTBY": 7, "LASTUPDATE": null, "LASTEDITOR": null, "created_user": "wsims6_GTFacilities", "created_date": 1628109909166, "last_edited_user": "dsimsGT", "last_edited_date": 1713902920031, "cust_shift1": null, "cust_shift2": null, "cust_shift3": null, "Shape__Area": 849.109375, "Shape__Length": 172.2139492937992, "GlobalID": "f6b3f209-62bb-4714-b819-d541e445b75e", "cust_zone": null}}, {"type": "Feature", "id": 12, "geometry": {"type": "Polygon", "coordinates": [[[-84.3908951524932, 33.7729918260084], [-84.3908951818771, 33.7729861130864], [-84.3908445621153, 33.772985933647], [-84.3908448068653, 33.7729377182499], [-84.390849184969, 33.7729377337402], [-84.3908501398605, 33.7727501288246], [-84.3908479502736, 33.7727501210805], [-84.3908480945659, 33.7727217854937], [-84.3908363293185, 33.7727217437485], [-84.3908363761781, 33.7727123754962], [-84.3908290137192, 33.772707321583], [-84.3908291394707, 33.7726826431313], [-84.3908365534756, 33.7726776417245], [-84.3908366003352, 33.7726682734721], [-84.3908469987044, 33.7726683104869], [-84.3908472913888, 33.7726107259311], [-84.3908415453522, 33.7726107057122], [-84.390841574749, 33.7726049963964], [-84.3908418844137, 33.7725439810222], [-84.3909469562655, 33.7725443536573], [-84.3909472618862, 33.7725468687119], [-84.3909466162059, 33.7726110783492], [-84.3909359457666, 33.7726110409355], [-84.3909356520595, 33.7726686245916], [-84.3909799808407, 33.7726685530473], [-84.3909798809005, 33.7726882047406], [-84.3911798986644, 33.7726889140074], [-84.3911793841411, 33.7727271783612], [-84.3911820833447, 33.772727191484], [-84.3911820081703, 33.7727583896912], [-84.3911751673291, 33.7727583651678], [-84.3911749742751, 33.7727965261481], [-84.3909787858816, 33.7727958306521], [-84.3909777941844, 33.7729907480332], [-84.3909320988444, 33.7729905858274], [-84.3909320927006, 33.7729919572516], [-84.390925554152, 33.7729919339685], [-84.3909009007146, 33.7729918462208], [-84.3908951524932, 33.7729918260084]]]}, "properties": {"OBJECTID": 12, "BUILDINGID": "014", "FACILITYKEY": "014", "SHORTNAME": "Harrison Res. Hall", "LONGNAME": "Harrison, George W. Jr. Residence Hall", "FLOORCOUNT": 4, "BLGHEIGHT": null, "BLDGAREA": 30526, "BLDGTYPE": null, "OPERHOURS": null, "OPERDATE": null, "ACCESSTYPE": null, "CONDITION": null, "OWNEDBY": null, "MAINTBY": 7, "LASTUPDATE": null, "LASTEDITOR": null, "created_user": "wsims6_GTFacilities", "created_date": 1628109909166, "last_edited_user": "dsimsGT", "last_edited_date": 1713902920659, "cust_shift1": null, "cust_shift2": null, "cust_shift3": null, "Shape__Area": 1136.1875, "Shape__Length": 202.36826976370625, "GlobalID": "470f033a-9c4a-49b2-b1b7-ab12941fb2a5", "cust_zone": null}}, {"type": "Feature", "id": 13, "geometry": {"type": "Polygon", "coordinates": [[[-84.3909965652482, 33.7737931221464], [-84.3909970209722, 33.773681726705], [-84.3908461151766, 33.7736812958207], [-84.3908462894332, 33.7736387636706], [-84.3908266186119, 33.773638707432], [-84.3908266519895, 33.7736303806137], [-84.3908267311459, 33.7736110265064], [-84.3908268838488, 33.7735738952914], [-84.3909974613422, 33.7735743824126], [-84.3909985911529, 33.7732982565923], [-84.3908288228887, 33.7732977716082], [-84.3908289740162, 33.7732608649056], [-84.3908290726853, 33.773236980861], [-84.3908290917662, 33.7732322850216], [-84.390849571176, 33.7732323433979], [-84.3908501186435, 33.7730988933663], [-84.3909015880899, 33.7730990406032], [-84.3909016559128, 33.7730823878649], [-84.3909127042799, 33.7730824191848], [-84.3909329148146, 33.7730824771343], [-84.3909784557264, 33.7730826071609], [-84.3909780097219, 33.7731915275601], [-84.3911267585348, 33.7731919522899], [-84.3911265818589, 33.773235159785], [-84.3911470050772, 33.7732351992795], [-84.391146955188, 33.7732425649671], [-84.3911467430278, 33.7732634692577], [-84.3911465696678, 33.7732992507388], [-84.3911261364116, 33.7732990940478], [-84.3911243709907, 33.7735776699115], [-84.3911712596131, 33.7735778037268], [-84.391171000832, 33.7736412660825], [-84.3911239683593, 33.7736414625335], [-84.3911236285752, 33.7736904372893], [-84.3911236111945, 33.7736928807981], [-84.3911237849917, 33.7737210219469], [-84.391123029869, 33.7737767508318], [-84.3911187787552, 33.773776593561], [-84.391075321274, 33.7737764688152], [-84.3910752519133, 33.7737933469675], [-84.3909965652482, 33.7737931221464]]]}, "properties": {"OBJECTID": 13, "BUILDINGID": "015", "FACILITYKEY": "015", "SHORTNAME": "Towers Res. Hall", "LONGNAME": "Towers, Donigan D. Residence Hall", "FLOORCOUNT": 3, "BLGHEIGHT": null, "BLDGAREA": 45761, "BLDGTYPE": null, "OPERHOURS": null, "OPERDATE": null, "ACCESSTYPE": "Student", "CONDITION": null, "OWNEDBY": null, "MAINTBY": 7, "LASTUPDATE": null, "LASTEDITOR": null, "created_user": "wsims6_GTFacilities", "created_date": 1628109909166, "last_edited_user": "dsimsGT", "last_edited_date": 1713902921381, "cust_shift1": null, "cust_shift2": null, "cust_shift3": null, "Shape__Area": 1905.45703125, "Shape__Length": 309.3477721951251, "GlobalID": "190c5b04-8bfd-45f6-98f7-46786600e706", "cust_zone": null}}, {"type": "Feature", "id": 14, "geometry": {"type": "Polygon", "coordinates": [[[-84.3914897060061, 33.7736929619022], [-84.39149050444, 33.7736443983654], [-84.3914432986977, 33.7736439821303], [-84.3914441101462, 33.7735797208058], [-84.3914913169329, 33.7735801370388], [-84.3914948284783, 33.7733021269342], [-84.3914735443566, 33.7733019393913], [-84.3914740034139, 33.7732656371362], [-84.3914742690849, 33.7732445821719], [-84.3914745974757, 33.7732367931021], [-84.3914951036511, 33.7732371777206], [-84.3914956555238, 33.7731934249439], [-84.3916432783713, 33.7731947257049], [-84.3916450969107, 33.773050707794], [-84.3916858727319, 33.773051066249], [-84.3917231373832, 33.7730513950274], [-84.3917229245135, 33.7730682581153], [-84.3917750425593, 33.7730687166786], [-84.3917729102341, 33.7732375738775], [-84.3917936480113, 33.7732377560539], [-84.3917935389408, 33.7732464157205], [-84.3917933223603, 33.7732635060311], [-84.3917928098005, 33.7733040686911], [-84.3916233584744, 33.7733025761747], [-84.3916198759365, 33.7735783068525], [-84.3917901462213, 33.7735798068951], [-84.3917896802651, 33.7736167231868], [-84.3917894245213, 33.7736370036131], [-84.3917893180926, 33.7736454351563], [-84.3917691254668, 33.773645257395], [-84.3917685816612, 33.7736883267024], [-84.3916185027176, 33.7736870044222], [-84.391617682433, 33.7737519663462], [-84.3916173397658, 33.7737790751416], [-84.3916170749494, 33.7738000309211], [-84.3915393069637, 33.7737993458307], [-84.3915393615142, 33.7737950168995], [-84.3915395225157, 33.7737822555237], [-84.3915248687481, 33.7737821262375], [-84.3915112828105, 33.7737820067256], [-84.391488768784, 33.7737818079015], [-84.391488814806, 33.7737754529735], [-84.3914888300066, 33.7737734188186], [-84.3914888497446, 33.7737706416941], [-84.3914889380152, 33.773758553985], [-84.3914890796439, 33.7737391997642], [-84.3914891846432, 33.7737248362546], [-84.3914891882059, 33.7737245468178], [-84.3914897427264, 33.7736950329302], [-84.3914897060061, 33.7736929619022]]]}, "properties": {"OBJECTID": 14, "BUILDINGID": "016", "FACILITYKEY": "016", "SHORTNAME": "Glenn Res. Hall", "LONGNAME": "Glenn, William H. Residence Hall", "FLOORCOUNT": 4, "BLGHEIGHT": null, "BLDGAREA": 60453, "BLDGTYPE": null, "OPERHOURS": null, "OPERDATE": null, "ACCESSTYPE": "Student", "CONDITION": null, "OWNEDBY": null, "MAINTBY": 7, "LASTUPDATE": null, "LASTEDITOR": null, "created_user": "wsims6_GTFacilities", "created_date": 1628109909166, "last_edited_user": "dsimsGT", "last_edited_date": 1713902921979, "cust_shift1": null, "cust_shift2": null, "cust_shift3": null, "Shape__Area": 2003.1171875, "Shape__Length": 320.25998941019054, "GlobalID": "fcb2f6e7-1625-4207-9fed-a168abb62053", "cust_zone": null}}, {"type": "Feature", "id": 18, "geometry": {"type": "Polygon", "coordinates": [[[-84.4062128761763, 33.7782041237901], [-84.4062702255624, 33.7781828984914], [-84.4062881623329, 33.7782151553974], [-84.4062637954304, 33.7782238964286], [-84.4062724674286, 33.7782400245561], [-84.4062270038054, 33.7782570043512], [-84.406213549929, 33.7782324388353], [-84.406225733731, 33.7782281927524], [-84.4062128761763, 33.7782041237901]]]}, "properties": {"OBJECTID": 18, "BUILDINGID": "020", "FACILITYKEY": "020", "SHORTNAME": "WREK Transmitter", "LONGNAME": "WREK Transmitter and Tower", "FLOORCOUNT": 1, "BLGHEIGHT": null, "BLDGAREA": 384, "BLDGTYPE": null, "OPERHOURS": null, "OPERDATE": null, "ACCESSTYPE": "Secure", "CONDITION": null, "OWNEDBY": null, "MAINTBY": 1, "LASTUPDATE": null, "LASTEDITOR": null, "created_user": "wsims6_GTFacilities", "created_date": 1628109909166, "last_edited_user": "dsimsGT", "last_edited_date": 1713902923971, "cust_shift1": null, "cust_shift2": null, "cust_shift3": null, "Shape__Area": 48.2109375, "Shape__Length": 31.228700080230787, "GlobalID": "db4c52ac-286e-4cd4-a866-fb9c07bf6577", "cust_zone": null}}, {"type": "Feature", "id": 19, "geometry": {"type": "Polygon", "coordinates": [[[-84.3939180772884, 33.7737991875719], [-84.3938928500923, 33.7737986091769], [-84.3938349321922, 33.7737988032595], [-84.3938358329467, 33.7736737406564], [-84.3938308965902, 33.7736737172832], [-84.3938314954637, 33.7736539492623], [-84.3938315173878, 33.7736512109046], [-84.3938316601133, 33.7736328809567], [-84.3938316852502, 33.7736301326749], [-84.3938313103198, 33.7736132535364], [-84.3939293538635, 33.7736136906648], [-84.3939605983463, 33.7736139703436], [-84.3939703552582, 33.7736139154062], [-84.393970522387, 33.773621190529], [-84.393970260475, 33.7736679678196], [-84.3941649787942, 33.7736688947932], [-84.3941756742351, 33.7736689463077], [-84.3941753760572, 33.7737383145573], [-84.3941748027988, 33.7737967444705], [-84.3939299141997, 33.7737956466273], [-84.3939295879816, 33.7737992682627], [-84.3939180772884, 33.7737991875719]]]}, "properties": {"OBJECTID": 19, "BUILDINGID": "022", "FACILITYKEY": "022", "SHORTNAME": "Danial Lab", "LONGNAME": "Daniel, J.L. Laboratory", "FLOORCOUNT": 3, "BLGHEIGHT": null, "BLDGAREA": 22294, "BLDGTYPE": null, "OPERHOURS": null, "OPERDATE": null, "ACCESSTYPE": "Secure", "CONDITION": null, "OWNEDBY": null, "MAINTBY": 4, "LASTUPDATE": null, "LASTEDITOR": null, "created_user": "wsims6_GTFacilities", "created_date": 1628109909166, "last_edited_user": "dsimsGT", "last_edited_date": 1713902924497, "cust_shift1": 4, "cust_shift2": null, "cust_shift3": null, "Shape__Area": 765.0546875, "Shape__Length": 126.38230716976022, "GlobalID": "bb783590-cf0a-4a68-8c83-78a368b44161", "cust_zone": 4}}, {"type": "Feature", "id": 20, "geometry": {"type": "Polygon", "coordinates": [[[-84.3939898453055, 33.7736211549389], [-84.3939904250257, 33.7736117270986], [-84.3940232819033, 33.7736121714989], [-84.3940232850162, 33.7736133499524], [-84.3941653539131, 33.773613927588], [-84.3941649787942, 33.7736688947932], [-84.393970260475, 33.7736679678196], [-84.393970522387, 33.773621190529], [-84.3939898453055, 33.7736211549389]]]}, "properties": {"OBJECTID": 20, "BUILDINGID": "022A", "FACILITYKEY": "022", "SHORTNAME": "Daniel Lab Addition", "LONGNAME": "Danial Lab Addition", "FLOORCOUNT": 3, "BLGHEIGHT": null, "BLDGAREA": 4152, "BLDGTYPE": null, "OPERHOURS": null, "OPERDATE": null, "ACCESSTYPE": "Secure", "CONDITION": null, "OWNEDBY": null, "MAINTBY": 4, "LASTUPDATE": null, "LASTEDITOR": null, "created_user": "wsims6_GTFacilities", "created_date": 1628109909166, "last_edited_user": "dsimsGT", "last_edited_date": 1713902925248, "cust_shift1": 4, "cust_shift2": null, "cust_shift3": null, "Shape__Area": 157.71875, "Shape__Length": 58.34846781693527, "GlobalID": "7f64f862-0dc8-40ec-9759-c9005a81f9e2", "cust_zone": 4}}, {"type": "Feature", "id": 21, "geometry": {"type": "Polygon", "coordinates": [[[-84.394628723008, 33.7738328827084], [-84.3946064108042, 33.773832661539], [-84.394594940336, 33.773832687232], [-84.3945521573709, 33.7738324659881], [-84.3945445321317, 33.7738322663763], [-84.3945162083029, 33.7738320607988], [-84.3944449045337, 33.7738314548686], [-84.39444106751, 33.773831516951], [-84.3944230872207, 33.7738313833285], [-84.3943838560189, 33.7738310148138], [-84.3943839383019, 33.7738233470131], [-84.394384766912, 33.7737451812682], [-84.3944700007905, 33.7737458417685], [-84.3945188271674, 33.7737462457388], [-84.3946347296997, 33.7737470307324], [-84.3946338190559, 33.7738328642788], [-84.394628723008, 33.7738328827084]]]}, "properties": {"OBJECTID": 21, "BUILDINGID": "023A", "FACILITYKEY": "023A", "SHORTNAME": "OIT ENG", "LONGNAME": "OIT Engineering", "FLOORCOUNT": 1, "BLGHEIGHT": null, "BLDGAREA": 2375, "BLDGTYPE": null, "OPERHOURS": null, "OPERDATE": null, "ACCESSTYPE": null, "CONDITION": null, "OWNEDBY": null, "MAINTBY": 4, "LASTUPDATE": null, "LASTEDITOR": null, "created_user": "wsims6_GTFacilities", "created_date": 1628109909166, "last_edited_user": "dsimsGT", "last_edited_date": 1713902925863, "cust_shift1": 4, "cust_shift2": null, "cust_shift3": null, "Shape__Area": 319.99609375, "Shape__Length": 78.64481968579501, "GlobalID": "a307bbd1-a920-4ade-b9dd-138032f25554", "cust_zone": 4}}, {"type": "Feature", "id": 22, "geometry": {"type": "Polygon", "coordinates": [[[-84.394981805319, 33.7738074481115], [-84.394982374566, 33.7737330598639], [-84.3950092071594, 33.7737332031747], [-84.3950097235094, 33.7736657451216], [-84.3950099350001, 33.7736380234379], [-84.3950104513494, 33.7735705653838], [-84.3949836177271, 33.7735704220751], [-84.3949841869723, 33.7734960338246], [-84.3952115777812, 33.7734972467374], [-84.3952434532312, 33.7734977052535], [-84.3952645130847, 33.7734971739448], [-84.395301207379, 33.7734977245052], [-84.3953009830042, 33.7735270637774], [-84.3953175811231, 33.7735271520453], [-84.3953168402016, 33.7736351623176], [-84.3953165632608, 33.7736695040521], [-84.3953156494137, 33.7737798868888], [-84.3952990512461, 33.7737797986208], [-84.3952989355371, 33.7738053363255], [-84.3952547130089, 33.7738053857826], [-84.3952235290671, 33.7738051631235], [-84.394981805319, 33.7738074481115]]]}, "properties": {"OBJECTID": 22, "BUILDINGID": "024", "FACILITYKEY": "024", "SHORTNAME": "D M Smith", "LONGNAME": "Smith, David M.", "FLOORCOUNT": 4, "BLGHEIGHT": null, "BLDGAREA": 38306, "BLDGTYPE": null, "OPERHOURS": null, "OPERDATE": null, "ACCESSTYPE": null, "CONDITION": null, "OWNEDBY": null, "MAINTBY": 4, "LASTUPDATE": null, "LASTEDITOR": null, "created_user": "wsims6_GTFacilities", "created_date": 1628109909166, "last_edited_user": "dsimsGT", "last_edited_date": 1713902926464, "cust_shift1": 4, "cust_shift2": null, "cust_shift3": null, "Shape__Area": 1459.03125, "Shape__Length": 163.1691482227027, "GlobalID": "1a0ae85d-afdf-4bf4-90a0-c686a3934cfe", "cust_zone": 4}}, {"type": "Feature", "id": 23, "geometry": {"type": "Polygon", "coordinates": [[[-84.3950014297411, 33.7733610354272], [-84.3950022885908, 33.7732948877386], [-84.3952113326777, 33.7732967792768], [-84.3952118399591, 33.7732576818007], [-84.3952266933935, 33.7732578156895], [-84.3952431264315, 33.7732579646839], [-84.3953215331819, 33.7732586742093], [-84.3953207992908, 33.7733152749761], [-84.3953203950874, 33.7733464169849], [-84.3953196611951, 33.7734030177509], [-84.3952099667087, 33.7734020253434], [-84.3952104739886, 33.7733629269663], [-84.395070295263, 33.7733616590741], [-84.395051634781, 33.773361489834], [-84.3950014297411, 33.7733610354272]]]}, "properties": {"OBJECTID": 23, "BUILDINGID": "025", "FACILITYKEY": "025", "SHORTNAME": "Chapin", "LONGNAME": "Chapin, Lloyd W.", "FLOORCOUNT": 2, "BLGHEIGHT": null, "BLDGAREA": 7522, "BLDGTYPE": null, "OPERHOURS": null, "OPERDATE": null, "ACCESSTYPE": null, "CONDITION": null, "OWNEDBY": null, "MAINTBY": 4, "LASTUPDATE": null, "LASTEDITOR": null, "created_user": "wsims6_GTFacilities", "created_date": 1628109909166, "last_edited_user": "dsimsGT", "last_edited_date": 1713902926988, "cust_shift1": 4, "cust_shift2": null, "cust_shift3": null, "Shape__Area": 442.24609375, "Shape__Length": 109.63072111804969, "GlobalID": "40f11754-4122-4fe9-8c55-5fce62ede9ca", "cust_zone": 4}}, {"type": "Feature", "id": 24, "geometry": {"type": "Polygon", "coordinates": [[[-84.3948999370983, 33.7734034186746], [-84.3945153046833, 33.7733997626777], [-84.3945152639722, 33.7734027373032], [-84.3942868127531, 33.7733985063314], [-84.3942906956115, 33.7731136699681], [-84.3943819226743, 33.7731145376768], [-84.3945191740953, 33.7731158424125], [-84.3945189402233, 33.7731229334367], [-84.3945172315295, 33.773248306812], [-84.3949025455357, 33.7732523375329], [-84.3948999370983, 33.7734034186746]]]}, "properties": {"OBJECTID": 24, "BUILDINGID": "026", "FACILITYKEY": "026", "SHORTNAME": "Holland Plant", "LONGNAME": "Holland, Archibald D. (Heating and Cooling)", "FLOORCOUNT": 2, "BLGHEIGHT": null, "BLDGAREA": 34372, "BLDGTYPE": null, "OPERHOURS": null, "OPERDATE": null, "ACCESSTYPE": "Private", "CONDITION": null, "OWNEDBY": null, "MAINTBY": 4, "LASTUPDATE": null, "LASTEDITOR": null, "created_user": "wsims6_GTFacilities", "created_date": 1628109909166, "last_edited_user": "dsimsGT", "last_edited_date": 1713902927735, "cust_shift1": 4, "cust_shift2": null, "cust_shift3": null, "Shape__Area": 1841.69140625, "Shape__Length": 213.11096856019924, "GlobalID": "cdc98f0f-5ded-4b70-8a0b-9c6f2b41abd4", "cust_zone": 4}}, {"type": "Feature", "id": 25, "geometry": {"type": "Polygon", "coordinates": [[[-84.3941786756863, 33.7731485459494], [-84.3940932885686, 33.7731472805202], [-84.3940531422064, 33.773147354494], [-84.3940531282743, 33.7731420807562], [-84.3940567213846, 33.7729520274998], [-84.3940263557584, 33.7729516587655], [-84.3940263313573, 33.7729530482564], [-84.3940106626769, 33.772952858019], [-84.3940108605149, 33.7729415103619], [-84.394011478123, 33.772905961587], [-84.3940128419829, 33.7728275685315], [-84.3940606867409, 33.7728276859639], [-84.3940607089429, 33.772825464252], [-84.3940757406749, 33.7728256845096], [-84.3941468795767, 33.7728267282604], [-84.3942013249567, 33.7728270751146], [-84.3942012846519, 33.7728293906317], [-84.3942491124252, 33.7728304340192], [-84.39424892212, 33.7728531938747], [-84.394247628952, 33.7729157745273], [-84.3942471612277, 33.7729426392147], [-84.3942469345427, 33.7729557235074], [-84.3942312658639, 33.7729555341997], [-84.3942312883431, 33.7729542357792], [-84.3942009246343, 33.7729537760174], [-84.3941975338576, 33.7731487744662], [-84.3941786756863, 33.7731485459494]]]}, "properties": {"OBJECTID": 25, "BUILDINGID": "029A", "FACILITYKEY": "029A", "SHORTNAME": "Lyman Hall", "LONGNAME": "Hall, Lyman", "FLOORCOUNT": 3, "BLGHEIGHT": null, "BLDGAREA": 18445, "BLDGTYPE": null, "OPERHOURS": null, "OPERDATE": null, "ACCESSTYPE": "Public", "CONDITION": null, "OWNEDBY": null, "MAINTBY": 4, "LASTUPDATE": null, "LASTEDITOR": null, "created_user": "wsims6_GTFacilities", "created_date": 1628109909166, "last_edited_user": "dsimsGT", "last_edited_date": 1713902928494, "cust_shift1": 4, "cust_shift2": null, "cust_shift3": null, "Shape__Area": 862.6640625, "Shape__Length": 139.43876577788015, "GlobalID": "826deca5-94a5-4e4a-849a-f38ad96e0c66", "cust_zone": 4}}, {"type": "Feature", "id": 26, "geometry": {"type": "MultiPolygon", "coordinates": [[[[-84.3938676394431, 33.7729735798858], [-84.3938683152584, 33.7729473802359], [-84.3939199540288, 33.7729483094383], [-84.393920334591, 33.772942780708], [-84.3939212261738, 33.77293860622], [-84.3939236611171, 33.7729321720546], [-84.3939259424878, 33.7729280932875], [-84.3939302893359, 33.7729224048744], [-84.3939347176998, 33.7729181481347], [-84.3939407725336, 33.7729132581448], [-84.3939515708314, 33.7729101834613], [-84.3939617183526, 33.7729072091573], [-84.3939728590785, 33.7729062446092], [-84.3939812398773, 33.772906805329], [-84.3939920548797, 33.7729092388045], [-84.3939996378514, 33.772912270618], [-84.3940068805861, 33.7729164752056], [-84.394006797376, 33.7729197167985], [-84.3940062469402, 33.7729410472964], [-84.3940108605149, 33.7729415103619], [-84.3940106626769, 33.772952858019], [-84.3940263313573, 33.7729530482564], [-84.3940263557584, 33.7729516587655], [-84.3940567213846, 33.7729520274998], [-84.3940531282743, 33.7731420807562], [-84.3939466578812, 33.7731406214422], [-84.3939508991593, 33.7729747411911], [-84.3938676394431, 33.7729735798858]]], [[[-84.3940902340772, 33.7732277423728], [-84.3940932885686, 33.7731472805202], [-84.3941786756863, 33.7731485459494], [-84.3941775849278, 33.7731794800386], [-84.3941873841262, 33.7731774693227], [-84.394205494701, 33.7732391909904], [-84.3942009096456, 33.7732401290471], [-84.3941731284625, 33.7732458137849], [-84.3941682377495, 33.7732291458426], [-84.3940902340772, 33.7732277423728]]]]}, "properties": {"OBJECTID": 26, "BUILDINGID": "029B", "FACILITYKEY": "029A", "SHORTNAME": "Emerson", "LONGNAME": "William Henry Emerson", "FLOORCOUNT": 4, "BLGHEIGHT": null, "BLDGAREA": 16366, "BLDGTYPE": null, "OPERHOURS": null, "OPERDATE": null, "ACCESSTYPE": "Public", "CONDITION": null, "OWNEDBY": null, "MAINTBY": 4, "LASTUPDATE": null, "LASTEDITOR": null, "created_user": "wsims6_GTFacilities", "created_date": 1628109909166, "last_edited_user": "dsimsGT", "last_edited_date": 1713902929025, "cust_shift1": 4, "cust_shift2": null, "cust_shift3": null, "Shape__Area": 504.11328125, "Shape__Length": 150.68343064324625, "GlobalID": "10381f42-5ef5-4df3-833c-ab929c9077ae", "cust_zone": 4}}, {"type": "Feature", "id": 27, "geometry": {"type": "Polygon", "coordinates": [[[-84.3938337937227, 33.7732504530082], [-84.3938348492115, 33.7731905633301], [-84.3938231059389, 33.773180462998], [-84.3938235350299, 33.7731560914522], [-84.3938356315393, 33.7731462177356], [-84.393838637465, 33.7729756773185], [-84.3938679307604, 33.7729759606129], [-84.3938676394431, 33.7729735798858], [-84.3939508991593, 33.7729747411911], [-84.3939466578812, 33.7731406214422], [-84.3940531282743, 33.7731420807562], [-84.3940531422064, 33.773147354494], [-84.3940932885686, 33.7731472805202], [-84.3940902340772, 33.7732277423728], [-84.3940907264225, 33.7732301993693], [-84.3940767305818, 33.7732301890932], [-84.3940548989948, 33.773229969643], [-84.3939461875412, 33.7732286812635], [-84.3939460609859, 33.7732518990391], [-84.3939163968796, 33.7732514685753], [-84.3939042818343, 33.7732612756116], [-84.393874939652, 33.773260914874], [-84.3938631963652, 33.7732508145459], [-84.3938337937227, 33.7732504530082]]]}, "properties": {"OBJECTID": 27, "BUILDINGID": "029C", "FACILITYKEY": "029A", "SHORTNAME": "Lyman/Emers Addn", "LONGNAME": "Lyman/Emerson Addition", "FLOORCOUNT": 4, "BLGHEIGHT": null, "BLDGAREA": 7720, "BLDGTYPE": null, "OPERHOURS": null, "OPERDATE": null, "ACCESSTYPE": "Public", "CONDITION": null, "OWNEDBY": null, "MAINTBY": 4, "LASTUPDATE": null, "LASTEDITOR": null, "created_user": "wsims6_GTFacilities", "created_date": 1628109909166, "last_edited_user": "dsimsGT", "last_edited_date": 1713902929565, "cust_shift1": 4, "cust_shift2": null, "cust_shift3": null, "Shape__Area": 659.8984375, "Shape__Length": 133.9162597117003, "GlobalID": "90a155b3-5bb2-4bc5-963e-51c9e622b417", "cust_zone": 4}}, {"type": "Feature", "id": 28, "geometry": {"type": "Polygon", "coordinates": [[[-84.3946988962007, 33.773067278398], [-84.3946994746864, 33.7730370386212], [-84.3945331983206, 33.7730348202059], [-84.3945326197765, 33.7730650599823], [-84.3944625174454, 33.7730641245427], [-84.3944630220443, 33.7730377556958], [-84.3944630960141, 33.7730338847665], [-84.3942957154605, 33.7730317816775], [-84.394298165081, 33.7728553589937], [-84.3942986240981, 33.7728313318213], [-84.3945008348799, 33.772834030623], [-84.3945454311018, 33.7728346254285], [-84.3948157023174, 33.7728382313207], [-84.3948118703048, 33.7730385377271], [-84.3947939104149, 33.7730382986272], [-84.3947933319624, 33.7730685384044], [-84.3946988962007, 33.773067278398]]]}, "properties": {"OBJECTID": 28, "BUILDINGID": "030", "FACILITYKEY": "030", "SHORTNAME": "A. French", "LONGNAME": "French, Aaron", "FLOORCOUNT": 3, "BLGHEIGHT": null, "BLDGAREA": 33107, "BLDGTYPE": null, "OPERHOURS": null, "OPERDATE": null, "ACCESSTYPE": "Public", "CONDITION": null, "OWNEDBY": null, "MAINTBY": 4, "LASTUPDATE": null, "LASTEDITOR": null, "created_user": "wsims6_GTFacilities", "created_date": 1628109909166, "last_edited_user": "dsimsGT", "last_edited_date": 1713902930060, "cust_shift1": 4, "cust_shift2": null, "cust_shift3": null, "Shape__Area": 1617.5859375, "Shape__Length": 184.90838374585937, "GlobalID": "af5c9cc8-6b3e-40be-a7e4-1f33a625732c", "cust_zone": 4}}, {"type": "Feature", "id": 29, "geometry": {"type": "Polygon", "coordinates": [[[-84.3938662827314, 33.7727422346599], [-84.3938660668274, 33.7726604398731], [-84.3938505834009, 33.7726604683757], [-84.3938525758002, 33.7723239716954], [-84.3938700773647, 33.7723240602988], [-84.3938703593193, 33.7722852643873], [-84.3938533665999, 33.7722852956686], [-84.3938539900965, 33.7721693249053], [-84.3938696839699, 33.7721692969167], [-84.3938698570949, 33.7721530794797], [-84.3940456120126, 33.772153576306], [-84.3940443750631, 33.7723858550313], [-84.3940281018575, 33.7723860671449], [-84.3940270609231, 33.7724003205781], [-84.3940702720868, 33.7724002409666], [-84.3940701673026, 33.7724970732014], [-84.394027678319, 33.7724967186895], [-84.394027718572, 33.7725127752385], [-84.3940442376632, 33.7725128575122], [-84.3940441701727, 33.7727427528058], [-84.3938662827314, 33.7727422346599]]]}, "properties": {"OBJECTID": 29, "BUILDINGID": "031", "FACILITYKEY": "031", "SHORTNAME": "Success Center", "LONGNAME": "Moore, Bill Student Success Center", "FLOORCOUNT": 4, "BLGHEIGHT": null, "BLDGAREA": 48666, "BLDGTYPE": null, "OPERHOURS": null, "OPERDATE": null, "ACCESSTYPE": "Public", "CONDITION": null, "OWNEDBY": null, "MAINTBY": 4, "LASTUPDATE": null, "LASTEDITOR": null, "created_user": "wsims6_GTFacilities", "created_date": 1628109909166, "last_edited_user": "dsimsGT", "last_edited_date": 1713902930566, "cust_shift1": 4, "cust_shift2": null, "cust_shift3": null, "Shape__Area": 1688.01171875, "Shape__Length": 217.70837855338425, "GlobalID": "fb6e4b93-1793-465e-93dc-e683b4b910f9", "cust_zone": 4}}, {"type": "Feature", "id": 30, "geometry": {"type": "Polygon", "coordinates": [[[-84.3930631086266, 33.7800072427015], [-84.3930634795448, 33.7799824213676], [-84.3930756455211, 33.7799825487214], [-84.3930773150927, 33.7798710267351], [-84.3930777365866, 33.7798428583786], [-84.3930781580779, 33.7798146891203], [-84.3932147499595, 33.7798161146072], [-84.3932113847166, 33.7800410043103], [-84.393074792478, 33.7800395788212], [-84.3930752708426, 33.7800075810486], [-84.3930631086266, 33.7800072427015]]]}, "properties": {"OBJECTID": 30, "BUILDINGID": "032", "FACILITYKEY": "032", "SHORTNAME": "Facilities", "LONGNAME": "Facilities Annex Building", "FLOORCOUNT": 2, "BLGHEIGHT": null, "BLDGAREA": 7281, "BLDGTYPE": null, "OPERHOURS": null, "OPERDATE": null, "ACCESSTYPE": "Employee", "CONDITION": null, "OWNEDBY": null, "MAINTBY": 5, "LASTUPDATE": null, "LASTEDITOR": null, "created_user": "wsims6_GTFacilities", "created_date": 1628109909166, "last_edited_user": "dsimsGT", "last_edited_date": 1713902931395, "cust_shift1": null, "cust_shift2": null, "cust_shift3": null, "Shape__Area": 462.57421875, "Shape__Length": 93.33734451546141, "GlobalID": "2931578e-32af-4087-bafd-69bb55f8c932", "cust_zone": null}}, {"type": "Feature", "id": 31, "geometry": {"type": "Polygon", "coordinates": [[[-84.3920123649673, 33.7789682230526], [-84.3920125312069, 33.7789574867865], [-84.3920327926532, 33.7789410009607], [-84.3920371668259, 33.7789410479732], [-84.392038674899, 33.7788176497223], [-84.3920144716596, 33.7787971497949], [-84.3920146453136, 33.7787859464595], [-84.3920157637069, 33.778785037356], [-84.3920378309093, 33.7787670803431], [-84.3920396237849, 33.7787656227052], [-84.3920519396884, 33.7787657561981], [-84.3920542188398, 33.7786189226156], [-84.3920561354358, 33.7786189434597], [-84.3920579674611, 33.7785009274695], [-84.392047559551, 33.7785008148371], [-84.3920476020305, 33.7784980701326], [-84.3920580099404, 33.778498182765], [-84.3920583184595, 33.7784782854597], [-84.3920476373698, 33.7784781697196], [-84.3920476798494, 33.7784754250151], [-84.3920583609388, 33.7784755407552], [-84.3920584533378, 33.7784695941954], [-84.3920737387973, 33.778469847592], [-84.3921329510136, 33.7784704003348], [-84.3921335616541, 33.778431061971], [-84.3921348516306, 33.7783386304246], [-84.3921355586791, 33.7783022961864], [-84.3922062058819, 33.7783026963606], [-84.3922297598798, 33.7783029256096], [-84.3922437331842, 33.7783026737539], [-84.3922536065037, 33.7783027494776], [-84.3923830812197, 33.7783048597295], [-84.3924053366267, 33.7783052157481], [-84.3924058897965, 33.7782695363889], [-84.3924659240916, 33.778270293045], [-84.3924702536799, 33.7782702328272], [-84.392469699457, 33.7783059121886], [-84.3925100133117, 33.7783066165432], [-84.3926165026007, 33.7783074999894], [-84.3926138735618, 33.7784769755966], [-84.3926071757217, 33.7784768940878], [-84.3925802810856, 33.7784767125025], [-84.392467070129, 33.7784753877939], [-84.392466563168, 33.7785080934213], [-84.3924022001864, 33.7785073969798], [-84.3924027071719, 33.7784746913526], [-84.392265489946, 33.7784732065958], [-84.3922632010792, 33.7786207263594], [-84.3922659404604, 33.7786207556143], [-84.3922632257795, 33.7787957206171], [-84.3922970076792, 33.778796115092], [-84.3922943190212, 33.7789632744471], [-84.3922622744911, 33.7789629272881], [-84.3922595210417, 33.7791404079593], [-84.3922561366691, 33.7791406512804], [-84.392254788784, 33.7792224786007], [-84.3922527264194, 33.7793604431335], [-84.3921289024701, 33.779359514408], [-84.3920440250581, 33.779358142955], [-84.3920450592686, 33.7793040636283], [-84.3920455294605, 33.7792543709631], [-84.3920467096064, 33.7791381053793], [-84.3920490200951, 33.77898921418], [-84.3920367030799, 33.778989080689], [-84.3920359076803, 33.7789883986898], [-84.3920143886326, 33.7789699568394], [-84.3920123649673, 33.7789682230526]]]}, "properties": {"OBJECTID": 31, "BUILDINGID": "033", "FACILITYKEY": "033", "SHORTNAME": "O'Keefe", "LONGNAME": "O'Keefe, Daniel C.", "FLOORCOUNT": 4, "BLGHEIGHT": null, "BLDGAREA": 109951, "BLDGTYPE": null, "OPERHOURS": null, "OPERDATE": null, "ACCESSTYPE": "Secure", "CONDITION": null, "OWNEDBY": null, "MAINTBY": 5, "LASTUPDATE": null, "LASTEDITOR": null, "created_user": "wsims6_GTFacilities", "created_date": 1628109909166, "last_edited_user": "dsimsGT", "last_edited_date": 1713902932186, "cust_shift1": 2, "cust_shift2": null, "cust_shift3": null, "Shape__Area": 4217.41796875, "Shape__Length": 445.670515510734, "GlobalID": "45be6c25-e9f5-4947-b1da-af4e4d536952", "cust_zone": 2}}, {"type": "Feature", "id": 32, "geometry": {"type": "Polygon", "coordinates": [[[-84.3914634117932, 33.779573900981], [-84.3914637747126, 33.7795305578624], [-84.3914331161103, 33.7795303794096], [-84.3914354571199, 33.7792507844443], [-84.3914462144454, 33.7792508471643], [-84.391446848656, 33.7791751657132], [-84.3915269379552, 33.7791756331271], [-84.3917432091565, 33.7791768957421], [-84.3918047877709, 33.7791783778773], [-84.3918043637661, 33.779229131846], [-84.3918796641464, 33.7792295708863], [-84.3918801950508, 33.7792514967646], [-84.391909297771, 33.779251753618], [-84.391944320389, 33.7792519574581], [-84.3920455290805, 33.7792543714324], [-84.3920450592616, 33.7793040635963], [-84.392006684131, 33.7793039866896], [-84.3919967936797, 33.7793039471163], [-84.3919501091327, 33.7793035050898], [-84.3918790577836, 33.7793021080767], [-84.3918131690525, 33.7793017235434], [-84.3918112376746, 33.7795325858032], [-84.3917994041674, 33.7795325171101], [-84.3917991104183, 33.7795675506021], [-84.3917754443021, 33.7795674124692], [-84.3917753751318, 33.7795757213482], [-84.3914634117932, 33.779573900981]]]}, "properties": {"OBJECTID": 32, "BUILDINGID": "033A", "FACILITYKEY": "033A", "SHORTNAME": "O'Keefe Gym", "LONGNAME": "O'Keefe Gym", "FLOORCOUNT": 2, "BLGHEIGHT": null, "BLDGAREA": 34953, "BLDGTYPE": null, "OPERHOURS": null, "OPERDATE": null, "ACCESSTYPE": "Other", "CONDITION": null, "OWNEDBY": null, "MAINTBY": 5, "LASTUPDATE": null, "LASTEDITOR": null, "created_user": "wsims6_GTFacilities", "created_date": 1628109909166, "last_edited_user": "dsimsGT", "last_edited_date": 1713902932683, "cust_shift1": 2, "cust_shift2": null, "cust_shift3": null, "Shape__Area": 2394.0859375, "Shape__Length": 242.25197636136636, "GlobalID": "3062e5ad-4155-4a8f-9df5-1e838633bb54", "cust_zone": 2}}, {"type": "Feature", "id": 34, "geometry": {"type": "Polygon", "coordinates": [[[-84.3922192026565, 33.7794759184791], [-84.3922207043274, 33.7793876621078], [-84.3922780776146, 33.7793883425684], [-84.3922788366672, 33.7793599211323], [-84.3923051898872, 33.7793602336104], [-84.3923108252835, 33.7793603008483], [-84.3923521324392, 33.7793607906472], [-84.3923544881186, 33.7792223314718], [-84.3923576875136, 33.7792223688998], [-84.3924935436247, 33.7792239804698], [-84.3925076164348, 33.7792241476697], [-84.3925563124815, 33.7792247257646], [-84.3925708074859, 33.7792248975944], [-84.3925691120857, 33.7793000930056], [-84.3925686941617, 33.7793300953154], [-84.3925672277196, 33.7794353369331], [-84.3924994215135, 33.7794345332389], [-84.3924508149696, 33.7794339558598], [-84.3924187626204, 33.7794335762967], [-84.3923542022485, 33.7794328098642], [-84.3923534416483, 33.7794775115184], [-84.3922192026565, 33.7794759184791]]]}, "properties": {"OBJECTID": 34, "BUILDINGID": "033B", "FACILITYKEY": "033B", "SHORTNAME": "Women's Locker", "LONGNAME": "Womens Softball Locker Room", "FLOORCOUNT": 1, "BLGHEIGHT": null, "BLDGAREA": 6478, "BLDGTYPE": null, "OPERHOURS": null, "OPERDATE": null, "ACCESSTYPE": "Reserved", "CONDITION": null, "OWNEDBY": null, "MAINTBY": 6, "LASTUPDATE": null, "LASTEDITOR": null, "created_user": "wsims6_GTFacilities", "created_date": 1628109909166, "last_edited_user": "dsimsGT", "last_edited_date": 1713902933322, "cust_shift1": null, "cust_shift2": null, "cust_shift3": null, "Shape__Area": 883.8125, "Shape__Length": 145.640157064117, "GlobalID": "9b240ed5-ec57-46e3-80c0-bde2f982e10e", "cust_zone": null}}, {"type": "Feature", "id": 35, "geometry": {"type": "MultiPolygon", "coordinates": [[[[-84.3924775150502, 33.7789998412506], [-84.3924793008412, 33.7788874669798], [-84.3925460385783, 33.7788882059196], [-84.3925452657701, 33.7789368559323], [-84.3925445439546, 33.7789823085956], [-84.3925444132929, 33.7789905309933], [-84.3925442528768, 33.7790005810926], [-84.3925392493253, 33.7790005785294], [-84.3924775150502, 33.7789998412506]]], [[[-84.3925392493253, 33.7790005785294], [-84.3925440025188, 33.77900063565], [-84.3925434326958, 33.7790344747656], [-84.3924644564315, 33.779033521084], [-84.3924650274723, 33.7790005457485], [-84.3925392493253, 33.7790005785294]]]]}, "properties": {"OBJECTID": 35, "BUILDINGID": "033C", "FACILITYKEY": "033C", "SHORTNAME": "O'Keefe Storage", "LONGNAME": "O'Keefe Storage Facility", "FLOORCOUNT": 1, "BLGHEIGHT": null, "BLDGAREA": 834, "BLDGTYPE": "Storage (Group S)", "OPERHOURS": null, "OPERDATE": null, "ACCESSTYPE": "Employee", "CONDITION": null, "OWNEDBY": null, "MAINTBY": 5, "LASTUPDATE": null, "LASTEDITOR": null, "created_user": "wsims6_GTFacilities", "created_date": 1628109909166, "last_edited_user": "dsimsGT", "last_edited_date": 1713902933885, "cust_shift1": null, "cust_shift2": null, "cust_shift3": null, "Shape__Area": 151.23046875, "Shape__Length": 71.49595871302567, "GlobalID": "0d0fa9ad-87e9-4016-90bb-3fef6b680be1", "cust_zone": null}}, {"type": "Feature", "id": 36, "geometry": {"type": "Polygon", "coordinates": [[[-84.3946560460852, 33.772675119933], [-84.394656232938, 33.7726592496074], [-84.3946218059371, 33.7726589678672], [-84.3946227287394, 33.7725805765195], [-84.3946230513081, 33.7725531674995], [-84.3944869986278, 33.7725520500114], [-84.394487131828, 33.7725407800143], [-84.3944878259734, 33.7725166829789], [-84.3944876640514, 33.7724954818272], [-84.3944883642302, 33.7724642824657], [-84.3944772498882, 33.772464177652], [-84.3944550377888, 33.7724457564191], [-84.3944553871232, 33.7724198738467], [-84.3944781048738, 33.772402130678], [-84.3945145163531, 33.7724024728122], [-84.3945146209888, 33.7723946886552], [-84.394514769976, 33.7723836737962], [-84.3945153149104, 33.7723431831942], [-84.3946124513488, 33.7723440948255], [-84.3946125633186, 33.7723358219593], [-84.3946697998239, 33.7723363600127], [-84.3946699476685, 33.7723253289259], [-84.3946787536162, 33.7723254118391], [-84.3947318592216, 33.7723259106096], [-84.3947406684084, 33.7723259935124], [-84.3947405430321, 33.7723353141234], [-84.3947977559948, 33.772337560792], [-84.3947976451249, 33.772345834558], [-84.3948125038142, 33.7723459738972], [-84.3948125661295, 33.7723413780605], [-84.3948136673371, 33.7723413597951], [-84.3948139087419, 33.7723403792528], [-84.3948146900065, 33.7723394094341], [-84.3948158759879, 33.7723387878066], [-84.394817436783, 33.7723386379519], [-84.3948175682993, 33.7723377468764], [-84.3948219712738, 33.7723377883278], [-84.394821959676, 33.7723387080345], [-84.39486598726, 33.7723391216423], [-84.3948659999371, 33.7723382019336], [-84.3948704029116, 33.7723382433832], [-84.3948706546432, 33.7723391220287], [-84.3948716945732, 33.7723392030579], [-84.3948729386287, 33.7723397174042], [-84.3948735977465, 33.7723403220958], [-84.3948740576034, 33.7723411065846], [-84.3948742055971, 33.7723419511591], [-84.3948753058159, 33.7723419671578], [-84.3948752445836, 33.7723465629925], [-84.3948945062481, 33.7723467437712], [-84.3948943420441, 33.7723589235934], [-84.3948937142928, 33.7724055744378], [-84.3948970170655, 33.7724056052979], [-84.3948972491423, 33.7724068076728], [-84.3948964364756, 33.7724407248244], [-84.394896528161, 33.7724419139342], [-84.3948668085899, 33.7724416352783], [-84.3948665271775, 33.7724625478188], [-84.3948663656945, 33.7724745337805], [-84.3948658651414, 33.7725117476966], [-84.3948656801671, 33.7725254612673], [-84.3948655998207, 33.7725313996974], [-84.3948654258015, 33.7725443585648], [-84.3947823229725, 33.7725435780826], [-84.3947807505038, 33.7726603197041], [-84.3947463536229, 33.772659996467], [-84.3947461399314, 33.7726759182365], [-84.3947267392601, 33.7726917591497], [-84.3946748304062, 33.7726911193122], [-84.3946571368513, 33.7726760493247], [-84.3946560460852, 33.772675119933]]]}, "properties": {"OBJECTID": 36, "BUILDINGID": "035", "FACILITYKEY": "035", "SHORTNAME": "Administration", "LONGNAME": "Evans, Lettie Pate Whitehead Administration", "FLOORCOUNT": 5, "BLGHEIGHT": null, "BLDGAREA": 47576, "BLDGTYPE": null, "OPERHOURS": null, "OPERDATE": null, "ACCESSTYPE": "Employee", "CONDITION": null, "OWNEDBY": null, "MAINTBY": 4, "LASTUPDATE": null, "LASTEDITOR": null, "created_user": "wsims6_GTFacilities", "created_date": 1628109909166, "last_edited_user": "dsimsGT", "last_edited_date": 1713902934574, "cust_shift1": 4, "cust_shift2": null, "cust_shift3": null, "Shape__Area": 1537.26953125, "Shape__Length": 192.76902873796135, "GlobalID": "ba11e4ea-d1e6-4738-9986-6bb441a3ba38", "cust_zone": 4}}, {"type": "Feature", "id": 37, "geometry": {"type": "Polygon", "coordinates": [[[-84.3942279608393, 33.7726234644947], [-84.394228355061, 33.7725589947321], [-84.394174066816, 33.7725588044871], [-84.3941747911756, 33.7725166950909], [-84.3941632178787, 33.7725165559305], [-84.3941635326654, 33.7724779772575], [-84.3941652513901, 33.7723982824569], [-84.3942399200453, 33.7723991771874], [-84.3942399715192, 33.7723961863119], [-84.3942468599914, 33.772396269185], [-84.3942470069862, 33.7723877546117], [-84.3942547214272, 33.7723878476827], [-84.3943164412595, 33.7723885868157], [-84.3943241557005, 33.7723886798824], [-84.3943240097906, 33.7723971935521], [-84.3943308982605, 33.7723972755188], [-84.3943308467921, 33.7724002672959], [-84.3944055165298, 33.7724011619242], [-84.3944035664391, 33.7725202350125], [-84.394392135585, 33.7725200685612], [-84.3943917452357, 33.772539025618], [-84.3943906447318, 33.772560939601], [-84.3943335637305, 33.7725604696572], [-84.3943322141479, 33.7726253721721], [-84.3943041143321, 33.7726248054708], [-84.3942279608393, 33.7726234644947]]]}, "properties": {"OBJECTID": 37, "BUILDINGID": "036", "FACILITYKEY": "036", "SHORTNAME": "Carnegie", "LONGNAME": "Carnegie, Andrew", "FLOORCOUNT": 2, "BLGHEIGHT": null, "BLDGAREA": 10221, "BLDGTYPE": null, "OPERHOURS": null, "OPERDATE": null, "ACCESSTYPE": "Employee", "CONDITION": null, "OWNEDBY": null, "MAINTBY": 4, "LASTUPDATE": null, "LASTEDITOR": null, "created_user": "wsims6_GTFacilities", "created_date": 1628109909166, "last_edited_user": "dsimsGT", "last_edited_date": 1713902935136, "cust_shift1": 4, "cust_shift2": null, "cust_shift3": null, "Shape__Area": 674.34375, "Shape__Length": 116.62910051581281, "GlobalID": "803fe3f8-eb1a-4710-acb5-9482a2b0d44f", "cust_zone": 4}}, {"type": "Feature", "id": 38, "geometry": {"type": "Polygon", "coordinates": [[[-84.3951314774074, 33.7722211577994], [-84.3951331803669, 33.7721012871913], [-84.3951335596797, 33.7720745732371], [-84.395135131702, 33.7719639475096], [-84.3952030233132, 33.7719645629699], [-84.3952737296588, 33.7719652029336], [-84.3953136850675, 33.7719657988455], [-84.3954103675348, 33.7719666746247], [-84.3954105451929, 33.7719989940216], [-84.3954086649629, 33.7720865452376], [-84.3954084166388, 33.7721040143089], [-84.3954067140626, 33.7722238849191], [-84.3951314774074, 33.7722211577994]]]}, "properties": {"OBJECTID": 38, "BUILDINGID": "038", "FACILITYKEY": "038", "SHORTNAME": "Savant", "LONGNAME": "Savant, Domenico P.", "FLOORCOUNT": 4, "BLGHEIGHT": null, "BLDGAREA": 25878, "BLDGTYPE": null, "OPERHOURS": null, "OPERDATE": null, "ACCESSTYPE": "Public", "CONDITION": null, "OWNEDBY": null, "MAINTBY": 4, "LASTUPDATE": null, "LASTEDITOR": null, "created_user": "wsims6_GTFacilities", "created_date": 1628109909166, "last_edited_user": "dsimsGT", "last_edited_date": 1713902935824, "cust_shift1": 4, "cust_shift2": null, "cust_shift3": null, "Shape__Area": 1056.15234375, "Shape__Length": 130.17819192109187, "GlobalID": "8d2366f3-5f4f-47f2-bc5b-f12e1f039117", "cust_zone": 4}}, {"type": "Feature", "id": 39, "geometry": {"type": "Polygon", "coordinates": [[[-84.395312649617, 33.7719271640613], [-84.395313071662, 33.7718946100249], [-84.3952053516771, 33.7718936346886], [-84.3952073767384, 33.7717377505815], [-84.3951816695276, 33.7717375168667], [-84.3951827961941, 33.7716507073005], [-84.3952085044562, 33.7716509401115], [-84.3952090833384, 33.7716302722663], [-84.395210528429, 33.7714950560003], [-84.395257752472, 33.7714954842882], [-84.3952817828664, 33.771495701257], [-84.3953172697289, 33.7714960232282], [-84.395386009598, 33.7714966460337], [-84.3953849355462, 33.771572705105], [-84.3953842756061, 33.7716014519064], [-84.3953808336562, 33.7718952238242], [-84.3953380814433, 33.7718948368895], [-84.3953376583257, 33.7719273900263], [-84.3953148845618, 33.7719271842654], [-84.395312649617, 33.7719271640613]]]}, "properties": {"OBJECTID": 39, "BUILDINGID": "039", "FACILITYKEY": "039", "SHORTNAME": "Swann", "LONGNAME": "Swann, Janie Austell", "FLOORCOUNT": 4, "BLGHEIGHT": null, "BLDGAREA": 31154, "BLDGTYPE": null, "OPERHOURS": null, "OPERDATE": null, "ACCESSTYPE": "Public", "CONDITION": null, "OWNEDBY": null, "MAINTBY": 4, "LASTUPDATE": null, "LASTEDITOR": null, "created_user": "wsims6_GTFacilities", "created_date": 1628109909166, "last_edited_user": "dsimsGT", "last_edited_date": 1713902936379, "cust_shift1": 4, "cust_shift2": null, "cust_shift3": null, "Shape__Area": 1086.89453125, "Shape__Length": 160.27366515614548, "GlobalID": "a6c0bc6c-6063-4fc3-bc08-8cdb0160dfd3", "cust_zone": 4}}, {"type": "Feature", "id": 40, "geometry": {"type": "Polygon", "coordinates": [[[-84.3956396954336, 33.7715709081966], [-84.3956397161079, 33.7715648806124], [-84.3956300930978, 33.7715648569891], [-84.3956301674535, 33.7715432920321], [-84.3956302486804, 33.7715194395702], [-84.3956303089201, 33.7715019032219], [-84.3956848403422, 33.7715020337692], [-84.3956848352674, 33.7715033727324], [-84.3958805083677, 33.7715038408064], [-84.3958805134371, 33.7715025009416], [-84.3959350448592, 33.7715026313783], [-84.3959348151316, 33.7715696038358], [-84.3959444428619, 33.7715697780025], [-84.3959254598783, 33.7715695815415], [-84.3959239228001, 33.7716730814606], [-84.3959236472857, 33.7716916524035], [-84.3959233744073, 33.7717099970267], [-84.3957283605116, 33.7717095305033], [-84.3956814848462, 33.7717094209342], [-84.3956499133733, 33.7717093433646], [-84.3956499275148, 33.7717053246739], [-84.3956510178896, 33.7715936863711], [-84.3956503876555, 33.7715710650833], [-84.3956396954336, 33.7715709081966]]]}, "properties": {"OBJECTID": 40, "BUILDINGID": "040", "FACILITYKEY": "040", "SHORTNAME": "Guggenheim (AE)", "LONGNAME": "Guggenheim, Daniel F.", "FLOORCOUNT": 4, "BLGHEIGHT": null, "BLDGAREA": 24442, "BLDGTYPE": null, "OPERHOURS": null, "OPERDATE": null, "ACCESSTYPE": "Public", "CONDITION": null, "OWNEDBY": null, "MAINTBY": 4, "LASTUPDATE": null, "LASTEDITOR": null, "created_user": "wsims6_GTFacilities", "created_date": 1628109909166, "last_edited_user": "dsimsGT", "last_edited_date": 1713902936876, "cust_shift1": 6, "cust_shift2": null, "cust_shift3": null, "Shape__Area": 873.49609375, "Shape__Length": 125.70161285078886, "GlobalID": "8f933290-f88e-4efa-b638-471c99d5bc0d", "cust_zone": 6}}, {"type": "Feature", "id": 41, "geometry": {"type": "Polygon", "coordinates": [[[-84.3956310372548, 33.7722506005762], [-84.3956321679184, 33.7721760156081], [-84.3956575456973, 33.7721761488548], [-84.3956568101375, 33.7721374774528], [-84.3956616590724, 33.7718944533315], [-84.3956623808202, 33.7718512312895], [-84.3956621275291, 33.7718473339166], [-84.3958827882655, 33.7718495598258], [-84.3958821538873, 33.7718923038308], [-84.395881012161, 33.7719691393488], [-84.3959160642279, 33.7719695025293], [-84.3959441987341, 33.7719697937957], [-84.3959430529802, 33.7721816932217], [-84.395899328368, 33.7721815012417], [-84.3958878957072, 33.7721814512453], [-84.3958868290862, 33.7722532436794], [-84.3956310372548, 33.7722506005762]]]}, "properties": {"OBJECTID": 41, "BUILDINGID": "041", "FACILITYKEY": "041", "SHORTNAME": "Engr Sci & Mech", "LONGNAME": "Engineering Science and Mechanics", "FLOORCOUNT": 4, "BLGHEIGHT": null, "BLDGAREA": 37818, "BLDGTYPE": null, "OPERHOURS": null, "OPERDATE": null, "ACCESSTYPE": "Public", "CONDITION": null, "OWNEDBY": null, "MAINTBY": 4, "LASTUPDATE": null, "LASTEDITOR": null, "created_user": "wsims6_GTFacilities", "created_date": 1628109909166, "last_edited_user": "dsimsGT", "last_edited_date": 1713902937520, "cust_shift1": 6, "cust_shift2": null, "cust_shift3": null, "Shape__Area": 1570.75390625, "Shape__Length": 177.0788555712808, "GlobalID": "abde66d2-768c-4d2a-ad98-68678b449332", "cust_zone": 6}}, {"type": "Feature", "id": 43, "geometry": {"type": "Polygon", "coordinates": [[[-84.3956742976593, 33.7732023981152], [-84.3956746235807, 33.7731930122137], [-84.3956745157597, 33.7731589804567], [-84.3956746975617, 33.7731226155881], [-84.3956737788218, 33.772608084985], [-84.3956277841187, 33.7726081423709], [-84.3956276535385, 33.7725627056543], [-84.3956276339169, 33.772524481949], [-84.3956275550017, 33.7724797971138], [-84.3957431511977, 33.7724793003909], [-84.3957636531192, 33.7724797708671], [-84.395907382887, 33.772480368665], [-84.3959902155463, 33.7724802634692], [-84.3960123032659, 33.772480242262], [-84.3960786937619, 33.772480154937], [-84.3960789197265, 33.7726066599256], [-84.3960756148802, 33.7726066642654], [-84.3960764762801, 33.7730878428553], [-84.3959310535685, 33.7730880247242], [-84.3959310022848, 33.7730590430155], [-84.3958880358106, 33.7730590966769], [-84.3958878731411, 33.7729680129832], [-84.3959308384902, 33.772967959324], [-84.395930770728, 33.7729295481674], [-84.395930637462, 33.7728556003164], [-84.3959058504983, 33.7728556310312], [-84.3959059518358, 33.7729123285329], [-84.3958717987511, 33.7729123712277], [-84.3958717928015, 33.772908920616], [-84.3958714703366, 33.772882700269], [-84.3958714577051, 33.772875524043], [-84.395871696984, 33.7728550984726], [-84.395822396214, 33.772855160268], [-84.3958225646139, 33.7729492338315], [-84.3958230116937, 33.7731994838413], [-84.3956748345528, 33.7731996687197], [-84.3956742976593, 33.7732023981152]]]}, "properties": {"OBJECTID": 43, "BUILDINGID": "045", "FACILITYKEY": "045", "SHORTNAME": "J S Coon", "LONGNAME": "Coon, John Saylor", "FLOORCOUNT": 5, "BLGHEIGHT": null, "BLDGAREA": 77867, "BLDGTYPE": null, "OPERHOURS": null, "OPERDATE": null, "ACCESSTYPE": "Student", "CONDITION": null, "OWNEDBY": null, "MAINTBY": 4, "LASTUPDATE": null, "LASTEDITOR": null, "created_user": "wsims6_GTFacilities", "created_date": 1628109909166, "last_edited_user": "dsimsGT", "last_edited_date": 1713902938171, "cust_shift1": 6, "cust_shift2": null, "cust_shift3": null, "Shape__Area": 3695.01953125, "Shape__Length": 381.0374502106415, "GlobalID": "f420adf3-d51d-4f4b-b8d5-2f3371b1b872", "cust_zone": 6}}, {"type": "Feature", "id": 45, "geometry": {"type": "Polygon", "coordinates": [[[-84.3923736632079, 33.7718185887808], [-84.3923737347804, 33.7717882399323], [-84.39237414966, 33.7717265895929], [-84.3923475338272, 33.7716816376954], [-84.3923592127594, 33.7716768141382], [-84.3923458555062, 33.7716542539741], [-84.3923615492263, 33.7716480264158], [-84.3923309500181, 33.7715966818695], [-84.3923747300651, 33.7715786021252], [-84.3923747840863, 33.7715683231888], [-84.3925126646889, 33.7715688328522], [-84.3925901748181, 33.7715691183741], [-84.392641276377, 33.7715693070371], [-84.3926742547025, 33.7715694287845], [-84.3927026972207, 33.7715666023122], [-84.3927313735379, 33.7715644137748], [-84.3927889785588, 33.7715619973119], [-84.3928466563434, 33.7715622099071], [-84.3929042341533, 33.771565051877], [-84.3929329030971, 33.7715674536188], [-84.3929612973142, 33.771570487916], [-84.3929961121473, 33.7715706161283], [-84.393065330463, 33.7715708714747], [-84.3931630486612, 33.7715712322721], [-84.3932605638812, 33.7715715915615], [-84.3932605098352, 33.7715818209072], [-84.3933039720006, 33.7716001375179], [-84.3932967455614, 33.7716127288386], [-84.3932736147616, 33.7716515757247], [-84.3932892154516, 33.7716580182387], [-84.3932751465536, 33.7716801931621], [-84.3932867711525, 33.7716850984463], [-84.3932597279456, 33.7717297961223], [-84.3932594733626, 33.7718164165294], [-84.39325944959, 33.7718209203266], [-84.3926066660904, 33.771819449104], [-84.3923736632079, 33.7718185887808]]]}, "properties": {"OBJECTID": 45, "BUILDINGID": "047", "FACILITYKEY": "047", "SHORTNAME": "Wardlaw Center", "LONGNAME": "Wardlaw, William C. Jr. Center", "FLOORCOUNT": 6, "BLGHEIGHT": null, "BLDGAREA": 119403, "BLDGTYPE": null, "OPERHOURS": null, "OPERDATE": null, "ACCESSTYPE": "Private", "CONDITION": null, "OWNEDBY": null, "MAINTBY": 4, "LASTUPDATE": null, "LASTEDITOR": null, "created_user": "wsims6_GTFacilities", "created_date": 1628109909166, "last_edited_user": "dsimsGT", "last_edited_date": 1713902938791, "cust_shift1": null, "cust_shift2": null, "cust_shift3": null, "Shape__Area": 3417.671875, "Shape__Length": 277.7032574969806, "GlobalID": "1fa27cd7-13d9-4667-b452-8029239736de", "cust_zone": null}}, {"type": "Feature", "id": 46, "geometry": {"type": "MultiPolygon", "coordinates": [[[[-84.3932572135666, 33.7721412215403], [-84.3932588323308, 33.7719366437012], [-84.3934745348985, 33.7719378250291], [-84.3934745816109, 33.7719405841991], [-84.3934934336554, 33.7719408328604], [-84.3936293065371, 33.7719423636583], [-84.3936282249655, 33.7718794112522], [-84.3938259630242, 33.7718822271756], [-84.3938174559784, 33.773093752646], [-84.3936218451304, 33.773094075976], [-84.3936208300341, 33.7730781364758], [-84.3932511634132, 33.7730776981507], [-84.3932572135666, 33.7721412215403]]], [[[-84.3937514756191, 33.7734480305349], [-84.3936407528705, 33.7735398618104], [-84.3935015732902, 33.773587502326], [-84.3933594957449, 33.7736361344538], [-84.3933448657822, 33.7736360523151], [-84.3931521987133, 33.7736349703237], [-84.3927816212007, 33.7736345573898], [-84.3926203691156, 33.7736340339419], [-84.3926054831331, 33.7736339854054], [-84.3925785660139, 33.7736337128541], [-84.3925789091703, 33.7736207872003], [-84.392601189186, 33.7736202839137], [-84.3926034538388, 33.7732415330138], [-84.3923764064474, 33.7732370146148], [-84.3923761809703, 33.7732053380256], [-84.3923763983626, 33.7731551808508], [-84.3923501433018, 33.7731343540778], [-84.3921064950439, 33.7731321355718], [-84.3921062309392, 33.7730745888054], [-84.3920644242442, 33.7730754662023], [-84.3920652363212, 33.7728881988749], [-84.3920656558344, 33.7727916505968], [-84.3920667248296, 33.772545258444], [-84.392067036545, 33.7724733375549], [-84.392068811616, 33.7721392397217], [-84.3920693973176, 33.7719291360701], [-84.3920984829699, 33.7719286447212], [-84.3920987812105, 33.7718539036565], [-84.3921061599723, 33.7718541433573], [-84.3921102832394, 33.7716294500773], [-84.3921796098232, 33.7716296599094], [-84.3921795972468, 33.7716323951938], [-84.3922008073689, 33.7716681457936], [-84.3922093701102, 33.7716646032918], [-84.3922281556794, 33.771696268503], [-84.3922897998709, 33.771670760106], [-84.3922941638865, 33.7716781146794], [-84.3923064007373, 33.7716730510829], [-84.3923203659467, 33.7716960161073], [-84.3923737348578, 33.7717882405483], [-84.3923736629925, 33.7718185892256], [-84.3932619575697, 33.7718209220156], [-84.3931971108842, 33.7719749487386], [-84.3925463129019, 33.7719737577036], [-84.3925314547671, 33.7719737211138], [-84.3925150928525, 33.7719793312992], [-84.3925025703375, 33.7719897354926], [-84.3924957476329, 33.7720033304627], [-84.3924918651143, 33.7730062832389], [-84.3924957817689, 33.7730141230665], [-84.3924985306137, 33.7730196241624], [-84.3925090840216, 33.773029049278], [-84.3925254800722, 33.7730352074876], [-84.392536457485, 33.7730358212924], [-84.3925364610782, 33.7730991155935], [-84.3925748739381, 33.7730993941203], [-84.3925755252167, 33.773036620284], [-84.3931897060714, 33.7730416763327], [-84.393212436143, 33.7731480153244], [-84.3932454591111, 33.7731481153849], [-84.3933117368128, 33.7731254285298], [-84.3933400579988, 33.7731019464112], [-84.3934145876246, 33.7731646373137], [-84.3935403823071, 33.7732704512093], [-84.3935682184028, 33.7732894604354], [-84.3937514756191, 33.7734480305349]]]]}, "properties": {"OBJECTID": 46, "BUILDINGID": "017", "FACILITYKEY": "017", "SHORTNAME": "Bobby Dodd Stadium", "LONGNAME": "Bobby Dodd Stadium West Stands", "FLOORCOUNT": 3, "BLGHEIGHT": null, "BLDGAREA": null, "BLDGTYPE": null, "OPERHOURS": null, "OPERDATE": null, "ACCESSTYPE": null, "CONDITION": null, "OWNEDBY": null, "MAINTBY": 6, "LASTUPDATE": null, "LASTEDITOR": null, "created_user": "wsims6_GTFacilities", "created_date": 1628109909166, "last_edited_user": "wsims6_GTFacilities", "last_edited_date": 1770756327370, "cust_shift1": null, "cust_shift2": null, "cust_shift3": null, "Shape__Area": 29000.15234375, "Shape__Length": 1500.719474203091, "GlobalID": "f60d5f13-8134-49af-a9dd-acfeb8adbc92", "cust_zone": null}}, {"type": "Feature", "id": 47, "geometry": {"type": "Polygon", "coordinates": [[[-84.3974883213908, 33.7771801331634], [-84.397478753044, 33.77718744001], [-84.3974788430295, 33.777305935779], [-84.3976128913785, 33.7773085333114], [-84.3976216278881, 33.7773087027019], [-84.3976215392913, 33.7773118992221], [-84.397613998085, 33.7775833284495], [-84.3976244019775, 33.7775904320253], [-84.3976322592529, 33.7775993166196], [-84.3976326238645, 33.7775999957824], [-84.3976374668406, 33.7776101997239], [-84.397637561851, 33.7776105998793], [-84.3976387521535, 33.7776155918987], [-84.3976390262495, 33.7776167409912], [-84.3976400197066, 33.7776212059129], [-84.3976377155653, 33.7776316657751], [-84.3976371554052, 33.7776329543817], [-84.3976348149772, 33.7776383425226], [-84.3976312717985, 33.7776445606304], [-84.3976309881573, 33.7776450850207], [-84.3976286783528, 33.7776486075874], [-84.3976204243657, 33.7776556496041], [-84.3976118612886, 33.7776605733179], [-84.3976109487024, 33.7776930831653], [-84.3974581190392, 33.7776901222277], [-84.3972339004276, 33.7776857788239], [-84.3971541571666, 33.7776842335821], [-84.3969174825199, 33.7776793736791], [-84.3969201975195, 33.77757102708], [-84.396992249098, 33.7775735326613], [-84.3969922728998, 33.7775727436719], [-84.3969954781086, 33.7774648415703], [-84.3969971015348, 33.7774101993642], [-84.3971308768485, 33.7774127916178], [-84.3971388774281, 33.7771248541154], [-84.3971500589152, 33.7771159393426], [-84.3971978283241, 33.777116865377], [-84.3972764545671, 33.7771183883346], [-84.3973370625486, 33.7771195635238], [-84.3973871897228, 33.7771203579449], [-84.397393965172, 33.7771256641197], [-84.397444140414, 33.777085596484], [-84.3974594851449, 33.7770858941859], [-84.397472148328, 33.7770968390936], [-84.397521417787, 33.7771401488335], [-84.397521062383, 33.7771529637692], [-84.3974883213908, 33.7771801331634]]]}, "properties": {"OBJECTID": 47, "BUILDINGID": "050", "FACILITYKEY": "050", "SHORTNAME": "Computing (COC)", "LONGNAME": "Computing (COC)", "FLOORCOUNT": 4, "BLGHEIGHT": null, "BLDGAREA": 118217, "BLDGTYPE": null, "OPERHOURS": null, "OPERDATE": null, "ACCESSTYPE": "Student", "CONDITION": null, "OWNEDBY": null, "MAINTBY": 3, "LASTUPDATE": null, "LASTEDITOR": null, "created_user": "wsims6_GTFacilities", "created_date": 1628109909166, "last_edited_user": "dsimsGT", "last_edited_date": 1713902940198, "cust_shift1": 5, "cust_shift2": null, "cust_shift3": null, "Shape__Area": 4468.578125, "Shape__Length": 317.40249469823914, "GlobalID": "20dc3491-a33f-4fe7-992c-f1bc8bb4f61b", "cust_zone": 5}}, {"type": "Feature", "id": 48, "geometry": {"type": "Polygon", "coordinates": [[[-84.3949073489436, 33.7745482757999], [-84.3949079106002, 33.7745047934987], [-84.3950104413155, 33.7745056533585], [-84.3950877046268, 33.7745055103793], [-84.3953068158315, 33.774507547216], [-84.3953114424167, 33.7745075900387], [-84.3953106516683, 33.774579371111], [-84.3953087795022, 33.7747492647314], [-84.3953082452811, 33.7747977150833], [-84.3953081351367, 33.7748200627291], [-84.3953072613036, 33.7748869876547], [-84.3952250602287, 33.7748863257253], [-84.3951688005882, 33.7748859231759], [-84.3951690476498, 33.7748634851117], [-84.3951702858822, 33.7747511766676], [-84.3949059090219, 33.7747491439668], [-84.3949073489436, 33.7745482757999]]]}, "properties": {"OBJECTID": 48, "BUILDINGID": "051", "FACILITYKEY": "051", "SHORTNAME": "Hinman", "LONGNAME": "Hinman, Thomas P. Research", "FLOORCOUNT": 2, "BLGHEIGHT": null, "BLDGAREA": 17910, "BLDGTYPE": null, "OPERHOURS": null, "OPERDATE": null, "ACCESSTYPE": "Student", "CONDITION": null, "OWNEDBY": null, "MAINTBY": 4, "LASTUPDATE": null, "LASTEDITOR": null, "created_user": "wsims6_GTFacilities", "created_date": 1628109909166, "last_edited_user": "dsimsGT", "last_edited_date": 1713902940736, "cust_shift1": 1, "cust_shift2": null, "cust_shift3": null, "Shape__Area": 1749.3046875, "Shape__Length": 191.35111787844394, "GlobalID": "23a4c29a-34da-474b-86e8-c4b5cd4c36e0", "cust_zone": 1}}, {"type": "Feature", "id": 49, "geometry": {"type": "Polygon", "coordinates": [[[-84.3953068158315, 33.774507547216], [-84.3949787328834, 33.7745048022556], [-84.3949790661765, 33.7744896178205], [-84.3949624375406, 33.7744894916946], [-84.3949624181456, 33.7744927629236], [-84.3949080728209, 33.77449227286], [-84.3949090817759, 33.7744248851349], [-84.3949384500169, 33.7744251500023], [-84.3949406405709, 33.7742663352873], [-84.3949818121794, 33.774266707248], [-84.3949806644069, 33.7743554120875], [-84.3950896690813, 33.7743563951528], [-84.3950931986672, 33.774356427391], [-84.3950932719938, 33.7743506972571], [-84.3951111131848, 33.7743508580887], [-84.395110754923, 33.7743785926641], [-84.3952219158168, 33.7743795950642], [-84.3952222740429, 33.7743518604887], [-84.3952401152343, 33.7743520213017], [-84.3952400408378, 33.7743577514376], [-84.3953088481469, 33.7743585148133], [-84.3953068158315, 33.774507547216]]]}, "properties": {"OBJECTID": 49, "BUILDINGID": "051A", "FACILITYKEY": "051", "SHORTNAME": "Hinman Add", "LONGNAME": "Thomas P. Hinman", "FLOORCOUNT": 3, "BLGHEIGHT": null, "BLDGAREA": 18346, "BLDGTYPE": null, "OPERHOURS": null, "OPERDATE": null, "ACCESSTYPE": "Student", "CONDITION": null, "OWNEDBY": null, "MAINTBY": 4, "LASTUPDATE": null, "LASTEDITOR": null, "created_user": "wsims6_GTFacilities", "created_date": 1628109909166, "last_edited_user": "dsimsGT", "last_edited_date": 1713902941251, "cust_shift1": 1, "cust_shift2": null, "cust_shift3": null, "Shape__Area": 864.76171875, "Shape__Length": 162.38476809044448, "GlobalID": "a929ead2-20cc-4491-931f-5256a28cc246", "cust_zone": 1}}, {"type": "Feature", "id": 50, "geometry": {"type": "Polygon", "coordinates": [[[-84.3946655332857, 33.7748614652483], [-84.3946668348095, 33.7747454932791], [-84.3948272481152, 33.7747467476599], [-84.3948274070775, 33.7747325860213], [-84.394846552586, 33.7747327354631], [-84.3948463936269, 33.7747468971017], [-84.3949059090219, 33.7747491439668], [-84.3951702858822, 33.7747511766676], [-84.3951690476498, 33.7748634851117], [-84.3951688005882, 33.7748859231759], [-84.3952250602287, 33.7748863257253], [-84.3952239005256, 33.7749887410977], [-84.3949112990559, 33.7749869879601], [-84.3948221003855, 33.7749863287858], [-84.3948234974498, 33.7748616746352], [-84.3946655332857, 33.7748614652483]]]}, "properties": {"OBJECTID": 50, "BUILDINGID": "051B", "FACILITYKEY": "051", "SHORTNAME": "Calculator", "LONGNAME": "Calculator", "FLOORCOUNT": 2, "BLGHEIGHT": null, "BLDGAREA": 6782, "BLDGTYPE": null, "OPERHOURS": null, "OPERDATE": null, "ACCESSTYPE": "Employee", "CONDITION": null, "OWNEDBY": null, "MAINTBY": 4, "LASTUPDATE": null, "LASTEDITOR": null, "created_user": "wsims6_GTFacilities", "created_date": 1628109909166, "last_edited_user": "dsimsGT", "last_edited_date": 1713902941957, "cust_shift1": 1, "cust_shift2": null, "cust_shift3": null, "Shape__Area": 1587.2421875, "Shape__Length": 192.41198923681102, "GlobalID": "7f809e07-622e-43a1-b872-6fe790da833b", "cust_zone": 1}}, {"type": "Feature", "id": 51, "geometry": {"type": "Polygon", "coordinates": [[[-84.3946377140096, 33.775521449143], [-84.3946342188813, 33.7755112092284], [-84.3946326857762, 33.7755006383898], [-84.3946325819069, 33.7754557173877], [-84.394611116942, 33.7754555316228], [-84.3946121506206, 33.775372113397], [-84.3946407698231, 33.7753723598816], [-84.3946423966959, 33.7752410204691], [-84.3946436589885, 33.7751297903668], [-84.3946783365254, 33.7751301239314], [-84.3946786762606, 33.7751055316512], [-84.3946439987337, 33.7751051980867], [-84.3946440621364, 33.7751006013485], [-84.3946628403663, 33.775100243867], [-84.3946640146781, 33.7749847500129], [-84.3949460219343, 33.7749877478471], [-84.3952239005256, 33.7749887410977], [-84.3952322314209, 33.7750143397946], [-84.395255896749, 33.775014544819], [-84.3952564604271, 33.7749690437176], [-84.3953789169274, 33.7749701007906], [-84.3953782217233, 33.7750262154799], [-84.3953771694464, 33.7751141375005], [-84.3953765265909, 33.7751631362554], [-84.3953666201335, 33.7751630509238], [-84.3953556123583, 33.7751629559108], [-84.3953551546231, 33.7751999542381], [-84.395366162403, 33.7752000492511], [-84.3953760688647, 33.7752001345827], [-84.3953757956492, 33.7752106790054], [-84.3953757412614, 33.7752349055888], [-84.3953755061491, 33.775237035726], [-84.3953750988118, 33.7752442397772], [-84.3953744770959, 33.775247968358], [-84.3953726233174, 33.7752549000859], [-84.3953699117248, 33.7752616314334], [-84.3953663723553, 33.7752680893111], [-84.3953643032632, 33.7752711939259], [-84.3953595996127, 33.7752771084616], [-84.3953552204271, 33.7752816068025], [-84.3953515671041, 33.7752845944331], [-84.3953475609067, 33.7752872464013], [-84.3953432427941, 33.7752895364834], [-84.3953386645125, 33.7752914348288], [-84.3953314122802, 33.7752935085407], [-84.3953254267715, 33.7752944519388], [-84.3953187961503, 33.7752947888185], [-84.3952852102365, 33.7752944984944], [-84.3952573555019, 33.7752942579565], [-84.3952306886063, 33.7752944876778], [-84.3952305126647, 33.7753087359055], [-84.3952426206985, 33.7753088406132], [-84.39524242705, 33.7753156078687], [-84.3952414503045, 33.7753226632998], [-84.3952395965113, 33.7753295941241], [-84.3952368849083, 33.7753363263703], [-84.3952343300702, 33.7753411044467], [-84.3952312764271, 33.7753458888567], [-84.3952276189299, 33.7753505598753], [-84.3952219096168, 33.775356305856], [-84.3952165809727, 33.7753606571777], [-84.3952102169886, 33.7753642304878], [-84.395203264395, 33.775366925777], [-84.3951958936187, 33.7753686805157], [-84.3951867991501, 33.7753694376122], [-84.3950976679548, 33.7753687226107], [-84.3950974856513, 33.7753834297907], [-84.3951095936956, 33.7753835345115], [-84.3951091020048, 33.7753955769813], [-84.3951076044024, 33.7754008435966], [-84.395105318479, 33.7754076850535], [-84.3951021886761, 33.775414288233], [-84.3950982493596, 33.7754205836442], [-84.3950951041696, 33.7754246441939], [-84.3950903471644, 33.7754295859357], [-84.3950855131345, 33.7754339832222], [-84.395083551715, 33.7754353537566], [-84.3950771898721, 33.7754389243509], [-84.3950726104993, 33.7754408235901], [-84.395067818417, 33.7754423129712], [-84.3950603463559, 33.775443742393], [-84.3950508605687, 33.7754443270866], [-84.3948985971095, 33.7754428469414], [-84.3948984147719, 33.775457554121], [-84.3949105228265, 33.7754576588613], [-84.3949099509234, 33.7754679648973], [-84.3949074974768, 33.7754784132675], [-84.3949047858408, 33.7754851446047], [-84.3949012464297, 33.7754916033706], [-84.3948969179185, 33.7754977164598], [-84.3948934637149, 33.7755016991322], [-84.394890094397, 33.7755051199183], [-84.3948844807037, 33.7755094780644], [-84.3948781188469, 33.7755130486484], [-84.3948711662332, 33.7755157448206], [-84.394861275305, 33.7755178666634], [-84.3948536710334, 33.7755183017952], [-84.3948090480611, 33.7755179163373], [-84.3948085695208, 33.7755565232462], [-84.3946989156025, 33.7755555763004], [-84.3946854793197, 33.7755554036646], [-84.3946729590292, 33.7755533457845], [-84.3946659051392, 33.7755508287816], [-84.3946615028201, 33.7755486513108], [-84.3946536324819, 33.7755432081522], [-84.3946501957765, 33.7755399433083], [-84.3946430830377, 33.7755311058338], [-84.3946377140096, 33.775521449143]]]}, "properties": {"OBJECTID": 51, "BUILDINGID": "051D", "FACILITYKEY": "051", "SHORTNAME": "Rich", "LONGNAME": "Rich Computer Center", "FLOORCOUNT": 2, "BLGHEIGHT": null, "BLDGAREA": 48585, "BLDGTYPE": null, "OPERHOURS": null, "OPERDATE": null, "ACCESSTYPE": "Secure", "CONDITION": null, "OWNEDBY": null, "MAINTBY": 4, "LASTUPDATE": null, "LASTEDITOR": null, "created_user": "wsims6_GTFacilities", "created_date": 1628109909166, "last_edited_user": "dsimsGT", "last_edited_date": 1713902942464, "cust_shift1": 1, "cust_shift2": null, "cust_shift3": null, "Shape__Area": 4896.71484375, "Shape__Length": 339.3162259164881, "GlobalID": "ec5b3f9d-8f77-4f22-bc8c-d6921965eb5e", "cust_zone": 1}}, {"type": "Feature", "id": 52, "geometry": {"type": "Polygon", "coordinates": [[[-84.3963047493116, 33.7823377957259], [-84.3963045862942, 33.7822516306762], [-84.3963367811139, 33.7822515887929], [-84.3963367096841, 33.7822139062354], [-84.3963179992058, 33.7822139302378], [-84.3963045159582, 33.7822139481166], [-84.3963044795643, 33.782194647448], [-84.3962722847682, 33.7821946902244], [-84.3962719594263, 33.7821682661505], [-84.3962718516386, 33.7821112829234], [-84.3962718464406, 33.782108525685], [-84.3963040412044, 33.7821084829088], [-84.3963042555313, 33.7820763143148], [-84.3962720607795, 33.782076357091], [-84.3962720477844, 33.7820694639949], [-84.3962761757859, 33.7820694581173], [-84.3962761452103, 33.7820531446064], [-84.3962720172072, 33.7820531495823], [-84.3962720029873, 33.7820457975482], [-84.3962761309878, 33.7820457916707], [-84.3962760835906, 33.7820207466047], [-84.3962722309349, 33.7820207519699], [-84.3962722177925, 33.7820133990321], [-84.3962760693681, 33.7820133936689], [-84.3962760394061, 33.7819973100777], [-84.3962721867491, 33.7819973145413], [-84.3962721731404, 33.7819901915252], [-84.3963040925189, 33.7819901501632], [-84.3963040319685, 33.7819577521592], [-84.3962748638813, 33.7819577902052], [-84.3962747008992, 33.7818716260518], [-84.3963038689548, 33.7818715871042], [-84.3963038027397, 33.7818366617828], [-84.3962801383241, 33.7818366931948], [-84.3962713338144, 33.7818367050689], [-84.3962713284942, 33.7818343066876], [-84.3962713217519, 33.7818293521288], [-84.3962712884045, 33.7818128087015], [-84.3962713065758, 33.7818054557052], [-84.3962713685301, 33.781781329217], [-84.3962714007385, 33.7817739761945], [-84.3962714294045, 33.7817572027306], [-84.3962714461771, 33.7817505394998], [-84.396279976415, 33.781750528136], [-84.3963039150724, 33.7817504971155], [-84.3963039888158, 33.7817498072154], [-84.3963041858297, 33.7817479692843], [-84.3963066415743, 33.781737166544], [-84.3963088342125, 33.7817325676509], [-84.3963162453462, 33.7817226780773], [-84.3963217399427, 33.781718075744], [-84.3963332850167, 33.7817116263887], [-84.3963390601543, 33.7817097807807], [-84.3963517133196, 33.7817074661353], [-84.3963549822739, 33.7817072337365], [-84.3963550146623, 33.7817072318729], [-84.3963547778858, 33.7816877016547], [-84.3963546891523, 33.7816803488572], [-84.3963569279958, 33.7816801165723], [-84.3963635243481, 33.7816801079007], [-84.3963832561769, 33.7816800819904], [-84.3963921470525, 33.7816800699475], [-84.396420749241, 33.7816800320259], [-84.3964295504953, 33.7816800201472], [-84.3964493471105, 33.7816799941057], [-84.3964553204328, 33.7816799865893], [-84.3964581511407, 33.7816802130424], [-84.3964581653786, 33.7816875659785], [-84.3964582018061, 33.7817068666486], [-84.3964970003319, 33.7817068151316], [-84.3964969638957, 33.7816875144616], [-84.3964969490404, 33.7816799316057], [-84.3965052537356, 33.7816799720405], [-84.3965241760464, 33.78168006483], [-84.396534097193, 33.7816801130717], [-84.3965341037741, 33.78168378909], [-84.3965627210805, 33.7816837511073], [-84.3965627138839, 33.7816798451692], [-84.3965715194571, 33.7816798332724], [-84.3965715266566, 33.7816837401121], [-84.3965913383892, 33.7816837140196], [-84.3965913311889, 33.7816798071799], [-84.3966001367646, 33.7816797961826], [-84.3966001880884, 33.7817066797084], [-84.396638985534, 33.7817066281488], [-84.3966389358924, 33.7816799745409], [-84.396676083428, 33.7816799251428], [-84.3966760886389, 33.7816826823813], [-84.3967047059471, 33.7816826452673], [-84.3967047001206, 33.781679658109], [-84.3967421219187, 33.7816796081797], [-84.3967421732868, 33.7817064917052], [-84.3967809718142, 33.7817064410006], [-84.3967809210488, 33.781679787395], [-84.3968180685841, 33.7816797379541], [-84.3968180737995, 33.7816824951926], [-84.396846691105, 33.7816824571441], [-84.3968466852759, 33.7816794708874], [-84.3968841081534, 33.781679420913], [-84.3968841595659, 33.7817063044383], [-84.396906997917, 33.7817062744519], [-84.3969070493368, 33.781733157977], [-84.3969521764452, 33.7817330981155], [-84.3969521256268, 33.7817064445103], [-84.3969892731731, 33.7817063950178], [-84.396989278394, 33.7817091522563], [-84.3970178957104, 33.7817091150696], [-84.397017889873, 33.7817061279114], [-84.3970553127617, 33.7817060778851], [-84.3970553637636, 33.7817331913317], [-84.3970776525137, 33.7817331614382], [-84.3970778476441, 33.7818358699213], [-84.3970555588674, 33.781835899815], [-84.3970556092541, 33.7818627833412], [-84.3970181873747, 33.7818628324643], [-84.3970181796931, 33.7818591564483], [-84.3969981109313, 33.7818591821875], [-84.3969895623268, 33.7818591936352], [-84.3969895700096, 33.7818628705529], [-84.3969524223933, 33.781862919144], [-84.3969523715744, 33.7818362655394], [-84.3969003651464, 33.7818363346297], [-84.3969003137285, 33.7818094511051], [-84.3968843546133, 33.7818094718631], [-84.3968844060262, 33.7818363553878], [-84.3968467077375, 33.7818364058761], [-84.396846701906, 33.7818334187178], [-84.3968183598933, 33.7818334562531], [-84.3968183657214, 33.7818364425097], [-84.3967812181185, 33.7818364919509], [-84.3967811667379, 33.781809608426], [-84.3967423681663, 33.7818096600326], [-84.3967424195349, 33.7818365435575], [-84.396694223642, 33.7818366072597], [-84.3966392316237, 33.7818366791003], [-84.3966391813672, 33.7818097955732], [-84.3966003827952, 33.7818098471351], [-84.3966004341194, 33.7818367306603], [-84.3965646242242, 33.7818347064518], [-84.3965024744945, 33.7818368599532], [-84.396500909896, 33.7818368619657], [-84.3964853440336, 33.7818499008758], [-84.396471939373, 33.7818611288511], [-84.3964596131601, 33.7818714540674], [-84.3964596122836, 33.7818759776512], [-84.3964592429467, 33.7818905138517], [-84.3964595007937, 33.7819575475025], [-84.3964275814277, 33.7819575889048], [-84.3964276431043, 33.7819899869065], [-84.3964598378259, 33.7819899449915], [-84.3964597256505, 33.782076109655], [-84.3964278062429, 33.7820761519591], [-84.3964275921103, 33.7821087803947], [-84.3964597868739, 33.7821087375779], [-84.3964598011122, 33.7821160905135], [-84.3964553977621, 33.7821160960083], [-84.3964554283718, 33.7821324095188], [-84.3964598317227, 33.782132404024], [-84.3964598435073, 33.782138838182], [-84.3964554412358, 33.7821388436748], [-84.3964554839043, 33.7821616941309], [-84.3964554900594, 33.7821648075196], [-84.3964598923322, 33.7821648020268], [-84.3964599051942, 33.7821712352811], [-84.3964557771878, 33.7821712411648], [-84.3964558084117, 33.782187784595], [-84.3964599364213, 33.7821877796129], [-84.3964599500456, 33.7821949026286], [-84.3964277552473, 33.782194944544], [-84.3964277800373, 33.7822082717978], [-84.3964599748381, 33.7822082289808], [-84.3964600573442, 33.7822516559345], [-84.3964919768169, 33.7822516136218], [-84.3964921381796, 33.782337088911], [-84.3964602186752, 33.7823371312239], [-84.3964602551043, 33.7823564318919], [-84.3963369793376, 33.7823565946709], [-84.3963369441612, 33.7823377529407], [-84.3963047493116, 33.7823377957259]]]}, "properties": {"OBJECTID": 52, "BUILDINGID": "052", "FACILITYKEY": "052", "SHORTNAME": "Grad Living Ctr", "LONGNAME": "Graduate Living Center", "FLOORCOUNT": 6, "BLGHEIGHT": null, "BLDGAREA": 139558, "BLDGTYPE": null, "OPERHOURS": null, "OPERDATE": null, "ACCESSTYPE": "Student", "CONDITION": null, "OWNEDBY": null, "MAINTBY": 7, "LASTUPDATE": null, "LASTEDITOR": null, "created_user": "wsims6_GTFacilities", "created_date": 1628109909166, "last_edited_user": "dsimsGT", "last_edited_date": 1713902943015, "cust_shift1": null, "cust_shift2": null, "cust_shift3": null, "Shape__Area": 2969.31640625, "Shape__Length": 481.122798833555, "GlobalID": "0135bda5-8ff2-449f-9608-9f62077ca3b8", "cust_zone": null}}, {"type": "Feature", "id": 53, "geometry": {"type": "Polygon", "coordinates": [[[-84.4000452218472, 33.7737490885458], [-84.4000578012442, 33.7736941568606], [-84.4012223916361, 33.7738801498943], [-84.4011788511159, 33.7740702864218], [-84.4011565435575, 33.7741677017967], [-84.4010348386042, 33.7746991726889], [-84.4005118452278, 33.774615648444], [-84.400388480012, 33.7745954795598], [-84.4003824453494, 33.7745949824566], [-84.4004352902819, 33.7743642245114], [-84.4000413423533, 33.7743013071623], [-84.400010812854, 33.7742964310507], [-84.399923083772, 33.7742824202209], [-84.3999533760026, 33.774148774226], [-84.3999583290208, 33.774128245972], [-84.4000224851932, 33.7738483700528], [-84.4000452218472, 33.7737490885458]]]}, "properties": {"OBJECTID": 53, "BUILDINGID": "054", "FACILITYKEY": "054", "SHORTNAME": "Student Ctr Deck", "LONGNAME": "Student Center Parking Deck", "FLOORCOUNT": 3, "BLGHEIGHT": null, "BLDGAREA": 283006, "BLDGTYPE": null, "OPERHOURS": null, "OPERDATE": null, "ACCESSTYPE": "Public", "CONDITION": null, "OWNEDBY": null, "MAINTBY": 8, "LASTUPDATE": null, "LASTEDITOR": null, "created_user": "wsims6_GTFacilities", "created_date": 1628109909166, "last_edited_user": "dsimsGT", "last_edited_date": 1713902943487, "cust_shift1": null, "cust_shift2": null, "cust_shift3": null, "Shape__Area": 12913.265625, "Shape__Length": 487.3366032041784, "GlobalID": "8c489507-3101-4588-888a-6467625bd81c", "cust_zone": null}}, {"type": "Feature", "id": 54, "geometry": {"type": "Polygon", "coordinates": [[[-84.4010460256396, 33.7757019810627], [-84.4010450001226, 33.7755375199521], [-84.401043585434, 33.7754945986113], [-84.4010573365449, 33.7754827139729], [-84.4012084699315, 33.7753551163324], [-84.4011212132797, 33.7752835304952], [-84.4012363640067, 33.7751863615862], [-84.4012422410856, 33.7751912184329], [-84.4012622216456, 33.7752077311714], [-84.4013459668761, 33.77513706279], [-84.4014642942239, 33.7752348328338], [-84.401478772192, 33.7752468098781], [-84.401521089276, 33.7752817900803], [-84.4015308469217, 33.7752898503098], [-84.4015769535037, 33.7753270972462], [-84.4015647222327, 33.775339203561], [-84.4015216830288, 33.7753755336721], [-84.401522095229, 33.7754415202626], [-84.4014829608333, 33.7754416903051], [-84.4014830336353, 33.775453335899], [-84.4014833325498, 33.7755011598342], [-84.4014843055008, 33.7756571283837], [-84.40148267021, 33.7756838113659], [-84.4014525316618, 33.7756839300194], [-84.4013588981919, 33.7756837781137], [-84.4013542878653, 33.7756837823728], [-84.4013149392342, 33.7756838265384], [-84.4013156656109, 33.7757047182282], [-84.4013165899887, 33.7757313061762], [-84.4012844650245, 33.7757315196323], [-84.4010828422289, 33.7757324076983], [-84.4010472341618, 33.7757322345886], [-84.4010460256396, 33.7757019810627]]]}, "properties": {"OBJECTID": 54, "BUILDINGID": "055", "FACILITYKEY": "055", "SHORTNAME": "Instructional Ctr", "LONGNAME": "Instructional Center", "FLOORCOUNT": 2, "BLGHEIGHT": null, "BLDGAREA": 40164, "BLDGTYPE": null, "OPERHOURS": null, "OPERDATE": null, "ACCESSTYPE": "Student", "CONDITION": null, "OWNEDBY": null, "MAINTBY": 1, "LASTUPDATE": null, "LASTEDITOR": null, "created_user": "wsims6_GTFacilities", "created_date": 1628109909166, "last_edited_user": "dsimsGT", "last_edited_date": 1713902944076, "cust_shift1": 7, "cust_shift2": null, "cust_shift3": null, "Shape__Area": 3092.0546875, "Shape__Length": 253.04217108108028, "GlobalID": "b580258f-5eff-4153-b7d5-78aca0206e2e", "cust_zone": 7}}, {"type": "Feature", "id": 55, "geometry": {"type": "Polygon", "coordinates": [[[-84.4014457280625, 33.775878124451], [-84.4014455713334, 33.7757787176629], [-84.4014455351006, 33.7757559366029], [-84.4014455273178, 33.7757511046669], [-84.4014887143218, 33.7757510567627], [-84.4016783672347, 33.7757508472307], [-84.4018508334484, 33.7756064410714], [-84.4018617826473, 33.7755131713961], [-84.4018948484339, 33.7755131354253], [-84.4020138863371, 33.7755130031499], [-84.4020140178521, 33.7755958430417], [-84.4020305502212, 33.7755958250379], [-84.4020309318749, 33.7758360585532], [-84.4020273494203, 33.7758360626804], [-84.4020274065608, 33.775871960025], [-84.4020275516945, 33.7758914714878], [-84.4019484650477, 33.77589137614], [-84.4016772121281, 33.7758916756843], [-84.4016771906241, 33.7758778696366], [-84.4014457280625, 33.775878124451]]]}, "properties": {"OBJECTID": 55, "BUILDINGID": "056", "FACILITYKEY": "056", "SHORTNAME": "Groseclose ISYE", "LONGNAME": "Groseclose, Colonel Frank F.", "FLOORCOUNT": 4, "BLGHEIGHT": null, "BLDGAREA": 54585, "BLDGTYPE": null, "OPERHOURS": null, "OPERDATE": null, "ACCESSTYPE": "Student", "CONDITION": null, "OWNEDBY": null, "MAINTBY": 1, "LASTUPDATE": null, "LASTEDITOR": null, "created_user": "wsims6_GTFacilities", "created_date": 1628109909166, "last_edited_user": "dsimsGT", "last_edited_date": 1713902944598, "cust_shift1": 2, "cust_shift2": null, "cust_shift3": null, "Shape__Area": 1972.12109375, "Shape__Length": 219.20534685589996, "GlobalID": "ef6c6e6a-a353-4827-bac9-0c96288b636c", "cust_zone": 2}}, {"type": "Feature", "id": 56, "geometry": {"type": "Polygon", "coordinates": [[[-84.401538740042, 33.7752018115451], [-84.4015384836592, 33.7750734420808], [-84.4015985307715, 33.7750733584441], [-84.4017050111513, 33.7750732106996], [-84.4017049281475, 33.7750313507767], [-84.4019338336901, 33.7750310309289], [-84.401934068455, 33.7750924248456], [-84.4020094234666, 33.7750923199406], [-84.4020094956737, 33.7751285977577], [-84.4020131158881, 33.775128593559], [-84.4020135114701, 33.7753257713973], [-84.4020135849398, 33.775362904878], [-84.4020137416634, 33.7754411444972], [-84.4019664012535, 33.7754412104219], [-84.4018600240735, 33.7754413590979], [-84.4018598536566, 33.7753564770368], [-84.4018007611681, 33.77530729454], [-84.4016738000903, 33.7752016238589], [-84.401538740042, 33.7752018115451]]]}, "properties": {"OBJECTID": 56, "BUILDINGID": "057", "FACILITYKEY": "057", "SHORTNAME": "ISYE Annex", "LONGNAME": "ISYE Annex", "FLOORCOUNT": 4, "BLGHEIGHT": null, "BLDGAREA": 52432, "BLDGTYPE": null, "OPERHOURS": null, "OPERDATE": null, "ACCESSTYPE": "Student", "CONDITION": null, "OWNEDBY": null, "MAINTBY": 1, "LASTUPDATE": null, "LASTEDITOR": null, "created_user": "wsims6_GTFacilities", "created_date": 1628109909166, "last_edited_user": "dsimsGT", "last_edited_date": 1713902945571, "cust_shift1": 10, "cust_shift2": null, "cust_shift3": null, "Shape__Area": 1790.765625, "Shape__Length": 203.37012160393735, "GlobalID": "28d406c9-f413-48b3-983c-dc1a64849119", "cust_zone": 10}}, {"type": "Feature", "id": 57, "geometry": {"type": "Polygon", "coordinates": [[[-84.3947213888168, 33.7743348938008], [-84.3947219256558, 33.7742930119768], [-84.3947196837367, 33.7742928276743], [-84.3947201257426, 33.774259977873], [-84.3944427118611, 33.7742586706533], [-84.3943937661677, 33.7742577601453], [-84.3943941314382, 33.7742346275897], [-84.3944184493346, 33.7742342635304], [-84.3944185951961, 33.7741833000877], [-84.3944545660638, 33.7741837278061], [-84.3944545793315, 33.7741752784009], [-84.3944546199246, 33.7741502286303], [-84.3944732657618, 33.7741496956004], [-84.3944742797499, 33.7740787787992], [-84.3945603709082, 33.7740801337292], [-84.394562270224, 33.7740801906327], [-84.3945621061214, 33.7741160775868], [-84.3947582476751, 33.7741166998421], [-84.3947599784093, 33.7740816620536], [-84.3948453783671, 33.7740821236235], [-84.3948452612308, 33.7740945486045], [-84.3948447426138, 33.7741493898405], [-84.3948533792838, 33.7741494901851], [-84.3948532611302, 33.7741590875873], [-84.3948524125175, 33.7741843444283], [-84.3948528314097, 33.7741941085447], [-84.394844520025, 33.7741941230101], [-84.3948431689992, 33.7742966253038], [-84.3948420169451, 33.7742966148107], [-84.3948404232139, 33.7744175301857], [-84.3947203437745, 33.7744164258064], [-84.3947210130643, 33.7743642243316], [-84.3947213888168, 33.7743348938008]]]}, "properties": {"OBJECTID": 57, "BUILDINGID": "058", "FACILITYKEY": "058", "SHORTNAME": "Old Civil Eng", "LONGNAME": "Civil Engineering (Old)", "FLOORCOUNT": 4, "BLGHEIGHT": null, "BLDGAREA": 33434, "BLDGTYPE": null, "OPERHOURS": null, "OPERDATE": null, "ACCESSTYPE": "Student", "CONDITION": null, "OWNEDBY": null, "MAINTBY": 4, "LASTUPDATE": null, "LASTEDITOR": null, "created_user": "wsims6_GTFacilities", "created_date": 1628109909166, "last_edited_user": "dsimsGT", "last_edited_date": 1713902946140, "cust_shift1": 6, "cust_shift2": null, "cust_shift3": null, "Shape__Area": 1252.75390625, "Shape__Length": 201.1392108785325, "GlobalID": "51b5fbeb-85b5-496b-ad86-1983e6916aa0", "cust_zone": 6}}, {"type": "Feature", "id": 58, "geometry": {"type": "Polygon", "coordinates": [[[-84.394084626296, 33.7742378825281], [-84.3940009486163, 33.7742355021508], [-84.3940009111282, 33.7742364336263], [-84.3939122136113, 33.7742339100563], [-84.3939175411512, 33.7741220043315], [-84.3939176920963, 33.7741174263663], [-84.393918324914, 33.7740982533743], [-84.3939207661697, 33.7740242728392], [-84.3940091848922, 33.7740267888023], [-84.3940089942159, 33.774031447088], [-84.3941154029152, 33.774034474432], [-84.3941154840571, 33.7740324942547], [-84.3941212024933, 33.7740326568328], [-84.3941335442104, 33.7740330082719], [-84.3941537660548, 33.7740335841224], [-84.3941659695614, 33.7740339313046], [-84.3941715476276, 33.774034089631], [-84.394171466487, 33.7740360698084], [-84.3942737978528, 33.7740389242017], [-84.3942724211532, 33.7741474892486], [-84.3942722086242, 33.7741642928272], [-84.3942720495717, 33.774176821575], [-84.3942362490257, 33.7741771075977], [-84.3942360592701, 33.774204977109], [-84.3941991998179, 33.7742204795492], [-84.3940860923761, 33.7742190352999], [-84.394084626296, 33.7742378825281]]]}, "properties": {"OBJECTID": 58, "BUILDINGID": "059", "FACILITYKEY": "059", "SHORTNAME": "Stephen C. Hall", "LONGNAME": "Hall, Stephen C.", "FLOORCOUNT": 2, "BLGHEIGHT": null, "BLDGAREA": 12597, "BLDGTYPE": null, "OPERHOURS": null, "OPERDATE": null, "ACCESSTYPE": "Student", "CONDITION": null, "OWNEDBY": null, "MAINTBY": 4, "LASTUPDATE": null, "LASTEDITOR": null, "created_user": "wsims6_GTFacilities", "created_date": 1628109909166, "last_edited_user": "dsimsGT", "last_edited_date": 1713902946708, "cust_shift1": 6, "cust_shift2": null, "cust_shift3": null, "Shape__Area": 1008.0703125, "Shape__Length": 133.82083267094066, "GlobalID": "4bf5acb0-e8d0-48a6-87c1-fccb7a0f6388", "cust_zone": 6}}, {"type": "Feature", "id": 59, "geometry": {"type": "Polygon", "coordinates": [[[-84.3967701871585, 33.7765855294791], [-84.3967706187272, 33.7765571428793], [-84.3967902998641, 33.7765575768434], [-84.3967913667351, 33.776532583777], [-84.3968979776327, 33.7765349339009], [-84.3969349503449, 33.7765357485383], [-84.3969238002827, 33.7768885152683], [-84.3969204734704, 33.7768884421301], [-84.3967802160846, 33.7768853504967], [-84.3967894727387, 33.7765898566107], [-84.3967892815657, 33.7765857950268], [-84.3967701871585, 33.7765855294791]]]}, "properties": {"OBJECTID": 59, "BUILDINGID": "060A", "FACILITYKEY": "060A", "SHORTNAME": "Arch Annex", "LONGNAME": "Caddell, Joyce K. & John A. Architecture Annex", "FLOORCOUNT": 2, "BLGHEIGHT": null, "BLDGAREA": 11024, "BLDGTYPE": null, "OPERHOURS": null, "OPERDATE": null, "ACCESSTYPE": "Student", "CONDITION": null, "OWNEDBY": null, "MAINTBY": 3, "LASTUPDATE": null, "LASTEDITOR": null, "created_user": "wsims6_GTFacilities", "created_date": 1628109909166, "last_edited_user": "dsimsGT", "last_edited_date": 1713902947268, "cust_shift1": 6, "cust_shift2": null, "cust_shift3": null, "Shape__Area": 764.23046875, "Shape__Length": 130.83949576384052, "GlobalID": "623ffd37-02e2-4f09-8af0-f8bbe19fe945", "cust_zone": 6}}, {"type": "Feature", "id": 60, "geometry": {"type": "Polygon", "coordinates": [[[-84.4011042476519, 33.7812634425996], [-84.4011042490143, 33.7812583942543], [-84.4011075466456, 33.781258394301], [-84.4011662213483, 33.7812087794822], [-84.4011675531961, 33.7811519044253], [-84.4011050906644, 33.7811515758885], [-84.4011052657191, 33.7811282417346], [-84.4011055489799, 33.7810907244078], [-84.4011069666468, 33.7809024498082], [-84.4011897947759, 33.7809028649713], [-84.4012241751999, 33.7809030656143], [-84.4012472415771, 33.7809031867707], [-84.4013817374966, 33.7809038930899], [-84.4013957649891, 33.7809039664916], [-84.4014859151992, 33.7809044396602], [-84.401499788283, 33.7809045124422], [-84.4015771613928, 33.7809049187914], [-84.4017071857549, 33.7809055394962], [-84.4017598927383, 33.7809056013927], [-84.4017705918725, 33.780905489041], [-84.4017706246607, 33.780910375926], [-84.4017706205941, 33.7809124443207], [-84.4017705286091, 33.7809285723243], [-84.40177048118, 33.7809369009633], [-84.4017698528691, 33.7810922538899], [-84.4017698437264, 33.7810944404105], [-84.4017698413265, 33.7810951428011], [-84.4017698462161, 33.7811317092398], [-84.4017698969917, 33.7811585918614], [-84.4017666757247, 33.7811584807839], [-84.4017667009011, 33.781155049053], [-84.4017075263254, 33.7811547389015], [-84.401707100095, 33.7812113687927], [-84.4017654299023, 33.78126210898], [-84.4017691660578, 33.781262158666], [-84.4017691467092, 33.7812669329437], [-84.4011042476519, 33.7812634425996]]]}, "properties": {"OBJECTID": 60, "BUILDINGID": "061", "FACILITYKEY": "061", "SHORTNAME": "430 10th Street (N)", "LONGNAME": "430 Tenth Street (North)", "FLOORCOUNT": 3, "BLGHEIGHT": null, "BLDGAREA": 46800, "BLDGTYPE": null, "OPERHOURS": null, "OPERDATE": null, "ACCESSTYPE": "Private", "CONDITION": null, "OWNEDBY": null, "MAINTBY": 2, "LASTUPDATE": null, "LASTEDITOR": null, "created_user": "wsims6_GTFacilities", "created_date": 1628109909166, "last_edited_user": "dsimsGT", "last_edited_date": 1713902947852, "cust_shift1": null, "cust_shift2": null, "cust_shift3": null, "Shape__Area": 3421.8359375, "Shape__Length": 265.5367516755427, "GlobalID": "670a5dd9-346a-476b-989f-013e57e17025", "cust_zone": null}}, {"type": "Feature", "id": 61, "geometry": {"type": "Polygon", "coordinates": [[[-84.4014327483911, 33.7804607843279], [-84.40138018681, 33.7804604884868], [-84.4013012276092, 33.7804603618358], [-84.4012354597364, 33.7804601785025], [-84.4011574095192, 33.7804595901897], [-84.4011170995291, 33.7804595080897], [-84.4011062489169, 33.7804594863264], [-84.4011077560096, 33.7802453810416], [-84.4011850236033, 33.7802457193131], [-84.4012368096111, 33.7802459517929], [-84.4012499623521, 33.7802460115462], [-84.4013025700816, 33.7802462523545], [-84.4013157217428, 33.7802463121028], [-84.4013674181362, 33.7802465465015], [-84.4013683294652, 33.7802465501781], [-84.4013814821865, 33.7802466027042], [-84.4014340898303, 33.7802468118989], [-84.4014472414744, 33.7802468653216], [-84.4014998502547, 33.780247095224], [-84.4015130019112, 33.780247153148], [-84.4015656096119, 33.7802473830245], [-84.4015787623457, 33.7802474400377], [-84.4016313700466, 33.7802476698862], [-84.4016445217031, 33.7802477277961], [-84.4016971294042, 33.7802479576164], [-84.401773575291, 33.7802482916745], [-84.4017722341262, 33.7804624507464], [-84.4017105242003, 33.7804623383788], [-84.4017089077693, 33.7804623297361], [-84.4016300297799, 33.7804618920712], [-84.4015774196187, 33.7804616000132], [-84.4014327483911, 33.7804607843279]]]}, "properties": {"OBJECTID": 61, "BUILDINGID": "061A", "FACILITYKEY": "061A", "SHORTNAME": "430 10th St (S)", "LONGNAME": "430 Tenth Street (South)", "FLOORCOUNT": 3, "BLGHEIGHT": null, "BLDGAREA": 39490, "BLDGTYPE": null, "OPERHOURS": null, "OPERDATE": null, "ACCESSTYPE": "Private", "CONDITION": null, "OWNEDBY": null, "MAINTBY": 2, "LASTUPDATE": null, "LASTEDITOR": null, "created_user": "wsims6_GTFacilities", "created_date": 1628109909166, "last_edited_user": "dsimsGT", "last_edited_date": 1713902948600, "cust_shift1": null, "cust_shift2": null, "cust_shift3": null, "Shape__Area": 2125.75, "Shape__Length": 205.6165350985084, "GlobalID": "bf66e6f2-fb8c-4845-9842-462fbcfdd393", "cust_zone": null}}, {"type": "Feature", "id": 62, "geometry": {"type": "Polygon", "coordinates": [[[-84.4054213148114, 33.7785351607433], [-84.4054190720255, 33.7785351010652], [-84.4054054323795, 33.7785411955646], [-84.4053907166476, 33.7785334283572], [-84.4053786107853, 33.7785331055408], [-84.4053790305758, 33.7785221244219], [-84.4053347462944, 33.7785206303829], [-84.4053302951899, 33.7785204803007], [-84.4052611552766, 33.778518979302], [-84.4052455809659, 33.7785259386011], [-84.4052308641711, 33.7785181713766], [-84.4051011562182, 33.7785147108585], [-84.4050855829749, 33.7785216701353], [-84.4050708661927, 33.77851390199], [-84.4049486241249, 33.7785106405796], [-84.4049490518941, 33.7785181189495], [-84.4049407452742, 33.7785180538397], [-84.4049113290896, 33.7785169745528], [-84.4048991636615, 33.778526725952], [-84.404883605619, 33.7785263114714], [-84.4048722104593, 33.7785159302171], [-84.404862591426, 33.7785156737803], [-84.4048628724092, 33.7785083527327], [-84.4048541053544, 33.7785081189953], [-84.4048544043784, 33.77850029389], [-84.4048430001444, 33.7784901425714], [-84.4048434955379, 33.7784771939054], [-84.404853730872, 33.7784691765054], [-84.4048555935597, 33.7784692261076], [-84.4048568360379, 33.7784367390234], [-84.4048656030854, 33.7784369727606], [-84.4048695108864, 33.7783348541304], [-84.4048614870819, 33.7783218822351], [-84.4048704764776, 33.7783096096416], [-84.4048725104384, 33.7782564642012], [-84.4048637434092, 33.7782562304644], [-84.4048649858818, 33.778223743379], [-84.4048631231994, 33.7782236937769], [-84.4048535222817, 33.7782151466221], [-84.4048540176724, 33.7782021979556], [-84.4048661750536, 33.7781926746936], [-84.4048664740781, 33.7781848504894], [-84.4048752411, 33.778185084226], [-84.4048755210014, 33.7781777631801], [-84.4048851399969, 33.778178019616], [-84.4048973053751, 33.7781682673162], [-84.4049128633553, 33.778168682697], [-84.4049242584712, 33.7781790630467], [-84.4049612734676, 33.7781800510177], [-84.4049609935735, 33.7781873720638], [-84.4050308554848, 33.7781892361039], [-84.4050281329557, 33.7782603870471], [-84.4050193659258, 33.7782601533213], [-84.4050183852317, 33.7782857765339], [-84.4050182805439, 33.7782885222638], [-84.405017650253, 33.778304994844], [-84.4050174579643, 33.7783100282319], [-84.4050173250619, 33.7783135025504], [-84.4050256679027, 33.7783262619313], [-84.4050163574916, 33.7783387966348], [-84.4050144111892, 33.7783896435987], [-84.4050755882894, 33.7783912764325], [-84.4050908285646, 33.7783845675575], [-84.405105818879, 33.7783920827098], [-84.4052355860375, 33.7783955449124], [-84.4052508263034, 33.7783888369193], [-84.4052658166299, 33.7783963511505], [-84.405326551176, 33.7783980306997], [-84.405331465417, 33.7783981573451], [-84.4053848180125, 33.7783995265475], [-84.4053852377992, 33.7783885445267], [-84.4053904436025, 33.7783886832289], [-84.4053910828573, 33.7783719644792], [-84.4053941922739, 33.7783695465474], [-84.4053995460085, 33.7783657961418], [-84.4054054312018, 33.778362517173], [-84.4054115634225, 33.7783599328991], [-84.4054212750466, 33.7783569855476], [-84.4054281857537, 33.7783555674049], [-84.4054350692091, 33.7783548345693], [-84.4054419275774, 33.77835478884], [-84.4054536958136, 33.7783560184629], [-84.4054591088793, 33.7783573081696], [-84.4054656144664, 33.7783593134763], [-84.4054688581779, 33.7783605451665], [-84.4054724069707, 33.7783623803724], [-84.4054763817886, 33.7783644347567], [-84.4054777323208, 33.7783651336278], [-84.4054833547478, 33.778368718532], [-84.4054881372698, 33.7783727396572], [-84.40549052399, 33.7783748647382], [-84.4054898937864, 33.7783913364185], [-84.4054959213341, 33.7783914978705], [-84.405495501559, 33.77840247899], [-84.4055278291644, 33.7784033415162], [-84.405527690277, 33.7784069862587], [-84.4055259396588, 33.7784527583583], [-84.4056190891755, 33.7784552433084], [-84.4056209454285, 33.7784090355057], [-84.4056209797073, 33.778405826463], [-84.4057168719146, 33.7784083844724], [-84.4057191416932, 33.7784084449945], [-84.4057343819233, 33.7784017369419], [-84.4057493722939, 33.7784092511141], [-84.4057514412272, 33.7784093066148], [-84.4058072786485, 33.77841079615], [-84.4058091388569, 33.7783621628951], [-84.4058092244127, 33.7783599239297], [-84.4058012004646, 33.7783469520961], [-84.4058101897284, 33.7783346794349], [-84.4058109819206, 33.7783139660723], [-84.4058123186905, 33.7782790172882], [-84.4058156067349, 33.7782791055898], [-84.4058172857821, 33.7782352216813], [-84.405817736732, 33.7782234290141], [-84.4058097127956, 33.7782104571808], [-84.405818702044, 33.7781981845187], [-84.4058188540857, 33.7781942268773], [-84.4058189939976, 33.7781905668043], [-84.4057927533913, 33.7781898665782], [-84.4057883088693, 33.7781897480574], [-84.4057885011127, 33.7781847146684], [-84.4057687841214, 33.7781839603205], [-84.4057625214477, 33.7781784453329], [-84.405761592131, 33.7781774003164], [-84.4057582106406, 33.7781736009985], [-84.4057509800982, 33.7781621027253], [-84.4057508632295, 33.77816162147], [-84.4057486054519, 33.7781522757219], [-84.4057484618556, 33.7781511128701], [-84.4057475593238, 33.7781437742768], [-84.4057491256755, 33.7781331570051], [-84.4057494107646, 33.778131227821], [-84.4057521478071, 33.7781242013611], [-84.4057530120366, 33.7781228057341], [-84.4057586069363, 33.7781137639568], [-84.4057623143806, 33.7781093576179], [-84.4057645129118, 33.7781074833339], [-84.4057719530184, 33.778101141131], [-84.4057916870759, 33.7781014383083], [-84.4057918793189, 33.7780964049191], [-84.4057964048232, 33.7780965259878], [-84.405822564414, 33.7780972236652], [-84.4058228472457, 33.7780898205613], [-84.4058148233211, 33.778076848728], [-84.4058238125549, 33.7780645760654], [-84.4058259505837, 33.7780086848791], [-84.4058226636319, 33.7780085974773], [-84.4058247925391, 33.7779529209013], [-84.405816768627, 33.7779399490677], [-84.4058257589262, 33.7779276764026], [-84.4058277036306, 33.7778768186066], [-84.4057701021453, 33.7778752829068], [-84.4057545279922, 33.7778822422702], [-84.4057398123396, 33.7778744742015], [-84.4056101053399, 33.7778710142139], [-84.4055945311746, 33.7778779735571], [-84.4055798144598, 33.777870206373], [-84.4054851344196, 33.7778680750956], [-84.4054806249459, 33.7778678899673], [-84.4054622252954, 33.7778671330209], [-84.4054578475633, 33.7778669530467], [-84.4054575677098, 33.7778742731925], [-84.4053720898101, 33.7778719932827], [-84.4053743308348, 33.7778134249002], [-84.4053655638497, 33.7778131911989], [-84.4053668061274, 33.7777807041069], [-84.4053649434544, 33.7777806545123], [-84.4053553425368, 33.777772107396], [-84.4053558378498, 33.7777591587268], [-84.4053679951128, 33.7777496354152], [-84.4053682940904, 33.7777418112095], [-84.4053770610683, 33.7777420449107], [-84.4053773420056, 33.7777347238612], [-84.4053869598756, 33.777734981162], [-84.4053991251343, 33.7777252288124], [-84.405414683034, 33.7777256432288], [-84.4054260781536, 33.7777360244344], [-84.4054628197715, 33.7777370046696], [-84.4054625388415, 33.7777443257193], [-84.4055845357991, 33.7777475798849], [-84.4055997759231, 33.7777408718486], [-84.405614766169, 33.7777483869402], [-84.405744259181, 33.7777518410265], [-84.4057594992932, 33.7777451329706], [-84.4057744895512, 33.777752647141], [-84.4058970512715, 33.7777559161331], [-84.4058973310849, 33.7777485950847], [-84.4059343459055, 33.7777495827647], [-84.4059465111038, 33.7777398303614], [-84.4059620690109, 33.7777402456104], [-84.4059734652778, 33.7777506267631], [-84.405982808876, 33.7777508755328], [-84.4059825370709, 33.7777579675465], [-84.4059913040519, 33.777758201204], [-84.4059909970723, 33.7777662337081], [-84.4060026756173, 33.7777763925044], [-84.406002179382, 33.7777893628173], [-84.405991944236, 33.7777973803128], [-84.4059898083693, 33.7777973231426], [-84.4059885652469, 33.7778298102417], [-84.4059797982586, 33.777829576584], [-84.4059758938463, 33.777931656477], [-84.4059842367914, 33.7779444157934], [-84.4059749265614, 33.7779569505692], [-84.4059727805994, 33.7780130599732], [-84.4059760857154, 33.7780126901986], [-84.4059739487911, 33.7780685552372], [-84.4059822917518, 33.7780813154551], [-84.4059729804271, 33.7780938502326], [-84.4059726986177, 33.7781012280886], [-84.405985849684, 33.7781015794761], [-84.4059822441966, 33.7781958369616], [-84.4059690931184, 33.7781954864755], [-84.4059688515692, 33.7782018111248], [-84.4059688374333, 33.7782021636978], [-84.4059771814862, 33.7782149239136], [-84.4059678701464, 33.7782274586905], [-84.4059678620802, 33.7782276642826], [-84.4059666491598, 33.7782593686876], [-84.4059659908993, 33.7782765896969], [-84.4059657503366, 33.7782828809831], [-84.4059624542934, 33.7782830226221], [-84.4059603495568, 33.7783380427485], [-84.4059603253581, 33.7783386595248], [-84.4059686694205, 33.7783514188392], [-84.405959397867, 33.7783639003407], [-84.4059593580648, 33.7783639536153], [-84.4059582176807, 33.7783937878546], [-84.4059581401674, 33.7783958113099], [-84.4059574133989, 33.7784148005893], [-84.4059573741776, 33.7784158393674], [-84.405955453648, 33.7784660479253], [-84.4059642207011, 33.7784662815844], [-84.4059630419553, 33.7784970752543], [-84.4059629775609, 33.7784987686799], [-84.4059651533977, 33.7784988266747], [-84.4059747055114, 33.7785076335124], [-84.4059742193386, 33.7785203423254], [-84.4059617877621, 33.7785298590143], [-84.405961699174, 33.7785321710194], [-84.4059614898558, 33.7785376615786], [-84.4059527227954, 33.7785374279193], [-84.4059524429847, 33.7785447489669], [-84.4059428250252, 33.7785444926122], [-84.4059425244462, 33.7785447330342], [-84.4059306586311, 33.7785542441148], [-84.4059151005794, 33.7785538297642], [-84.4059037042125, 33.7785434486079], [-84.4058801144591, 33.778542819902], [-84.4058669644055, 33.7785424685014], [-84.4058672442235, 33.7785351474541], [-84.4058639561718, 33.7785350600556], [-84.4058431350778, 33.7785345044198], [-84.4058343680181, 33.7785342707521], [-84.4058140943948, 33.77853373028], [-84.4058053273327, 33.7785334957086], [-84.4057850537098, 33.7785329552318], [-84.4057762866504, 33.77853272156], [-84.4057560130278, 33.7785321810784], [-84.4057472459685, 33.7785319474046], [-84.4057449848245, 33.7785318868663], [-84.4057294105509, 33.7785388462262], [-84.4057146947879, 33.7785310781558], [-84.4057121777143, 33.7785310063913], [-84.4057034116849, 33.7785307546792], [-84.4056831390302, 33.7785301736095], [-84.4056743730035, 33.7785299227971], [-84.4056541003491, 33.7785293417226], [-84.4056078773252, 33.778528020145], [-84.4056033345477, 33.7785279081194], [-84.4055346496067, 33.7785261665539], [-84.4055291533439, 33.7785260275184], [-84.4054921836796, 33.7785250892212], [-84.4054914854597, 33.7785361168635], [-84.4054907244136, 33.7785560204806], [-84.405469794412, 33.7785726387406], [-84.4054404794438, 33.7785718569289], [-84.4054205879235, 33.7785541500197], [-84.4054213148114, 33.7785351607433]]]}, "properties": {"OBJECTID": 62, "BUILDINGID": "064", "FACILITYKEY": "064", "SHORTNAME": "Ugrad Living Ctr", "LONGNAME": "Nelson, Kurt S. (West), Carolyn & Earl Shell (North) UG Liv Ctr", "FLOORCOUNT": 6, "BLGHEIGHT": null, "BLDGAREA": 191511, "BLDGTYPE": null, "OPERHOURS": null, "OPERDATE": null, "ACCESSTYPE": "Student", "CONDITION": null, "OWNEDBY": null, "MAINTBY": 7, "LASTUPDATE": null, "LASTEDITOR": null, "created_user": "wsims6_GTFacilities", "created_date": 1628109909166, "last_edited_user": "dsimsGT", "last_edited_date": 1713902949173, "cust_shift1": null, "cust_shift2": null, "cust_shift3": null, "Shape__Area": 5075.57421875, "Shape__Length": 702.1758729886625, "GlobalID": "ffc9555b-d989-4037-b4d4-cb78109a3a4b", "cust_zone": null}}, {"type": "Feature", "id": 63, "geometry": {"type": "MultiPolygon", "coordinates": [[[[-84.4057201047469, 33.7773724603581], [-84.4057202996813, 33.7773651264339], [-84.4055989786089, 33.77736287369], [-84.4055638463965, 33.7773622218354], [-84.4054721697285, 33.7773605193971], [-84.4054719747941, 33.7773678540684], [-84.4053863374997, 33.7773662643794], [-84.405386703114, 33.7773525112168], [-84.4053873373247, 33.777328673342], [-84.4053875574119, 33.7773204217398], [-84.4053710885978, 33.7773201163461], [-84.405371527874, 33.7773036123924], [-84.4053788859745, 33.7773037497822], [-84.4053801534973, 33.7772684570116], [-84.4053810446261, 33.7772349921102], [-84.4053898283529, 33.7772351556341], [-84.4053900232873, 33.7772278209515], [-84.4054202156641, 33.777228380965], [-84.4054300971322, 33.7772285646494], [-84.4054668768548, 33.7772292478658], [-84.4054756605817, 33.777229410643], [-84.4054754656473, 33.7772367453255], [-84.405567141417, 33.7772384477662], [-84.405602275426, 33.7772391003684], [-84.4056500891554, 33.7772399874296], [-84.4056615642348, 33.7772308218769], [-84.4056623188196, 33.7771911393156], [-84.4056626359249, 33.7771792468639], [-84.4056629233858, 33.7771684475576], [-84.4056631003539, 33.7771617998197], [-84.4056644918443, 33.7771095408012], [-84.4056652724803, 33.7770802012774], [-84.4056665777324, 33.7770311507203], [-84.4056490120753, 33.7770308236716], [-84.4056495789123, 33.7770095080145], [-84.4056473834297, 33.7770094669467], [-84.405639158455, 33.777009313876], [-84.4056311895001, 33.777009166032], [-84.4056313781463, 33.7770020598162], [-84.4056320132552, 33.7769782225907], [-84.4056322027997, 33.7769711171189], [-84.405640167263, 33.7769712649629], [-84.4056483967294, 33.7769714180337], [-84.4056505922119, 33.7769714583548], [-84.4056511599472, 33.7769501419362], [-84.4056687265026, 33.7769504682384], [-84.4056701602138, 33.7768966037128], [-84.405670941748, 33.7768672641161], [-84.4056723332384, 33.7768150041712], [-84.4056731138744, 33.7767856652931], [-84.4056741774797, 33.7767457368651], [-84.4056634956126, 33.776736411468], [-84.4056156818833, 33.7767355236549], [-84.4055805478743, 33.7767348710488], [-84.405455386504, 33.7767325473529], [-84.4054202533933, 33.7767318947468], [-84.4053571233884, 33.7767307231918], [-84.4053403186044, 33.7767304110759], [-84.4053283036374, 33.7767301870692], [-84.4053281078047, 33.7767375225411], [-84.4052855635928, 33.7767367325442], [-84.4052811726277, 33.7767366504084], [-84.4052504313804, 33.7767360806848], [-84.405246039517, 33.7767359985491], [-84.4052427453948, 33.7767359373205], [-84.4052443327179, 33.7766763425657], [-84.4052355498894, 33.7766761790407], [-84.4052374534195, 33.7766046655787], [-84.405246236248, 33.7766048291039], [-84.4052464320807, 33.7765974936206], [-84.4053232856483, 33.7765989212921], [-84.4053320684768, 33.7765990848172], [-84.4053318744407, 33.776606418807], [-84.4054235493121, 33.7766081212602], [-84.4054586824228, 33.7766087738672], [-84.405583843793, 33.7766110968198], [-84.4056189769038, 33.7766117494269], [-84.4057402961796, 33.7766140021905], [-84.405740491114, 33.7766066674547], [-84.4057813878156, 33.7766074268385], [-84.4058165209264, 33.7766080794456], [-84.4058261284083, 33.7766082571578], [-84.4058259325756, 33.7766155918934], [-84.4058347163024, 33.7766157546718], [-84.4058345078933, 33.7766235486211], [-84.4058337281556, 33.7766528868079], [-84.405832811874, 33.7766872688712], [-84.4058240290455, 33.7766871053463], [-84.405818861936, 33.7767883705454], [-84.4058183552862, 33.776817715396], [-84.4058169637958, 33.7768699753393], [-84.4058159082753, 33.7768993089616], [-84.4058144251568, 33.7769550073487], [-84.4058278747332, 33.7769552567422], [-84.4058273608969, 33.776974578759], [-84.4058400819396, 33.7769747714043], [-84.4058471247315, 33.7769748774338], [-84.4058469297971, 33.7769822128847], [-84.4058462946881, 33.7770060501091], [-84.4058460997537, 33.7770133855574], [-84.4058389779102, 33.7770132504072], [-84.4058263386141, 33.7770130047473], [-84.4058258247778, 33.7770322722431], [-84.4058126491875, 33.77703202733], [-84.4058115945653, 33.7770716614304], [-84.4058112954263, 33.7770829124938], [-84.4058105147904, 33.77711225127], [-84.4058091233, 33.7771645117803], [-84.4058083417657, 33.7771938505286], [-84.4058056441249, 33.7772951614231], [-84.4058166233343, 33.7772953652678], [-84.4058157088493, 33.7773297470732], [-84.4058156639336, 33.7773314375652], [-84.4058156531538, 33.7773318482412], [-84.405814927315, 33.7773590857649], [-84.4058147207025, 33.7773668788998], [-84.4058059369757, 33.7773667161228], [-84.4058057420413, 33.7773740507936], [-84.4057961345593, 33.7773738723362], [-84.4057560607145, 33.7773731286396], [-84.4057235156501, 33.7773725245728], [-84.4057201047469, 33.7773724603581]]], [[[-84.4047761550464, 33.7777005815129], [-84.4047762143352, 33.7776987409454], [-84.4047489540596, 33.777698122694], [-84.4047483476967, 33.7776870636082], [-84.4046914861359, 33.7776857733442], [-84.4046562389391, 33.7776849743959], [-84.4045345279979, 33.7776822146643], [-84.404534289046, 33.7776895724551], [-84.4044929836109, 33.7776886361176], [-84.4044577364141, 33.7776878364227], [-84.4044483750705, 33.7776876243654], [-84.4044486140224, 33.7776802658278], [-84.4044398024478, 33.777680066464], [-84.4044400638575, 33.7776720179927], [-84.4044410214616, 33.7776425838331], [-84.4044421353726, 33.7776083216222], [-84.4044509478455, 33.7776085217328], [-84.4044542536458, 33.7775068834154], [-84.4044552112499, 33.7774774499457], [-84.4044577085664, 33.7774006469031], [-84.4044488960934, 33.7774004475387], [-84.4044512299165, 33.7773287032094], [-84.4044600414911, 33.7773289025739], [-84.4044602813413, 33.7773215447522], [-84.4045461953168, 33.7773234928501], [-84.4045459554666, 33.7773308514184], [-84.4046175493981, 33.7773324754555], [-84.4046152173716, 33.7774042197816], [-84.4046064048987, 33.7774040196706], [-84.4046060006568, 33.7774164370091], [-84.4046056269577, 33.7774279344327], [-84.4046042067212, 33.7774716250759], [-84.4046039075822, 33.7774808227102], [-84.4046029499781, 33.7775102561788], [-84.4046016474209, 33.7775503134265], [-84.4046123086268, 33.7775597141498], [-84.4046602777646, 33.777560802065], [-84.4046955240631, 33.7775616010145], [-84.4047544526474, 33.7775629375747], [-84.4047549314495, 33.7775482204774], [-84.4047813661733, 33.7775488208096], [-84.4047818674333, 33.7775334137757], [-84.4048262010892, 33.7775344195563], [-84.4048257600164, 33.777547986766], [-84.4048256998292, 33.7775498258433], [-84.4048518596686, 33.7775504194553], [-84.4048513808666, 33.7775651365522], [-84.4049160245327, 33.7775667127972], [-84.4049513435947, 33.7775675744678], [-84.4049989956273, 33.7775687363045], [-84.4050105641315, 33.7775595864672], [-84.4050118657904, 33.7775195292239], [-84.4050128233945, 33.7774900957585], [-84.405015320711, 33.7774132927271], [-84.4050065091364, 33.7774130933628], [-84.4050076311322, 33.777378600335], [-84.4050084333277, 33.7773491630877], [-84.4050084728536, 33.7773477204951], [-84.4050088429595, 33.7773413490441], [-84.4050176536358, 33.7773415484086], [-84.4050178934859, 33.7773341905879], [-84.4050272557278, 33.7773344018994], [-84.4050625020263, 33.7773352015976], [-84.4051038074614, 33.7773361386856], [-84.4051035676112, 33.7773434965061], [-84.4051751624411, 33.777345120543], [-84.4051741159037, 33.777377313053], [-84.4051728295163, 33.7774168648585], [-84.4051640179416, 33.7774166640008], [-84.4051632992894, 33.7774387396797], [-84.4051631807118, 33.7774424185856], [-84.4051572581191, 33.7776245395383], [-84.4051660705921, 33.7776247389022], [-84.405164731204, 33.7776659004373], [-84.405163999077, 33.7776884345138], [-84.4051637376673, 33.7776964829836], [-84.4051549251943, 33.7776962836199], [-84.4051547679891, 33.7777033651377], [-84.405068772267, 33.7777016933201], [-84.4050690121172, 33.7776943355304], [-84.4048473429394, 33.7776893088768], [-84.4048469836133, 33.7777003463085], [-84.4048205488894, 33.7776997467241], [-84.4048204896006, 33.7777015865448], [-84.4048202641234, 33.7777084851254], [-84.4048200557143, 33.7777149230038], [-84.4048123445759, 33.7777147482806], [-84.404783707183, 33.7777140986686], [-84.4047757211601, 33.777713917972], [-84.4047759313659, 33.7777074793469], [-84.4047761550464, 33.7777005815129]]]]}, "properties": {"OBJECTID": 63, "BUILDINGID": "065", "FACILITYKEY": "065", "SHORTNAME": "Sixth St Apts", "LONGNAME": "Sixth Street Apartments", "FLOORCOUNT": 4, "BLGHEIGHT": null, "BLDGAREA": 92245, "BLDGTYPE": null, "OPERHOURS": null, "OPERDATE": null, "ACCESSTYPE": "Student", "CONDITION": null, "OWNEDBY": null, "MAINTBY": 7, "LASTUPDATE": null, "LASTEDITOR": null, "created_user": "wsims6_GTFacilities", "created_date": 1628109909166, "last_edited_user": "dsimsGT", "last_edited_date": 1713902949731, "cust_shift1": null, "cust_shift2": null, "cust_shift3": null, "Shape__Area": 5565.5859375, "Shape__Length": 771.7711903510087, "GlobalID": "4bb4d8c9-a9cd-4baa-a4db-51e30df4793c", "cust_zone": null}}, {"type": "Feature", "id": 65, "geometry": {"type": "Polygon", "coordinates": [[[-84.3969050653224, 33.778054988749], [-84.3968663278187, 33.7780534218125], [-84.3968413463491, 33.7780539543996], [-84.3968471571244, 33.7778095969386], [-84.3969562899137, 33.7778108170431], [-84.3972332182632, 33.7778168387358], [-84.3972907049729, 33.7778179169897], [-84.3975819406085, 33.7778238345211], [-84.397580867534, 33.777863738209], [-84.397579897567, 33.7778998168986], [-84.3975762188157, 33.7780365952766], [-84.3975754304455, 33.778065909437], [-84.3969050653224, 33.778054988749]]]}, "properties": {"OBJECTID": 65, "BUILDINGID": "066", "FACILITYKEY": "066", "SHORTNAME": "Cherry Emerson", "LONGNAME": "Cherry L. Emersons", "FLOORCOUNT": 4, "BLGHEIGHT": null, "BLDGAREA": 60212, "BLDGTYPE": null, "OPERHOURS": null, "OPERDATE": null, "ACCESSTYPE": "Employee", "CONDITION": null, "OWNEDBY": null, "MAINTBY": 3, "LASTUPDATE": null, "LASTEDITOR": null, "created_user": "wsims6_GTFacilities", "created_date": 1628109909166, "last_edited_user": "dsimsGT", "last_edited_date": 1713902950289, "cust_shift1": 5, "cust_shift2": null, "cust_shift3": null, "Shape__Area": 2667.703125, "Shape__Length": 228.7175593896871, "GlobalID": "12e3b2ae-ae44-491b-8b08-e899dad9e2d3", "cust_zone": 5}}, {"type": "Feature", "id": 66, "geometry": {"type": "Polygon", "coordinates": [[[-84.397519473511, 33.7805706991694], [-84.3975211611699, 33.7805119327127], [-84.3976027623334, 33.7805135671036], [-84.3975939233394, 33.7808213459713], [-84.3975122562289, 33.7808197901423], [-84.3972752828413, 33.7808114385112], [-84.3972777696903, 33.7807248690604], [-84.3975149091773, 33.7807296182812], [-84.397519473511, 33.7805706991694]]]}, "properties": {"OBJECTID": 66, "BUILDINGID": "067", "FACILITYKEY": "067", "SHORTNAME": "Garage-Warehouse", "LONGNAME": "Facilities Garage/Warehouse", "FLOORCOUNT": 2, "BLGHEIGHT": null, "BLDGAREA": 9752, "BLDGTYPE": null, "OPERHOURS": null, "OPERDATE": null, "ACCESSTYPE": "Employee", "CONDITION": null, "OWNEDBY": null, "MAINTBY": 2, "LASTUPDATE": null, "LASTEDITOR": null, "created_user": "wsims6_GTFacilities", "created_date": 1628109909166, "last_edited_user": "dsimsGT", "last_edited_date": 1713902950806, "cust_shift1": 8, "cust_shift2": null, "cust_shift3": null, "Shape__Area": 687.34375, "Shape__Length": 152.98283086544893, "GlobalID": "d9aef4f5-dfe7-4c03-98b4-2b4aaa992f0d", "cust_zone": 8}}, {"type": "Feature", "id": 67, "geometry": {"type": "Polygon", "coordinates": [[[-84.3970276053183, 33.7809578044634], [-84.3970301406907, 33.7808356233226], [-84.3971062911294, 33.7808367245206], [-84.3971065923332, 33.7808221902465], [-84.3971827438404, 33.7808232913954], [-84.3971830450312, 33.7808087571211], [-84.3972586512226, 33.7808098502253], [-84.3972555138199, 33.7809611008199], [-84.3970765715824, 33.7809585128103], [-84.3970276053183, 33.7809578044634]]]}, "properties": {"OBJECTID": 67, "BUILDINGID": "067A", "FACILITYKEY": "067A", "SHORTNAME": "Fac Storage", "LONGNAME": "Facilities Operations Storage", "FLOORCOUNT": 2, "BLGHEIGHT": null, "BLDGAREA": 6943, "BLDGTYPE": "Storage (Group S)", "OPERHOURS": null, "OPERDATE": null, "ACCESSTYPE": "Employee", "CONDITION": null, "OWNEDBY": null, "MAINTBY": 2, "LASTUPDATE": null, "LASTEDITOR": null, "created_user": "wsims6_GTFacilities", "created_date": 1628109909166, "last_edited_user": "dsimsGT", "last_edited_date": 1713902951337, "cust_shift1": 8, "cust_shift2": null, "cust_shift3": null, "Shape__Area": 464.5625, "Shape__Length": 91.26916439216674, "GlobalID": "6f8dfa45-83ad-4240-9c1f-699ac5e0f570", "cust_zone": 8}}, {"type": "Feature", "id": 68, "geometry": {"type": "Polygon", "coordinates": [[[-84.3956847180325, 33.7810271605077], [-84.3956627776928, 33.7809580139392], [-84.3956550942492, 33.7809597142843], [-84.3956496660629, 33.7809426056116], [-84.3956573484277, 33.7809409061704], [-84.3956513093712, 33.7809218736064], [-84.3956492731268, 33.7809154576299], [-84.395645881188, 33.7809047649334], [-84.3956438449445, 33.7808983489568], [-84.3956436413201, 33.7808977073591], [-84.3956390265597, 33.78088316598], [-84.3956464542438, 33.7808815229144], [-84.3956721430393, 33.7808758390245], [-84.3956797735978, 33.7808741504979], [-84.3957088886417, 33.7808677091665], [-84.3957164404215, 33.7808660379152], [-84.3957420601436, 33.780860369467], [-84.3957496615625, 33.7808586873018], [-84.3957544113713, 33.7808736567102], [-84.3957565151368, 33.780880286251], [-84.3957695769776, 33.7808773965548], [-84.3957812478884, 33.7809141784761], [-84.3958790257571, 33.7808932309748], [-84.3959573913741, 33.7808758918081], [-84.3959813464111, 33.7809513822036], [-84.395792344551, 33.7809932002033], [-84.3957987233808, 33.7810133023889], [-84.3958015316852, 33.7810221549934], [-84.3958076807534, 33.7810415308744], [-84.395697045535, 33.7810660105065], [-84.3956908692559, 33.7810465445054], [-84.3956847180325, 33.7810271605077]]]}, "properties": {"OBJECTID": 68, "BUILDINGID": "071", "FACILITYKEY": "071", "SHORTNAME": "Presidents Home", "LONGNAME": "President's House", "FLOORCOUNT": 3, "BLGHEIGHT": null, "BLDGAREA": 9637, "BLDGTYPE": null, "OPERHOURS": null, "OPERDATE": null, "ACCESSTYPE": "Private", "CONDITION": null, "OWNEDBY": null, "MAINTBY": 2, "LASTUPDATE": null, "LASTEDITOR": null, "created_user": "wsims6_GTFacilities", "created_date": 1628109909166, "last_edited_user": "dsimsGT", "last_edited_date": 1713902951966, "cust_shift1": null, "cust_shift2": null, "cust_shift3": null, "Shape__Area": 560.81640625, "Shape__Length": 121.36733905888335, "GlobalID": "dda5dc72-b4db-4250-9e2b-812b66c4d545", "cust_zone": null}}, {"type": "Feature", "id": 69, "geometry": {"type": "Polygon", "coordinates": [[[-84.3930115926084, 33.7800928922241], [-84.3930096459592, 33.7800928571311], [-84.3930096441625, 33.780092936277], [-84.3930115926084, 33.7800928922241], [-84.3930134422396, 33.7800928504112], [-84.3930116330326, 33.7801266666193], [-84.3930105074435, 33.7801477082235], [-84.3930104724092, 33.7801480292869], [-84.3930064111258, 33.7802242885388], [-84.3930058694417, 33.7802344080007], [-84.3930086811686, 33.7802352308182], [-84.3931824153445, 33.7802860595732], [-84.3931086654563, 33.7803614368999], [-84.393116428697, 33.78036778498], [-84.3931209660875, 33.7803710045659], [-84.3931259759918, 33.7803755927743], [-84.3931900204817, 33.7804279647854], [-84.3932143172152, 33.7804643859454], [-84.3932491251358, 33.7805165607851], [-84.3932494063085, 33.7805165062791], [-84.3933490869657, 33.7804971843146], [-84.3933839029712, 33.780490436783], [-84.3933866122901, 33.7804899111371], [-84.3933879130506, 33.7805188037394], [-84.3933933568412, 33.7806397940192], [-84.3933905864369, 33.7807079658212], [-84.3933748147154, 33.7808148956059], [-84.3933497714819, 33.7808946635315], [-84.3933420836997, 33.780919152988], [-84.3933017196991, 33.7810063238682], [-84.3932855581088, 33.780998969349], [-84.3932360196142, 33.7810689567206], [-84.3932193001701, 33.7810889901146], [-84.3932151706147, 33.7810939396636], [-84.3932031053421, 33.781108345545], [-84.393186006809, 33.7811208153587], [-84.3931351540791, 33.7811578977563], [-84.393080346067, 33.7811826290523], [-84.3930789572715, 33.7811830688292], [-84.3930256494459, 33.7811935391033], [-84.3930248283858, 33.7811938758425], [-84.3930278071993, 33.7812044513929], [-84.3928980734043, 33.7812159050022], [-84.3929017331407, 33.7812311486041], [-84.3927888122146, 33.7812293237922], [-84.3926608606771, 33.7812151471527], [-84.3925364089759, 33.7811868603184], [-84.3924564436443, 33.7811616519142], [-84.3924665496912, 33.7811390358731], [-84.3924389902766, 33.7811262226027], [-84.3924331952447, 33.7811349136155], [-84.3922498535868, 33.7810817729862], [-84.3921398162527, 33.7809390161803], [-84.3921590985903, 33.7807672299901], [-84.3921709698268, 33.7807664250974], [-84.3921681958292, 33.7807378902258], [-84.392235909937, 33.7807332990502], [-84.3922373625128, 33.7806625856559], [-84.3922402110706, 33.7806414612995], [-84.3922536247144, 33.7805919603086], [-84.3922571056861, 33.7805763865713], [-84.3922649910977, 33.7805561738601], [-84.3922961150273, 33.780496349553], [-84.3923083680478, 33.7804777951466], [-84.3923209264955, 33.7804626686357], [-84.3922679429617, 33.7804168784258], [-84.3923395692325, 33.7803587944797], [-84.3923489943565, 33.7803511516951], [-84.3923655862398, 33.7803376961814], [-84.3923211627524, 33.7803027070572], [-84.3923809716857, 33.7802542138591], [-84.3924086029655, 33.7802544072436], [-84.3924367238272, 33.780230977852], [-84.3924381530468, 33.7802297958916], [-84.3924874939121, 33.7801889999581], [-84.3925383673032, 33.7802969555519], [-84.3925404370217, 33.7803013459], [-84.3925411763351, 33.7803029161214], [-84.3925705512449, 33.7802918021193], [-84.3926107068364, 33.7802766098697], [-84.3926129265735, 33.780117817959], [-84.3926300924803, 33.780117890385], [-84.3926300601409, 33.7800932640606], [-84.3926297277643, 33.7800932222477], [-84.392626971733, 33.7800928765442], [-84.3924890794385, 33.780093006463], [-84.3924900172797, 33.7800874274221], [-84.3924908563062, 33.7800038836297], [-84.3924909039169, 33.7799991983355], [-84.3924916513152, 33.7799247764162], [-84.3924916980276, 33.7799201112776], [-84.3924922567797, 33.7798643946586], [-84.392492274746, 33.7798626153639], [-84.3924927957689, 33.7798106723379], [-84.3924928128369, 33.7798090819476], [-84.3926855562625, 33.7798108896165], [-84.3927230914684, 33.7798111531882], [-84.3927499034847, 33.7798112151612], [-84.3928798151461, 33.7798131669358], [-84.3930147564748, 33.7798141114634], [-84.3930145013533, 33.7798423009382], [-84.3930144240982, 33.7798708600013], [-84.3930132023894, 33.7799415889825], [-84.3930129948786, 33.7799622244487], [-84.3930122510735, 33.7800362819654], [-84.393011893544, 33.780072049218], [-84.3930115926084, 33.7800928922241]]]}, "properties": {"OBJECTID": 69, "BUILDINGID": "073", "FACILITYKEY": "073", "SHORTNAME": "McCamish Pav", "LONGNAME": "McCamish Pavilion (fka Coliseum)", "FLOORCOUNT": 3, "BLGHEIGHT": null, "BLDGAREA": 201241, "BLDGTYPE": null, "OPERHOURS": null, "OPERDATE": null, "ACCESSTYPE": "Public", "CONDITION": null, "OWNEDBY": null, "MAINTBY": 6, "LASTUPDATE": null, "LASTEDITOR": null, "created_user": "wsims6_GTFacilities", "created_date": 1628109909166, "last_edited_user": "dsimsGT", "last_edited_date": 1713902952865, "cust_shift1": null, "cust_shift2": null, "cust_shift3": null, "Shape__Area": 17615.125, "Shape__Length": 659.8340178541366, "GlobalID": "03352c5c-6b72-4140-a6b5-fefb28679f92", "cust_zone": null}}, {"type": "Feature", "id": 70, "geometry": {"type": "Polygon", "coordinates": [[[-84.3923551542286, 33.7801601313893], [-84.3923838030569, 33.7801846507886], [-84.3924172292447, 33.7802122333672], [-84.3924381535929, 33.7802297953176], [-84.3924326060001, 33.7802344074944], [-84.392408603531, 33.7802544067477], [-84.3923809719121, 33.7802542138454], [-84.3923211625632, 33.780302706729], [-84.3923655861556, 33.7803376961111], [-84.3923489963259, 33.7803511493325], [-84.392348086942, 33.7803518876446], [-84.3923395695268, 33.7803587945407], [-84.3923243107635, 33.7803457917818], [-84.3922969056086, 33.7803224404387], [-84.3922376976512, 33.7803705435703], [-84.3922383384077, 33.7803933722058], [-84.3922134432616, 33.7804131034589], [-84.3922097926056, 33.7804159972182], [-84.3921160143691, 33.7803353589987], [-84.392117379883, 33.7801608843002], [-84.3921174843155, 33.7801475802463], [-84.3922752871348, 33.7801484414547], [-84.3922791127822, 33.7801484624117], [-84.392341644784, 33.7801488034057], [-84.3923548054627, 33.7801601302238], [-84.3923551542286, 33.7801601313893]]]}, "properties": {"OBJECTID": 70, "BUILDINGID": "073A", "FACILITYKEY": "073A", "SHORTNAME": "Luck", "LONGNAME": "Luck, James K. Jr.", "FLOORCOUNT": 2, "BLGHEIGHT": null, "BLDGAREA": 12580, "BLDGTYPE": null, "OPERHOURS": null, "OPERDATE": null, "ACCESSTYPE": "Private", "CONDITION": null, "OWNEDBY": null, "MAINTBY": 6, "LASTUPDATE": null, "LASTEDITOR": null, "created_user": "wsims6_GTFacilities", "created_date": 1628109909166, "last_edited_user": "dsimsGT", "last_edited_date": 1713902953473, "cust_shift1": null, "cust_shift2": null, "cust_shift3": null, "Shape__Area": 825.92578125, "Shape__Length": 131.76371574091834, "GlobalID": "4eb75f13-e233-46af-bf0b-963cc78ae6d0", "cust_zone": null}}, {"type": "Feature", "id": 71, "geometry": {"type": "Polygon", "coordinates": [[[-84.3922757805888, 33.7800854322669], [-84.3922758483151, 33.780076669897], [-84.3921114284558, 33.780075654874], [-84.3921100331374, 33.7800326901375], [-84.392110723996, 33.7799547248999], [-84.3920767175351, 33.7799545147222], [-84.3920786244099, 33.7797393565208], [-84.3920827199699, 33.7796787824212], [-84.392188527738, 33.7796797684625], [-84.3923888250116, 33.7796816347448], [-84.392388889954, 33.7796742852668], [-84.392388972015, 33.7796742851167], [-84.3924916885989, 33.7796749194983], [-84.3924928127076, 33.7798090813398], [-84.3924900177677, 33.7800874270791], [-84.3924882433461, 33.7800979814482], [-84.3923838030569, 33.7801846507886], [-84.3923551542286, 33.7801601313893], [-84.3923548054627, 33.7801601302238], [-84.392341644784, 33.7801488034057], [-84.3922924555778, 33.7801485353953], [-84.3922791127822, 33.7801484624117], [-84.3922752871348, 33.7801484414547], [-84.3922757805888, 33.7800854322669]]]}, "properties": {"OBJECTID": 71, "BUILDINGID": "073B", "FACILITYKEY": "073B", "SHORTNAME": "Zelnak BB Ctr", "LONGNAME": "Zelnak, Judy & Steve Basketball Practice Facilities", "FLOORCOUNT": 1, "BLGHEIGHT": null, "BLDGAREA": 19825, "BLDGTYPE": null, "OPERHOURS": null, "OPERDATE": null, "ACCESSTYPE": "Private", "CONDITION": null, "OWNEDBY": null, "MAINTBY": 6, "LASTUPDATE": null, "LASTEDITOR": null, "created_user": "wsims6_GTFacilities", "created_date": 1628109909166, "last_edited_user": "dsimsGT", "last_edited_date": 1713902954085, "cust_shift1": null, "cust_shift2": null, "cust_shift3": null, "Shape__Area": 2620.98828125, "Shape__Length": 218.56559440817284, "GlobalID": "cac9f24a-84b0-44cc-8498-1c9f3a46bd47", "cust_zone": null}}, {"type": "Feature", "id": 72, "geometry": {"type": "Polygon", "coordinates": [[[-84.3943303238737, 33.7726883181967], [-84.3943322141479, 33.7726253721721], [-84.3943335637305, 33.7725604696572], [-84.3943906447318, 33.772560939601], [-84.3943917452357, 33.772539025618], [-84.3944043432597, 33.7725392106535], [-84.3944550722124, 33.7725399510629], [-84.394487131828, 33.7725407800143], [-84.3944869986278, 33.7725520500114], [-84.3946230513081, 33.7725531674995], [-84.3946227287394, 33.7725805765195], [-84.3946218059371, 33.7726589678672], [-84.394656232938, 33.7726592496074], [-84.3946560460852, 33.772675119933], [-84.3946571368513, 33.7726760493247], [-84.3946449443531, 33.772681009295], [-84.3946240275094, 33.7726808378464], [-84.394623911187, 33.7726907282842], [-84.3944603175436, 33.7726893857281], [-84.3943303238737, 33.7726883181967]]]}, "properties": {"OBJECTID": 72, "BUILDINGID": "074", "FACILITYKEY": "074", "SHORTNAME": "Bradley", "LONGNAME": "Bradley, W.C. & Sarah", "FLOORCOUNT": 2, "BLGHEIGHT": null, "BLDGAREA": 8442, "BLDGTYPE": null, "OPERHOURS": null, "OPERDATE": null, "ACCESSTYPE": "Public", "CONDITION": null, "OWNEDBY": null, "MAINTBY": 4, "LASTUPDATE": null, "LASTEDITOR": null, "created_user": "wsims6_GTFacilities", "created_date": 1628109909166, "last_edited_user": "dsimsGT", "last_edited_date": 1713902954702, "cust_shift1": 4, "cust_shift2": null, "cust_shift3": null, "Shape__Area": 614.65625, "Shape__Length": 111.8424831192854, "GlobalID": "148cc093-32a6-4643-8de9-fd83fa9f02ac", "cust_zone": 4}}, {"type": "Feature", "id": 73, "geometry": {"type": "MultiPolygon", "coordinates": [[[[-84.3957806749301, 33.776117483769], [-84.3957809867553, 33.7760841473243], [-84.3958814778878, 33.7760851049159], [-84.395882713875, 33.7760237848961], [-84.3958827216304, 33.7760230482322], [-84.3958814814977, 33.7760041645394], [-84.3958826191838, 33.7759209354668], [-84.3958880653271, 33.7759209722373], [-84.3962788272148, 33.7759236152973], [-84.396382337419, 33.7759243153034], [-84.3963796990614, 33.776068896454], [-84.3963796710135, 33.776071332769], [-84.3963794624585, 33.7760898765253], [-84.3963795274259, 33.7761214982297], [-84.396377779173, 33.7762581503977], [-84.3963450641902, 33.7762578533319], [-84.3962755787248, 33.7762572207356], [-84.3958190471312, 33.7762530669186], [-84.3957786880042, 33.7762524439737], [-84.3957787123245, 33.7762506289038], [-84.3957796702086, 33.7761671477066], [-84.3957806749301, 33.776117483769]]], [[[-84.395830104902, 33.7759462783383], [-84.3958357935688, 33.775945754735], [-84.3958411206525, 33.7759464923119], [-84.3958455124304, 33.7759483415588], [-84.3958495705242, 33.7759509812721], [-84.3958530506011, 33.7759551025708], [-84.395854948897, 33.7759592204953], [-84.395856367628, 33.7760026008317], [-84.395856325762, 33.7760026919762], [-84.3958563426331, 33.7760033510523], [-84.3958567038656, 33.776018986825], [-84.3958360404031, 33.7760189891319], [-84.3958302813909, 33.7760186418703], [-84.3958249695686, 33.7760171495821], [-84.3958212611144, 33.7760148464366], [-84.3958167936343, 33.7760097081041], [-84.3958154911128, 33.7760059109624], [-84.3958155523929, 33.7760033790107], [-84.3958145740218, 33.7759619580469], [-84.3958152987262, 33.7759575800839], [-84.3958177750043, 33.7759537155151], [-84.3958209074251, 33.7759501364531], [-84.3958251177653, 33.7759479132769], [-84.395830104902, 33.7759462783383]]]]}, "properties": {"OBJECTID": 73, "BUILDINGID": "075", "FACILITYKEY": "075", "SHORTNAME": "Architecture (West)", "LONGNAME": "Architecture (West)", "FLOORCOUNT": 3, "BLGHEIGHT": null, "BLDGAREA": 52724, "BLDGTYPE": null, "OPERHOURS": null, "OPERDATE": null, "ACCESSTYPE": "Student", "CONDITION": null, "OWNEDBY": null, "MAINTBY": 3, "LASTUPDATE": null, "LASTEDITOR": null, "created_user": "wsims6_GTFacilities", "created_date": 1628109909166, "last_edited_user": "dsimsGT", "last_edited_date": 1713902955239, "cust_shift1": 6, "cust_shift2": null, "cust_shift3": null, "Shape__Area": 2771.375, "Shape__Length": 248.659904617152, "GlobalID": "51d391b2-06bb-4a20-9987-17e02fef5418", "cust_zone": 6}}, {"type": "Feature", "id": 74, "geometry": {"type": "Polygon", "coordinates": [[[-84.3949688462396, 33.7762204448243], [-84.3949726049079, 33.7761077755912], [-84.3949729210581, 33.7760796146206], [-84.3949729726625, 33.7760750539708], [-84.3949756871181, 33.7760750787036], [-84.3950133796021, 33.7760754183169], [-84.3950560603341, 33.7760761607422], [-84.3950555817241, 33.7761008668844], [-84.3953458089836, 33.7761029550466], [-84.3953451223504, 33.7760777849088], [-84.3954236622786, 33.7760784805914], [-84.3954247505884, 33.7759927567443], [-84.3954261019299, 33.7758861600729], [-84.3954265956682, 33.775847281739], [-84.3951851219549, 33.7758466723722], [-84.3951859941809, 33.7758079754715], [-84.3951871900304, 33.775754938102], [-84.3951596139823, 33.7757547998145], [-84.3951580082502, 33.7757547207372], [-84.3951580065314, 33.7757544799993], [-84.3951682062665, 33.7757173815883], [-84.3951880293995, 33.7757176929209], [-84.3951867930346, 33.7757058619327], [-84.3954502364485, 33.7757081933002], [-84.3954503678212, 33.7756979070136], [-84.3955909141492, 33.7756991494382], [-84.3955907616627, 33.7757112336577], [-84.3956192255171, 33.7757114856132], [-84.395618200739, 33.7757605436802], [-84.3956359215888, 33.7757612204033], [-84.3956354449022, 33.7757987615573], [-84.3956177524211, 33.7757986050345], [-84.3956162604019, 33.7758534480634], [-84.3955893562208, 33.7758530246053], [-84.395586276623, 33.7760778021683], [-84.3956663508553, 33.7760785110802], [-84.3956688204241, 33.7761167563652], [-84.3957760995133, 33.7761176320193], [-84.3957806749301, 33.776117483769], [-84.3957796702086, 33.7761671477066], [-84.3957493891863, 33.7761669469491], [-84.3957170475104, 33.7761669393557], [-84.3956681450201, 33.7761668524837], [-84.3956656004358, 33.7762266123662], [-84.3954805346104, 33.7762249747043], [-84.3954540324677, 33.7762247398185], [-84.3949746817838, 33.7762211472352], [-84.3949688462396, 33.7762204448243]]]}, "properties": {"OBJECTID": 74, "BUILDINGID": "076", "FACILITYKEY": "076", "SHORTNAME": "Architecture (East)", "LONGNAME": "Architecture (East)", "FLOORCOUNT": 4, "BLGHEIGHT": null, "BLDGAREA": 66026, "BLDGTYPE": null, "OPERHOURS": null, "OPERDATE": null, "ACCESSTYPE": "Student", "CONDITION": null, "OWNEDBY": null, "MAINTBY": 3, "LASTUPDATE": null, "LASTEDITOR": null, "created_user": "wsims6_GTFacilities", "created_date": 1628109909166, "last_edited_user": "dsimsGT", "last_edited_date": 1713902955807, "cust_shift1": 6, "cust_shift2": null, "cust_shift3": null, "Shape__Area": 2998.3671875, "Shape__Length": 397.04338540358924, "GlobalID": "2f861b40-d152-4930-bdb4-9490e9b1e788", "cust_zone": 6}}, {"type": "Feature", "id": 75, "geometry": {"type": "Polygon", "coordinates": [[[-84.3953455405824, 33.7742658608178], [-84.3953463571509, 33.7742507526245], [-84.3953751005451, 33.774251226039], [-84.3953795310361, 33.7742512783087], [-84.3953795067816, 33.7742502344074], [-84.3953795202563, 33.7742475581967], [-84.3954060259471, 33.7742478949632], [-84.3954412048719, 33.774246713667], [-84.3954445600795, 33.7742467696703], [-84.3954895836415, 33.7742473102888], [-84.3954895117763, 33.7742219773817], [-84.3955402944377, 33.7742229794676], [-84.3955874802446, 33.7742235619019], [-84.3956751746809, 33.7742243885108], [-84.3959846119569, 33.7742284618181], [-84.39607537414, 33.7742295818842], [-84.3960817189408, 33.7742291248972], [-84.3960771932284, 33.7745168014493], [-84.3960472362104, 33.7745169642317], [-84.395579361271, 33.7745107911945], [-84.3955094283245, 33.774509868263], [-84.3954850228948, 33.7745095777935], [-84.395486408097, 33.7744002678422], [-84.3954871815465, 33.7743403794991], [-84.3954383257714, 33.7743399389403], [-84.395434065062, 33.7743399008581], [-84.3953728915878, 33.7743393490396], [-84.3953514550902, 33.7743391556417], [-84.3953524019145, 33.7742659220481], [-84.3953455405824, 33.7742658608178]]]}, "properties": {"OBJECTID": 75, "BUILDINGID": "077", "FACILITYKEY": "077", "SHORTNAME": "Gilbert Library", "LONGNAME": "Gilbert, Judge S. Price Memorial Library", "FLOORCOUNT": 5, "BLGHEIGHT": null, "BLDGAREA": 99832, "BLDGTYPE": null, "OPERHOURS": null, "OPERDATE": null, "ACCESSTYPE": "Public", "CONDITION": null, "OWNEDBY": null, "MAINTBY": 4, "LASTUPDATE": null, "LASTEDITOR": null, "created_user": "wsims6_GTFacilities", "created_date": 1628109909166, "last_edited_user": "dsimsGT", "last_edited_date": 1713902956420, "cust_shift1": 12, "cust_shift2": null, "cust_shift3": null, "Shape__Area": 2727.44140625, "Shape__Length": 240.60063144989252, "GlobalID": "bae41a63-48cf-403c-9b11-569480b1484a", "cust_zone": 12}}, {"type": "Feature", "id": 77, "geometry": {"type": "MultiPolygon", "coordinates": [[[[-84.3983587950444, 33.7776339621744], [-84.3983603170311, 33.7775740463853], [-84.3983702510058, 33.7775742224909], [-84.3983707079218, 33.7775562472124], [-84.3983711227526, 33.7775398850673], [-84.3983357999308, 33.7775392598158], [-84.3983361982745, 33.7775235892682], [-84.3983431087003, 33.7775232507992], [-84.3983433078727, 33.7775154159762], [-84.3983364091639, 33.7775152936794], [-84.3983368064278, 33.7774996231338], [-84.3983721292333, 33.7775002483851], [-84.3983723401192, 33.7774919527962], [-84.3983613015403, 33.7774917571249], [-84.3983641921168, 33.7773779164031], [-84.3983752306787, 33.7773781111726], [-84.3983754404843, 33.7773698155856], [-84.3983401177323, 33.777369190335], [-84.3983405160747, 33.777353519787], [-84.3983474147705, 33.7773536420837], [-84.398347625656, 33.777345345593], [-84.3983407269609, 33.7773452232963], [-84.3983411242234, 33.7773295527503], [-84.3983764469591, 33.7773301780007], [-84.3983768745862, 33.7773133559886], [-84.398377318704, 33.7772958414773], [-84.3983673847638, 33.7772956662736], [-84.3983675721519, 33.7772882678718], [-84.3983695372302, 33.7772108610124], [-84.3986143136487, 33.7772151943753], [-84.3986131443614, 33.7772612844864], [-84.3986865496877, 33.7772625837317], [-84.3986877189382, 33.7772164945218], [-84.3989324953849, 33.7772208272535], [-84.3989323780923, 33.7772249750708], [-84.3989301844777, 33.7772979291115], [-84.398930342391, 33.7773056316224], [-84.398914888631, 33.7773053586533], [-84.3989144211937, 33.7773237937963], [-84.3989530556058, 33.7773244775681], [-84.3989947252711, 33.7773252151227], [-84.3989946315711, 33.7773289021517], [-84.3990012549225, 33.7773290195203], [-84.3990013017736, 33.7773271764565], [-84.3990192390246, 33.7773274934282], [-84.3990174843357, 33.7773966281489], [-84.3990108609791, 33.7773965107813], [-84.3990106512347, 33.777404806369], [-84.3990105223996, 33.7774098765975], [-84.3990022437424, 33.7774097298864], [-84.3990003953388, 33.777482551635], [-84.399008674003, 33.7774826983462], [-84.3990085451652, 33.7774877676729], [-84.3990083343431, 33.7774960641643], [-84.3990148732165, 33.7774960807062], [-84.3990138891666, 33.7775471151258], [-84.3990132030102, 33.7775653153492], [-84.3989952657072, 33.7775649974753], [-84.3989953125585, 33.7775631544117], [-84.3989886891891, 33.7775630370429], [-84.3989885954887, 33.7775667240718], [-84.3989218132689, 33.77756554238], [-84.398908291186, 33.7775653027425], [-84.3989078226689, 33.7775837387883], [-84.3989232764789, 33.7775840117581], [-84.3989228207579, 33.7776019870361], [-84.3989217559662, 33.7776439284521], [-84.3983587950444, 33.7776339621744]]], [[[-84.3979657829487, 33.7777266020296], [-84.3979663091778, 33.7777058612581], [-84.3979596857984, 33.7777057438341], [-84.3979627409638, 33.7775854505986], [-84.3979693643339, 33.7775855680224], [-84.3979697733832, 33.7775694367121], [-84.3979529396172, 33.777569138258], [-84.3979541923699, 33.7775198227911], [-84.3979710261262, 33.7775201212451], [-84.3979728636832, 33.7774477602745], [-84.3979560299435, 33.7774474627223], [-84.39795710692, 33.7774050596438], [-84.3979739406538, 33.7774053580976], [-84.3979757888451, 33.7773325363618], [-84.3979589562076, 33.7773322388079], [-84.3979601961561, 33.777283384107], [-84.3979770298638, 33.7772836816587], [-84.3979774399902, 33.7772675503456], [-84.3979708166446, 33.7772674329221], [-84.3979738707029, 33.7771471396798], [-84.3979804940392, 33.7771472571032], [-84.3979810213442, 33.7771265172294], [-84.3981929572558, 33.7771302701022], [-84.3981928177331, 33.7771358001924], [-84.39822593225, 33.7771363863496], [-84.398222140402, 33.7772857168632], [-84.3981890258277, 33.7772851307053], [-84.3981881832994, 33.7773183148623], [-84.3982212978864, 33.7773189010204], [-84.398215611165, 33.7775428954282], [-84.398182495412, 33.777542309271], [-84.3981816528816, 33.7775754943282], [-84.3982147686474, 33.7775760804856], [-84.3982109767629, 33.7777254100868], [-84.3981778609397, 33.7777248239287], [-84.3981777214176, 33.77773035492], [-84.3979657829487, 33.7777266020296]]]]}, "properties": {"OBJECTID": 77, "BUILDINGID": "081", "FACILITYKEY": "081", "SHORTNAME": "Howey (Physics)", "LONGNAME": "Howey, Joseph H.", "FLOORCOUNT": 7, "BLGHEIGHT": null, "BLDGAREA": 136092, "BLDGTYPE": null, "OPERHOURS": null, "OPERDATE": null, "ACCESSTYPE": "Student", "CONDITION": null, "OWNEDBY": null, "MAINTBY": 3, "LASTUPDATE": null, "LASTEDITOR": null, "created_user": "wsims6_GTFacilities", "created_date": 1628109909166, "last_edited_user": "dsimsGT", "last_edited_date": 1713902957046, "cust_shift1": 5, "cust_shift2": null, "cust_shift3": null, "Shape__Area": 6026.79296875, "Shape__Length": 549.8715016354465, "GlobalID": "ff93e932-ee54-42e2-b167-6491ff34acd9", "cust_zone": 5}}, {"type": "Feature", "id": 79, "geometry": {"type": "Polygon", "coordinates": [[[-84.3968383709886, 33.7808850805655], [-84.3966721385586, 33.7808835799975], [-84.3966757811045, 33.7806022085132], [-84.3967785525079, 33.7806031358648], [-84.3967767403234, 33.7807431187558], [-84.3968387971747, 33.7807436783587], [-84.3970138654733, 33.7807445193327], [-84.3970122904895, 33.7808350200778], [-84.3970116220978, 33.7808866444489], [-84.3968383709886, 33.7808850805655]]]}, "properties": {"OBJECTID": 79, "BUILDINGID": "083C", "FACILITYKEY": "083C", "SHORTNAME": "Storeroom Annex", "LONGNAME": "Storeroom Annex", "FLOORCOUNT": 2, "BLGHEIGHT": null, "BLDGAREA": 9415, "BLDGTYPE": "Storage (Group S)", "OPERHOURS": null, "OPERDATE": null, "ACCESSTYPE": "Employee", "CONDITION": null, "OWNEDBY": null, "MAINTBY": 2, "LASTUPDATE": null, "LASTEDITOR": null, "created_user": "wsims6_GTFacilities", "created_date": 1628109909166, "last_edited_user": "dsimsGT", "last_edited_date": 1713902957656, "cust_shift1": 8, "cust_shift2": null, "cust_shift3": null, "Shape__Area": 931.453125, "Shape__Length": 151.104103696003, "GlobalID": "0a0ee526-2b74-4764-a9ce-249b208561c4", "cust_zone": 8}}, {"type": "Feature", "id": 80, "geometry": {"type": "Polygon", "coordinates": [[[-84.3964605971456, 33.7727115333265], [-84.3964621360184, 33.7726570679659], [-84.3964671391786, 33.7726570622568], [-84.3965300252597, 33.7726569929353], [-84.3965300181062, 33.7726583571484], [-84.3967386728544, 33.772657743842], [-84.3967905437821, 33.7726579311544], [-84.3967905381822, 33.7726590672466], [-84.3967903177545, 33.7727018077728], [-84.3967902616343, 33.7727127196718], [-84.3967901869624, 33.7727271922296], [-84.3967993285815, 33.7727405457833], [-84.3967900951749, 33.7727449549479], [-84.3967900461245, 33.7727544728794], [-84.3967991888262, 33.7727678264311], [-84.396789954337, 33.7727722355976], [-84.3967899052866, 33.772781753529], [-84.3967990469429, 33.7727951188042], [-84.396789813499, 33.7727995162473], [-84.3967897644511, 33.7728090350803], [-84.3967989050281, 33.7728223994556], [-84.39678967269, 33.7728268077165], [-84.396789623613, 33.7728363157297], [-84.3967987663235, 33.7728496692812], [-84.3967895318254, 33.7728540784478], [-84.396789482775, 33.772863596379], [-84.3967986254883, 33.7728769499305], [-84.3967893909874, 33.772881359097], [-84.3967893419369, 33.7728908770282], [-84.3967984836048, 33.7729042423031], [-84.3967892512289, 33.7729086397441], [-84.3967892011012, 33.772918158579], [-84.3967983416875, 33.7729315220524], [-84.3967891104173, 33.7729359303112], [-84.3967890613428, 33.7729454392259], [-84.3967982019367, 33.7729588045026], [-84.3967931015767, 33.7729612286374], [-84.3967889695526, 33.772963201042], [-84.3967889205046, 33.7729727198748], [-84.3967937903619, 33.7729797878617], [-84.3967979475003, 33.7729859970013], [-84.3967888287168, 33.7729904825924], [-84.3967887796664, 33.7730000005235], [-84.3967979213145, 33.7730133540766], [-84.3967886878786, 33.773017763241], [-84.3967886388281, 33.7730272811721], [-84.3967977804791, 33.7730406347252], [-84.3967885470403, 33.7730450438896], [-84.3967884979898, 33.7730545618205], [-84.3967976331754, 33.7730679189923], [-84.396788406202, 33.7730723245379], [-84.3967883571539, 33.7730818433706], [-84.39679749776, 33.7730952077453], [-84.3967882653926, 33.773099616006], [-84.3967882163155, 33.7731091240188], [-84.3967973579752, 33.7731224775717], [-84.3967878517166, 33.773127016181], [-84.3967877153094, 33.7731535313181], [-84.3967473837407, 33.7731533865106], [-84.396458321211, 33.7731523453683], [-84.3964584588185, 33.7731258374422], [-84.3964490004739, 33.7731212340856], [-84.3964582782276, 33.7731079363778], [-84.3964583273387, 33.7730984274633], [-84.3964491414198, 33.7730939534374], [-84.3964584191705, 33.7730806557295], [-84.3964584682551, 33.7730711368968], [-84.3964492801774, 33.7730666619733], [-84.396458560111, 33.7730533741794], [-84.3964591617367, 33.7729895703527], [-84.3964605530494, 33.7728272586582], [-84.3964605971456, 33.7727115333265]]]}, "properties": {"OBJECTID": 80, "BUILDINGID": "084", "FACILITYKEY": "084", "SHORTNAME": "Weber SST1", "LONGNAME": "Weber, Paul Space Science & Technology", "FLOORCOUNT": 3, "BLGHEIGHT": null, "BLDGAREA": 51706, "BLDGTYPE": null, "OPERHOURS": null, "OPERDATE": null, "ACCESSTYPE": "Student", "CONDITION": null, "OWNEDBY": null, "MAINTBY": 4, "LASTUPDATE": null, "LASTEDITOR": null, "created_user": "wsims6_GTFacilities", "created_date": 1628109909166, "last_edited_user": "dsimsGT", "last_edited_date": 1713902958200, "cust_shift1": 6, "cust_shift2": null, "cust_shift3": null, "Shape__Area": 2454.0078125, "Shape__Length": 221.67971877216578, "GlobalID": "a38613f2-08eb-4813-a232-ac5dd854be2f", "cust_zone": 6}}, {"type": "Feature", "id": 81, "geometry": {"type": "Polygon", "coordinates": [[[-84.3968282393944, 33.7757280938759], [-84.3971765394903, 33.7757297637565], [-84.3973237674714, 33.7757307401664], [-84.3973239373651, 33.7757131558376], [-84.3973249561666, 33.7756082467579], [-84.3973260553236, 33.7756082537201], [-84.3973149663436, 33.7756032612616], [-84.3973027917191, 33.7755972600795], [-84.3972911226574, 33.7755901471165], [-84.3972804236851, 33.7755820170798], [-84.3972709337972, 33.7755730119841], [-84.3972625757289, 33.7755633086976], [-84.3972556193609, 33.7755528904868], [-84.3972497943363, 33.7755419994994], [-84.3972456664571, 33.7755306500068], [-84.3972418875351, 33.775512931496], [-84.3972411600443, 33.7755009264608], [-84.3972420912436, 33.7754902302298], [-84.3972445005661, 33.7754771202205], [-84.3972482649824, 33.7754656477837], [-84.3972534815049, 33.7754545441142], [-84.3972600529072, 33.775443789557], [-84.3972680885283, 33.7754338951443], [-84.3972771794481, 33.7754245649963], [-84.397287138278, 33.7754163810284], [-84.3972985004743, 33.775408912152], [-84.3973107310976, 33.7754023793693], [-84.397323434656, 33.7753970656362], [-84.3973367890993, 33.775392895783], [-84.3973506121259, 33.7753899323642], [-84.3973647924241, 33.7753881368166], [-84.3973791691727, 33.7753875292771], [-84.3973935313443, 33.7753883310449], [-84.3974076753574, 33.7753903188909], [-84.3974214132633, 33.7753934625105], [-84.3974346944522, 33.7753978124909], [-84.3974437989892, 33.775401622076], [-84.3974509391885, 33.7754044913044], [-84.3974679320409, 33.7754147491757], [-84.397478351995, 33.775423113246], [-84.3974875654881, 33.7754321197446], [-84.3974940313727, 33.775440004317], [-84.3975026009659, 33.7754524842795], [-84.3975048336737, 33.775456869344], [-84.3975081264, 33.7754635768837], [-84.3975122625842, 33.775475193241], [-84.3975146916262, 33.7754867595939], [-84.3975159827592, 33.7754987644748], [-84.3975155821476, 33.7755108248159], [-84.397512299705, 33.7755284816899], [-84.3975082545879, 33.7755399501513], [-84.3975027573525, 33.7755510471432], [-84.3974958917265, 33.7755615903753], [-84.3974876464142, 33.775571394128], [-84.397478473041, 33.7755805738696], [-84.397467967835, 33.7755887408415], [-84.397456588825, 33.7755959825486], [-84.3974444416597, 33.7756022383824], [-84.3974319057427, 33.7756072650891], [-84.3974315430101, 33.7756447321006], [-84.3974310666733, 33.7756937891552], [-84.3974302603224, 33.7757317114282], [-84.3974621504596, 33.7757316977778], [-84.397457225965, 33.7762390276003], [-84.3973866903648, 33.7762385499726], [-84.3973189750229, 33.7762380913782], [-84.3971248714348, 33.7762374657919], [-84.3968233179584, 33.7762347348145], [-84.3968241157607, 33.7759698443017], [-84.3968282393944, 33.7757280938759]]]}, "properties": {"OBJECTID": 81, "BUILDINGID": "085", "FACILITYKEY": "085", "SHORTNAME": "Van Leer (EE)", "LONGNAME": "Van Leer, Blake R.", "FLOORCOUNT": 5, "BLGHEIGHT": null, "BLDGAREA": 162230, "BLDGTYPE": null, "OPERHOURS": null, "OPERDATE": null, "ACCESSTYPE": "Student", "CONDITION": null, "OWNEDBY": null, "MAINTBY": 3, "LASTUPDATE": null, "LASTEDITOR": null, "created_user": "wsims6_GTFacilities", "created_date": 1628109909166, "last_edited_user": "dsimsGT", "last_edited_date": 1713902958802, "cust_shift1": 5, "cust_shift2": null, "cust_shift3": null, "Shape__Area": 5724.80078125, "Shape__Length": 382.3582042019142, "GlobalID": "845bf4db-e874-41b1-9907-63abd4102cc0", "cust_zone": 5}}, {"type": "Feature", "id": 82, "geometry": {"type": "Polygon", "coordinates": [[[-84.3979616330288, 33.7757329527812], [-84.3979628012849, 33.7755726585613], [-84.3979654868836, 33.7753594687998], [-84.3980347400477, 33.7753599043218], [-84.3980982205933, 33.7753609421138], [-84.3983523451089, 33.7753624399161], [-84.3984172600471, 33.7753632791927], [-84.3984813816669, 33.7753638142654], [-84.3984801645389, 33.7754655192578], [-84.3984788266584, 33.7755773112528], [-84.3985524636386, 33.775578163829], [-84.3985698776366, 33.7755783655369], [-84.3985702143241, 33.7755502496014], [-84.3986616369874, 33.7755510127876], [-84.398661609678, 33.7755532985259], [-84.3986606522463, 33.7756230917724], [-84.398660286187, 33.775663932773], [-84.3985688623265, 33.77566317049], [-84.3985691990146, 33.7756350545549], [-84.3985553147874, 33.775634938183], [-84.3985540828174, 33.7756349278747], [-84.3984781479763, 33.7756340002705], [-84.3984750202027, 33.7758954120928], [-84.3984743249319, 33.7759535600111], [-84.3981566644692, 33.7759509085269], [-84.3980515071916, 33.7759500309636], [-84.3979586286293, 33.7759492556287], [-84.3979616330288, 33.7757329527812]]]}, "properties": {"OBJECTID": 82, "BUILDINGID": "086", "FACILITYKEY": "086", "SHORTNAME": "Bunger-Henry", "LONGNAME": "Bunger-Henry", "FLOORCOUNT": 6, "BLGHEIGHT": null, "BLDGAREA": 151265, "BLDGTYPE": null, "OPERHOURS": null, "OPERDATE": null, "ACCESSTYPE": "Student", "CONDITION": null, "OWNEDBY": null, "MAINTBY": 3, "LASTUPDATE": null, "LASTEDITOR": null, "created_user": "wsims6_GTFacilities", "created_date": 1628109909166, "last_edited_user": "dsimsGT", "last_edited_date": 1713902959737, "cust_shift1": 5, "cust_shift2": null, "cust_shift3": null, "Shape__Area": 4765.5, "Shape__Length": 328.5078412100743, "GlobalID": "7492f8de-1363-4af1-a814-6e87214fc098", "cust_zone": 5}}, {"type": "Feature", "id": 83, "geometry": {"type": "Polygon", "coordinates": [[[-84.3948075237862, 33.7810261047391], [-84.3948133829605, 33.7810531082717], [-84.3948100946839, 33.7811331962852], [-84.3948078754564, 33.7811872498548], [-84.3948008192146, 33.7813591446192], [-84.3938108684356, 33.7813340709305], [-84.3938165998362, 33.7811581708175], [-84.3937521482374, 33.7811561543294], [-84.3937579179986, 33.7810074308063], [-84.3937506421859, 33.7810073125543], [-84.3937522658704, 33.7809540129752], [-84.3937603321336, 33.7809541550186], [-84.3937615940776, 33.7809172165624], [-84.3938723429985, 33.7809201206945], [-84.3938724266514, 33.7809129533166], [-84.393911884341, 33.7809136353435], [-84.3939120780809, 33.7809048150364], [-84.3940259855149, 33.7809077934612], [-84.3940255774663, 33.7809237705674], [-84.394119133866, 33.780926511396], [-84.3941174475876, 33.7809699335084], [-84.3943719825209, 33.7809766520573], [-84.3943712265748, 33.7810129268716], [-84.3948075924029, 33.7810242913922], [-84.3948075237862, 33.7810261047391]]]}, "properties": {"OBJECTID": 83, "BUILDINGID": "203", "FACILITYKEY": "203", "SHORTNAME": "Byers Tennis", "LONGNAME": "Byers, Ken Tennis Complex", "FLOORCOUNT": 2, "BLGHEIGHT": null, "BLDGAREA": 50976, "BLDGTYPE": null, "OPERHOURS": null, "OPERDATE": null, "ACCESSTYPE": "Private", "CONDITION": null, "OWNEDBY": null, "MAINTBY": 6, "LASTUPDATE": null, "LASTEDITOR": null, "created_user": "wsims6_GTFacilities", "created_date": 1628109909166, "last_edited_user": "dsimsGT", "last_edited_date": 1713902960332, "cust_shift1": null, "cust_shift2": null, "cust_shift3": null, "Shape__Area": 5709.4375, "Shape__Length": 351.3998556068923, "GlobalID": "8273ffe0-c3af-49fe-bc00-5f24d096b90b", "cust_zone": null}}, {"type": "Feature", "id": 84, "geometry": {"type": "Polygon", "coordinates": [[[-84.39159148875, 33.7740496079685], [-84.3915915067075, 33.7740217748378], [-84.3916602869765, 33.7740218063529], [-84.3916782043523, 33.7740218142613], [-84.3917187961994, 33.7740218331169], [-84.3917187275831, 33.774126899151], [-84.3917186268601, 33.7742795589449], [-84.3917185403734, 33.7744095845385], [-84.391679207264, 33.7744095669948], [-84.3916098231374, 33.7744095347882], [-84.3915967372935, 33.7744095288843], [-84.391591250308, 33.7744095262614], [-84.3915912349897, 33.7742760015415], [-84.3915912341818, 33.7742657768088], [-84.3915912325239, 33.7742490295267], [-84.3915912189871, 33.7742322813646], [-84.3915912083827, 33.774219547352], [-84.3915914385952, 33.7741254406056], [-84.391591455994, 33.7740994594696], [-84.39159148875, 33.7740496079685]]]}, "properties": {"OBJECTID": 84, "BUILDINGID": "090", "FACILITYKEY": "090", "SHORTNAME": "Field Res Hall", "LONGNAME": "Field, Floyd Residence Hall", "FLOORCOUNT": 5, "BLGHEIGHT": null, "BLDGAREA": 26341, "BLDGTYPE": null, "OPERHOURS": null, "OPERDATE": null, "ACCESSTYPE": "Student", "CONDITION": null, "OWNEDBY": null, "MAINTBY": 7, "LASTUPDATE": null, "LASTEDITOR": null, "created_user": "wsims6_GTFacilities", "created_date": 1628109909166, "last_edited_user": "dsimsGT", "last_edited_date": 1713902960992, "cust_shift1": null, "cust_shift2": null, "cust_shift3": null, "Shape__Area": 736.13671875, "Shape__Length": 132.19554878834194, "GlobalID": "8d56c742-47f3-43c0-b079-b0bfb9f70f3a", "cust_zone": null}}, {"type": "Feature", "id": 85, "geometry": {"type": "Polygon", "coordinates": [[[-84.3912658344193, 33.7746019805417], [-84.3912654799887, 33.7745894563387], [-84.3912624276129, 33.774589422221], [-84.3912660454624, 33.774484669821], [-84.3913817926571, 33.7744859612717], [-84.3913825036199, 33.7744762383651], [-84.3914218900911, 33.7744437558591], [-84.3914605015925, 33.7744771079727], [-84.3914603493287, 33.7744866053507], [-84.3915072551845, 33.774487360244], [-84.3915133620882, 33.7744874284634], [-84.3915297479362, 33.7744876104973], [-84.3915366775879, 33.7744876880363], [-84.3916216149408, 33.7744886350628], [-84.3916218114505, 33.7744886374095], [-84.391625194218, 33.7744886754244], [-84.3916851792135, 33.7744893441948], [-84.3917254269043, 33.7744897928616], [-84.3917989839973, 33.7744906126479], [-84.3918143484315, 33.774490783884], [-84.3918395091775, 33.7744910643779], [-84.3918390128078, 33.7745221262934], [-84.3918761638715, 33.7745225399866], [-84.3918892533396, 33.774522686512], [-84.391888646758, 33.7745660877361], [-84.3918535906682, 33.77456541145], [-84.3918537974771, 33.7745524308906], [-84.3918385312856, 33.7745522603817], [-84.391837834447, 33.7745958384939], [-84.391826320284, 33.7745957098271], [-84.3917516974156, 33.7745948784764], [-84.3915241242851, 33.7745923413125], [-84.3914777211087, 33.7745910201741], [-84.3914198101292, 33.7745911779476], [-84.3913432005767, 33.77459032382], [-84.3913424450613, 33.7746028347153], [-84.3912702763962, 33.7746020292617], [-84.3912658344193, 33.7746019805417]]]}, "properties": {"OBJECTID": 85, "BUILDINGID": "091", "FACILITYKEY": "091", "SHORTNAME": "Matheson Res Hall", "LONGNAME": "Matheson, Kenneth G. Residence Hall", "FLOORCOUNT": 5, "BLGHEIGHT": null, "BLDGAREA": 33995, "BLDGTYPE": null, "OPERHOURS": null, "OPERDATE": null, "ACCESSTYPE": "Student", "CONDITION": null, "OWNEDBY": null, "MAINTBY": 7, "LASTUPDATE": null, "LASTEDITOR": null, "created_user": "wsims6_GTFacilities", "created_date": 1628109909166, "last_edited_user": "dsimsGT", "last_edited_date": 1713902961609, "cust_shift1": null, "cust_shift2": null, "cust_shift3": null, "Shape__Area": 971.2109375, "Shape__Length": 180.12205302092426, "GlobalID": "d0feab5c-0075-42f9-aab3-9f6405ce152c", "cust_zone": null}}, {"type": "Feature", "id": 86, "geometry": {"type": "Polygon", "coordinates": [[[-84.390846349482, 33.7745845497118], [-84.3908480217042, 33.7744800073355], [-84.3909672661022, 33.7744813370032], [-84.3911508521699, 33.7744833853691], [-84.3911515345148, 33.7744407404954], [-84.3911909284859, 33.7744077946], [-84.3912292549655, 33.7744416071474], [-84.3912288501475, 33.774484255123], [-84.3912660454624, 33.774484669821], [-84.3912624276129, 33.774589422221], [-84.3912563233365, 33.7745891222598], [-84.3912463305066, 33.7745890115083], [-84.3912430006422, 33.7745889742884], [-84.3911888730733, 33.7745883703859], [-84.3911455686438, 33.7745878874315], [-84.3911272673485, 33.7745876835842], [-84.3911270503246, 33.774587681274], [-84.3909246239583, 33.7745854227622], [-84.3908853825279, 33.7745849855309], [-84.390846349482, 33.7745845497118]]]}, "properties": {"OBJECTID": 86, "BUILDINGID": "092", "FACILITYKEY": "092", "SHORTNAME": "Perry Res Hall", "LONGNAME": "Perry, William G. Residence Hall", "FLOORCOUNT": 5, "BLGHEIGHT": null, "BLDGAREA": 20371, "BLDGTYPE": null, "OPERHOURS": null, "OPERDATE": null, "ACCESSTYPE": "Student", "CONDITION": null, "OWNEDBY": null, "MAINTBY": 7, "LASTUPDATE": null, "LASTEDITOR": null, "created_user": "wsims6_GTFacilities", "created_date": 1628109909166, "last_edited_user": "dsimsGT", "last_edited_date": 1713902962238, "cust_shift1": null, "cust_shift2": null, "cust_shift3": null, "Shape__Area": 718.9765625, "Shape__Length": 136.07932195650324, "GlobalID": "2f53d6ad-10d6-425f-8dae-d9a4dbd09dc7", "cust_zone": null}}, {"type": "Feature", "id": 87, "geometry": {"type": "Polygon", "coordinates": [[[-84.3908803410895, 33.7740166229887], [-84.3908804278076, 33.7740097089629], [-84.3910051783939, 33.7740107977691], [-84.3910048568031, 33.7740365396193], [-84.3910042677331, 33.7740835158622], [-84.3910004107236, 33.7743915650871], [-84.3909647467182, 33.7743912539208], [-84.3909112328945, 33.7743907867335], [-84.3908756595831, 33.7743904753767], [-84.3908771717941, 33.7742696999437], [-84.3908776534745, 33.7742312084437], [-84.3908800201323, 33.77404220795], [-84.3908802221101, 33.7740260734205], [-84.3908803410895, 33.7740166229887]]]}, "properties": {"OBJECTID": 87, "BUILDINGID": "093", "FACILITYKEY": "093", "SHORTNAME": "Hanson Res Hall", "LONGNAME": "Hanson, Major John Residence Hall", "FLOORCOUNT": 5, "BLGHEIGHT": null, "BLDGAREA": 23775, "BLDGTYPE": null, "OPERHOURS": null, "OPERDATE": null, "ACCESSTYPE": "Student", "CONDITION": null, "OWNEDBY": null, "MAINTBY": 7, "LASTUPDATE": null, "LASTEDITOR": null, "created_user": "wsims6_GTFacilities", "created_date": 1628109909166, "last_edited_user": "dsimsGT", "last_edited_date": 1713902962729, "cust_shift1": null, "cust_shift2": null, "cust_shift3": null, "Shape__Area": 708.21875, "Shape__Length": 129.7665321357703, "GlobalID": "8119ffa9-43a1-4e1b-aed8-5023f19a84c9", "cust_zone": null}}, {"type": "Feature", "id": 88, "geometry": {"type": "Polygon", "coordinates": [[[-84.3910725301636, 33.774036063139], [-84.3910727853277, 33.7740150812309], [-84.3911636718926, 33.7740158536554], [-84.3912259710323, 33.7740163822907], [-84.3912279285417, 33.7740163985653], [-84.3913003510232, 33.7740170133342], [-84.3913253397818, 33.7740172257207], [-84.3913307674729, 33.7740172717426], [-84.3913983172356, 33.7740178457334], [-84.3914547060558, 33.7740183237032], [-84.3914634041835, 33.7740183980252], [-84.3914684680136, 33.7740184410973], [-84.3914787090424, 33.774018527936], [-84.3914969485458, 33.7740186822531], [-84.3915241809389, 33.774018913955], [-84.3915295762375, 33.7740189591256], [-84.3915283060494, 33.7741233321757], [-84.3910715145856, 33.7741194542786], [-84.3910719432551, 33.77408426833], [-84.3910725301636, 33.774036063139]]]}, "properties": {"OBJECTID": 88, "BUILDINGID": "094", "FACILITYKEY": "094", "SHORTNAME": "Hopkins Res Hall", "LONGNAME": "Hopkins, Issac S. Residence Hall", "FLOORCOUNT": 5, "BLGHEIGHT": null, "BLDGAREA": 24403, "BLDGTYPE": null, "OPERHOURS": null, "OPERDATE": null, "ACCESSTYPE": "Student", "CONDITION": null, "OWNEDBY": null, "MAINTBY": 7, "LASTUPDATE": null, "LASTEDITOR": null, "created_user": "wsims6_GTFacilities", "created_date": 1628109909166, "last_edited_user": "dsimsGT", "last_edited_date": 1713902963236, "cust_shift1": null, "cust_shift2": null, "cust_shift3": null, "Shape__Area": 710.82421875, "Shape__Length": 129.661623532513, "GlobalID": "4c741b9b-4b5c-4738-9781-be5ea15cafb8", "cust_zone": null}}, {"type": "Feature", "id": 89, "geometry": {"type": "Polygon", "coordinates": [[[-84.3975006690176, 33.7769746228136], [-84.3973939635348, 33.776973293711], [-84.3973394546617, 33.7769732996846], [-84.3973307904108, 33.7769726299064], [-84.3973307805293, 33.7769095303658], [-84.3971060633678, 33.7769095564998], [-84.397032673704, 33.7769095654601], [-84.3970218364284, 33.7769095662068], [-84.397021792411, 33.7766421770381], [-84.3970461753827, 33.7766421740513], [-84.3970461672979, 33.776588472857], [-84.3970603957137, 33.7765883175455], [-84.3970775167047, 33.7765884691236], [-84.3970774960434, 33.7764683116555], [-84.3970774915518, 33.7764407893591], [-84.3970774861619, 33.7764060316109], [-84.397077483467, 33.776389711914], [-84.397077469094, 33.7763036265067], [-84.3970913741162, 33.7763036250134], [-84.3971053348341, 33.7763036235199], [-84.3971053321391, 33.7762877368854], [-84.3971053285458, 33.776260885808], [-84.3971053267492, 33.7762512646677], [-84.3971054570049, 33.776251263921], [-84.3971053267492, 33.7762501453747], [-84.3971049952709, 33.7762365167306], [-84.3971056312781, 33.7762365077703], [-84.3971248713949, 33.7762374657777], [-84.3973189748699, 33.7762380915067], [-84.397386689876, 33.7762385499763], [-84.3973883050469, 33.7762950880757], [-84.3974204368863, 33.7762950835956], [-84.3974204377846, 33.7763009010784], [-84.397617109543, 33.776300877931], [-84.3976171185262, 33.7763545793056], [-84.3976490042272, 33.7763545755721], [-84.3976490365665, 33.7765427544984], [-84.3976490446514, 33.7765913954023], [-84.397649046448, 33.7766045117606], [-84.3976490653126, 33.7767121388488], [-84.3976171805099, 33.7767121425822], [-84.3976171894931, 33.776765843699], [-84.3974205168363, 33.776765867593], [-84.3974205195313, 33.7767814181291], [-84.3974205285144, 33.7768297505153], [-84.3974173125457, 33.7768294145057], [-84.3974173152407, 33.7768392595874], [-84.3975006456614, 33.7768392498805], [-84.3975006690176, 33.7769746228136]]]}, "properties": {"OBJECTID": 89, "BUILDINGID": "095", "FACILITYKEY": "095", "SHORTNAME": "MiRC", "LONGNAME": "Pettit, Joseph M. Microelectronics Research", "FLOORCOUNT": 3, "BLGHEIGHT": null, "BLDGAREA": 98420, "BLDGTYPE": null, "OPERHOURS": null, "OPERDATE": null, "ACCESSTYPE": "Private", "CONDITION": null, "OWNEDBY": null, "MAINTBY": 3, "LASTUPDATE": null, "LASTEDITOR": null, "created_user": "wsims6_GTFacilities", "created_date": 1628109909166, "last_edited_user": "dsimsGT", "last_edited_date": 1713902963749, "cust_shift1": 5, "cust_shift2": null, "cust_shift3": null, "Shape__Area": 5405.5859375, "Shape__Length": 355.30583044746976, "GlobalID": "48cbb93e-30e8-450e-a9b5-675afe06dc27", "cust_zone": 5}}, {"type": "Feature", "id": 91, "geometry": {"type": "Polygon", "coordinates": [[[-84.396365811175, 33.7728269084604], [-84.396143279532, 33.7728260907721], [-84.3961339329862, 33.7728261460198], [-84.3961341771543, 33.7727419700259], [-84.396134491866, 33.7726024477844], [-84.3961351685856, 33.7724934196455], [-84.3964679814505, 33.7724941384523], [-84.396468423036, 33.7724941394334], [-84.3965308656506, 33.7724942179068], [-84.3965307362622, 33.7725193480958], [-84.3965307354498, 33.7725194481806], [-84.3965300252597, 33.7726569929353], [-84.3964671391786, 33.7726570622568], [-84.3964621360184, 33.7726570679659], [-84.3964605971456, 33.7727115333265], [-84.3964605530494, 33.7728272586582], [-84.396365811175, 33.7728269084604]]]}, "properties": {"OBJECTID": 91, "BUILDINGID": "098", "FACILITYKEY": "098", "SHORTNAME": "Weber SST3", "LONGNAME": "Weber, Paul Space Science & Technology (SST3)", "FLOORCOUNT": 3, "BLGHEIGHT": null, "BLDGAREA": 34411, "BLDGTYPE": null, "OPERHOURS": null, "OPERDATE": null, "ACCESSTYPE": "Public", "CONDITION": null, "OWNEDBY": null, "MAINTBY": 4, "LASTUPDATE": null, "LASTEDITOR": null, "created_user": "wsims6_GTFacilities", "created_date": 1628109909166, "last_edited_user": "dsimsGT", "last_edited_date": 1713902964298, "cust_shift1": 6, "cust_shift2": null, "cust_shift3": null, "Shape__Area": 1788.828125, "Shape__Length": 177.11665193983438, "GlobalID": "156f0f30-3651-4f17-86c2-824f9e3e3ca5", "cust_zone": 6}}, {"type": "Feature", "id": 92, "geometry": {"type": "Polygon", "coordinates": [[[-84.3996628434554, 33.7803593669216], [-84.3993440854265, 33.7803565556043], [-84.3993438861171, 33.7803722942977], [-84.3993089236243, 33.7803719860295], [-84.3993093043636, 33.7803418782843], [-84.399326786145, 33.7803420328694], [-84.3993284994455, 33.7802065493665], [-84.3993110176917, 33.7802063947815], [-84.3993113789925, 33.780177883896], [-84.3993288596608, 33.780178038483], [-84.3993305882283, 33.7800414143591], [-84.3993131065105, 33.7800412606759], [-84.3993130744033, 33.7800353756603], [-84.3993134654663, 33.780015077857], [-84.3993134667304, 33.7800127497917], [-84.3993309484425, 33.7800129034749], [-84.3993326706803, 33.7798767355947], [-84.3993151889959, 33.7798765819116], [-84.3993155529171, 33.779847842902], [-84.3993330335158, 33.779847996587], [-84.399334755751, 33.7797118296048], [-84.3993172751775, 33.7797116750182], [-84.3993176406404, 33.7796827078872], [-84.3994299914943, 33.7796843831797], [-84.3994642518514, 33.7796846855257], [-84.3995501300357, 33.7796854422724], [-84.3995574498683, 33.7796855069021], [-84.3995577327351, 33.7796631544385], [-84.3996273828821, 33.7796637686393], [-84.3996271037348, 33.7796858929783], [-84.3996333897559, 33.779686176853], [-84.3996828219982, 33.7796865713166], [-84.3996828299752, 33.7796859284244], [-84.3997027692013, 33.7796861035625], [-84.3997024027883, 33.7797150706961], [-84.3996881993515, 33.7797149460396], [-84.3996852863816, 33.7798517915121], [-84.3996997043447, 33.7798521790459], [-84.3996997819212, 33.7798808252543], [-84.3996858640109, 33.7798816819563], [-84.3996847382428, 33.7800166107469], [-84.399698160614, 33.7800161706418], [-84.3996983077199, 33.7800389929543], [-84.3996982366761, 33.7800446563584], [-84.3996839739987, 33.7800446057487], [-84.399684008637, 33.780045833732], [-84.3996834720755, 33.7800761671865], [-84.3996823062559, 33.7801811549243], [-84.3996965097696, 33.7801812795812], [-84.3996961485965, 33.7802097904672], [-84.3996819450756, 33.7802096649087], [-84.3996802323315, 33.7803451484141], [-84.3996982604858, 33.7803453073248], [-84.3996978798826, 33.7803754150707], [-84.3996626442018, 33.7803751047136], [-84.3996628434554, 33.7803593669216]]]}, "properties": {"OBJECTID": 92, "BUILDINGID": "099", "FACILITYKEY": "099", "SHORTNAME": "Baker (GTRI)", "LONGNAME": "Baker, Harry L.", "FLOORCOUNT": 4, "BLGHEIGHT": null, "BLDGAREA": 103074, "BLDGTYPE": null, "OPERHOURS": null, "OPERDATE": null, "ACCESSTYPE": "Secure", "CONDITION": null, "OWNEDBY": null, "MAINTBY": 2, "LASTUPDATE": null, "LASTEDITOR": null, "created_user": "wsims6_GTFacilities", "created_date": 1628109909166, "last_edited_user": "dsimsGT", "last_edited_date": 1713902964867, "cust_shift1": 3, "cust_shift2": null, "cust_shift3": null, "Shape__Area": 3646.3984375, "Shape__Length": 309.53779420454134, "GlobalID": "f13e0500-dba3-40d4-889f-40a35fe6d1ae", "cust_zone": 3}}, {"type": "Feature", "id": 93, "geometry": {"type": "Polygon", "coordinates": [[[-84.3951111082384, 33.7743567233438], [-84.3951111131848, 33.7743508580887], [-84.3950932719938, 33.7743506972571], [-84.3950931986672, 33.774356427391], [-84.395061154919, 33.7743561386589], [-84.3949806644069, 33.7743554120875], [-84.3949817752132, 33.7742690525131], [-84.3949818667914, 33.7742624666778], [-84.3949900988243, 33.7742626552216], [-84.3949902914346, 33.7742477568699], [-84.3949570805557, 33.7742474567452], [-84.3949581793773, 33.77419116999], [-84.3949582811092, 33.7741546258472], [-84.39499149195, 33.7741549250701], [-84.39499168456, 33.7741400267181], [-84.3949848229948, 33.7741399645752], [-84.3949860235176, 33.7740471336754], [-84.3950971839826, 33.7740481361897], [-84.3950971106563, 33.7740538663239], [-84.3951149507062, 33.7740540271572], [-84.3951153100457, 33.7740262925784], [-84.3952264704846, 33.7740272949764], [-84.3952261122606, 33.7740550295533], [-84.3952439523108, 33.774055190368], [-84.3952440267069, 33.7740494602318], [-84.3952505341183, 33.7740495185081], [-84.3953551871765, 33.7740504625137], [-84.3953538548208, 33.774141882575], [-84.3953538327966, 33.774143345997], [-84.3953466019254, 33.7741432638205], [-84.3953463711249, 33.7741575815798], [-84.3953803142136, 33.7741579631949], [-84.3953795201162, 33.7742475582154], [-84.3953795067135, 33.7742502343432], [-84.3953795310816, 33.774251278411], [-84.3953751009883, 33.7742512262102], [-84.3953463573905, 33.7742507529092], [-84.3953455402595, 33.7742658607001], [-84.3953524018324, 33.7742659219213], [-84.3953514551857, 33.7743391558467], [-84.3953512017056, 33.7743587537213], [-84.3953088481469, 33.7743585148133], [-84.3952449470838, 33.7743578054663], [-84.3952400408378, 33.7743577514376], [-84.3952401152343, 33.7743520213017], [-84.3952222740429, 33.7743518604887], [-84.3952222149566, 33.7743564445966], [-84.3952220833278, 33.7743666443272], [-84.3952219158168, 33.7743795950642], [-84.3951162366316, 33.7743786420261], [-84.395110754923, 33.7743785926641], [-84.3951108041657, 33.7743747722737], [-84.3951111082384, 33.7743567233438]]]}, "properties": {"OBJECTID": 93, "BUILDINGID": "100", "FACILITYKEY": "100", "SHORTNAME": "Crosland Tower", "LONGNAME": "Crosland, Dorothy M. Tower", "FLOORCOUNT": 10, "BLGHEIGHT": null, "BLDGAREA": 130464, "BLDGTYPE": null, "OPERHOURS": null, "OPERDATE": null, "ACCESSTYPE": "Public", "CONDITION": null, "OWNEDBY": null, "MAINTBY": 4, "LASTUPDATE": null, "LASTEDITOR": null, "created_user": "wsims6_GTFacilities", "created_date": 1628109909166, "last_edited_user": "dsimsGT", "last_edited_date": 1713902965346, "cust_shift1": 12, "cust_shift2": null, "cust_shift3": null, "Shape__Area": 1832.8671875, "Shape__Length": 201.009000618618, "GlobalID": "21fffc55-b484-4941-bb15-cf6e3e64a5b6", "cust_zone": 12}}, {"type": "Feature", "id": 94, "geometry": {"type": "Polygon", "coordinates": [[[-84.3960031380987, 33.7722748340661], [-84.3960034941258, 33.7722508278156], [-84.3959411707121, 33.7722496317063], [-84.3959430529802, 33.7721816932217], [-84.3959441987341, 33.7719697937957], [-84.3959458258236, 33.7719698106093], [-84.3959461352479, 33.7719489746537], [-84.3959255250916, 33.7719487613795], [-84.3959254986062, 33.7719505728481], [-84.3959233295147, 33.7719505507294], [-84.3959237459608, 33.7719224670939], [-84.3959465252041, 33.7719227033884], [-84.3959469894001, 33.771891471996], [-84.3959499527152, 33.7716919245251], [-84.395950228224, 33.7716733535821], [-84.3959239228001, 33.7716730814606], [-84.3959254598783, 33.7715695815415], [-84.3959444428619, 33.7715697780025], [-84.3959444693468, 33.7715679665337], [-84.3959553169203, 33.7715680789244], [-84.3959548930516, 33.7715966143032], [-84.3960697627069, 33.771597803815], [-84.3961303502113, 33.7715984314404], [-84.3961289087319, 33.7716955799444], [-84.396126927981, 33.7718289839866], [-84.3962817754855, 33.7718305867606], [-84.3962803103585, 33.7719293303292], [-84.3961254615967, 33.7719277275561], [-84.396121216496, 33.7722137115928], [-84.3961206545507, 33.7722515874413], [-84.3960588238638, 33.7722509476965], [-84.3960584604212, 33.7722754065904], [-84.3960031380987, 33.7722748340661]]]}, "properties": {"OBJECTID": 94, "BUILDINGID": "101", "FACILITYKEY": "101", "SHORTNAME": "Knight", "LONGNAME": "Knight, Montgomery Aerospace Engineering (SST2)", "FLOORCOUNT": 5, "BLGHEIGHT": null, "BLDGAREA": 55409, "BLDGTYPE": null, "OPERHOURS": null, "OPERDATE": null, "ACCESSTYPE": "Student", "CONDITION": null, "OWNEDBY": null, "MAINTBY": 4, "LASTUPDATE": null, "LASTEDITOR": null, "created_user": "wsims6_GTFacilities", "created_date": 1628109909166, "last_edited_user": "dsimsGT", "last_edited_date": 1713902965876, "cust_shift1": 6, "cust_shift2": null, "cust_shift3": null, "Shape__Area": 2044.66015625, "Shape__Length": 275.0545985178462, "GlobalID": "350f9301-0076-4903-990d-552d2501c2d4", "cust_zone": 6}}, {"type": "Feature", "id": 95, "geometry": {"type": "MultiPolygon", "coordinates": [[[[-84.3994451849763, 33.7753091065196], [-84.3994374584103, 33.7753090201082], [-84.3994399303561, 33.7749331538076], [-84.399448527784, 33.7749334847274], [-84.3994482212924, 33.7749451139081], [-84.3994927782156, 33.7749459333118], [-84.3994940168958, 33.7749196911055], [-84.3996235856668, 33.7749220749114], [-84.3996220708265, 33.7749898774741], [-84.3996789282829, 33.7749909233487], [-84.3996792661689, 33.774978139994], [-84.3996847329407, 33.7749782405754], [-84.3997230025025, 33.774978944634], [-84.3997194775141, 33.7751126004221], [-84.3997183592881, 33.7751549918861], [-84.3997176591978, 33.7751815423429], [-84.3997156332932, 33.7752583542709], [-84.3997066130364, 33.775258188269], [-84.3997056387644, 33.7752951307788], [-84.3997051540784, 33.7753135100606], [-84.3997141645671, 33.7753140538731], [-84.3997139599247, 33.7753218147757], [-84.3998358047461, 33.7753240560552], [-84.3999367433763, 33.7753259120544], [-84.3999360746181, 33.7753512506325], [-84.3999769443944, 33.7753520019929], [-84.3999824306271, 33.7753521034259], [-84.4000574443931, 33.7753534826728], [-84.4000573356891, 33.7753575917051], [-84.400042574368, 33.7753573202717], [-84.400040727769, 33.7754420177086], [-84.4000288601776, 33.7754417994089], [-84.40002678953, 33.7755203263643], [-84.4000475651212, 33.7755207081491], [-84.4000474143221, 33.7755264149876], [-84.4000351137386, 33.7755261893925], [-84.4000328608341, 33.7755805037382], [-84.4000459820421, 33.7755807449131], [-84.4000458371025, 33.7755862236225], [-84.4000327169733, 33.7755859824456], [-84.4000312836011, 33.7756403114708], [-84.4000444048207, 33.7756405535474], [-84.4000442609606, 33.7756460322549], [-84.4000311397402, 33.7756457901782], [-84.4000297063686, 33.7757001201045], [-84.4000428275949, 33.7757003612796], [-84.4000426837346, 33.775705839987], [-84.4000295625075, 33.7757055988118], [-84.4000281302139, 33.7757599287355], [-84.4000412503696, 33.7757601699129], [-84.4000411065091, 33.7757656486202], [-84.4000288077061, 33.7757652958882], [-84.4000272764319, 33.7758213490548], [-84.4000396321273, 33.7758215763497], [-84.400039523422, 33.7758256853817], [-84.4000187488345, 33.7758253026921], [-84.4000166781705, 33.7759038296425], [-84.4000429196079, 33.7759043128975], [-84.4000428119824, 33.7759084219274], [-84.4000280505669, 33.7759081504927], [-84.4000259250157, 33.7759887315083], [-84.4000406864451, 33.7759890029431], [-84.4000405788195, 33.7759931119729], [-84.3999468176632, 33.7759913876594], [-84.399947810392, 33.7759537219926], [-84.3999188349867, 33.7759531897855], [-84.3999182573508, 33.775975103716], [-84.3997709184266, 33.775972394031], [-84.3997708880475, 33.7759735355793], [-84.3996899750042, 33.7759720473791], [-84.3996905947995, 33.7759485356434], [-84.3996643533501, 33.7759480523134], [-84.3996633173159, 33.7759873157867], [-84.3995813104635, 33.7759858079407], [-84.3995816963288, 33.7759711977516], [-84.3995821290808, 33.7759547625311], [-84.3995824179403, 33.7759438051156], [-84.3995828517693, 33.7759273689914], [-84.3995832552166, 33.7759120744153], [-84.3995835382175, 33.7759013460304], [-84.3995704169616, 33.7759011048065], [-84.3995705619319, 33.7758956260977], [-84.399583683187, 33.7758958673216], [-84.3995968033624, 33.775896108546], [-84.3995988744094, 33.775817581601], [-84.3995780998277, 33.7758171997389], [-84.3995782447974, 33.77581172103], [-84.3995891784466, 33.7758119222009], [-84.3995906052207, 33.7757578438533], [-84.3995796773757, 33.7757573911107], [-84.3995798212655, 33.7757519124039], [-84.3995907530137, 33.7757522118583], [-84.3995921993253, 33.7756973742826], [-84.3995812549218, 33.775697582482], [-84.3995813988114, 33.7756921037751], [-84.3995923423591, 33.7756919785292], [-84.3995936039734, 33.775637515487], [-84.3995828441876, 33.7756373175948], [-84.399582988077, 33.7756318388879], [-84.3995939326138, 33.7756316829839], [-84.3995952786882, 33.7755777093785], [-84.3995844217322, 33.7755775098666], [-84.3995845656215, 33.7755720311596], [-84.3995950360231, 33.7755722232862], [-84.3995969260414, 33.7755181666034], [-84.3995859981927, 33.7755177012381], [-84.3995861431615, 33.775512222529], [-84.3996069176696, 33.7755126043901], [-84.3996089887003, 33.7754340774401], [-84.3995827474106, 33.7754335949937], [-84.3995828912998, 33.7754281162866], [-84.3995960124836, 33.7754283575094], [-84.3995980952442, 33.7753493743006], [-84.3995849751521, 33.7753491330759], [-84.3995851190411, 33.7753436543686], [-84.3996602915197, 33.775345037164], [-84.3996611346234, 33.7753130783313], [-84.3996690679738, 33.7753129731882], [-84.3996705298499, 33.7752575242586], [-84.399670867738, 33.7752447409044], [-84.3996153770816, 33.7752437203978], [-84.3996130485596, 33.7753112801451], [-84.3995406499996, 33.7753099488907], [-84.399483181504, 33.7753098048557], [-84.3994832588241, 33.7753068563088], [-84.3994838972815, 33.7752826403462], [-84.3994459018431, 33.7752819411066], [-84.399445253495, 33.7753064961087], [-84.3994451849763, 33.7753091065196]]], [[[-84.3994374584103, 33.7753090201082], [-84.3994374064481, 33.7753169538395], [-84.3994367501064, 33.7753090124276], [-84.3994374584103, 33.7753090201082]]]]}, "properties": {"OBJECTID": 95, "BUILDINGID": "103", "FACILITYKEY": "103", "SHORTNAME": "Boggs", "LONGNAME": "Boggs, Gilbert Hillhouse", "FLOORCOUNT": 4, "BLGHEIGHT": null, "BLDGAREA": 152751, "BLDGTYPE": null, "OPERHOURS": null, "OPERDATE": null, "ACCESSTYPE": "Faculty", "CONDITION": null, "OWNEDBY": null, "MAINTBY": 3, "LASTUPDATE": null, "LASTEDITOR": null, "created_user": "wsims6_GTFacilities", "created_date": 1628109909166, "last_edited_user": "dsimsGT", "last_edited_date": 1713902966424, "cust_shift1": 1, "cust_shift2": null, "cust_shift3": null, "Shape__Area": 5637.39453125, "Shape__Length": 548.6630394377952, "GlobalID": "86d91977-5517-41ad-86fc-af2bf946ee3d", "cust_zone": 1}}, {"type": "Feature", "id": 96, "geometry": {"type": "Polygon", "coordinates": [[[-84.3994115172661, 33.775945328541], [-84.399412543348, 33.7759111260586], [-84.3994572965118, 33.7759120614167], [-84.3994965828114, 33.7759128835463], [-84.3995248349544, 33.7759134740212], [-84.3995238089171, 33.7759476765044], [-84.3994115172661, 33.775945328541]]]}, "properties": {"OBJECTID": 96, "BUILDINGID": "103A", "FACILITYKEY": "103", "SHORTNAME": "Boggs Storage", "LONGNAME": "Boggs Storage Facility", "FLOORCOUNT": 1, "BLGHEIGHT": null, "BLDGAREA": 434, "BLDGTYPE": null, "OPERHOURS": null, "OPERDATE": null, "ACCESSTYPE": "Employee", "CONDITION": null, "OWNEDBY": null, "MAINTBY": 3, "LASTUPDATE": null, "LASTEDITOR": null, "created_user": "wsims6_GTFacilities", "created_date": 1628109909166, "last_edited_user": "dsimsGT", "last_edited_date": 1713902967007, "cust_shift1": 1, "cust_shift2": null, "cust_shift3": null, "Shape__Area": 57.2890625, "Shape__Length": 34.172270710065675, "GlobalID": "bab18373-7bf8-420b-b6eb-14eaa2f6612f", "cust_zone": 1}}, {"type": "Feature", "id": 101, "geometry": {"type": "Polygon", "coordinates": [[[-84.4038250207392, 33.7789043415761], [-84.4038271419667, 33.7787952539492], [-84.4039064209866, 33.7787956218187], [-84.4039455017212, 33.7787958027513], [-84.4040247807416, 33.7787961705448], [-84.4040257234061, 33.7788643019949], [-84.40402573624, 33.7788728694587], [-84.4040247921768, 33.7789623808802], [-84.4040202561077, 33.7789623598503], [-84.4040099973154, 33.7789623128591], [-84.4038460920697, 33.778961577562], [-84.4038397151038, 33.7789615817032], [-84.4038249200785, 33.7789614541512], [-84.4038246551561, 33.7789593556166], [-84.4038250207392, 33.7789043415761]]]}, "properties": {"OBJECTID": 101, "BUILDINGID": "105", "FACILITYKEY": "105", "SHORTNAME": "Commander", "LONGNAME": "Commander, Robert C. Commons", "FLOORCOUNT": 2, "BLGHEIGHT": null, "BLDGAREA": 7198, "BLDGTYPE": null, "OPERHOURS": null, "OPERDATE": null, "ACCESSTYPE": "Public", "CONDITION": null, "OWNEDBY": null, "MAINTBY": 7, "LASTUPDATE": null, "LASTEDITOR": null, "created_user": "wsims6_GTFacilities", "created_date": 1628109909166, "last_edited_user": "dsimsGT", "last_edited_date": 1713902967487, "cust_shift1": null, "cust_shift2": null, "cust_shift3": null, "Shape__Area": 494.71484375, "Shape__Length": 88.77511546734598, "GlobalID": "131ddda8-66cf-403a-b9a7-856abf0fbc90", "cust_zone": null}}, {"type": "Feature", "id": 102, "geometry": {"type": "Polygon", "coordinates": [[[-84.4039078908525, 33.7787424783829], [-84.4039079840218, 33.7787284917921], [-84.4038931891981, 33.7787284228552], [-84.4038931755467, 33.7787305210235], [-84.4038792186134, 33.778730455884], [-84.4038792246814, 33.7787295235652], [-84.4038151358045, 33.778729250916], [-84.4037834070911, 33.7787290783571], [-84.4037836902944, 33.7786864784053], [-84.4037444001357, 33.7786862960203], [-84.403745096834, 33.7785817482358], [-84.4037487258882, 33.7785817647069], [-84.4037487190595, 33.7785828133402], [-84.4037843801168, 33.7785829792541], [-84.403784741849, 33.7785390979041], [-84.403814051175, 33.7785394085565], [-84.4039901125012, 33.7785390015723], [-84.403989979785, 33.7785828851872], [-84.4040292698966, 33.7785830674941], [-84.4040295288206, 33.7785865131066], [-84.4040295289499, 33.7785865599923], [-84.4040290921428, 33.7786877323975], [-84.4039892833842, 33.7786874329717], [-84.4039891788535, 33.778703167886], [-84.4039893062155, 33.7787254672758], [-84.4039887917702, 33.7787292056089], [-84.4039459482581, 33.7787286676579], [-84.4039458550949, 33.7787426542487], [-84.4039455948844, 33.7787818161606], [-84.4039455017212, 33.7787958027513], [-84.4039064209866, 33.7787956218187], [-84.4039068078497, 33.7787816364667], [-84.4039078908525, 33.7787424783829]]]}, "properties": {"OBJECTID": 102, "BUILDINGID": "106", "FACILITYKEY": "106", "SHORTNAME": "Fulmer Res Hall", "LONGNAME": "Fulmer, Herman K. Residence Hall", "FLOORCOUNT": 3, "BLGHEIGHT": null, "BLDGAREA": 16342, "BLDGTYPE": null, "OPERHOURS": null, "OPERDATE": null, "ACCESSTYPE": "Student", "CONDITION": null, "OWNEDBY": null, "MAINTBY": 7, "LASTUPDATE": null, "LASTEDITOR": null, "created_user": "wsims6_GTFacilities", "created_date": 1628109909166, "last_edited_user": "dsimsGT", "last_edited_date": 1713902968019, "cust_shift1": null, "cust_shift2": null, "cust_shift3": null, "Shape__Area": 743.1015625, "Shape__Length": 133.01110498284956, "GlobalID": "532b67de-af05-4dc5-b347-87661933e5a2", "cust_zone": null}}, {"type": "Feature", "id": 103, "geometry": {"type": "Polygon", "coordinates": [[[-84.4038637893189, 33.7792742523562], [-84.4038641292967, 33.7792557894965], [-84.4038149341807, 33.7792551582158], [-84.4038150121929, 33.779250946454], [-84.4038149972615, 33.7792361251432], [-84.4038158094637, 33.7792087828185], [-84.4038163826533, 33.7791554409439], [-84.4038186729631, 33.7790520658576], [-84.4038678668833, 33.7790526971395], [-84.4038682068598, 33.7790342342792], [-84.404031819078, 33.7790363343082], [-84.4040314791367, 33.7790547971688], [-84.4040806730595, 33.7790554283659], [-84.4040779932295, 33.7792010546707], [-84.4040780528968, 33.7792203336579], [-84.4040769359752, 33.7792585207271], [-84.4040277419362, 33.7792578895291], [-84.4040274019935, 33.779276352389], [-84.4038637893189, 33.7792742523562]]]}, "properties": {"OBJECTID": 103, "BUILDINGID": "107", "FACILITYKEY": "107", "SHORTNAME": "Hefner Res Hall", "LONGNAME": "Hefner, Ralph A. Residence Hall", "FLOORCOUNT": 4, "BLGHEIGHT": null, "BLDGAREA": 24130, "BLDGTYPE": null, "OPERHOURS": null, "OPERDATE": null, "ACCESSTYPE": "Student", "CONDITION": null, "OWNEDBY": null, "MAINTBY": 7, "LASTUPDATE": null, "LASTEDITOR": null, "created_user": "wsims6_GTFacilities", "created_date": 1628109909166, "last_edited_user": "dsimsGT", "last_edited_date": 1713902968581, "cust_shift1": null, "cust_shift2": null, "cust_shift3": null, "Shape__Area": 884.30078125, "Shape__Length": 122.63781087265845, "GlobalID": "4f6aaec0-4873-4ec0-9ac9-9f556de47fd4", "cust_zone": null}}, {"type": "Feature", "id": 104, "geometry": {"type": "Polygon", "coordinates": [[[-84.4035026392259, 33.7792696172372], [-84.4035029792812, 33.7792511543782], [-84.4034537852493, 33.7792505229514], [-84.4034544822755, 33.7792126739103], [-84.4034549912916, 33.7791849787222], [-84.4034575238042, 33.7790474306024], [-84.4035067177201, 33.7790480620283], [-84.403507057774, 33.7790295991686], [-84.40362096749, 33.7790310611777], [-84.4036706699776, 33.7790316996766], [-84.4036703299588, 33.7790501625365], [-84.4037195238772, 33.7790507938775], [-84.4037177182147, 33.7791537622883], [-84.4037157859381, 33.77925388533], [-84.4036665919035, 33.779253253988], [-84.4036662518833, 33.7792717168473], [-84.4035026392259, 33.7792696172372]]]}, "properties": {"OBJECTID": 104, "BUILDINGID": "108", "FACILITYKEY": "108", "SHORTNAME": "Armstrong Res Hall", "LONGNAME": "Armstrong, Arthur H. Residence Hall", "FLOORCOUNT": 4, "BLGHEIGHT": null, "BLDGAREA": 22460, "BLDGTYPE": null, "OPERHOURS": null, "OPERDATE": null, "ACCESSTYPE": "Student", "CONDITION": null, "OWNEDBY": null, "MAINTBY": 7, "LASTUPDATE": null, "LASTEDITOR": null, "created_user": "wsims6_GTFacilities", "created_date": 1628109909166, "last_edited_user": "dsimsGT", "last_edited_date": 1713902969108, "cust_shift1": null, "cust_shift2": null, "cust_shift3": null, "Shape__Area": 883.72265625, "Shape__Length": 122.63631702005472, "GlobalID": "8f2b1ff6-eabf-43d4-8964-ea2451e932ca", "cust_zone": null}}, {"type": "Feature", "id": 105, "geometry": {"type": "Polygon", "coordinates": [[[-84.4043297513708, 33.7790386804349], [-84.4043301230964, 33.7790196296359], [-84.404279364477, 33.7790189393371], [-84.4042834546705, 33.7788093868549], [-84.4043342131689, 33.7788100780542], [-84.4043345848953, 33.7787910281562], [-84.4045034004903, 33.7787933258212], [-84.4045030288011, 33.7788123757196], [-84.4045526470493, 33.7788130509936], [-84.4045505634429, 33.7789197915602], [-84.4045499694552, 33.7789502117065], [-84.4045496977646, 33.7790226184152], [-84.4045431729243, 33.779023033129], [-84.4044989391397, 33.779021927305], [-84.404498567449, 33.7790409772027], [-84.4043297513708, 33.7790386804349]]]}, "properties": {"OBJECTID": 105, "BUILDINGID": "109", "FACILITYKEY": "109", "SHORTNAME": "Caldwell Res Hall", "LONGNAME": "Caldwell, Hugh H. Residence Hall", "FLOORCOUNT": 5, "BLGHEIGHT": null, "BLDGAREA": 28974, "BLDGTYPE": null, "OPERHOURS": null, "OPERDATE": null, "ACCESSTYPE": "Student", "CONDITION": null, "OWNEDBY": null, "MAINTBY": 7, "LASTUPDATE": null, "LASTEDITOR": null, "created_user": "wsims6_GTFacilities", "created_date": 1628109909166, "last_edited_user": "dsimsGT", "last_edited_date": 1713902969694, "cust_shift1": null, "cust_shift2": null, "cust_shift3": null, "Shape__Area": 937.94140625, "Shape__Length": 126.41612795165013, "GlobalID": "bd314e1c-6eca-43b5-b48f-53cd3e3399c9", "cust_zone": null}}, {"type": "Feature", "id": 106, "geometry": {"type": "Polygon", "coordinates": [[[-84.4047573203533, 33.7790453724146], [-84.4047576919868, 33.7790263225164], [-84.4047128271586, 33.7790254379895], [-84.4047069333586, 33.7790256314919], [-84.4047083462516, 33.778953240615], [-84.4047085278745, 33.7789439541606], [-84.4047087594756, 33.7789320474119], [-84.4047089410985, 33.7789227609574], [-84.4047110225136, 33.7788160799018], [-84.4047617810157, 33.7788167700236], [-84.4047621526475, 33.7787977201247], [-84.4049309682634, 33.7788000172047], [-84.4049305966689, 33.778819067104], [-84.4049813551765, 33.778819758037], [-84.4049772666797, 33.779029309633], [-84.4049449400346, 33.779028877049], [-84.4049252468915, 33.7790286139206], [-84.4049248536679, 33.7790476521394], [-84.4047573203533, 33.7790453724146]]]}, "properties": {"OBJECTID": 106, "BUILDINGID": "110", "FACILITYKEY": "110", "SHORTNAME": "Folk Res Hall", "LONGNAME": "Folk, Edwin H. Residence Hall", "FLOORCOUNT": 5, "BLGHEIGHT": null, "BLDGAREA": 28975, "BLDGTYPE": null, "OPERHOURS": null, "OPERDATE": null, "ACCESSTYPE": "Student", "CONDITION": null, "OWNEDBY": null, "MAINTBY": 7, "LASTUPDATE": null, "LASTEDITOR": null, "created_user": "wsims6_GTFacilities", "created_date": 1628109909166, "last_edited_user": "dsimsGT", "last_edited_date": 1713902970830, "cust_shift1": null, "cust_shift2": null, "cust_shift3": null, "Shape__Area": 940.25390625, "Shape__Length": 126.53556263461452, "GlobalID": "ae497638-0991-4f80-83de-aae3dcbcbd8a", "cust_zone": null}}, {"type": "Feature", "id": 107, "geometry": {"type": "Polygon", "coordinates": [[[-84.3989401543858, 33.7769797905854], [-84.3989407142342, 33.7769627934015], [-84.3989444449007, 33.7769628792499], [-84.3989512434492, 33.7769595114085], [-84.3989534661535, 33.7769589482009], [-84.398992285598, 33.7769598407957], [-84.3989925810112, 33.7769508823322], [-84.3986696684362, 33.7769434624105], [-84.3986725379514, 33.776856409778], [-84.3986736956849, 33.776821266636], [-84.398679135189, 33.7766562154122], [-84.3986617389954, 33.7766554898271], [-84.3986616321653, 33.7766587170388], [-84.3985087110417, 33.7766552030538], [-84.3985088178775, 33.7766519758423], [-84.3984894951495, 33.7766515315609], [-84.3984879881943, 33.7766700921835], [-84.3984805080732, 33.7766817754084], [-84.3984497040509, 33.77667908323], [-84.3984425777872, 33.7766670072703], [-84.3984431227653, 33.7766504663512], [-84.3984130345955, 33.7766497744854], [-84.3984110293127, 33.7767106289093], [-84.3981631540391, 33.7767049313437], [-84.3981667046106, 33.7765967274007], [-84.398147946881, 33.7765963920074], [-84.3981471394457, 33.7766125204614], [-84.3981396586947, 33.7766215762545], [-84.3981192767083, 33.776621107754], [-84.3981137405752, 33.7766117148129], [-84.3981153038122, 33.77656426878], [-84.3981332465547, 33.7765646805439], [-84.3981338998978, 33.7765599059752], [-84.3981370858421, 33.7765573870968], [-84.3981679935312, 33.7765580973289], [-84.3981715562256, 33.7764499889354], [-84.398419431845, 33.7764556864854], [-84.3984173197312, 33.7765197681227], [-84.3984369177723, 33.77652021821], [-84.3984385716464, 33.7764784298661], [-84.3984492406558, 33.7764549064774], [-84.3984636878925, 33.776438715435], [-84.3984695837743, 33.7764301350644], [-84.3984711298527, 33.7764208884286], [-84.3985743655267, 33.7764232605755], [-84.3985759479285, 33.7764339088118], [-84.3985842845882, 33.7764407898783], [-84.3985997803966, 33.7764651369067], [-84.3986036048859, 33.7764832177508], [-84.3986022604672, 33.7765240182067], [-84.3986124661082, 33.7765244832127], [-84.3986175479553, 33.7765211402557], [-84.3986641977763, 33.7765222120917], [-84.3986640909464, 33.7765254393034], [-84.3986837829319, 33.7765258918799], [-84.3986845560824, 33.7764874719556], [-84.3986855187796, 33.7764624898895], [-84.3986860595627, 33.776449216562], [-84.3986874559784, 33.7764036886478], [-84.3987804240034, 33.7764058247586], [-84.398833583762, 33.7764070465838], [-84.3990111914822, 33.7764111277171], [-84.3990114868944, 33.7764021701544], [-84.3989730952949, 33.7764012875794], [-84.398969315717, 33.7764006725544], [-84.3989668289641, 33.7763994086116], [-84.398964332484, 33.7763969409823], [-84.3989618462294, 33.7763966616419], [-84.3989623921666, 33.776380113505], [-84.3989641174512, 33.7763796774647], [-84.3989653994479, 33.776378217081], [-84.398966888433, 33.7763770394263], [-84.3989701029954, 33.7763759342621], [-84.399030198166, 33.7763773151629], [-84.3990294187855, 33.7764009732621], [-84.3990274924572, 33.7764009291016], [-84.3990271452424, 33.7764114944066], [-84.399066477336, 33.7764123986366], [-84.3990638567974, 33.7764919400574], [-84.3990578053374, 33.7766755980321], [-84.3990486921674, 33.7769521715414], [-84.3990085337917, 33.7769512490257], [-84.3990082923444, 33.776958599743], [-84.3990121428665, 33.7769586880687], [-84.3990112566277, 33.7769855616559], [-84.398954681141, 33.7769842615823], [-84.3989514737964, 33.7769836490864], [-84.398943968196, 33.7769798780806], [-84.3989401543858, 33.7769797905854]]]}, "properties": {"OBJECTID": 107, "BUILDINGID": "111", "FACILITYKEY": "111", "SHORTNAME": "Mason (CE)", "LONGNAME": "Mason, Jesse", "FLOORCOUNT": 6, "BLGHEIGHT": null, "BLDGAREA": 96919, "BLDGTYPE": null, "OPERHOURS": null, "OPERDATE": null, "ACCESSTYPE": "Faculty", "CONDITION": null, "OWNEDBY": null, "MAINTBY": 3, "LASTUPDATE": null, "LASTEDITOR": null, "created_user": "wsims6_GTFacilities", "created_date": 1628109909166, "last_edited_user": "dsimsGT", "last_edited_date": 1713902971402, "cust_shift1": 5, "cust_shift2": null, "cust_shift3": null, "Shape__Area": 4855.54296875, "Shape__Length": 464.45012379734743, "GlobalID": "397f3b29-0c9f-4549-b147-0de956c767be", "cust_zone": 5}}, {"type": "Feature", "id": 108, "geometry": {"type": "MultiPolygon", "coordinates": [[[[-84.4045665161993, 33.7782876745391], [-84.4045829055855, 33.7782880856538], [-84.4045828617074, 33.7783046301351], [-84.4045660609104, 33.7783042089937], [-84.4045629031969, 33.7783852464681], [-84.4045938635998, 33.7783860226112], [-84.4046288873385, 33.778386900011], [-84.4046300012231, 33.7783559063107], [-84.4046943353879, 33.7783575179177], [-84.4046930811601, 33.778392415137], [-84.4046554151157, 33.7783914716206], [-84.4046500693749, 33.7785402435431], [-84.4046806318137, 33.7785411655975], [-84.404687734407, 33.7785411879645], [-84.404686481254, 33.7785760851806], [-84.4046221458438, 33.7785744726707], [-84.4046232597303, 33.7785434780697], [-84.4045311579832, 33.7785411706787], [-84.4045092951785, 33.7785403084611], [-84.4044739709771, 33.7785397372661], [-84.4044748493257, 33.7785153098451], [-84.4044379107562, 33.7785142873185], [-84.4044379955977, 33.778507087471], [-84.4044412782918, 33.7784157483962], [-84.4044021798151, 33.7784149455151], [-84.4043587978206, 33.7784136811118], [-84.4043610223442, 33.7783797666299], [-84.4043644589989, 33.7782561851153], [-84.4043523618714, 33.7782558820176], [-84.404355439053, 33.778170245379], [-84.4043675441737, 33.7781703194416], [-84.4043716040139, 33.7780573626814], [-84.404373828852, 33.7780274758725], [-84.4043762504629, 33.7779281056404], [-84.404469176524, 33.7779304341016], [-84.4044911510762, 33.7779311554539], [-84.4045789771294, 33.7779333259537], [-84.4045664103782, 33.7782876720382], [-84.4045658157914, 33.778304202253], [-84.4045665161993, 33.7782876745391]]], [[[-84.4045665161993, 33.7782876745391], [-84.4045664103782, 33.7782876720382], [-84.4045688354554, 33.7782329876313], [-84.4045665161993, 33.7782876745391]]]]}, "properties": {"OBJECTID": 108, "BUILDINGID": "115", "FACILITYKEY": "115", "SHORTNAME": "Couch", "LONGNAME": "Couch, J. Allen", "FLOORCOUNT": 3, "BLGHEIGHT": null, "BLDGAREA": 31479, "BLDGTYPE": null, "OPERHOURS": null, "OPERDATE": null, "ACCESSTYPE": "Public", "CONDITION": null, "OWNEDBY": null, "MAINTBY": 1, "LASTUPDATE": null, "LASTEDITOR": null, "created_user": "wsims6_GTFacilities", "created_date": 1628109909166, "last_edited_user": "dsimsGT", "last_edited_date": 1713902972143, "cust_shift1": 2, "cust_shift2": null, "cust_shift3": null, "Shape__Area": 1974.88671875, "Shape__Length": 287.71617149461065, "GlobalID": "92b91247-650e-451a-9181-03b08c4457e7", "cust_zone": 2}}, {"type": "Feature", "id": 109, "geometry": {"type": "Polygon", "coordinates": [[[-84.4064819209605, 33.7795444861336], [-84.4064822522211, 33.7795114733451], [-84.4062719577123, 33.779510003698], [-84.4062722408801, 33.7794655066753], [-84.4062279196304, 33.7794652636199], [-84.4062263032181, 33.7794652550363], [-84.4062270266163, 33.7793756475625], [-84.4062270267714, 33.7793737640133], [-84.4062733140935, 33.7793747444088], [-84.4062738835372, 33.7793178897031], [-84.4062747936465, 33.7792271061116], [-84.4063104832804, 33.7792273559945], [-84.4063110672231, 33.7791691253399], [-84.4063824464405, 33.779169624173], [-84.4063833075549, 33.7791895913641], [-84.4065164757995, 33.7791917869048], [-84.4065183765346, 33.7790319313135], [-84.4063854098602, 33.7790314620443], [-84.4063842681802, 33.7790514782089], [-84.4063127904252, 33.7790512311286], [-84.4063128283764, 33.7789935181785], [-84.4062771388395, 33.7789932682958], [-84.4062780489441, 33.7789024846995], [-84.4062786194633, 33.7788456299873], [-84.4062324972987, 33.7788453074777], [-84.4062334074498, 33.7787545238793], [-84.4062795295658, 33.7787548463889], [-84.4062799758325, 33.7787103715853], [-84.4064902683871, 33.7787118412275], [-84.4064905996458, 33.7786788293362], [-84.4065965686649, 33.7786795700872], [-84.4065968998802, 33.778646557294], [-84.406735264977, 33.7786475243662], [-84.4067348003076, 33.7786938331653], [-84.4067199762412, 33.7786937303614], [-84.4067198375337, 33.7787074853175], [-84.4067242300096, 33.7787075155441], [-84.4067237664165, 33.7787538252423], [-84.4066183458246, 33.7787530880426], [-84.4066180146148, 33.7787860999336], [-84.4065092996243, 33.7787853401937], [-84.4065093679164, 33.7787784631687], [-84.4064928961112, 33.7787783473102], [-84.4064924965647, 33.7788182380293], [-84.4063579751567, 33.7788172974827], [-84.4063576800593, 33.7788466413865], [-84.4063812902027, 33.7788468065126], [-84.4063811507655, 33.7788607066355], [-84.4063810055182, 33.7788752343186], [-84.406357395367, 33.7788750691925], [-84.4063572017756, 33.7788943378505], [-84.4063569925978, 33.7789068477628], [-84.4063568984019, 33.7789245870276], [-84.4063813982944, 33.7789247585403], [-84.4064579137567, 33.7789252933373], [-84.4064590259157, 33.7789253010944], [-84.4064772454818, 33.7789248951117], [-84.4065550708767, 33.7789255021399], [-84.4065675594794, 33.7789255995855], [-84.4067213265017, 33.7789269514894], [-84.406733605663, 33.7789270592439], [-84.4068230582559, 33.7789278454534], [-84.4068226190704, 33.7789716620377], [-84.4068225936333, 33.7789741542505], [-84.4068182011437, 33.7789741240275], [-84.4068179139865, 33.7789872986088], [-84.4068321739253, 33.7789879777521], [-84.4068319024666, 33.779031537039], [-84.4068495691328, 33.7790314855245], [-84.406850437588, 33.7789878926161], [-84.4069246597047, 33.778988418964], [-84.4069411941803, 33.778988536446], [-84.4070365932304, 33.7789894055959], [-84.4070348480691, 33.7791636377153], [-84.4070743805754, 33.7791639141549], [-84.4070753593971, 33.7792290484138], [-84.4070751026936, 33.7792415151397], [-84.4070903045842, 33.779241939054], [-84.4070901635504, 33.7792590914345], [-84.407075184324, 33.7792591395515], [-84.4070752344732, 33.7792701332836], [-84.4070754197554, 33.7793101725354], [-84.4070393523213, 33.7793095890972], [-84.4070400841781, 33.7792747235352], [-84.4070405987286, 33.7792501958242], [-84.4069895096099, 33.779249526219], [-84.4069895923744, 33.7792412723452], [-84.4069529316316, 33.7792404898705], [-84.406847953817, 33.7792396086439], [-84.4068486959621, 33.7791964091027], [-84.4068302489882, 33.7791965982851], [-84.4068298123229, 33.7792401560888], [-84.4068155366845, 33.7792400567375], [-84.4068153990715, 33.7792538116904], [-84.406819791578, 33.779253842815], [-84.4068189081711, 33.7792998224204], [-84.4063858567609, 33.7792973156681], [-84.4063531661617, 33.7792968931767], [-84.4063534508774, 33.7793146037532], [-84.4063529953509, 33.7793452742947], [-84.4063774381945, 33.7793454666568], [-84.406375994787, 33.7793750039386], [-84.4063523844987, 33.7793748388121], [-84.4063522856101, 33.7794021355845], [-84.4064867371465, 33.7794044098125], [-84.4064862132535, 33.779445013975], [-84.406502136658, 33.7794451245883], [-84.406502754554, 33.7794382510041], [-84.4066114703694, 33.7794390107461], [-84.4066112181369, 33.7794709179575], [-84.4067164121868, 33.7794718007675], [-84.4067160970299, 33.7795190695277], [-84.40671170451, 33.7795190383994], [-84.4067115668803, 33.7795327933517], [-84.4067263921735, 33.7795328970555], [-84.4067259274976, 33.779579205848], [-84.4065875609028, 33.779578238772], [-84.4065878921254, 33.7795452268852], [-84.4064819209605, 33.7795444861336]]]}, "properties": {"OBJECTID": 109, "BUILDINGID": "116", "FACILITYKEY": "116", "SHORTNAME": "Woodruff Res Hall", "LONGNAME": "Woodruff, Irene & George Residence Hall", "FLOORCOUNT": 5, "BLGHEIGHT": null, "BLDGAREA": 137751, "BLDGTYPE": null, "OPERHOURS": null, "OPERDATE": null, "ACCESSTYPE": "Student", "CONDITION": null, "OWNEDBY": null, "MAINTBY": 7, "LASTUPDATE": null, "LASTEDITOR": null, "created_user": "wsims6_GTFacilities", "created_date": 1628109909166, "last_edited_user": "dsimsGT", "last_edited_date": 1713902973175, "cust_shift1": null, "cust_shift2": null, "cust_shift3": null, "Shape__Area": 5178.78515625, "Shape__Length": 742.6553386245023, "GlobalID": "cde9c63d-d77a-4510-a66f-d9ac0b6160e9", "cust_zone": null}}, {"type": "Feature", "id": 110, "geometry": {"type": "Polygon", "coordinates": [[[-84.4038775462881, 33.7777445937167], [-84.4038779489716, 33.7777336054207], [-84.4038537689154, 33.7777330036093], [-84.4038555774815, 33.7776468248157], [-84.4038401197483, 33.7776463126319], [-84.403840936571, 33.7776233964971], [-84.4037866700015, 33.7776220464151], [-84.4037938805615, 33.7774198967719], [-84.4038481470037, 33.7774212468514], [-84.4038489649022, 33.7773983307137], [-84.4038908676199, 33.7773993727284], [-84.4038932032263, 33.7773994304526], [-84.4039029570601, 33.7773996731815], [-84.4039183442121, 33.777400056557], [-84.4039280991233, 33.7774002983801], [-84.4039286487431, 33.7774003126515], [-84.4040119045657, 33.7774023832431], [-84.404011086713, 33.7774253002834], [-84.4040655415949, 33.777426853678], [-84.4040581443159, 33.7776287990196], [-84.4040038618899, 33.7776275743931], [-84.4040031196736, 33.7776505129266], [-84.4039226879736, 33.7776483665715], [-84.4039223281861, 33.7776584630522], [-84.4039337654626, 33.7776587476246], [-84.4039335158896, 33.7776657404098], [-84.4039312584601, 33.7777300703528], [-84.4039310483436, 33.7777349261487], [-84.403919611057, 33.7777346415761], [-84.4039192585791, 33.7777454314124], [-84.4038775462881, 33.7777445937167]]]}, "properties": {"OBJECTID": 110, "BUILDINGID": "117", "FACILITYKEY": "117", "SHORTNAME": "Freeman Res Hall", "LONGNAME": "Freeman, Y. Frank Jr. Residence Hall", "FLOORCOUNT": 4, "BLGHEIGHT": null, "BLDGAREA": 27060, "BLDGTYPE": null, "OPERHOURS": null, "OPERDATE": null, "ACCESSTYPE": "Student", "CONDITION": null, "OWNEDBY": null, "MAINTBY": 7, "LASTUPDATE": null, "LASTEDITOR": null, "created_user": "wsims6_GTFacilities", "created_date": 1628109909166, "last_edited_user": "dsimsGT", "last_edited_date": 1713902974926, "cust_shift1": null, "cust_shift2": null, "cust_shift3": null, "Shape__Area": 1036.0546875, "Shape__Length": 155.35812769976246, "GlobalID": "9364244d-04d7-4182-ba12-599c72029847", "cust_zone": null}}, {"type": "Feature", "id": 111, "geometry": {"type": "Polygon", "coordinates": [[[-84.4038304144871, 33.7779908513154], [-84.403831075018, 33.7779680310573], [-84.4037770367667, 33.7779669393067], [-84.4037826321044, 33.7777655763138], [-84.4038369079501, 33.7777667334262], [-84.403837634545, 33.7777439869757], [-84.4038775462881, 33.7777445937167], [-84.4039192585791, 33.7777454314124], [-84.4039994375238, 33.7777467261952], [-84.4039991616268, 33.7777700118688], [-84.4040531732031, 33.7777720457993], [-84.40404736841, 33.7779724011597], [-84.4039933290741, 33.7779713095059], [-84.4039926685862, 33.7779941297646], [-84.4038304144871, 33.7779908513154]]]}, "properties": {"OBJECTID": 111, "BUILDINGID": "118", "FACILITYKEY": "118", "SHORTNAME": "Montag Res Hall", "LONGNAME": "Montag, Harold E. Residence Hall", "FLOORCOUNT": 4, "BLGHEIGHT": null, "BLDGAREA": 23926, "BLDGTYPE": null, "OPERHOURS": null, "OPERDATE": null, "ACCESSTYPE": "Student", "CONDITION": null, "OWNEDBY": null, "MAINTBY": 7, "LASTUPDATE": null, "LASTEDITOR": null, "created_user": "wsims6_GTFacilities", "created_date": 1628109909166, "last_edited_user": "dsimsGT", "last_edited_date": 1713902975827, "cust_shift1": null, "cust_shift2": null, "cust_shift3": null, "Shape__Area": 922.6015625, "Shape__Length": 126.27636050048451, "GlobalID": "67b7dbb0-1eaa-4cdc-9539-8d708cc17c20", "cust_zone": null}}, {"type": "Feature", "id": 112, "geometry": {"type": "Polygon", "coordinates": [[[-84.4036096830556, 33.7783381342163], [-84.4036105259426, 33.7783038761655], [-84.4036111687053, 33.7782930118382], [-84.4035685228687, 33.7782920324686], [-84.4035729519252, 33.7781574940045], [-84.4036156285725, 33.7781575310881], [-84.4036171142165, 33.7781124087087], [-84.4036708754571, 33.7781136426203], [-84.4036937977495, 33.7781142522929], [-84.4038176228778, 33.7781170114894], [-84.4038167090986, 33.7781419700484], [-84.403854863034, 33.7781429020636], [-84.4039098207213, 33.7781441642277], [-84.4039078719302, 33.7781990442677], [-84.4039046060169, 33.7782661234745], [-84.4039040371974, 33.778319854862], [-84.403851102767, 33.7783189629923], [-84.4038109478938, 33.7783179924436], [-84.4038100896606, 33.7783427344988], [-84.4036557411047, 33.7783391926758], [-84.4036096830556, 33.7783381342163]]]}, "properties": {"OBJECTID": 112, "BUILDINGID": "119", "FACILITYKEY": "119", "SHORTNAME": "Fitten Res Hall", "LONGNAME": "Fitten, Louise M. Residence Hall", "FLOORCOUNT": 5, "BLGHEIGHT": null, "BLDGAREA": 31599, "BLDGTYPE": null, "OPERHOURS": null, "OPERDATE": null, "ACCESSTYPE": "Student", "CONDITION": null, "OWNEDBY": null, "MAINTBY": 7, "LASTUPDATE": null, "LASTEDITOR": null, "created_user": "wsims6_GTFacilities", "created_date": 1628109909166, "last_edited_user": "dsimsGT", "last_edited_date": 1713902976547, "cust_shift1": null, "cust_shift2": null, "cust_shift3": null, "Shape__Area": 1004.0859375, "Shape__Length": 135.19761992964843, "GlobalID": "bedb2411-8707-4297-b547-442f03ab0e30", "cust_zone": null}}, {"type": "Feature", "id": 114, "geometry": {"type": "Polygon", "coordinates": [[[-84.3994652070385, 33.7745662934467], [-84.3994659141681, 33.7745271496043], [-84.3993865056563, 33.7745261488621], [-84.3993877040327, 33.7744598346191], [-84.3993639910901, 33.7744595358029], [-84.3993638418304, 33.7744678249696], [-84.399278367474, 33.7744667481345], [-84.3992796400261, 33.7743962888584], [-84.3992308375272, 33.7743956739377], [-84.3992313579039, 33.7743668922303], [-84.3992490067021, 33.7743669725793], [-84.3992524150458, 33.7741783036196], [-84.3994763019805, 33.7741811238203], [-84.3994764935882, 33.774170532656], [-84.3994837374448, 33.7741706235825], [-84.3995106829971, 33.7741709631629], [-84.3995109412887, 33.7741566868216], [-84.399764605835, 33.7741598822059], [-84.3997641570954, 33.7741847506117], [-84.3998468735649, 33.7741857926492], [-84.399844993996, 33.7742898684634], [-84.3998648458003, 33.7742901185808], [-84.3998643801491, 33.7743159076048], [-84.3998445283389, 33.7743156574875], [-84.3998401532376, 33.7745578882033], [-84.3997166292, 33.7745563326467], [-84.3997163018389, 33.7745438922733], [-84.3996970006351, 33.7745436483057], [-84.3996967762549, 33.7745560825078], [-84.3995128600046, 33.7745542260056], [-84.399512631901, 33.7745668901356], [-84.3994652070385, 33.7745662934467]]]}, "properties": {"OBJECTID": 114, "BUILDINGID": "123", "FACILITYKEY": "123", "SHORTNAME": "Student Services", "LONGNAME": "Smithgall, Charles A. Jr. Student Services", "FLOORCOUNT": 2, "BLGHEIGHT": null, "BLDGAREA": 42598, "BLDGTYPE": null, "OPERHOURS": null, "OPERDATE": null, "ACCESSTYPE": "Public", "CONDITION": null, "OWNEDBY": null, "MAINTBY": 1, "LASTUPDATE": null, "LASTEDITOR": null, "created_user": "wsims6_GTFacilities", "created_date": 1628109909166, "last_edited_user": "dsimsGT", "last_edited_date": 1713902977409, "cust_shift1": 10, "cust_shift2": null, "cust_shift3": null, "Shape__Area": 3176.98046875, "Shape__Length": 255.97606458844197, "GlobalID": "59318221-4f79-4ab7-8931-b5117344403c", "cust_zone": 10}}, {"type": "Feature", "id": 115, "geometry": {"type": "Polygon", "coordinates": [[[-84.3989945294445, 33.775409648642], [-84.3989952350106, 33.7753546456583], [-84.3989950461807, 33.7753306909312], [-84.3989972351009, 33.7751988373779], [-84.3989984991254, 33.7751003331528], [-84.3989990718528, 33.7750557174446], [-84.3989993983383, 33.7750302740209], [-84.3990008114468, 33.7749202040251], [-84.3990011219364, 33.7748960346649], [-84.3990025430135, 33.7747853181674], [-84.3991698617327, 33.774786815382], [-84.399191151641, 33.7747870060941], [-84.3991910258862, 33.7747968081875], [-84.3992333336168, 33.7747971865068], [-84.3992334593693, 33.7747873853149], [-84.3992544761071, 33.7747875729242], [-84.3994220680037, 33.7747890728886], [-84.3994204991173, 33.7748900482227], [-84.399420222003, 33.7749329033518], [-84.3994399303561, 33.7749331538076], [-84.3994374064481, 33.7753169538395], [-84.3994344011078, 33.7753171551663], [-84.3994333747554, 33.7753971624603], [-84.3993580426588, 33.7753962604081], [-84.3993577143532, 33.775421790393], [-84.3993576180817, 33.7754293121529], [-84.3992339763256, 33.7754282053608], [-84.3992058596076, 33.7754277263685], [-84.39916218679, 33.7754273352843], [-84.3991333111747, 33.7754273049243], [-84.3990688341688, 33.7754267275805], [-84.3990690446626, 33.7754103162216], [-84.3989945294445, 33.775409648642]]]}, "properties": {"OBJECTID": 115, "BUILDINGID": "124", "FACILITYKEY": "124", "SHORTNAME": "Theater", "LONGNAME": "Ferst, Robert Center for The Arts", "FLOORCOUNT": 3, "BLGHEIGHT": null, "BLDGAREA": 38213, "BLDGTYPE": null, "OPERHOURS": null, "OPERDATE": null, "ACCESSTYPE": "Public", "CONDITION": null, "OWNEDBY": null, "MAINTBY": 1, "LASTUPDATE": null, "LASTEDITOR": null, "created_user": "wsims6_GTFacilities", "created_date": 1628109909166, "last_edited_user": "dsimsGT", "last_edited_date": 1713902978456, "cust_shift1": 7, "cust_shift2": null, "cust_shift3": null, "Shape__Area": 4098.40234375, "Shape__Length": 272.3111841081973, "GlobalID": "533fb0bb-3d46-4fcd-a9ba-028c858b343b", "cust_zone": 7}}, {"type": "Feature", "id": 116, "geometry": {"type": "Polygon", "coordinates": [[[-84.4063912942549, 33.7811824684986], [-84.406392131748, 33.7811172090024], [-84.4063925256816, 33.7810865250645], [-84.4063805765997, 33.7810763316728], [-84.4063816905377, 33.7810021633297], [-84.4063881937905, 33.7810020884827], [-84.4064773354373, 33.7810028863612], [-84.4064839243634, 33.781002944787], [-84.4065465126996, 33.7810035056877], [-84.406553100546, 33.7810035641119], [-84.4066156899627, 33.7810041249754], [-84.4066222778092, 33.7810041833959], [-84.406684867224, 33.7810047433227], [-84.4066914550731, 33.7810048026411], [-84.4067430910176, 33.7810052648252], [-84.4067954957782, 33.7810057336064], [-84.4067954247508, 33.7810112356171], [-84.4067945448867, 33.7810797745023], [-84.4067941387577, 33.7811114538873], [-84.4067936650216, 33.7811483133868], [-84.4067585283348, 33.7811479994543], [-84.4067581095587, 33.7811805687926], [-84.4067570684054, 33.7812617446234], [-84.406756650522, 33.7812942472373], [-84.4067500712889, 33.7812941879056], [-84.4066877483738, 33.7812936301991], [-84.4066811594253, 33.7812935717843], [-84.4066185708777, 33.7812930109528], [-84.4066119830091, 33.7812929525322], [-84.4065493933848, 33.7812923925694], [-84.4065428055138, 33.7812923332435], [-84.4065049228309, 33.7812919939206], [-84.4064983392815, 33.7812919354855], [-84.4064888701727, 33.7812835973902], [-84.4063846660832, 33.7812826646813], [-84.4063779291998, 33.7812826038327], [-84.4063779974443, 33.7812772560101], [-84.4063902002551, 33.7812676666934], [-84.4063906839116, 33.7812300425767], [-84.4063912942549, 33.7811824684986]]]}, "properties": {"OBJECTID": 116, "BUILDINGID": "125", "FACILITYKEY": "125", "SHORTNAME": "SREB", "LONGNAME": "Southern Regional Education Board", "FLOORCOUNT": 2, "BLGHEIGHT": null, "BLDGAREA": 22902, "BLDGTYPE": null, "OPERHOURS": null, "OPERDATE": null, "ACCESSTYPE": "Unknown", "CONDITION": null, "OWNEDBY": -2, "MAINTBY": 1, "LASTUPDATE": null, "LASTEDITOR": null, "created_user": "wsims6_GTFacilities", "created_date": 1628109909166, "last_edited_user": "dsimsGT", "last_edited_date": 1713902979294, "cust_shift1": null, "cust_shift2": null, "cust_shift3": null, "Shape__Area": 1657.4765625, "Shape__Length": 169.99520133919873, "GlobalID": "e080eaaf-7e4c-4c2f-8c9b-9bf3fe1ecfc7", "cust_zone": null}}, {"type": "Feature", "id": 117, "geometry": {"type": "Polygon", "coordinates": [[[-84.4011554189297, 33.7779875885808], [-84.401152244466, 33.7779875711697], [-84.4011521373381, 33.7780009581896], [-84.4011520978701, 33.778005890297], [-84.4011503563522, 33.7780067168136], [-84.4011525003646, 33.7780109514024], [-84.4011534380529, 33.7780150900033], [-84.4011534520651, 33.778018251166], [-84.401152874283, 33.7780213755838], [-84.4011512093669, 33.7780253505211], [-84.4011485900235, 33.7780289503817], [-84.4011460677117, 33.778031308484], [-84.4011431352001, 33.7780333067051], [-84.4011387116472, 33.7780353312021], [-84.4011338809776, 33.7780365422814], [-84.401126533434, 33.7780369556726], [-84.4011214273652, 33.7780357643739], [-84.4011168670683, 33.7780339661286], [-84.4011128532249, 33.7780314148678], [-84.4011095632152, 33.7780282220593], [-84.4011071399465, 33.7780245280894], [-84.4011054860078, 33.7780194540332], [-84.4011052714136, 33.7780163834166], [-84.4011077926095, 33.7777068471501], [-84.4011082874145, 33.7776395749071], [-84.4011085234404, 33.7776100859523], [-84.4011086217291, 33.7775978115861], [-84.401109394281, 33.777501304573], [-84.4011102707256, 33.7773918063683], [-84.4011104359175, 33.7773711943044], [-84.4011118651312, 33.7771927151101], [-84.4011127281329, 33.7771872774144], [-84.4011145670143, 33.7771833553441], [-84.4011181669362, 33.7771790413163], [-84.4011219372659, 33.7771762435424], [-84.4011274910885, 33.7771737651711], [-84.4011336239009, 33.7771725705528], [-84.4011399180784, 33.7771727434327], [-84.4011459449344, 33.777174270199], [-84.4011522480864, 33.7771777367938], [-84.4011555973291, 33.7771808853081], [-84.4011585662486, 33.7771855231715], [-84.4011599957205, 33.7771906445401], [-84.4011597897788, 33.7771959006574], [-84.401158452269, 33.7771999615317], [-84.4011585186862, 33.7772037312099], [-84.4011592691349, 33.7772085013231], [-84.4011590577252, 33.777222053545], [-84.4011682225603, 33.7772221046558], [-84.4013220610856, 33.7772223081439], [-84.4013781649193, 33.7772224196522], [-84.4015292400894, 33.7772232890482], [-84.4015418939568, 33.7772235030015], [-84.4015420347866, 33.7772058709409], [-84.4015437752047, 33.7772050444208], [-84.401542028027, 33.7772018117193], [-84.4015408313223, 33.777197719598], [-84.4015406794695, 33.7771935100768], [-84.4015419654036, 33.7771883610033], [-84.4015441198556, 33.7771845528357], [-84.4015480647716, 33.7771804527319], [-84.401553146105, 33.7771773449865], [-84.4015590167628, 33.7771754412464], [-84.4015640143369, 33.7771748754152], [-84.4015702814174, 33.7771754053787], [-84.4015761688431, 33.7771772714102], [-84.4015803365724, 33.7771796438365], [-84.4015838226694, 33.7771826874871], [-84.4015858964802, 33.7771853325912], [-84.4015874494348, 33.777188215821], [-84.4015888537886, 33.7771944101976], [-84.4015851018144, 33.7776429771601], [-84.4015846508148, 33.777709152011], [-84.4015823874355, 33.7780045237529], [-84.4015822297476, 33.7780203281962], [-84.4015814086163, 33.7780244836666], [-84.4015801210498, 33.7780274561568], [-84.401577570918, 33.7780310892557], [-84.4015732061835, 33.7780348799911], [-84.4015678149348, 33.7780375988136], [-84.4015617648524, 33.7780390592831], [-84.4015554692043, 33.778039162333], [-84.4015493555462, 33.7780379008378], [-84.4015470554969, 33.7780370306137], [-84.4015428436105, 33.7780347141732], [-84.40153930146, 33.7780317166128], [-84.4015360456519, 33.778027214553], [-84.4015345187505, 33.7780232006027], [-84.4015340246718, 33.7780190097664], [-84.4015348871975, 33.7780138001872], [-84.4015373441893, 33.7780088761018], [-84.4015356175454, 33.7780080300324], [-84.4015356463116, 33.7780043277976], [-84.4015357640622, 33.7779897118067], [-84.401524219376, 33.7779896472194], [-84.4013716917481, 33.7779887959112], [-84.401318705182, 33.7779884999469], [-84.4011674721798, 33.7779876567443], [-84.4011554189297, 33.7779875885808]]]}, "properties": {"OBJECTID": 117, "BUILDINGID": "126", "FACILITYKEY": "126", "SHORTNAME": "MaRC", "LONGNAME": "Callaway, Fuller E. Jr. Manufacturing Research Center", "FLOORCOUNT": 4, "BLGHEIGHT": null, "BLDGAREA": 118250, "BLDGTYPE": null, "OPERHOURS": null, "OPERDATE": null, "ACCESSTYPE": "Faculty", "CONDITION": null, "OWNEDBY": null, "MAINTBY": 1, "LASTUPDATE": null, "LASTEDITOR": null, "created_user": "wsims6_GTFacilities", "created_date": 1628109909166, "last_edited_user": "dsimsGT", "last_edited_date": 1713902979820, "cust_shift1": 10, "cust_shift2": null, "cust_shift3": null, "Shape__Area": 5573.6328125, "Shape__Length": 355.9606555085032, "GlobalID": "95f2fc70-2f9f-4d83-9a53-a78bcf1e2cef", "cust_zone": 10}}, {"type": "Feature", "id": 119, "geometry": {"type": "Polygon", "coordinates": [[[-84.4042396835638, 33.7812058473204], [-84.4042262896164, 33.7812056900706], [-84.4042258641834, 33.7812193779475], [-84.404171700972, 33.781218742851], [-84.4041188503353, 33.7811733454598], [-84.4041205323507, 33.7810738621959], [-84.4041601655948, 33.7810743296214], [-84.4041601313124, 33.7810763836478], [-84.4042175380044, 33.7810766040581], [-84.4042183984376, 33.7810257060206], [-84.4042193564936, 33.7809691021487], [-84.4041879307231, 33.7809682754159], [-84.4041914480097, 33.7807603470762], [-84.4042324470613, 33.7807608307847], [-84.4042477580423, 33.7807607832751], [-84.4043844259566, 33.7807621664933], [-84.4044183151355, 33.7807627945753], [-84.4045771196549, 33.780764666903], [-84.404579853718, 33.7807646995012], [-84.4046490054061, 33.7807655146978], [-84.4046643116196, 33.7807656952634], [-84.4048687626796, 33.7807681058192], [-84.4048840652063, 33.7807685144823], [-84.4049250642617, 33.7807689970589], [-84.4049248148093, 33.7807838062527], [-84.4049218866646, 33.7809246515574], [-84.4049226959013, 33.7809704538526], [-84.4049018604543, 33.7809703849787], [-84.4049002713011, 33.7809903722336], [-84.4049377336318, 33.7809898653094], [-84.4049369886526, 33.781033951157], [-84.4049533887568, 33.7810341440009], [-84.4049535964943, 33.781021818936], [-84.4049699965987, 33.7810220126793], [-84.4049979086616, 33.7810297995295], [-84.4050056836085, 33.7810358607374], [-84.4050115877543, 33.7810432509848], [-84.4050152993094, 33.7810515741671], [-84.4050166291701, 33.7810603888409], [-84.4050155026005, 33.781069221784], [-84.4050119776831, 33.7810776022226], [-84.4050062432251, 33.7810850852778], [-84.4049986101672, 33.7810912691143], [-84.4049894771214, 33.7810958274661], [-84.4049793422584, 33.7810985132201], [-84.404935900308, 33.7810983148904], [-84.4049356693663, 33.7811120096074], [-84.4049292607059, 33.7811119336196], [-84.4048979495212, 33.7811115648851], [-84.4048511494098, 33.7811113441558], [-84.4048238842447, 33.7811102354526], [-84.4048242359913, 33.7810894652494], [-84.4047534268013, 33.7810879455538], [-84.4047291325516, 33.7810873910228], [-84.4046673348114, 33.7810869223489], [-84.4046661592465, 33.7811584733059], [-84.4046657914375, 33.7811808674125], [-84.4045750308271, 33.7811792120738], [-84.4045743282903, 33.7812207515749], [-84.4042391819292, 33.781219310833], [-84.4042396835638, 33.7812058473204]]]}, "properties": {"OBJECTID": 119, "BUILDINGID": "129", "FACILITYKEY": "129", "SHORTNAME": "IPST (10th St)", "LONGNAME": "Institute of Paper Science and Technology", "FLOORCOUNT": 5, "BLGHEIGHT": null, "BLDGAREA": 162923, "BLDGTYPE": null, "OPERHOURS": null, "OPERDATE": null, "ACCESSTYPE": "Public", "CONDITION": null, "OWNEDBY": null, "MAINTBY": 1, "LASTUPDATE": null, "LASTEDITOR": null, "created_user": "wsims6_GTFacilities", "created_date": 1628109909166, "last_edited_user": "dsimsGT", "last_edited_date": 1713902980407, "cust_shift1": 2, "cust_shift2": null, "cust_shift3": null, "Shape__Area": 4634.51171875, "Shape__Length": 338.9004415178672, "GlobalID": "9f1f9ed0-1f1a-4891-b6fa-eeb74ae62347", "cust_zone": 2}}, {"type": "Feature", "id": 120, "geometry": {"type": "MultiPolygon", "coordinates": [[[[-84.4053057885201, 33.7801044417231], [-84.4053057836421, 33.7801030721249], [-84.4052915687174, 33.7801031131378], [-84.4052915376645, 33.7800958089243], [-84.4052830637779, 33.7800958334247], [-84.4052830146656, 33.7800839632861], [-84.4052811013468, 33.780083968789], [-84.4052810182029, 33.780064109188], [-84.405282932601, 33.780064103683], [-84.4052827680274, 33.7800246134967], [-84.405291241907, 33.7800245889963], [-84.4052909149097, 33.7799456077171], [-84.4052890005143, 33.7799456132222], [-84.4052889184486, 33.7799257536186], [-84.4052908317639, 33.7799257481156], [-84.4052907150326, 33.7798976709328], [-84.4052573659183, 33.7798977678743], [-84.4052573707955, 33.7798991374726], [-84.4052333150742, 33.7798992065211], [-84.4052333101974, 33.7798978369228], [-84.4051698900837, 33.7798980208236], [-84.4051699283487, 33.7799071517682], [-84.4051496992547, 33.779907209798], [-84.40514970521, 33.7799085793942], [-84.4051259226655, 33.7799086487955], [-84.4051259167106, 33.7799072791993], [-84.4051054144419, 33.7799073386514], [-84.4050660511217, 33.7799074525715], [-84.4050458220275, 33.7799075105843], [-84.4050458279811, 33.7799088801805], [-84.4050217722592, 33.7799089500895], [-84.4050217663059, 33.7799075804933], [-84.4050015382914, 33.7799076384968], [-84.4050015000467, 33.7798985084537], [-84.4049380799288, 33.7798986913337], [-84.4049380858807, 33.7799000609299], [-84.404914030161, 33.7799001308179], [-84.4049140242095, 33.7798987612216], [-84.4048806750912, 33.7798988571597], [-84.4048807468718, 33.7799162056859], [-84.4048894939183, 33.7799161806858], [-84.4048897893423, 33.7799874006175], [-84.4048198096809, 33.7799876033127], [-84.4048198396139, 33.7799949075287], [-84.404772821908, 33.7799950442419], [-84.4047728267775, 33.7799964138402], [-84.4047487710281, 33.7799964827944], [-84.4047487661589, 33.7799951131961], [-84.4047345512514, 33.7799951541448], [-84.4047345213257, 33.7799878499287], [-84.4047257731921, 33.7799878749199], [-84.4047257241568, 33.7799760047806], [-84.4047240840178, 33.7799760097479], [-84.4047240020824, 33.7799561501434], [-84.4047256422236, 33.7799561460778], [-84.4047254779037, 33.7799166549873], [-84.4047342260301, 33.7799166299961], [-84.4047339415528, 33.7798481492573], [-84.4047251945132, 33.7798481742464], [-84.4047250308276, 33.7798089121733], [-84.4047233906893, 33.7798089162389], [-84.4047233081234, 33.7797888285175], [-84.4047249482614, 33.7797888244518], [-84.4047248992265, 33.7797769543121], [-84.4047336462564, 33.7797769284214], [-84.4047336163309, 33.7797696242051], [-84.4047478312012, 33.7797695832567], [-84.4047478252524, 33.7797682136605], [-84.4047718809355, 33.7797681438051], [-84.4047718868847, 33.7797695134013], [-84.4048189044699, 33.7797693775906], [-84.4048189344027, 33.7797766818069], [-84.4049135170135, 33.7797764090749], [-84.404913511062, 33.7797750394786], [-84.4049375667467, 33.7797749695909], [-84.4049375726986, 33.7797763391872], [-84.4050009927239, 33.7797761554062], [-84.4050009544769, 33.7797670244613], [-84.4050211835382, 33.779766966456], [-84.405021177585, 33.7797655968597], [-84.4050452332669, 33.7797655269511], [-84.4050452392205, 33.7797668965473], [-84.4050654672019, 33.7797668385368], [-84.4051048315375, 33.7797667246151], [-84.4051253337727, 33.7797666651633], [-84.4051253278179, 33.779765295567], [-84.4051491103227, 33.779765226166], [-84.4051491151982, 33.7797665957643], [-84.4051693442591, 33.7797665377347], [-84.4051693825239, 33.7797756686795], [-84.4052328014677, 33.7797754847814], [-84.4052327955111, 33.7797741151852], [-84.4052568511949, 33.7797740452353], [-84.4052568571519, 33.7797754148315], [-84.4053514397553, 33.7797751408622], [-84.4053514097774, 33.7797678366462], [-84.4053984273594, 33.7797677006147], [-84.4053984214002, 33.7797663310185], [-84.4054224770815, 33.7797662610363], [-84.4054224830411, 33.7797676306325], [-84.4054366979102, 33.7797675896048], [-84.4054367278953, 33.7797748938207], [-84.4054454760068, 33.7797748687791], [-84.405445525141, 33.7797867389182], [-84.4054471652764, 33.7797867339413], [-84.405447249091, 33.7798068216594], [-84.4054456089552, 33.7798068266363], [-84.4054457718898, 33.7798460887091], [-84.4054370237711, 33.7798461137507], [-84.4054373536965, 33.7799253240441], [-84.4054389938346, 33.7799253190673], [-84.4054390765678, 33.7799454067871], [-84.4054374364294, 33.7799454117639], [-84.4054375508605, 33.7799730318136], [-84.4054583263217, 33.7799729717777], [-84.4054582969675, 33.7799658956785], [-84.4055435863756, 33.7799656485602], [-84.405543827865, 33.7800238568693], [-84.4055525749219, 33.7800238318221], [-84.4055528708957, 33.7800950517485], [-84.4055441238315, 33.7800950767957], [-84.4055441538286, 33.7801023819129], [-84.4054588653648, 33.78010262903], [-84.4054586105921, 33.7800956435322], [-84.4054235717857, 33.7800954264073], [-84.4054045606079, 33.780095481221], [-84.4053768272025, 33.7800955619207], [-84.4053768571829, 33.7801028661363], [-84.4053298394177, 33.7801030021603], [-84.4053298442986, 33.7801043726602], [-84.4053057885201, 33.7801044417231]]], [[[-84.404874176669, 33.7801420900281], [-84.404883207921, 33.7801421393168], [-84.4048826434496, 33.7802132139366], [-84.4048738853708, 33.7802131650223], [-84.4048724687308, 33.7803914214223], [-84.4048812268278, 33.7803914703367], [-84.4048806597466, 33.7804627730764], [-84.4048719027221, 33.7804627241599], [-84.4048718441447, 33.7804700375627], [-84.4047864561398, 33.7804695639891], [-84.4047865147269, 33.780462251488], [-84.4044132161064, 33.7804601815369], [-84.4044131585698, 33.7804674949376], [-84.4043277705704, 33.7804670219482], [-84.4043278281144, 33.7804597085475], [-84.4043190710902, 33.7804596595918], [-84.404319637557, 33.7803883568547], [-84.4043283956536, 33.7803884058084], [-84.4043298799813, 33.7802362033848], [-84.4043189321131, 33.7802361433202], [-84.4043200517399, 33.7800953664136], [-84.4043309995902, 33.7800954264781], [-84.4043322096495, 33.7799432227722], [-84.4043234516007, 33.7799431747203], [-84.4043240191428, 33.7798718719751], [-84.4043325029226, 33.7798719187519], [-84.4043325615482, 33.7798646062501], [-84.4044182221318, 33.7798650805158], [-84.4044181635159, 33.7798723939192], [-84.4044882257021, 33.779872782776], [-84.4044876598225, 33.7799438564991], [-84.4044789028509, 33.7799438075545], [-84.4044776919714, 33.7800960112628], [-84.4044886398243, 33.7800960722149], [-84.4044875204733, 33.7802368491218], [-84.4044765726025, 33.7802367881697], [-84.4044757683143, 33.7803380288802], [-84.4047261842689, 33.7803394169776], [-84.4047271917104, 33.7802125807116], [-84.4047184347139, 33.7802125326857], [-84.4047187470769, 33.7801732246141], [-84.4047171047346, 33.7801732151591], [-84.4047172650519, 33.780153104429], [-84.404718906314, 33.7801531138861], [-84.4047190008494, 33.7801412299453], [-84.4047274846558, 33.7801412766949], [-84.4047275432454, 33.7801339632917], [-84.4047417747039, 33.7801340422314], [-84.4047417849489, 33.7801326717023], [-84.4047655951063, 33.7801328033898], [-84.4047655848642, 33.7801341748205], [-84.4048132041001, 33.7801344381837], [-84.4048131465975, 33.7801417515847], [-84.404874176669, 33.7801420900281]]], [[[-84.4051491075, 33.7803770521846], [-84.4051492224677, 33.7803184076913], [-84.4051404428854, 33.7803183958051], [-84.4051405827702, 33.7802469216732], [-84.405149361268, 33.7802469344632], [-84.4051493755018, 33.7802396031127], [-84.4052349712121, 33.7802406891568], [-84.4052349532161, 33.7802470503382], [-84.4052898204334, 33.7802471254864], [-84.4052898346552, 33.780239794136], [-84.4053754265983, 33.7802399108152], [-84.4053754123812, 33.780247241264], [-84.4053841908764, 33.7802472531356], [-84.4053840522712, 33.7803187263631], [-84.4053752737687, 33.7803187144915], [-84.4053752353711, 33.7803379575976], [-84.4058174625264, 33.7803385575365], [-84.4058176594529, 33.7802373035717], [-84.4058066857954, 33.7802372887717], [-84.4058069598379, 33.7800961744754], [-84.4058179334774, 33.7800961892754], [-84.4058181392923, 33.7799437413568], [-84.4058093507646, 33.7799436051076], [-84.405809475685, 33.779871996655], [-84.4058798192612, 33.7798722308958], [-84.4058798334354, 33.7798649004466], [-84.4059654260836, 33.7798650167162], [-84.4059654119167, 33.7798723471653], [-84.4059741903734, 33.7798723589951], [-84.4059740511772, 33.7799438322276], [-84.4059652727131, 33.7799438203978], [-84.4059644060136, 33.7803900716149], [-84.4059731845232, 33.7803900834445], [-84.4059730464077, 33.7804615566689], [-84.405964266811, 33.7804615448414], [-84.4059642526442, 33.7804688752897], [-84.4058786604751, 33.7804687590199], [-84.4058786746492, 33.7804614285715], [-84.4053442713529, 33.7804607033123], [-84.4053442571332, 33.7804680337608], [-84.4052586638858, 33.7804679179646], [-84.4052586791925, 33.780460587514], [-84.4052498995958, 33.7804605756357], [-84.4052484663498, 33.7803891649576], [-84.4052588178989, 33.7803891133862], [-84.4052588552453, 33.780369871184], [-84.4052347138091, 33.7803698385122], [-84.4052346995801, 33.7803771689609], [-84.4051491075, 33.7803770521846]]]]}, "properties": {"OBJECTID": 120, "BUILDINGID": "130", "FACILITYKEY": "130", "SHORTNAME": "Eighth St Apts", "LONGNAME": "Eighth Street Apartments", "FLOORCOUNT": 6, "BLGHEIGHT": null, "BLDGAREA": 289933, "BLDGTYPE": null, "OPERHOURS": null, "OPERDATE": null, "ACCESSTYPE": "Student", "CONDITION": null, "OWNEDBY": null, "MAINTBY": 7, "LASTUPDATE": null, "LASTEDITOR": null, "created_user": "wsims6_GTFacilities", "created_date": 1628109909166, "last_edited_user": "dsimsGT", "last_edited_date": 1713902981003, "cust_shift1": null, "cust_shift2": null, "cust_shift3": null, "Shape__Area": 7661.15234375, "Shape__Length": 1070.9837133534897, "GlobalID": "3281d68c-a201-41bc-8c96-4439c01da11d", "cust_zone": null}}, {"type": "Feature", "id": 121, "geometry": {"type": "Polygon", "coordinates": [[[-84.4035734781339, 33.7804614223222], [-84.4035644758198, 33.7804515016087], [-84.4035487408275, 33.7804614571868], [-84.4035243109778, 33.7804586458463], [-84.4034833294836, 33.7804134841672], [-84.4034458535095, 33.7804371982668], [-84.4033607628313, 33.7803434284197], [-84.4032893013626, 33.7802646782276], [-84.4032707347418, 33.7802442165976], [-84.4032026861012, 33.7801692269076], [-84.4031743580775, 33.7801380092444], [-84.4031083782077, 33.7800652985158], [-84.4031127360982, 33.7800625410324], [-84.4031458551964, 33.7800415854172], [-84.4031300049223, 33.7800241183523], [-84.4031570231757, 33.7800070226703], [-84.4031266439469, 33.7799735439789], [-84.4031231580699, 33.779975749785], [-84.4030965759962, 33.779946456487], [-84.4031229927734, 33.7799297415596], [-84.4031152701278, 33.7799221960138], [-84.4031147308199, 33.7799208319476], [-84.4031078763776, 33.7799034901036], [-84.4031072653083, 33.779901944943], [-84.4031085423418, 33.7798896466824], [-84.4031093162226, 33.7798883567404], [-84.4031189886523, 33.7798722329185], [-84.4031198184222, 33.7798708490977], [-84.4031310640737, 33.7798629840879], [-84.4031325918048, 33.7798625456631], [-84.4031532776913, 33.7798566173409], [-84.4031549100762, 33.7798561489608], [-84.4031671259283, 33.7798567467876], [-84.4031670088308, 33.7798388916183], [-84.4031673630247, 33.7798294749987], [-84.4031785974872, 33.7798293281381], [-84.4031787698669, 33.7798311536509], [-84.4032003692476, 33.7798315216019], [-84.40320026165, 33.7798296950633], [-84.4032115430697, 33.7798297401614], [-84.4032115293557, 33.7798333927757], [-84.4032603208115, 33.7798339664628], [-84.4032603158891, 33.7798062569353], [-84.4032865598025, 33.7798064167017], [-84.4032869031763, 33.7797671536526], [-84.4033926972555, 33.779767799207], [-84.4033923528503, 33.7798070622583], [-84.4034374593447, 33.7798073381861], [-84.4034378026471, 33.7797680742352], [-84.4035438699095, 33.7797687209392], [-84.4035435255757, 33.7798079848922], [-84.4035886320682, 33.7798082598632], [-84.4035889753041, 33.7797689968139], [-84.4036950425681, 33.7797696433878], [-84.4036946983033, 33.779808907341], [-84.4037398047964, 33.7798091822567], [-84.4037401479609, 33.7797699183056], [-84.4038462152287, 33.7797705656513], [-84.4038458710304, 33.7798098287029], [-84.4038909775242, 33.7798101035633], [-84.4038913206222, 33.7797708405137], [-84.4039990280665, 33.7797714971982], [-84.4039989402335, 33.7797815408569], [-84.404030376775, 33.7797817328561], [-84.4040300254625, 33.779821909294], [-84.4040166308599, 33.7798218277609], [-84.4040165790606, 33.7798277102311], [-84.4040287922037, 33.7798378943305], [-84.4040288006549, 33.779840958124], [-84.4040287744449, 33.7798435909952], [-84.4040285935657, 33.7798613944406], [-84.4040285369309, 33.7798670893767], [-84.4040161474049, 33.779877124237], [-84.404016095603, 33.7798830058055], [-84.4040294912948, 33.7798830873366], [-84.4040291399842, 33.7799232646755], [-84.4039977023112, 33.7799230726783], [-84.4039976144805, 33.7799331172384], [-84.4038899068338, 33.7799324605536], [-84.4038902510097, 33.7798931966011], [-84.4038451444723, 33.7798929217406], [-84.4038448013532, 33.7799321847894], [-84.4037387338886, 33.779931538345], [-84.4037390781334, 33.7798922743926], [-84.4036963460026, 33.7798935746086], [-84.4036964496466, 33.7799312012041], [-84.4035875609455, 33.7799306159511], [-84.4035879052617, 33.7798913529005], [-84.4035430719078, 33.7798910792084], [-84.4035427286508, 33.7799303422569], [-84.4034363880069, 33.7799296942736], [-84.4034367323897, 33.7798904303215], [-84.4033918990364, 33.7798901565745], [-84.4033915557129, 33.7799294205245], [-84.40328548933, 33.7799287727868], [-84.403285592741, 33.7799169032557], [-84.4032568336614, 33.7799162136323], [-84.4032332762701, 33.7799549801935], [-84.4032513132064, 33.7799748558709], [-84.4032626428344, 33.7799676867629], [-84.4033248873467, 33.7800362804222], [-84.4033554312983, 33.7800699408817], [-84.4033758152447, 33.7800924042852], [-84.4034175113349, 33.7801383526749], [-84.4033800343822, 33.7801620667572], [-84.403407772228, 33.7801926336114], [-84.4034452491864, 33.7801689195208], [-84.403508979932, 33.7802391512372], [-84.4034715029609, 33.780262865347], [-84.4034985802127, 33.7802927040123], [-84.4035360571918, 33.780268990796], [-84.4036001184148, 33.7803395860966], [-84.4035626414229, 33.7803632993321], [-84.4036027682925, 33.780408653776], [-84.4035991665105, 33.7804295501384], [-84.4035845212728, 33.7804388174725], [-84.4035935246676, 33.7804487381825], [-84.403591095753, 33.7804634496728], [-84.4035734781339, 33.7804614223222]]]}, "properties": {"OBJECTID": 121, "BUILDINGID": "131", "FACILITYKEY": "131", "SHORTNAME": "Crecine Res Hall", "LONGNAME": "Crecine, John Patrick Residence Hall", "FLOORCOUNT": 6, "BLGHEIGHT": null, "BLDGAREA": 132885, "BLDGTYPE": null, "OPERHOURS": null, "OPERDATE": null, "ACCESSTYPE": "Student", "CONDITION": null, "OWNEDBY": null, "MAINTBY": 7, "LASTUPDATE": null, "LASTEDITOR": null, "created_user": "wsims6_GTFacilities", "created_date": 1628109909166, "last_edited_user": "dsimsGT", "last_edited_date": 1713902981668, "cust_shift1": null, "cust_shift2": null, "cust_shift3": null, "Shape__Area": 3346.82421875, "Shape__Length": 547.2838566085094, "GlobalID": "0653a8c7-7145-4cfe-8c67-0189169e0c55", "cust_zone": null}}, {"type": "Feature", "id": 122, "geometry": {"type": "MultiPolygon", "coordinates": [[[[-84.402144675598, 33.7798822089914], [-84.4021417520683, 33.7798764557253], [-84.4020282383328, 33.7798756840664], [-84.4020266198059, 33.7798788528499], [-84.4020240436214, 33.7798828430605], [-84.4020223591123, 33.7798847848228], [-84.4020190744367, 33.7798875284996], [-84.4020135642891, 33.7798902385512], [-84.4020064194677, 33.7798917930986], [-84.4020025808593, 33.7798917670579], [-84.4019962832514, 33.7798908079894], [-84.4019916405991, 33.7798889450154], [-84.4019886424457, 33.7798870924301], [-84.4019841556812, 33.7798830074905], [-84.4019816869259, 33.7798792964944], [-84.4019799820111, 33.7798753559241], [-84.401920208787, 33.7798749496357], [-84.4019202181623, 33.7798740344421], [-84.4019194958381, 33.779874046639], [-84.401869767735, 33.7798736915049], [-84.4018697098147, 33.7798746230207], [-84.4018090224459, 33.7798743662915], [-84.401805784726, 33.7798816514892], [-84.4018011382827, 33.7798855121956], [-84.4017972418083, 33.7798876231716], [-84.4017928370054, 33.7798894258498], [-84.4017850632249, 33.7798907841211], [-84.4017777568341, 33.7798893229406], [-84.4017701149582, 33.7798856073697], [-84.4017666152284, 33.7798823590771], [-84.4017631594582, 33.7798778114217], [-84.4017614545534, 33.7798738708483], [-84.4016479408226, 33.7798730988395], [-84.4016437471594, 33.7798802578188], [-84.4016390256149, 33.7798846930137], [-84.4016332667147, 33.7798876532794], [-84.4016261218865, 33.7798892078048], [-84.4016209145756, 33.7798889436174], [-84.4016159856747, 33.7798882226644], [-84.4016124348551, 33.7798868246525], [-84.4016083448856, 33.7798845070814], [-84.4016059789285, 33.7798824531166], [-84.4016038581391, 33.7798804221279], [-84.4016013894003, 33.7798767111242], [-84.4016002404863, 33.7798727370306], [-84.4015928300782, 33.7798727240886], [-84.4014857330618, 33.7798722435712], [-84.4014848264915, 33.7798751693504], [-84.4014805646809, 33.7798811013069], [-84.4014772810678, 33.7798838449673], [-84.4014695700329, 33.7798872273059], [-84.4014646260721, 33.7798881095108], [-84.4014607874639, 33.7798880834533], [-84.4014544898622, 33.7798871243572], [-84.401449846142, 33.7798852613648], [-84.4014438900478, 33.7798808519016], [-84.4014423623413, 33.7798793238047], [-84.4014398936094, 33.7798756127978], [-84.4014387708605, 33.7798717279164], [-84.4013240229506, 33.7798709480394], [-84.4013230564398, 33.779874068688], [-84.4013204802253, 33.7798780597858], [-84.4013187946181, 33.7798800006389], [-84.4013157597439, 33.7798824949664], [-84.4013111009574, 33.7798850050047], [-84.4013077999587, 33.7798861266235], [-84.4013028559963, 33.7798870088221], [-84.4012965516341, 33.7798867376904], [-84.4012905350632, 33.7798850936984], [-84.4012850779359, 33.7798823089557], [-84.4012805922845, 33.7798782239884], [-84.4012781224774, 33.7798745120785], [-84.4012769986462, 33.7798706235911], [-84.401187032571, 33.7798699641772], [-84.4011875346335, 33.7798283556363], [-84.4011844522734, 33.779827689764], [-84.401179773353, 33.7798259819123], [-84.4011759925125, 33.7798233797192], [-84.4011730755785, 33.7798208146554], [-84.4011730203318, 33.7798207489398], [-84.401170812583, 33.7798181049862], [-84.4011694709478, 33.7798151194643], [-84.4011684051121, 33.7798119071039], [-84.4011681511476, 33.779809844609], [-84.4011681823633, 33.7798066391804], [-84.4011696041115, 33.7798013816566], [-84.4011712042935, 33.7797989982571], [-84.4011726657552, 33.7797968234026], [-84.4011736544746, 33.7797959072496], [-84.4011765613964, 33.7797932139039], [-84.4011792182855, 33.7797914857998], [-84.4011838739426, 33.779789808898], [-84.4011877515162, 33.77978868258], [-84.4011878910665, 33.7797820434585], [-84.4011882302806, 33.7797472417899], [-84.4012776151795, 33.7797478500124], [-84.4012801419245, 33.7797427445689], [-84.4012818349068, 33.7797403411552], [-84.4012859738931, 33.7797364850397], [-84.4012917392614, 33.7797335202695], [-84.4012977870325, 33.7797319588329], [-84.4013029984828, 33.7797317649873], [-84.4013065586704, 33.7797322469129], [-84.4013126357682, 33.7797339169369], [-84.4013169405289, 33.7797362106666], [-84.4013201727364, 33.7797387697177], [-84.4013231751261, 33.7797425788941], [-84.4013255980749, 33.7797481140305], [-84.4014398913471, 33.7797489317391], [-84.4014410738758, 33.7797454419032], [-84.4014436047043, 33.7797414409711], [-84.4014477447656, 33.7797375857497], [-84.401452133583, 33.7797350690067], [-84.4014570853783, 33.7797334997292], [-84.4014620267159, 33.7797328465488], [-84.4014647693466, 33.7797328656751], [-84.4014696971551, 33.7797335857347], [-84.4014754379204, 33.7797354565571], [-84.4014787103189, 33.7797373104365], [-84.4014849460103, 33.7797436795553], [-84.401487368967, 33.7797492137869], [-84.401600881624, 33.7797500481598], [-84.4016025694224, 33.7797465402292], [-84.4016050583512, 33.7797422237957], [-84.4016092402974, 33.779738684067], [-84.4016114251763, 33.7797372976763], [-84.4016161068531, 33.7797352681631], [-84.4016210534175, 33.7797341569277], [-84.4016262648696, 33.7797339639701], [-84.4016298250591, 33.7797344458864], [-84.4016336568985, 33.7797351590096], [-84.4016356827154, 33.779736021639], [-84.4016391155618, 33.7797377147147], [-84.40164343807, 33.7797409686575], [-84.4016455075385, 33.779743186385], [-84.4016491378748, 33.7797503764506], [-84.4017631866893, 33.7797510338313], [-84.4017643392356, 33.7797476405262], [-84.401766870049, 33.7797436395875], [-84.4017710100959, 33.7797397843553], [-84.4017753999836, 33.7797372675988], [-84.4017789752318, 33.7797361472482], [-84.4017828232075, 33.7797352572006], [-84.4017858416334, 33.7797350485782], [-84.4017891317097, 33.7797350711625], [-84.401795426688, 33.7797362583643], [-84.4017987032429, 33.7797376550903], [-84.4018022203666, 33.7797397627603], [-84.4018072784254, 33.7797442866237], [-84.4018106343414, 33.7797514122885], [-84.4018643749438, 33.7797518400462], [-84.4018645620823, 33.7797326074738], [-84.4018763521501, 33.7797326877906], [-84.401916383741, 33.7797329595208], [-84.4019281727291, 33.7797330398348], [-84.4019279856047, 33.7797522724072], [-84.4019811775101, 33.7797526335361], [-84.4019837042159, 33.77974752898], [-84.401985397176, 33.7797451246552], [-84.4019881657639, 33.7797423954881], [-84.401991722086, 33.7797398830184], [-84.4019939270945, 33.7797387526514], [-84.4019988778026, 33.7797371842559], [-84.4020038202135, 33.7797365301502], [-84.402007658815, 33.7797365561909], [-84.4020125850975, 33.7797375061526], [-84.4020158293594, 33.7797385431756], [-84.4020183206489, 33.7797398349985], [-84.4020223864886, 33.779742408671], [-84.4020258044745, 33.7797457716219], [-84.4020291614884, 33.7797528972787], [-84.4021429484163, 33.7797537333347], [-84.40214547511, 33.7797486278737], [-84.4021479965353, 33.7797455430225], [-84.4021513070183, 33.7797423692055], [-84.4021545930842, 33.7797405316817], [-84.4021592721382, 33.7797387320739], [-84.4021642171629, 33.7797378498391], [-84.4021683315585, 33.7797376481323], [-84.4021732604553, 33.7797383690634], [-84.402177033789, 33.7797394023675], [-84.4021822725699, 33.7797420937158], [-84.402187575368, 33.7797468713621], [-84.4021893149727, 33.7797500707063], [-84.40219120467, 33.7797540614135], [-84.4022808638399, 33.7797546701891], [-84.402280464254, 33.7797956545956], [-84.4022846662047, 33.7797970639682], [-84.4022894563907, 33.7797991773085], [-84.4022940742562, 33.7798026344376], [-84.4022949540233, 33.7798037318703], [-84.4022962736751, 33.7798053784702], [-84.4022976247205, 33.779807448786], [-84.4022992312874, 33.7798113516704], [-84.4022997174684, 33.7798177668904], [-84.4022982957866, 33.7798230235252], [-84.4022957920989, 33.7798266700741], [-84.4022941220395, 33.7798283656617], [-84.4022913386062, 33.7798311913407], [-84.4022867770239, 33.7798336994268], [-84.4022800714222, 33.7798359510293], [-84.4022796676886, 33.7798773925802], [-84.4021900094705, 33.7798767838022], [-84.4021880448169, 33.7798805185835], [-84.4021858147726, 33.7798839428018], [-84.4021841291874, 33.7798858845683], [-84.4021797417843, 33.7798893074938], [-84.4021753343744, 33.7798913383083], [-84.4021681895559, 33.779892892865], [-84.4021618862681, 33.7798926208738], [-84.4021580533377, 33.7798919077691], [-84.4021534106819, 33.7798900448012], [-84.4021504405369, 33.779888169625], [-84.4021469117011, 33.7798849439401], [-84.402144675598, 33.7798822089914]]], [[[-84.4027715232279, 33.7802682604099], [-84.4027703339617, 33.7803912704073], [-84.4026804635793, 33.7803906641963], [-84.4026745704157, 33.7803997866492], [-84.4026585940647, 33.7804068122104], [-84.4026342577997, 33.7803947991673], [-84.4025183135702, 33.7803895703382], [-84.4025080222005, 33.7804021247575], [-84.4024912248034, 33.7804054541958], [-84.402478624733, 33.780401007889], [-84.40246994359, 33.7803892444087], [-84.4023564378298, 33.7803884784481], [-84.4023505446319, 33.7803976008856], [-84.402330996331, 33.7804046025703], [-84.402317841438, 33.7804006117385], [-84.4023080678505, 33.7803881524552], [-84.4021371230102, 33.7803869982495], [-84.40212965243, 33.7803981578108], [-84.4021114061247, 33.780403120147], [-84.4020944685576, 33.7803958725322], [-84.402088753032, 33.7803866721706], [-84.4019991580018, 33.780386067643], [-84.4019968096263, 33.780196989614], [-84.4018935192087, 33.7801932634621], [-84.4018936558438, 33.7801745178789], [-84.4018694672071, 33.7801741834872], [-84.4018683907706, 33.7800351617837], [-84.401906718432, 33.7800353565174], [-84.4019109111688, 33.7799859975616], [-84.4019811894904, 33.7799887912309], [-84.4020047613233, 33.7799720720493], [-84.4020478993484, 33.7799722918282], [-84.4020475640065, 33.7800182505185], [-84.4021551671711, 33.780129439694], [-84.4021992435992, 33.7801296639407], [-84.4021962103565, 33.7802451766228], [-84.40220391007, 33.7802451520086], [-84.4022037231302, 33.7802644296619], [-84.4022438489078, 33.7802647011055], [-84.4022440347588, 33.7802454234543], [-84.4022558529681, 33.7802455027793], [-84.40225566604, 33.7802647804326], [-84.4023092577774, 33.7802651424593], [-84.4023176357682, 33.7802537512332], [-84.4023305761816, 33.7802492200703], [-84.4023530004662, 33.780257422842], [-84.4023576287674, 33.78026546845], [-84.4024711332856, 33.7802662344124], [-84.402479511255, 33.7802548431753], [-84.4024965757994, 33.7802501111608], [-84.4025137902459, 33.7802571309753], [-84.4025195031991, 33.7802665612432], [-84.402633283062, 33.7802673283335], [-84.4026375123643, 33.7802598013795], [-84.4026496455673, 33.7802522908688], [-84.4026647629634, 33.7802521636791], [-84.4026729448873, 33.7802559142275], [-84.4026816540537, 33.7802676541971], [-84.4027715232279, 33.7802682604099]]]]}, "properties": {"OBJECTID": 122, "BUILDINGID": "132", "FACILITYKEY": "132", "SHORTNAME": "Center St Apts", "LONGNAME": "Center Street Apartments", "FLOORCOUNT": 6, "BLGHEIGHT": null, "BLDGAREA": 152789, "BLDGTYPE": null, "OPERHOURS": null, "OPERDATE": null, "ACCESSTYPE": "Student", "CONDITION": null, "OWNEDBY": null, "MAINTBY": 7, "LASTUPDATE": null, "LASTEDITOR": null, "created_user": "wsims6_GTFacilities", "created_date": 1628109909166, "last_edited_user": "dsimsGT", "last_edited_date": 1713902982511, "cust_shift1": null, "cust_shift2": null, "cust_shift3": null, "Shape__Area": 4588.61328125, "Shape__Length": 631.3970949488915, "GlobalID": "bb3e16c2-fc68-494d-9975-4b89532a3880", "cust_zone": null}}, {"type": "Feature", "id": 123, "geometry": {"type": "Polygon", "coordinates": [[[-84.4022932385605, 33.7807001258229], [-84.4022940455998, 33.7806423266593], [-84.4023613828685, 33.7806430338963], [-84.4023794899325, 33.7806432003793], [-84.4024042661744, 33.7806431692811], [-84.4024228382546, 33.7806435972498], [-84.4024585491997, 33.7806439257466], [-84.4024556138888, 33.7808545560879], [-84.4024528561499, 33.7810523655101], [-84.4022883517692, 33.7810507664187], [-84.4022917775283, 33.7808101020633], [-84.4022932385605, 33.7807001258229]]]}, "properties": {"OBJECTID": 123, "BUILDINGID": "133", "FACILITYKEY": "133", "SHORTNAME": "10th St Chiller", "LONGNAME": "Tenth Street Chiller Plant", "FLOORCOUNT": 2, "BLGHEIGHT": null, "BLDGAREA": 8756, "BLDGTYPE": null, "OPERHOURS": null, "OPERDATE": null, "ACCESSTYPE": "Employee", "CONDITION": null, "OWNEDBY": null, "MAINTBY": 2, "LASTUPDATE": null, "LASTEDITOR": null, "created_user": "wsims6_GTFacilities", "created_date": 1628109909166, "last_edited_user": "dsimsGT", "last_edited_date": 1713902983021, "cust_shift1": 2, "cust_shift2": null, "cust_shift3": null, "Shape__Area": 1001.72265625, "Shape__Length": 146.04086389713888, "GlobalID": "3f65d6b9-2c9a-4aa2-9f92-419f0df310fe", "cust_zone": 2}}, {"type": "Feature", "id": 124, "geometry": {"type": "Polygon", "coordinates": [[[-84.4022857814761, 33.7812351516974], [-84.4022883517692, 33.7810507664187], [-84.4024528561499, 33.7810523655101], [-84.4024556138888, 33.7808545560879], [-84.4026179248269, 33.7808561339051], [-84.4026178742226, 33.7808597306869], [-84.4026147082583, 33.7810869112648], [-84.402599956017, 33.781086768157], [-84.4024523968849, 33.7810853334453], [-84.4024500090706, 33.7812565858336], [-84.4022855042994, 33.7812549867401], [-84.4022857814761, 33.7812351516974]]]}, "properties": {"OBJECTID": 124, "BUILDINGID": "133A", "FACILITYKEY": "133", "SHORTNAME": "10th St Chlr Add", "LONGNAME": "Tenth Street Chiller Plant Addition", "FLOORCOUNT": 1, "BLGHEIGHT": null, "BLDGAREA": 7861, "BLDGTYPE": null, "OPERHOURS": null, "OPERDATE": null, "ACCESSTYPE": "Employee", "CONDITION": null, "OWNEDBY": null, "MAINTBY": 2, "LASTUPDATE": null, "LASTEDITOR": null, "created_user": "wsims6_GTFacilities", "created_date": 1628109909166, "last_edited_user": "dsimsGT", "last_edited_date": 1713902983588, "cust_shift1": 2, "cust_shift2": null, "cust_shift3": null, "Shape__Area": 1059.48046875, "Shape__Length": 180.4628911862216, "GlobalID": "e1e5566e-433c-42c7-a915-e4e049c09f4d", "cust_zone": 2}}, {"type": "Feature", "id": 125, "geometry": {"type": "MultiPolygon", "coordinates": [[[[-84.3917225834191, 33.7749383662981], [-84.3916912073242, 33.7749378978486], [-84.391680001808, 33.774937730736], [-84.3916803846474, 33.7749239293533], [-84.3915984952071, 33.7749227081209], [-84.391598615495, 33.774917093315], [-84.3915787245756, 33.7749167968569], [-84.3915786053661, 33.7749224116609], [-84.3914965255543, 33.7749210572633], [-84.3914962272451, 33.7749349901327], [-84.3914850169435, 33.7749350574406], [-84.3914536408531, 33.7749345898323], [-84.391411079475, 33.7749330182258], [-84.391411359457, 33.7749199176147], [-84.3913822238259, 33.7749194828759], [-84.3913855155498, 33.7747734074607], [-84.3914817206939, 33.7747747028408], [-84.3914803399947, 33.7748392726534], [-84.3915733473983, 33.7748406594439], [-84.3915736273553, 33.7748275588323], [-84.3915758630206, 33.7748278261553], [-84.3916052782726, 33.7748282648471], [-84.3916072449403, 33.7748280601941], [-84.3916069639087, 33.7748411608077], [-84.3916999665302, 33.7748427819411], [-84.3917013529322, 33.7747779785882], [-84.3917977214879, 33.7747794149834], [-84.3917945960288, 33.7749256325656], [-84.3917654603944, 33.7749251979172], [-84.3917651804687, 33.7749382994305], [-84.3917338043737, 33.7749378309918], [-84.3917337900151, 33.7749385334048], [-84.3917225834191, 33.7749383662981]]], [[[-84.3917966052349, 33.7752558030131], [-84.3917928343877, 33.7753975901424], [-84.3916993849561, 33.7753958571888], [-84.3917010491769, 33.7753332443492], [-84.3916108595886, 33.7753315712049], [-84.3916105213753, 33.7753442751947], [-84.3915779225572, 33.7753436709927], [-84.3915782607754, 33.7753309670029], [-84.3914880701139, 33.7753292946723], [-84.3914864046585, 33.7753919075116], [-84.3913929552378, 33.775390174326], [-84.3913919462211, 33.7752489486238], [-84.3914249784449, 33.7752489110112], [-84.3914253156057, 33.7752362070235], [-84.3915079180568, 33.7752370582955], [-84.3915075805179, 33.7752504394246], [-84.3915868861314, 33.7752519142816], [-84.3915867405642, 33.7752573587211], [-84.3916060281687, 33.7752577157863], [-84.3916061737348, 33.7752522713468], [-84.3916857756237, 33.7752534994492], [-84.3916861245707, 33.7752403626465], [-84.3917686906373, 33.7752425744029], [-84.3917683524499, 33.775255279295], [-84.3917966052349, 33.7752558030131]]]]}, "properties": {"OBJECTID": 125, "BUILDINGID": "134", "FACILITYKEY": "134", "SHORTNAME": "Fourth St Houses", "LONGNAME": "Stein, Goldin, Hayes House - Fourth Street Apartements", "FLOORCOUNT": 3, "BLGHEIGHT": null, "BLDGAREA": 30843, "BLDGTYPE": null, "OPERHOURS": null, "OPERDATE": null, "ACCESSTYPE": "Student", "CONDITION": null, "OWNEDBY": null, "MAINTBY": 7, "LASTUPDATE": null, "LASTEDITOR": null, "created_user": "wsims6_GTFacilities", "created_date": 1628109909166, "last_edited_user": "dsimsGT", "last_edited_date": 1713902984319, "cust_shift1": null, "cust_shift2": null, "cust_shift3": null, "Shape__Area": 1415.23046875, "Shape__Length": 316.7145203148885, "GlobalID": "3f43911a-2d07-4796-926b-4c985d102a0c", "cust_zone": null}}, {"type": "Feature", "id": 126, "geometry": {"type": "Polygon", "coordinates": [[[-84.4005779239486, 33.7772437194667], [-84.4005990680334, 33.7772190363538], [-84.400603098989, 33.7772207526702], [-84.4006034347357, 33.7771663184372], [-84.4005693302028, 33.7771661720954], [-84.4005691554084, 33.7771944220667], [-84.4004643659342, 33.7771939696424], [-84.4004645122115, 33.7771703127374], [-84.4004612125405, 33.7771702991522], [-84.4004611951926, 33.7771730546318], [-84.4004402925854, 33.7771729643916], [-84.400440445469, 33.7771481596718], [-84.4004613491498, 33.7771482499099], [-84.4004613318043, 33.7771510062911], [-84.4004646325543, 33.7771510198743], [-84.4004648522002, 33.7771154204572], [-84.4004615514491, 33.7771154059724], [-84.4004615351834, 33.7771181623516], [-84.4004406315098, 33.7771180721135], [-84.4004407854705, 33.7770932664898], [-84.4004616880583, 33.77709335673], [-84.4004616717925, 33.7770961131091], [-84.4004649714631, 33.777096127596], [-84.4004651952557, 33.7770600674268], [-84.4004618945092, 33.7770600538437], [-84.4004618771613, 33.7770628093233], [-84.400440974581, 33.7770627190831], [-84.4004411274643, 33.7770379143629], [-84.4004620311183, 33.777038004601], [-84.4004620137729, 33.7770407609823], [-84.4004653145186, 33.7770407745654], [-84.400465535699, 33.7770049452237], [-84.4004622349522, 33.7770049307389], [-84.4004622186865, 33.7770076871182], [-84.4004413150398, 33.77700759688], [-84.4004414690002, 33.7769827912559], [-84.4004623715612, 33.7769828814961], [-84.4004623552955, 33.7769856378753], [-84.4004656549618, 33.7769856523621], [-84.4004658772193, 33.7769498221164], [-84.4004625764771, 33.7769498085332], [-84.4004625591292, 33.7769525640129], [-84.4004416565756, 33.7769524737727], [-84.4004418105384, 33.77692766905], [-84.400462713086, 33.7769277592902], [-84.4004626957406, 33.7769305156715], [-84.4004659964821, 33.7769305292546], [-84.4004662176622, 33.7768946999122], [-84.4004629179993, 33.7768946854254], [-84.4004629006538, 33.7768974418068], [-84.4004419981137, 33.7768973515665], [-84.4004421509942, 33.776872545944], [-84.4004630535284, 33.7768726361842], [-84.4004630372627, 33.7768753925635], [-84.4004663369248, 33.7768754070503], [-84.4004664434466, 33.7768581807976], [-84.4004665102157, 33.7768473860999], [-84.400466672303, 33.7768212027363], [-84.4004667564174, 33.7768076516572], [-84.4004370520828, 33.7768075798942], [-84.4003808361595, 33.7768074429234], [-84.4003980817407, 33.7768266415862], [-84.4004124114143, 33.7768559280361], [-84.4004170667757, 33.7768875870207], [-84.4004123180524, 33.7769189491408], [-84.4003976090602, 33.7769483807549], [-84.400374392616, 33.7769737178496], [-84.4003440619134, 33.7769931039869], [-84.4003086784941, 33.7770050781897], [-84.4002707774227, 33.7770091956494], [-84.400232906009, 33.7770047482543], [-84.4001979560229, 33.7769922318505], [-84.4001678821692, 33.7769725903776], [-84.4001442705432, 33.7769458172317], [-84.400130645426, 33.7769175122182], [-84.4001259983891, 33.7768860975546], [-84.4001313166752, 33.7768545026431], [-84.4001460349676, 33.7768252874389], [-84.4001640797371, 33.7768063727169], [-84.4000709787544, 33.7768059438257], [-84.4000710936057, 33.776787380408], [-84.4000566659793, 33.7767856296374], [-84.4000362450711, 33.7767831688776], [-84.4000013261101, 33.7767709012145], [-84.39997098206, 33.7767515144692], [-84.3999480482046, 33.776726181744], [-84.3999337147945, 33.7766966454887], [-84.3999287827931, 33.7766652295517], [-84.3999341644627, 33.7766334947717], [-84.3999488037582, 33.7766042030988], [-84.3999720499338, 33.7765790697996], [-84.4000026328592, 33.7765599456563], [-84.4000377343274, 33.7765479693689], [-84.4000628781836, 33.7765453755549], [-84.4000753486453, 33.776544088756], [-84.4000908828754, 33.7765458157919], [-84.4001131824802, 33.7765482937271], [-84.400148416676, 33.7765605733859], [-84.4001784961862, 33.7765799669003], [-84.400201419892, 33.7766055277203], [-84.4002157375235, 33.7766347916758], [-84.4002204047602, 33.7766664813028], [-84.4002153365853, 33.7766979188582], [-84.4002006715914, 33.7767272620049], [-84.4001828917422, 33.7767467091072], [-84.400219233312, 33.776746865749], [-84.4005664141918, 33.7767483640698], [-84.40056675565, 33.7766932418618], [-84.4006063601397, 33.7766934120417], [-84.4006065329303, 33.7766656210125], [-84.4007110464299, 33.7766660720378], [-84.4007109195488, 33.7766865136189], [-84.4007142202834, 33.7766865280971], [-84.4007142376208, 33.7766837717156], [-84.4007285397199, 33.7766838329526], [-84.4007283858421, 33.776708638578], [-84.4007140837365, 33.7767085764393], [-84.4007141010763, 33.7767058209596], [-84.400710800341, 33.7767058064814], [-84.4007105792628, 33.7767416358249], [-84.4007138789197, 33.7767416503051], [-84.4007138962572, 33.7767388939237], [-84.4007281983678, 33.7767389560623], [-84.4007280444875, 33.7767637607858], [-84.4007137434549, 33.7767636995468], [-84.4007137597126, 33.7767609431675], [-84.4007104600549, 33.7767609286872], [-84.4007102378992, 33.7767967589341], [-84.400713538638, 33.7767967734123], [-84.4007135559754, 33.7767940170309], [-84.4007278570131, 33.7767940782699], [-84.4007277042149, 33.7768188838927], [-84.4007134020909, 33.7768188217541], [-84.4007134194308, 33.7768160662744], [-84.4007101186912, 33.7768160517963], [-84.4007098976127, 33.7768518811391], [-84.4007131972739, 33.7768518956193], [-84.4007132146113, 33.776849139238], [-84.4007275167403, 33.7768492013766], [-84.4007273628598, 33.7768740060996], [-84.4007130607292, 33.7768739448627], [-84.4007130780666, 33.7768711884813], [-84.4007097773249, 33.7768711740031], [-84.4007095562487, 33.7769070042473], [-84.4007128569917, 33.7769070187255], [-84.4007128732494, 33.7769042623462], [-84.4007271753851, 33.7769043235831], [-84.4007270225867, 33.7769291292056], [-84.4007127204444, 33.776929067067], [-84.4007127377843, 33.7769263115873], [-84.4007094370405, 33.7769262971091], [-84.400709214882, 33.7769621264534], [-84.4007125156271, 33.7769621409315], [-84.4007125329646, 33.7769593845502], [-84.4007268351119, 33.7769594466888], [-84.4007266812312, 33.7769842514115], [-84.4007123790822, 33.7769841901745], [-84.4007123964196, 33.7769814337932], [-84.4007090956737, 33.776981419315], [-84.400709000399, 33.7769968079806], [-84.4007528429852, 33.7769969971252], [-84.4008080141371, 33.7769972350901], [-84.4008051189201, 33.7769938819316], [-84.4008351647526, 33.77697578919], [-84.4008702589306, 33.7769642887522], [-84.4009079658272, 33.776960650254], [-84.4009438742745, 33.7769654762554], [-84.4009676323001, 33.776973750689], [-84.4009869968102, 33.7769827683062], [-84.4010081992651, 33.7769970345497], [-84.4010314067219, 33.7770227813159], [-84.4010454324724, 33.7770517851495], [-84.4010503909868, 33.7770832632025], [-84.4010450299261, 33.7771144948674], [-84.4010306607345, 33.7771433479517], [-84.401007158818, 33.7771688759549], [-84.4009779741384, 33.7771876018654], [-84.4009434378951, 33.7771998198906], [-84.4009037281905, 33.7772047154966], [-84.4008688145147, 33.7772004493249], [-84.400833855501, 33.7771886463254], [-84.4008069312864, 33.7771722900605], [-84.4008066225524, 33.7772223187738], [-84.4008106606934, 33.7772199280476], [-84.4008317862293, 33.7772448023953], [-84.4008447166947, 33.7772736541465], [-84.4008485368602, 33.7773042435353], [-84.4008426249334, 33.7773350344266], [-84.4008276385312, 33.7773632764364], [-84.4008047125635, 33.7773874282892], [-84.400794632099, 33.7773937256126], [-84.4007749331884, 33.7774058865876], [-84.400740403524, 33.7774173904354], [-84.4007036224199, 33.7774212768843], [-84.400667170228, 33.7774170739843], [-84.4006327866543, 33.7774052734438], [-84.4006278806046, 33.777402179261], [-84.400603236584, 33.7773865588852], [-84.4005806257699, 33.7773622265016], [-84.4005659766455, 33.7773338414292], [-84.4005604769858, 33.7773030234904], [-84.4005646168359, 33.777272501958], [-84.4005728531433, 33.7772546877489], [-84.4005779239486, 33.7772437194667]]]}, "properties": {"OBJECTID": 126, "BUILDINGID": "135", "FACILITYKEY": "135", "SHORTNAME": "MRDC", "LONGNAME": "Manufacturing Related Disciplines Complex", "FLOORCOUNT": 4, "BLGHEIGHT": null, "BLDGAREA": 121973, "BLDGTYPE": null, "OPERHOURS": null, "OPERDATE": null, "ACCESSTYPE": "Faculty", "CONDITION": null, "OWNEDBY": null, "MAINTBY": 1, "LASTUPDATE": null, "LASTEDITOR": null, "created_user": "wsims6_GTFacilities", "created_date": 1628109909166, "last_edited_user": "dsimsGT", "last_edited_date": 1713902984837, "cust_shift1": 10, "cust_shift2": null, "cust_shift3": null, "Shape__Area": 5532.66015625, "Shape__Length": 619.4547744349228, "GlobalID": "287c105f-0d5a-4153-a62e-7802ebd569b2", "cust_zone": 10}}, {"type": "Feature", "id": 127, "geometry": {"type": "Polygon", "coordinates": [[[-84.4019078503407, 33.7770414766553], [-84.4018225049007, 33.7770403165878], [-84.4018224083276, 33.7770452785594], [-84.4018186270021, 33.7770452271574], [-84.4018186998218, 33.777040265231], [-84.4017277081579, 33.777038972494], [-84.4017273076472, 33.7770595525482], [-84.4017186652323, 33.7770594346633], [-84.4017196103555, 33.7770109447562], [-84.401690171745, 33.7770105445877], [-84.401689776442, 33.7770358023995], [-84.4016885984326, 33.7770357902165], [-84.4016884222409, 33.7770448115742], [-84.4016527728292, 33.7770443267479], [-84.4016529394585, 33.7770357562341], [-84.4016518681823, 33.7770352903169], [-84.4016529014394, 33.7769822892802], [-84.4016396696223, 33.7769819529123], [-84.4016393637883, 33.7769976710819], [-84.4016328819837, 33.7769975833398], [-84.4016334625701, 33.7769678124101], [-84.4016348122705, 33.7769678305783], [-84.4016354213362, 33.7769504681208], [-84.4015868109855, 33.7769495823726], [-84.4015867136348, 33.7769423981995], [-84.4015886132734, 33.7768571118842], [-84.4016353376976, 33.7768577469569], [-84.4016370168115, 33.7767715918676], [-84.4015902935137, 33.7767709567933], [-84.4015920957953, 33.7766784863022], [-84.4016404397586, 33.7766791435365], [-84.4016408128249, 33.7766599728147], [-84.4016394631294, 33.7766599546465], [-84.4016399025391, 33.7766374008021], [-84.4016463843191, 33.7766374894456], [-84.4016463625631, 33.7766386165513], [-84.4016938956069, 33.7766392626856], [-84.401694502709, 33.7766081392262], [-84.4015845898562, 33.7766061935538], [-84.4015846683919, 33.7766021341694], [-84.4015943915953, 33.7766022662361], [-84.4016075744008, 33.7765913942731], [-84.401633249003, 33.7765740075365], [-84.4016557367598, 33.7765615435683], [-84.401675428364, 33.7765523588172], [-84.4016946615295, 33.7765445229049], [-84.401694806401, 33.7765370803978], [-84.4016929157482, 33.776537054244], [-84.4016931184747, 33.7765266794561], [-84.4016499055953, 33.7765260927193], [-84.4016507239282, 33.7764841427281], [-84.4015699701602, 33.776483044972], [-84.4015054224291, 33.7764821669845], [-84.4015056989339, 33.7764679582343], [-84.4014381797332, 33.7764670407835], [-84.4014379032172, 33.7764812495336], [-84.4012912376841, 33.776479932535], [-84.4012915152355, 33.7764379754586], [-84.4012785517085, 33.7764377990357], [-84.4012786578807, 33.7764323862199], [-84.4012916214069, 33.7764325626429], [-84.401292194426, 33.776417003557], [-84.4012343984488, 33.7764162180843], [-84.4012345385758, 33.7764090009994], [-84.4012596595543, 33.7764091335793], [-84.4012626781952, 33.776254172718], [-84.4012375642522, 33.7762538318438], [-84.4012377043787, 33.7762466147586], [-84.4012955013217, 33.7762474002282], [-84.4012955344665, 33.776231834955], [-84.4012825709706, 33.7762316585323], [-84.4012826760626, 33.7762262457184], [-84.4012964504487, 33.7762264323209], [-84.4012971678284, 33.7761846177692], [-84.4014079862908, 33.7761866647648], [-84.4014071811105, 33.7762279375914], [-84.401438780037, 33.7762283679811], [-84.4014395255411, 33.7762040129554], [-84.4014408752319, 33.7762040320274], [-84.4014409766101, 33.7761988446333], [-84.4015136276566, 33.7761998316628], [-84.4015135262828, 33.7762050190569], [-84.4015146060351, 33.7762050341335], [-84.4015141315682, 33.7762293922506], [-84.4015460004295, 33.7762298248041], [-84.4015468055432, 33.7761885519768], [-84.4015775935602, 33.7761889703496], [-84.4015910980047, 33.7761891538264], [-84.4016488938316, 33.7761899391327], [-84.4016490671877, 33.7761949050992], [-84.4016809360391, 33.7761953385195], [-84.401735221601, 33.7761960763709], [-84.4017363333257, 33.7761390150403], [-84.4017366628645, 33.7761221003316], [-84.4017453062626, 33.776122217312], [-84.4017446195761, 33.7761574010624], [-84.4018548197143, 33.7761584002139], [-84.4018550515553, 33.7761460435396], [-84.4018604632619, 33.7761461161782], [-84.4018583667824, 33.7762536980187], [-84.4019026628066, 33.7762540103195], [-84.4019030319851, 33.7762346241085], [-84.4019084427679, 33.7762347517474], [-84.401904267964, 33.7764490110338], [-84.4019039251922, 33.7764666029074], [-84.4018985133497, 33.7764664878935], [-84.4018988744384, 33.7764484866352], [-84.401855924131, 33.776448354804], [-84.4018552120319, 33.7764848910787], [-84.4018173916203, 33.7764848288031], [-84.401816897456, 33.7765240759281], [-84.4018319838533, 33.7765243023483], [-84.4018643012418, 33.7765272279326], [-84.4018806853646, 33.7765297907576], [-84.4019122721635, 33.7765368031045], [-84.4019278008754, 33.7765412384805], [-84.4019428085499, 33.7765466333035], [-84.4019575980559, 33.7765523982176], [-84.4019750656442, 33.7765606736311], [-84.4019870617135, 33.7765667540361], [-84.4019896858208, 33.7765680843782], [-84.4019997438168, 33.7765674574857], [-84.4020000255955, 33.7765706064169], [-84.4019574996001, 33.7765732554068], [-84.4019568387409, 33.7766071921224], [-84.4020130119795, 33.7766079560065], [-84.4020129323843, 33.776612015393], [-84.4019567506607, 33.7766117032526], [-84.4019561521383, 33.776642375871], [-84.4020101791511, 33.7766424333468], [-84.4020097387587, 33.7766649871941], [-84.4020083794987, 33.776665419874], [-84.4020080234809, 33.776683688011], [-84.402056358965, 33.7766847959242], [-84.4020545571822, 33.7767772664199], [-84.4020078338793, 33.7767766315037], [-84.4020061636212, 33.7768623357544], [-84.4020528784863, 33.7768634215129], [-84.4020510766972, 33.7769558920059], [-84.4020027325763, 33.7769552349332], [-84.402002398308, 33.7769723759637], [-84.4020040105447, 33.7769728489611], [-84.4020037330413, 33.776987057713], [-84.4020034300864, 33.7770026198921], [-84.4019969482786, 33.7770025312675], [-84.4019972645015, 33.7769862928246], [-84.4019837477441, 33.7769867856546], [-84.4019827146907, 33.7770397866931], [-84.4019816338507, 33.7770397725243], [-84.4019814587695, 33.7770487938803], [-84.4019731867152, 33.7770486816185], [-84.4019458082753, 33.7770483091407], [-84.4019459833603, 33.7770392877848], [-84.4019449036001, 33.7770392736136], [-84.4019453959952, 33.7770140129112], [-84.4019227091302, 33.7770137045175], [-84.4019217593415, 33.7770624207492], [-84.401913116926, 33.7770623028779], [-84.4019135213315, 33.7770415839615], [-84.4019078503407, 33.7770414766553]]]}, "properties": {"OBJECTID": 127, "BUILDINGID": "144", "FACILITYKEY": "144", "SHORTNAME": "Love", "LONGNAME": "Love, J. Erskine Jr. Manufacturing", "FLOORCOUNT": 6, "BLGHEIGHT": null, "BLDGAREA": 158133, "BLDGTYPE": null, "OPERHOURS": null, "OPERDATE": null, "ACCESSTYPE": "Faculty", "CONDITION": null, "OWNEDBY": null, "MAINTBY": 1, "LASTUPDATE": null, "LASTEDITOR": null, "created_user": "wsims6_GTFacilities", "created_date": 1628109909166, "last_edited_user": "dsimsGT", "last_edited_date": 1713902985474, "cust_shift1": 10, "cust_shift2": null, "cust_shift3": null, "Shape__Area": 5729.94140625, "Shape__Length": 617.6190585040353, "GlobalID": "f41be0ee-1c78-44a0-af19-c1b3ebda22a6", "cust_zone": 10}}, {"type": "Feature", "id": 128, "geometry": {"type": "Polygon", "coordinates": [[[-84.4023616974695, 33.7707958674898], [-84.4023608597466, 33.7709236521523], [-84.4023607212812, 33.7709310450636], [-84.4023587480497, 33.7710360624674], [-84.4023601235685, 33.7710360805786], [-84.4023608597466, 33.7709236521523], [-84.4023635012105, 33.7707831246], [-84.4027672698188, 33.7707884155679], [-84.4028082667316, 33.7707890665714], [-84.4028089296052, 33.7707855145964], [-84.4028091886935, 33.7707717305423], [-84.4028094169731, 33.7707715101024], [-84.4028092875609, 33.7707664466708], [-84.402862104504, 33.7707671381559], [-84.4028620092929, 33.7707721794761], [-84.40286174656, 33.7707862060817], [-84.4028616815208, 33.7707896523212], [-84.402902878943, 33.7707901920063], [-84.4030099531607, 33.7707915955587], [-84.4030072031831, 33.770863510298], [-84.4030068286507, 33.7709579230229], [-84.4030045669381, 33.7710783042395], [-84.4030021508644, 33.7712069557034], [-84.4023028785876, 33.7711977921154], [-84.4023048001833, 33.7710955780505], [-84.4023053655393, 33.7710654653926], [-84.4023581826631, 33.7710661570927], [-84.4023616974695, 33.7707958674898]]]}, "properties": {"OBJECTID": 128, "BUILDINGID": "136", "FACILITYKEY": "136", "SHORTNAME": "Tech Way", "LONGNAME": "Tech Way Bldg", "FLOORCOUNT": 1, "BLGHEIGHT": null, "BLDGAREA": 30274, "BLDGTYPE": null, "OPERHOURS": null, "OPERDATE": null, "ACCESSTYPE": "Secure", "CONDITION": null, "OWNEDBY": null, "MAINTBY": 5, "LASTUPDATE": null, "LASTEDITOR": null, "created_user": "wsims6_GTFacilities", "created_date": 1628109909166, "last_edited_user": "dsimsGT", "last_edited_date": 1713902985967, "cust_shift1": 2, "cust_shift2": null, "cust_shift3": null, "Shape__Area": 4124.48046875, "Shape__Length": 337.4493618953579, "GlobalID": "ebd27250-6fdb-47f4-941b-3410cf7e1d9f", "cust_zone": 2}}, {"type": "Feature", "id": 129, "geometry": {"type": "Polygon", "coordinates": [[[-84.4042636162879, 33.7741537452906], [-84.4043125549522, 33.7741020459278], [-84.4043149868664, 33.7740994769472], [-84.4043214638238, 33.7741037527307], [-84.4043371652226, 33.7740871663645], [-84.4043226409929, 33.7740780587987], [-84.4043017842507, 33.7740649799271], [-84.4042929384503, 33.7740661718117], [-84.4042762917724, 33.7740551820716], [-84.4042749905663, 33.7740472924189], [-84.4042727223343, 33.774045794634], [-84.4042385723255, 33.7740232496559], [-84.404220333468, 33.774011208942], [-84.4041541140771, 33.7740811621026], [-84.4041423388139, 33.7740936023094], [-84.404065196635, 33.7741750941385], [-84.4040114405615, 33.7741396057302], [-84.4039757636851, 33.7741212869529], [-84.4039915943351, 33.7740916408578], [-84.4039399962421, 33.7740575773859], [-84.4040463400102, 33.7739461117618], [-84.4040987966966, 33.7738890796581], [-84.4041874628616, 33.7737961543215], [-84.4042448899176, 33.7738340655403], [-84.4042489861613, 33.7738297387427], [-84.4043057653584, 33.7738672228954], [-84.4043016691158, 33.7738715496949], [-84.4043433354947, 33.773899057299], [-84.4043370215801, 33.7739057281568], [-84.4043875402456, 33.7739390785327], [-84.4043938541587, 33.7739324076723], [-84.404434657435, 33.7739593452605], [-84.4044387536725, 33.773955017555], [-84.4044957493663, 33.7739926445647], [-84.4044916531274, 33.7739969713704], [-84.404549512035, 33.7740351683387], [-84.40430614102, 33.77429226532], [-84.404301679177, 33.7742893191987], [-84.4042937327218, 33.7742842500853], [-84.4042351128668, 33.7742453746182], [-84.4041992754013, 33.7742217148303], [-84.4042516698569, 33.7741663652659], [-84.4042636162879, 33.7741537452906]]]}, "properties": {"OBJECTID": 129, "BUILDINGID": "137", "FACILITYKEY": "137", "SHORTNAME": "781 Marietta St.", "LONGNAME": "781 Marietta Street N.W.", "FLOORCOUNT": 4, "BLGHEIGHT": null, "BLDGAREA": 29160, "BLDGTYPE": null, "OPERHOURS": null, "OPERDATE": null, "ACCESSTYPE": "Public", "CONDITION": null, "OWNEDBY": null, "MAINTBY": 5, "LASTUPDATE": null, "LASTEDITOR": null, "created_user": "wsims6_GTFacilities", "created_date": 1628109909166, "last_edited_user": "dsimsGT", "last_edited_date": 1713902986478, "cust_shift1": 2, "cust_shift2": null, "cust_shift3": null, "Shape__Area": 1954.68359375, "Shape__Length": 253.87108997621536, "GlobalID": "c66c4d50-e77a-4bf8-8592-46b7aa0cd889", "cust_zone": 2}}, {"type": "Feature", "id": 130, "geometry": {"type": "Polygon", "coordinates": [[[-84.405451870166, 33.7750071220723], [-84.4054141403383, 33.7749810967627], [-84.4053978300483, 33.7749976871462], [-84.4051158249327, 33.7748022799987], [-84.405519579707, 33.7743954052476], [-84.4055601275431, 33.7744234646093], [-84.4056002524336, 33.7744512308379], [-84.4056716317937, 33.7745006257601], [-84.4056180976906, 33.7745547338498], [-84.4056084942133, 33.7745641999496], [-84.405614493646, 33.7745683314233], [-84.4056615079666, 33.7746007052566], [-84.4058364773586, 33.7747219648405], [-84.4058302401704, 33.7747282515214], [-84.4057457150706, 33.7748136538323], [-84.4057338880496, 33.7748054699103], [-84.4055749914096, 33.7749656043762], [-84.4055868184378, 33.7749737883131], [-84.4054957981595, 33.7750652999928], [-84.4054637197462, 33.775043282423], [-84.405471769047, 33.7750351700165], [-84.4054438928369, 33.7750158799209], [-84.405451870166, 33.7750071220723]]]}, "properties": {"OBJECTID": 130, "BUILDINGID": "138", "FACILITYKEY": "138", "SHORTNAME": "811 Marietta St.", "LONGNAME": "811 Marietta Street N.W.", "FLOORCOUNT": 2, "BLGHEIGHT": null, "BLDGAREA": 44856, "BLDGTYPE": null, "OPERHOURS": null, "OPERDATE": null, "ACCESSTYPE": "Private", "CONDITION": null, "OWNEDBY": null, "MAINTBY": 5, "LASTUPDATE": null, "LASTEDITOR": null, "created_user": "wsims6_GTFacilities", "created_date": 1628109909166, "last_edited_user": "dsimsGT", "last_edited_date": 1713902987085, "cust_shift1": 2, "cust_shift2": null, "cust_shift3": null, "Shape__Area": 3456.34375, "Shape__Length": 260.49453968674584, "GlobalID": "1d65c711-9801-4f9d-9a46-20c6f6878d54", "cust_zone": 2}}, {"type": "Feature", "id": 131, "geometry": {"type": "Polygon", "coordinates": [[[-84.405442909778, 33.7795601969733], [-84.4054427507226, 33.7795437340367], [-84.4053825124361, 33.7795441391056], [-84.4053823544745, 33.7795276770683], [-84.4053783605435, 33.7795277037289], [-84.4053286874505, 33.7795280378414], [-84.4053288464815, 33.7795444998767], [-84.4052970850649, 33.7795447136776], [-84.4052968972811, 33.7795252789547], [-84.4051416417259, 33.7795256367837], [-84.4051405260676, 33.7794098200716], [-84.4051403415735, 33.7793907802648], [-84.405139403173, 33.7792933388545], [-84.4051347175126, 33.7788072362903], [-84.4051453959796, 33.7788071651625], [-84.4051453595139, 33.7788033575606], [-84.4051622077705, 33.7787885307102], [-84.4052116396587, 33.7787881980335], [-84.4052865141472, 33.7787876953222], [-84.4054295241146, 33.7787869606741], [-84.4056390524013, 33.7787853243524], [-84.4059014683078, 33.7787835599121], [-84.4059019446458, 33.7788329469238], [-84.4059315161186, 33.7788327480336], [-84.4059337932681, 33.779068845443], [-84.4059345439006, 33.7791465870405], [-84.4059381484445, 33.7795202801082], [-84.4058784586821, 33.7795206816506], [-84.4058786528236, 33.7795408025164], [-84.405774608266, 33.7795417308868], [-84.405774764589, 33.7795579648088], [-84.4056345753186, 33.7795589080891], [-84.4056344179423, 33.7795426741689], [-84.4056223685698, 33.7795425261878], [-84.4056223061954, 33.7795360064707], [-84.4055995384139, 33.7795172989207], [-84.4055859812948, 33.7795173900878], [-84.4055860419433, 33.779523678084], [-84.405579470692, 33.7795237223639], [-84.4055788490922, 33.779516065846], [-84.4055591353403, 33.7795161986837], [-84.4055586610079, 33.7795238618316], [-84.4055520897567, 33.7795239061101], [-84.4055520291107, 33.7795176181139], [-84.4055386794554, 33.7795177638748], [-84.405516070863, 33.7795369496851], [-84.4055161315164, 33.7795432412879], [-84.4055040838594, 33.7795433223112], [-84.4055042418443, 33.7795597843481], [-84.405442909778, 33.7795601969733]]]}, "properties": {"OBJECTID": 131, "BUILDINGID": "139", "FACILITYKEY": "139", "SHORTNAME": "Curran St Pkg Dk", "LONGNAME": "Curran Street Parking Deck", "FLOORCOUNT": 4, "BLGHEIGHT": null, "BLDGAREA": 177178, "BLDGTYPE": null, "OPERHOURS": null, "OPERDATE": null, "ACCESSTYPE": "Secure", "CONDITION": null, "OWNEDBY": null, "MAINTBY": 8, "LASTUPDATE": null, "LASTEDITOR": null, "created_user": "wsims6_GTFacilities", "created_date": 1628109909166, "last_edited_user": "dsimsGT", "last_edited_date": 1713902987726, "cust_shift1": null, "cust_shift2": null, "cust_shift3": null, "Shape__Area": 8903.11328125, "Shape__Length": 399.5123690275008, "GlobalID": "49e7365e-8fc5-4fb0-a9bd-9843a73d942c", "cust_zone": null}}, {"type": "Feature", "id": 132, "geometry": {"type": "Polygon", "coordinates": [[[-84.4042409353973, 33.7760128683527], [-84.4042425763898, 33.7759889497898], [-84.4039810919105, 33.7759745882649], [-84.4039794728191, 33.7759962950314], [-84.4039776943027, 33.7760173538169], [-84.4039771682421, 33.7760266634783], [-84.4038914068426, 33.7760219143612], [-84.4038920584839, 33.7760135061101], [-84.4038934486296, 33.7759968661646], [-84.4038952817102, 33.7759697427674], [-84.403723796797, 33.7759617996352], [-84.4037220707547, 33.7759831161889], [-84.403707598255, 33.7759822991403], [-84.4035780530812, 33.7759749830394], [-84.4035833200861, 33.7759099431167], [-84.4035920299946, 33.7758295080969], [-84.4035707143599, 33.7758283047378], [-84.4035843151613, 33.7756603406202], [-84.4036067246679, 33.7756616067959], [-84.4036265972991, 33.7754026395573], [-84.4037244385038, 33.7754080500109], [-84.4037294314505, 33.7754074146739], [-84.403733598786, 33.7753559530194], [-84.4038211206699, 33.7753599784457], [-84.4038248237229, 33.7753006967542], [-84.4039497536226, 33.7753077509776], [-84.403950022617, 33.775314071038], [-84.4039953857107, 33.7753166328628], [-84.4039956258603, 33.7753136659673], [-84.4040792486777, 33.7753183875706], [-84.4040748696128, 33.7753724743515], [-84.404248672344, 33.7753822879725], [-84.4042530523823, 33.7753282020855], [-84.4043366741496, 33.775332924418], [-84.4043322952434, 33.7753870103056], [-84.404420289462, 33.775391979328], [-84.4044246693903, 33.7753378925339], [-84.4045082546473, 33.775343071056], [-84.404503912377, 33.7753967006431], [-84.4045675857954, 33.7754002963274], [-84.4045979193267, 33.7754020086935], [-84.4045935959134, 33.7754554101289], [-84.4046903350043, 33.7754608724337], [-84.4046895350267, 33.7754843259333], [-84.4047188027601, 33.7754859790129], [-84.4048279065932, 33.7755815545606], [-84.4048034425786, 33.7756010287529], [-84.4047869432145, 33.7756000976254], [-84.404785059991, 33.7756132861093], [-84.40479247437, 33.7756378904964], [-84.4048020377072, 33.7756696426362], [-84.4048059496528, 33.7756857052226], [-84.4048144195114, 33.775747203151], [-84.4048131511416, 33.7757843743784], [-84.4048121503699, 33.7758136808849], [-84.4048011962649, 33.7758755490031], [-84.4048327253917, 33.7758773293327], [-84.4048268496238, 33.775949900173], [-84.4047719541051, 33.775946800728], [-84.4047654695976, 33.775957026245], [-84.4047599966857, 33.7759656583953], [-84.4047427630731, 33.7759928376633], [-84.4047122792273, 33.7759911166069], [-84.404647699351, 33.7759874704508], [-84.4046438373959, 33.7760351662442], [-84.4045678647829, 33.7760308765961], [-84.4045394985658, 33.7760292749411], [-84.4044998195549, 33.7760270341712], [-84.4045016863786, 33.7760039852636], [-84.4043260190802, 33.7759934957485], [-84.4043243048468, 33.7760213808183], [-84.4043225434873, 33.7760376743474], [-84.4043219092618, 33.7760457273164], [-84.4042387083222, 33.7760411619551], [-84.4042392904021, 33.7760337727023], [-84.4042409353973, 33.7760128683527]]]}, "properties": {"OBJECTID": 132, "BUILDINGID": "140", "FACILITYKEY": "160", "SHORTNAME": "Aquatic Ctr", "LONGNAME": "Aquatic Center", "FLOORCOUNT": 6, "BLGHEIGHT": null, "BLDGAREA": 236473, "BLDGTYPE": null, "OPERHOURS": null, "OPERDATE": null, "ACCESSTYPE": "Private", "CONDITION": null, "OWNEDBY": null, "MAINTBY": 1, "LASTUPDATE": null, "LASTEDITOR": null, "created_user": "wsims6_GTFacilities", "created_date": 1628109909166, "last_edited_user": "dsimsGT", "last_edited_date": 1713902988227, "cust_shift1": 7, "cust_shift2": null, "cust_shift3": null, "Shape__Area": 11084.43359375, "Shape__Length": 523.1459833466124, "GlobalID": "4c54757b-a908-4d2f-9d3f-3bdd76433ddd", "cust_zone": 7}}, {"type": "Feature", "id": 133, "geometry": {"type": "Polygon", "coordinates": [[[-84.3947973461122, 33.7862177402486], [-84.3947779162217, 33.7862114862574], [-84.3947612703381, 33.7862012291998], [-84.3947484923587, 33.7861876856886], [-84.3947400203039, 33.7861715221365], [-84.3947361586147, 33.7859482337877], [-84.3947262905994, 33.7859480464502], [-84.3947256778829, 33.7858464469254], [-84.3947355425151, 33.7858461771325], [-84.3947344493337, 33.7856651737591], [-84.3947396562172, 33.7856651524137], [-84.394739399767, 33.785622590485], [-84.3947391762334, 33.7855855204473], [-84.3947339682749, 33.7855855417946], [-84.3947337736811, 33.7855532774993], [-84.3947389805554, 33.7855532552524], [-84.394738083051, 33.7854045170662], [-84.3947328761857, 33.7854045393131], [-84.3947327411493, 33.7853821137154], [-84.3947346588996, 33.7853821056626], [-84.3947623377823, 33.7853819895822], [-84.3951276422087, 33.7853804508934], [-84.3951583359311, 33.7853803219291], [-84.395158818264, 33.7854602866003], [-84.3951573119502, 33.7854830722898], [-84.3951543646786, 33.7854942978839], [-84.3951503207852, 33.7855052991941], [-84.3951413721693, 33.7855211262019], [-84.3951296744043, 33.7855353632796], [-84.3951201397033, 33.7855447851453], [-84.3951138873733, 33.7855532785453], [-84.395109282977, 33.7855622224242], [-84.395106326043, 33.7855718458023], [-84.3951055435193, 33.7855784852005], [-84.3951071925818, 33.7858514216075], [-84.3951077280701, 33.785940033902], [-84.3951082966294, 33.7860341867747], [-84.3951094085516, 33.7862182881677], [-84.3950367860125, 33.7862185939092], [-84.3949515565174, 33.7862189526867], [-84.3949515349255, 33.7862152920268], [-84.3949424903113, 33.7862153294976], [-84.3949425129851, 33.7862189910571], [-84.3948179584271, 33.7862195153571], [-84.3947973461122, 33.7862177402486]]]}, "properties": {"OBJECTID": 133, "BUILDINGID": "141", "FACILITYKEY": "141", "SHORTNAME": "GTRI Headqrts", "LONGNAME": "Georgia Tech Research Institute Headquarters", "FLOORCOUNT": 6, "BLGHEIGHT": null, "BLDGAREA": 157476, "BLDGTYPE": null, "OPERHOURS": null, "OPERDATE": null, "ACCESSTYPE": "Secure", "CONDITION": null, "OWNEDBY": null, "MAINTBY": 5, "LASTUPDATE": null, "LASTEDITOR": null, "created_user": "wsims6_GTFacilities", "created_date": 1628109909166, "last_edited_user": "dsimsGT", "last_edited_date": 1713902988794, "cust_shift1": 3, "cust_shift2": null, "cust_shift3": null, "Shape__Area": 4737.71484375, "Shape__Length": 316.2968772839456, "GlobalID": "9a9f764a-f01b-4db1-bafe-3196f0599284", "cust_zone": 3}}, {"type": "Feature", "id": 134, "geometry": {"type": "Polygon", "coordinates": [[[-84.3953301577867, 33.7861851015973], [-84.3953261911283, 33.7856592214392], [-84.3953075674494, 33.7856637461675], [-84.3952873229801, 33.7854090332027], [-84.3958974605048, 33.7854097649642], [-84.3959070133154, 33.7861576985652], [-84.3955126353554, 33.7861584306129], [-84.3953301577867, 33.7861851015973]]]}, "properties": {"OBJECTID": 134, "BUILDINGID": "141A", "FACILITYKEY": "141A", "SHORTNAME": "GPB", "LONGNAME": "Georgia Public Broadcasting", "FLOORCOUNT": 2, "BLGHEIGHT": null, "BLDGAREA": 30775, "BLDGTYPE": null, "OPERHOURS": null, "OPERDATE": null, "ACCESSTYPE": "Private", "CONDITION": null, "OWNEDBY": -2, "MAINTBY": 0, "LASTUPDATE": null, "LASTEDITOR": null, "created_user": "wsims6_GTFacilities", "created_date": 1628109909166, "last_edited_user": "dsimsGT", "last_edited_date": 1713902989617, "cust_shift1": null, "cust_shift2": null, "cust_shift3": null, "Shape__Area": 6561.82421875, "Shape__Length": 339.41763247104166, "GlobalID": "d0aed2cc-34c8-43bf-a557-bb708a175a8b", "cust_zone": null}}, {"type": "Feature", "id": 135, "geometry": {"type": "Polygon", "coordinates": [[[-84.3954771700506, 33.7850438339109], [-84.3957443115742, 33.7850414024196], [-84.3958281849624, 33.78504153972], [-84.3959077113948, 33.7850410196212], [-84.3959108460745, 33.785375333121], [-84.3953448336361, 33.785379032419], [-84.3952905355108, 33.7853793872993], [-84.3951276422087, 33.7853804508934], [-84.3947346588996, 33.7853821056626], [-84.3947312644963, 33.7850487059747], [-84.3954771700506, 33.7850438339109]]]}, "properties": {"OBJECTID": 135, "BUILDINGID": "141B", "FACILITYKEY": "141B", "SHORTNAME": "14th St Pkg Deck", "LONGNAME": "Fourteenth Street parking Deck", "FLOORCOUNT": 7, "BLGHEIGHT": null, "BLDGAREA": 289317, "BLDGTYPE": null, "OPERHOURS": null, "OPERDATE": null, "ACCESSTYPE": "Employee", "CONDITION": null, "OWNEDBY": null, "MAINTBY": 7, "LASTUPDATE": null, "LASTEDITOR": null, "created_user": "wsims6_GTFacilities", "created_date": 1628109909166, "last_edited_user": "dsimsGT", "last_edited_date": 1713902990176, "cust_shift1": null, "cust_shift2": null, "cust_shift3": null, "Shape__Area": 5862.8984375, "Shape__Length": 351.336941890076, "GlobalID": "9e6ef09c-51b5-4ebd-a7e8-2dd3a90e3735", "cust_zone": null}}, {"type": "Feature", "id": 136, "geometry": {"type": "Polygon", "coordinates": [[[-84.4026806802374, 33.7735305358172], [-84.4024664826956, 33.7734472602364], [-84.4024612033323, 33.7734442001984], [-84.4024580571299, 33.7734402497608], [-84.4024573981289, 33.7734353748864], [-84.4024588592351, 33.7734307565388], [-84.4025060262666, 33.7733461464665], [-84.4025091682283, 33.7733473676106], [-84.402510519824, 33.7733449458957], [-84.4024956632471, 33.773338944939], [-84.4024917511112, 33.7733371959965], [-84.4024892062915, 33.7733352163233], [-84.4024872088545, 33.7733328379756], [-84.4024859260995, 33.7733304366227], [-84.4024852803543, 33.7733280358559], [-84.402485089792, 33.7733266566926], [-84.4024851568753, 33.7733251327726], [-84.402485541809, 33.7733229761874], [-84.4024863253531, 33.7733208963825], [-84.4024879185924, 33.7733184002707], [-84.4024895807399, 33.7733166226437], [-84.4024922045242, 33.7733147160462], [-84.4024952453422, 33.773313305462], [-84.4024985716496, 33.7733124551597], [-84.402500751971, 33.7733122282853], [-84.4025029070102, 33.7733122313805], [-84.4025054893909, 33.7733125519421], [-84.4025087655391, 33.7733134915144], [-84.402521557538, 33.7733186182062], [-84.4025315753515, 33.7733223796876], [-84.4025326523274, 33.773320606785], [-84.4025337828721, 33.7733210464338], [-84.4025460502041, 33.7732990082551], [-84.4025449347923, 33.7732985748891], [-84.4025459296806, 33.7732967904218], [-84.4025430197328, 33.7732951324356], [-84.4025414782148, 33.7732936503611], [-84.4025403398505, 33.7732919330865], [-84.40253955709, 33.7732895704512], [-84.4025396203004, 33.7732866336501], [-84.4025402694131, 33.7732847470554], [-84.4025897074678, 33.7731960336993], [-84.4025931309964, 33.7731920526731], [-84.4025978926614, 33.7731894071402], [-84.4026036933266, 33.7731888604698], [-84.4026087352096, 33.773189972486], [-84.4026194329829, 33.7731940464354], [-84.402823937186, 33.7732735551693], [-84.4028286283758, 33.773276311559], [-84.4028319260632, 33.7732807720323], [-84.4028325277886, 33.7732852268445], [-84.4028310977332, 33.7732897423489], [-84.4028178979589, 33.7733134720356], [-84.4028131026455, 33.7733223489577], [-84.4027688672845, 33.7734022487189], [-84.4027446887973, 33.7734450729441], [-84.4027420526339, 33.7734440401854], [-84.4027402539037, 33.773446405954], [-84.4027478448349, 33.7734494552467], [-84.4027518041931, 33.7734522779581], [-84.4027549783865, 33.7734569812139], [-84.402755515571, 33.7734587690636], [-84.4027557856995, 33.7734608134934], [-84.4027556729109, 33.7734629921001], [-84.402755112269, 33.7734652482039], [-84.4027542408464, 33.7734671712911], [-84.4027529569203, 33.7734690699211], [-84.4027513323709, 33.7734707771508], [-84.4027494091917, 33.7734722514239], [-84.4027472326274, 33.7734734556862], [-84.4027453787131, 33.7734742030953], [-84.4027422787717, 33.7734749213301], [-84.4027395976131, 33.7734751978559], [-84.4027378559923, 33.773475160613], [-84.402734581057, 33.7734746664605], [-84.4027327981703, 33.773474148716], [-84.4027261727241, 33.773471586271], [-84.4027246960811, 33.7734740776546], [-84.4027277126752, 33.7734752503437], [-84.4027001490645, 33.7735246603884], [-84.4026967879484, 33.7735285682642], [-84.4026920262653, 33.7735312128993], [-84.4026862255776, 33.7735317595739], [-84.4026806802374, 33.7735305358172]]]}, "properties": {"OBJECTID": 136, "BUILDINGID": "142", "FACILITYKEY": "142", "SHORTNAME": "Human Resources", "LONGNAME": "Human Resources", "FLOORCOUNT": 2, "BLGHEIGHT": null, "BLDGAREA": 16261, "BLDGTYPE": null, "OPERHOURS": null, "OPERDATE": null, "ACCESSTYPE": "Employee", "CONDITION": null, "OWNEDBY": null, "MAINTBY": 5, "LASTUPDATE": null, "LASTEDITOR": null, "created_user": "wsims6_GTFacilities", "created_date": 1628109909166, "last_edited_user": "dsimsGT", "last_edited_date": 1713902990667, "cust_shift1": 2, "cust_shift2": null, "cust_shift3": null, "Shape__Area": 1135.13671875, "Shape__Length": 144.8653271593368, "GlobalID": "b5056ad0-9748-486c-a225-ba95a06b915d", "cust_zone": 2}}, {"type": "Feature", "id": 137, "geometry": {"type": "Polygon", "coordinates": [[[-84.3985915785818, 33.7762057985574], [-84.3985945412998, 33.776117651136], [-84.3986341238125, 33.7761185793781], [-84.3986361609206, 33.7760579782495], [-84.398758208176, 33.7760608387428], [-84.3988747582917, 33.7760635706044], [-84.3989968055615, 33.7760664308616], [-84.398994769787, 33.776127031993], [-84.399034352305, 33.7761279592051], [-84.3990318628968, 33.7762200856348], [-84.3990306165097, 33.7762391326662], [-84.3990284897494, 33.7763024181844], [-84.3988963559115, 33.7762993208714], [-84.3988792284315, 33.7762989194057], [-84.3988347835831, 33.7762978777652], [-84.3987812070326, 33.7762966224615], [-84.3987351900263, 33.7762955440695], [-84.3987182126366, 33.7762951459058], [-84.3985886767734, 33.7762921101004], [-84.3985905209967, 33.7762372474474], [-84.3985915785818, 33.7762057985574]]]}, "properties": {"OBJECTID": 137, "BUILDINGID": "145", "FACILITYKEY": "145", "SHORTNAME": "SEB", "LONGNAME": "Allen, Lamar Sustainable Education", "FLOORCOUNT": 3, "BLGHEIGHT": null, "BLDGAREA": 33030, "BLDGTYPE": null, "OPERHOURS": null, "OPERDATE": null, "ACCESSTYPE": "Faculty", "CONDITION": null, "OWNEDBY": null, "MAINTBY": 3, "LASTUPDATE": null, "LASTEDITOR": null, "created_user": "wsims6_GTFacilities", "created_date": 1628109909166, "last_edited_user": "dsimsGT", "last_edited_date": 1713902991199, "cust_shift1": 5, "cust_shift2": null, "cust_shift3": null, "Shape__Area": 1471.375, "Shape__Length": 160.94394514424343, "GlobalID": "1b769622-9f19-44b4-b08b-cdc38275255a", "cust_zone": 5}}, {"type": "Feature", "id": 138, "geometry": {"type": "Polygon", "coordinates": [[[-84.3969213335683, 33.7794277846563], [-84.396923893175, 33.7793372135289], [-84.396924703179, 33.7791669965032], [-84.3969254508359, 33.7791449785891], [-84.3969756442889, 33.779145488129], [-84.3969763320655, 33.7790982772899], [-84.3970866463853, 33.7790993967901], [-84.3970870997723, 33.7790683070099], [-84.3970871762867, 33.7790630096661], [-84.3970872428987, 33.7790584498916], [-84.3970480112718, 33.7790539761109], [-84.3970054252255, 33.7790411619935], [-84.3969677883509, 33.7790205330307], [-84.3969362151064, 33.778993760612], [-84.3969132881111, 33.7789616018187], [-84.3968986961412, 33.7789259804583], [-84.3968943914287, 33.7788885338969], [-84.3968997852469, 33.7788511855543], [-84.3969154225596, 33.7788158432083], [-84.3969398447593, 33.7787841722217], [-84.3969721607291, 33.7787580695233], [-84.3970104038828, 33.778738202393], [-84.3970534110444, 33.7787264763828], [-84.3970926710305, 33.7787234510759], [-84.3970937946227, 33.7786841802621], [-84.3971510089561, 33.7786571212572], [-84.3971318416948, 33.7786274052671], [-84.3971976987182, 33.7785973050596], [-84.3972169985663, 33.7786273354681], [-84.3972745797374, 33.7786002026867], [-84.3972750676408, 33.778566708135], [-84.3973340920435, 33.7785668466783], [-84.3974542969268, 33.778568270155], [-84.3975328925626, 33.7785687552024], [-84.3976175934285, 33.7785701845246], [-84.3976163726311, 33.7786540133272], [-84.3976157577253, 33.778677552084], [-84.3976176860601, 33.778677520524], [-84.3976175684048, 33.7786855806047], [-84.3976131564572, 33.7786855356641], [-84.397612998712, 33.7786963602825], [-84.3976130657549, 33.7787020297402], [-84.3976123659915, 33.7787313662731], [-84.3976112206257, 33.7787362842192], [-84.3976071741119, 33.7787408451306], [-84.3976030824409, 33.7787430636365], [-84.3976004569196, 33.7787440224967], [-84.3975946412799, 33.7787447736353], [-84.3975775430831, 33.7787446000532], [-84.3975750281609, 33.7788105181696], [-84.3974249060633, 33.7788085385363], [-84.3972470551594, 33.7788086067898], [-84.397246417413, 33.7788603294014], [-84.3972460411225, 33.778927826814], [-84.3974906880897, 33.7789295965357], [-84.3975748381767, 33.7789304507614], [-84.3975738500293, 33.7789983884226], [-84.3975906729353, 33.7789985598153], [-84.3975969250568, 33.7789995101776], [-84.3976034160779, 33.7790033796391], [-84.3976068289484, 33.7790081303641], [-84.3976078360396, 33.7790132444484], [-84.3976076707999, 33.7790446123013], [-84.3976072069351, 33.7790552319156], [-84.3976781389938, 33.7790557248992], [-84.3976769238774, 33.7791726199389], [-84.3972970808036, 33.7791679863201], [-84.397280674851, 33.7791678907487], [-84.3972570236711, 33.7791677519094], [-84.397257028485, 33.7791594747425], [-84.3972629195982, 33.7791594772592], [-84.3972631284263, 33.7791282112121], [-84.3972145759301, 33.7791280043833], [-84.397214627142, 33.7791930638312], [-84.397213995188, 33.7792159236727], [-84.3972136102041, 33.7792298080168], [-84.3972124133584, 33.7794033303156], [-84.3971347242182, 33.7794025413198], [-84.397131883315, 33.7794025123626], [-84.3971316709262, 33.7794171465576], [-84.397129941023, 33.7794231412602], [-84.3971263465806, 33.7794271918783], [-84.3971208111755, 33.7794301938942], [-84.3971145219643, 33.779431128028], [-84.3970783357004, 33.7794297141846], [-84.3970603115577, 33.7794305773556], [-84.3970602577189, 33.7794342625043], [-84.3970489502511, 33.7794341474652], [-84.3970490241467, 33.7794290809494], [-84.3969213335683, 33.7794277846563]]]}, "properties": {"OBJECTID": 138, "BUILDINGID": "146", "FACILITYKEY": "146", "SHORTNAME": "IBB", "LONGNAME": "Petit, Parker H. BIotechnology", "FLOORCOUNT": 5, "BLGHEIGHT": null, "BLDGAREA": 155241, "BLDGTYPE": null, "OPERHOURS": null, "OPERDATE": null, "ACCESSTYPE": "Faculty", "CONDITION": null, "OWNEDBY": null, "MAINTBY": 2, "LASTUPDATE": null, "LASTEDITOR": null, "created_user": "wsims6_GTFacilities", "created_date": 1628109909166, "last_edited_user": "dsimsGT", "last_edited_date": 1713902991802, "cust_shift1": 8, "cust_shift2": null, "cust_shift3": null, "Shape__Area": 5860.21484375, "Shape__Length": 516.5268140244702, "GlobalID": "9dca5b62-f7f6-4f46-bdfc-65f4006909a3", "cust_zone": 8}}, {"type": "Feature", "id": 139, "geometry": {"type": "Polygon", "coordinates": [[[-84.3963374881669, 33.7794151764608], [-84.3961604535805, 33.7794198617869], [-84.3961535356546, 33.7794198289336], [-84.3961535841636, 33.7794216634908], [-84.3961382077009, 33.7794215925575], [-84.3961381663784, 33.7794197572538], [-84.3961118574186, 33.7794196333073], [-84.3960876738729, 33.7794195205608], [-84.3960876801611, 33.7794213543713], [-84.3960723019017, 33.7794212826914], [-84.3960723045967, 33.7794194481342], [-84.3960219441435, 33.7794192114413], [-84.3960217752603, 33.7794210459984], [-84.3960113404299, 33.7794209967185], [-84.3960063970009, 33.7794209735719], [-84.3960064526965, 33.7794127184378], [-84.3960096668685, 33.7794127333711], [-84.3960098833625, 33.7793925539852], [-84.3959935007867, 33.7793924770787], [-84.3959929007121, 33.7793954764349], [-84.3959906827717, 33.779400030349], [-84.395986814626, 33.7794042057033], [-84.3959817705857, 33.7794073887388], [-84.3959758731459, 33.7794093278294], [-84.3959696729738, 33.7794100371617], [-84.3959634826831, 33.7794092695895], [-84.3959576103962, 33.7794072759924], [-84.3959529562246, 33.7794042684232], [-84.3959487979232, 33.7793998332293], [-84.3959464775748, 33.7793949082223], [-84.3959456960405, 33.7793901504682], [-84.3959458424659, 33.7793601494328], [-84.3959459790098, 33.7793397415547], [-84.3959023181921, 33.7793395332348], [-84.3959023137005, 33.7793402239011], [-84.3958869354412, 33.7793401522211], [-84.395886946221, 33.7793385476354], [-84.3958364402407, 33.7793383101956], [-84.3958364079014, 33.7793399155279], [-84.395821029642, 33.7793398431013], [-84.3958210404218, 33.7793382452356], [-84.395770598222, 33.7793380003291], [-84.3957704913225, 33.7793414394736], [-84.3957628017436, 33.7793414043803], [-84.3957628080318, 33.7793404546209], [-84.3957551193513, 33.7793404501409], [-84.3957551319277, 33.7793386506754], [-84.395751836009, 33.7793386006487], [-84.3957517901949, 33.7793379129691], [-84.3957463490992, 33.7793378868358], [-84.3957045684553, 33.7793383527555], [-84.3957045918115, 33.7793402134477], [-84.395696903131, 33.7793402067277], [-84.3956968977411, 33.7793410945138], [-84.3956894830468, 33.7793410601671], [-84.395689503708, 33.7793379435825], [-84.3956895387423, 33.7793328050254], [-84.3956928337628, 33.7793327915854], [-84.3956930170191, 33.779305533036], [-84.3956790122838, 33.7793054665827], [-84.3956791137934, 33.7792903323981], [-84.3956483590714, 33.7792901218381], [-84.3956483420034, 33.7792927105313], [-84.3956384560437, 33.7792926634913], [-84.3956385422819, 33.779279822318], [-84.3956407395611, 33.779279739438], [-84.3956407781887, 33.7792509390044], [-84.3956387363181, 33.7792509292977], [-84.3956388234546, 33.7792380881181], [-84.395641092599, 33.7792380993182], [-84.3956412111767, 33.7792097789776], [-84.3956390138975, 33.7792096542842], [-84.3956391010341, 33.7791968123518], [-84.3956412983133, 33.7791967847251], [-84.3956416046388, 33.7791683889575], [-84.3956392932735, 33.7791683777575], [-84.3956393786135, 33.7791555373122], [-84.3956413387374, 33.7791555462722], [-84.3956418166412, 33.7791268831838], [-84.3956395726496, 33.7791268734771], [-84.3956396579895, 33.7791140315323], [-84.3956495448476, 33.7791140785724], [-84.3956495250846, 33.7791168867913], [-84.3956802816033, 33.7791169741514], [-84.3956803849096, 33.7791016107064], [-84.3956938407742, 33.7791016741732], [-84.3956940096575, 33.7790764412619], [-84.3956907164336, 33.779076204568], [-84.3956907721292, 33.7790679501474], [-84.3957061494902, 33.7790680218276], [-84.3957061369138, 33.7790698444455], [-84.3957160237718, 33.7790699026857], [-84.395756910592, 33.7790700945795], [-84.3957569510162, 33.7790682607615], [-84.3957723292755, 33.7790683324417], [-84.3957723086143, 33.7790701670063], [-84.3958228972395, 33.7790704044469], [-84.395822855917, 33.7790685698823], [-84.395838233278, 33.7790686423091], [-84.3958382009387, 33.7790704761271], [-84.3958464600494, 33.7790705149538], [-84.3958890231259, 33.779070715061], [-84.3958890357023, 33.7790688804964], [-84.3959044130633, 33.7790689977234], [-84.3959044507926, 33.7790634492291], [-84.3959067612595, 33.7790634596825], [-84.3959070136861, 33.7790210376951], [-84.3959047355585, 33.7790210264951], [-84.3959048271867, 33.7790074968522], [-84.3959144382619, 33.779007542399], [-84.3959145721109, 33.7790102946212], [-84.3959270506085, 33.779010353608], [-84.3959272365598, 33.7789828366084], [-84.3959258630357, 33.7789828306351], [-84.3959259304093, 33.7789728036123], [-84.3958444154838, 33.7789568599792], [-84.39577592074, 33.7789107128028], [-84.3957381375992, 33.7788442569125], [-84.3957386325709, 33.7787708524492], [-84.3957390502875, 33.7787701363916], [-84.3957772592298, 33.7787048384801], [-84.3958464142353, 33.7786592810388], [-84.3959281429599, 33.7786441011931], [-84.3959282085369, 33.7786342802123], [-84.3959295811626, 33.7786342869324], [-84.3959297680122, 33.7786065398368], [-84.395917136801, 33.7786064853296], [-84.3959171179364, 33.778609232338], [-84.3959075077595, 33.778609186791], [-84.395907597591, 33.7785956585764], [-84.3959098254129, 33.7785956682832], [-84.3959100805345, 33.7785532460641], [-84.3959078832553, 33.7785532363573], [-84.3959079200862, 33.7785477326301], [-84.3958925427252, 33.7785476602028], [-84.3958925553016, 33.7785458898408], [-84.3958505419941, 33.778545629252], [-84.3958417537756, 33.7785456822657], [-84.3958417420975, 33.7785474212674], [-84.3958269127088, 33.7785473525735], [-84.3958270393713, 33.7785455179976], [-84.3957760141648, 33.7785452783155], [-84.3957758371967, 33.7785471121447], [-84.3957604589374, 33.7785470404641], [-84.3957604706155, 33.7785453022091], [-84.3957096708861, 33.7785448646586], [-84.3957096583097, 33.7785468022754], [-84.3956942809487, 33.7785467298481], [-84.3956943357459, 33.7785384746298], [-84.3956977071232, 33.7785384903099], [-84.3956978032429, 33.7785130362173], [-84.3956843473783, 33.7785129727501], [-84.3956844515829, 33.7784976099434], [-84.3956536941658, 33.778497530796], [-84.3956536770979, 33.7785002165807], [-84.3956437920365, 33.7785001710336], [-84.3956449939823, 33.7783215389152], [-84.395654879942, 33.7783215844624], [-84.3956548619757, 33.7783242911595], [-84.3956856184944, 33.7783242515857], [-84.3956857200041, 33.7783092314691], [-84.3956997274343, 33.7783092971765], [-84.3956998936226, 33.778281666457], [-84.3956966138735, 33.7782816507769], [-84.395696669569, 33.7782733947863], [-84.3957040842634, 33.77827342988], [-84.3957040761786, 33.7782746671214], [-84.3957117657574, 33.7782746133607], [-84.395711753181, 33.7782763695414], [-84.3957150490997, 33.7782764628758], [-84.3957150419132, 33.7782774410207], [-84.3957589776155, 33.7782776187295], [-84.3957589839037, 33.7782766689583], [-84.3957625538086, 33.7782767510926], [-84.3957625672833, 33.7782748515502], [-84.3957703574735, 33.7782748873906], [-84.3957702613538, 33.7782739697264], [-84.3957776751498, 33.7782740048202], [-84.3957776517936, 33.7782776329163], [-84.3958281946047, 33.7782779114263], [-84.3958281901132, 33.7782760768446], [-84.3958435683725, 33.7782761492722], [-84.3958435548978, 33.7782779958006], [-84.3958458411102, 33.7782779943072], [-84.3958941552011, 33.7782782205499], [-84.3958940941157, 33.7782763859683], [-84.3959094714767, 33.7782764576491], [-84.3959094589003, 33.7782783288178], [-84.3959599864401, 33.7782785132466], [-84.3959599981182, 33.7782766943453], [-84.3959753754792, 33.7782767667728], [-84.395975320682, 33.778285022763], [-84.3959719654744, 33.7782850063361], [-84.3959718900159, 33.7783051867296], [-84.3959883651182, 33.7783052628904], [-84.3959887019864, 33.7783026144334], [-84.3959910897085, 33.7782977102703], [-84.3959949578541, 33.778293534862], [-84.395999687484, 33.7782905496541], [-84.3960059047241, 33.7782884119225], [-84.3960118443848, 33.7782877638083], [-84.3960185646814, 33.7782884731499], [-84.396023897081, 33.7782902830909], [-84.396029436093, 33.7782936968905], [-84.3960332494414, 33.7782979088859], [-84.3960354036014, 33.7783024822719], [-84.3960364043247, 33.7783079135874], [-84.3960360665581, 33.7783580005447], [-84.3960794848307, 33.7783582043869], [-84.3960794596779, 33.7783572867236], [-84.396094837039, 33.7783573591511], [-84.3960948253608, 33.7783591937309], [-84.3961453520023, 33.7783594132533], [-84.3961453645787, 33.778357595847], [-84.3961607419398, 33.7783576682744], [-84.3961607293633, 33.7783595924552], [-84.3962112838526, 33.7783597402968], [-84.3962112802593, 33.7783560703904], [-84.3962189689398, 33.7783561069775], [-84.39621896355, 33.7783570507744], [-84.3962266522305, 33.7783570597345], [-84.3962266387557, 33.7783589831687], [-84.3962299355728, 33.7783589099945], [-84.3962299283863, 33.7783599516058], [-84.3962739027161, 33.7783600352334], [-84.3962738712751, 33.7783591160767], [-84.3962771653972, 33.7783591675973], [-84.396277178872, 33.7783572971771], [-84.3962848046704, 33.7783573330175], [-84.3962848738407, 33.7783564161008], [-84.3962925634195, 33.7783564519412], [-84.3962925382667, 33.778360121101], [-84.3962988534231, 33.7783601509679], [-84.3963268628937, 33.778360281636], [-84.3963421037108, 33.7783603533168], [-84.3963418009785, 33.7784052978974], [-84.3963439982577, 33.7784053083508], [-84.3963439129178, 33.7784179204262], [-84.3963439308841, 33.7784212864336], [-84.3963428358377, 33.7785781192332], [-84.3963403025886, 33.7786281866191], [-84.3961590656834, 33.7786273369058], [-84.3961585284909, 33.7787070598285], [-84.396158209589, 33.7787545361895], [-84.3961579661455, 33.7787908161936], [-84.3961652236347, 33.7787889913297], [-84.3961696622105, 33.77880185871], [-84.3961761552334, 33.7788265600728], [-84.3961804366041, 33.7788515063363], [-84.3961817364663, 33.7788641422394], [-84.3961817867719, 33.778864668642], [-84.3961827892918, 33.7788773732369], [-84.3961829563784, 33.7788892064659], [-84.3961829698531, 33.7788895327607], [-84.3961829617683, 33.7788900412431], [-84.3961825889675, 33.7789027421008], [-84.3961813969031, 33.7789153802364], [-84.396179923666, 33.7789278093026], [-84.3961778961684, 33.7789404705814], [-84.3961754716155, 33.7789522104679], [-84.3961721244927, 33.7789653092913], [-84.3961639085011, 33.7789903271946], [-84.3961566366389, 33.7789884239347], [-84.396156614181, 33.778991707786], [-84.3961563761275, 33.7790271521671], [-84.3961555362027, 33.7791519966134], [-84.3963367749045, 33.7791528463214], [-84.3963384583474, 33.7792291131793], [-84.3963374881669, 33.7794151764608]]]}, "properties": {"OBJECTID": 139, "BUILDINGID": "147", "FACILITYKEY": "147", "SHORTNAME": "ES&T", "LONGNAME": "Ford Environmental Science & Technology", "FLOORCOUNT": 6, "BLGHEIGHT": null, "BLDGAREA": 292144, "BLDGTYPE": null, "OPERHOURS": null, "OPERDATE": null, "ACCESSTYPE": null, "CONDITION": null, "OWNEDBY": null, "MAINTBY": null, "LASTUPDATE": null, "LASTEDITOR": null, "created_user": "wsims6_GTFacilities", "created_date": 1628109909166, "last_edited_user": "dsimsGT", "last_edited_date": 1713902992353, "cust_shift1": 8, "cust_shift2": null, "cust_shift3": null, "Shape__Area": 8132.12109375, "Shape__Length": 620.8776991073072, "GlobalID": "44d1f5b2-8b62-44e7-9ab8-7dc888bea1f0", "cust_zone": 8}}, {"type": "Feature", "id": 140, "geometry": {"type": "Polygon", "coordinates": [[[-84.3979388392565, 33.7803930424756], [-84.3979386968208, 33.780365356647], [-84.3979620402856, 33.7803456956756], [-84.3979750783013, 33.780345649598], [-84.3979750414682, 33.7803383742451], [-84.3979633347899, 33.780338416024], [-84.3979622062357, 33.7801186073423], [-84.3979613650805, 33.7799547013817], [-84.3979613172082, 33.7799453270054], [-84.3979612625875, 33.7799346470509], [-84.3979544558591, 33.77993467153], [-84.3979543836028, 33.7799206437781], [-84.3979542089862, 33.7798866103843], [-84.3979541384836, 33.779872833288], [-84.3980281918373, 33.7798725682418], [-84.3980282814828, 33.7798898464131], [-84.3980348150327, 33.7798898233438], [-84.3980347880172, 33.77988459472], [-84.3980946848167, 33.7798843796177], [-84.3980947118383, 33.7798896091432], [-84.3981001570007, 33.7798895890133], [-84.3981001299811, 33.7798843603894], [-84.3981600257028, 33.7798841461592], [-84.3981600527259, 33.779889374783], [-84.3981654978907, 33.7798893555518], [-84.3981654708672, 33.779884126928], [-84.3982253676657, 33.7798839117623], [-84.3982253946952, 33.7798891412878], [-84.3982308398574, 33.779889121152], [-84.39823081283, 33.7798838925283], [-84.3982907085506, 33.7798836782346], [-84.3982907355817, 33.7798889068583], [-84.3982961807463, 33.7798888876214], [-84.3982961537149, 33.7798836589976], [-84.3983560505123, 33.7798834437685], [-84.3983560775498, 33.7798886732939], [-84.398361522712, 33.7798886531524], [-84.3983614956766, 33.7798834245287], [-84.3984213913962, 33.7798832101716], [-84.3984214184352, 33.7798884387953], [-84.3984268635998, 33.7798884195525], [-84.3984268365604, 33.7798831909288], [-84.3984867333568, 33.7798829756363], [-84.3984867604022, 33.7798882051617], [-84.3984922055667, 33.779888185916], [-84.398492178521, 33.7798829563907], [-84.3985520742395, 33.7798827419702], [-84.3985521012864, 33.7798879705938], [-84.3985575464509, 33.7798879513453], [-84.3985575194036, 33.7798827227217], [-84.398617416199, 33.7798825073657], [-84.3986174432523, 33.779887736891], [-84.3986228884167, 33.7798877176396], [-84.398622861363, 33.7798824881144], [-84.3986827570805, 33.7798822736304], [-84.3986827841354, 33.779887502254], [-84.3986882292998, 33.7798874829997], [-84.3986882022446, 33.7798822543761], [-84.3987480990389, 33.7798820389568], [-84.3987481261002, 33.779887268482], [-84.3987632285189, 33.7798872139306], [-84.3988666643204, 33.7798869796741], [-84.3988803389468, 33.7798867943506], [-84.3988872482473, 33.7798867696275], [-84.3988873294516, 33.7799024563995], [-84.3988875346114, 33.7799424694834], [-84.3989528766167, 33.7799422356028], [-84.3989549471638, 33.7803448675691], [-84.398961753924, 33.7803448430347], [-84.3989617903942, 33.7803475533289], [-84.3989620160852, 33.7803959580366], [-84.3989620709476, 33.7804066812683], [-84.3988880171406, 33.7804069468769], [-84.3988879231731, 33.7803885317343], [-84.39817079643, 33.7803911008835], [-84.3981708027282, 33.7803922378536], [-84.3981599123351, 33.7803922763165], [-84.398035060461, 33.7803927232539], [-84.3980275950488, 33.7803927507753], [-84.3980275387115, 33.7803818372973], [-84.3980188261844, 33.7803818689596], [-84.3980188824503, 33.7803927562899], [-84.3979955389858, 33.7804124172719], [-84.3979623840738, 33.7804125362229], [-84.3979388392565, 33.7803930424756]]]}, "properties": {"OBJECTID": 140, "BUILDINGID": "148", "FACILITYKEY": "148", "SHORTNAME": "N Campus Pkg Dk", "LONGNAME": "North Campus Parking Deck", "FLOORCOUNT": 5, "BLGHEIGHT": null, "BLDGAREA": 271122, "BLDGTYPE": null, "OPERHOURS": null, "OPERDATE": null, "ACCESSTYPE": "Private", "CONDITION": null, "OWNEDBY": null, "MAINTBY": 8, "LASTUPDATE": null, "LASTEDITOR": null, "created_user": "wsims6_GTFacilities", "created_date": 1628109909166, "last_edited_user": "dsimsGT", "last_edited_date": 1713902992810, "cust_shift1": null, "cust_shift2": null, "cust_shift3": null, "Shape__Area": 7494.34765625, "Shape__Length": 395.1523056328858, "GlobalID": "2bb5ed8b-1f64-4321-8bc0-e57962fcfcac", "cust_zone": null}}, {"type": "Feature", "id": 141, "geometry": {"type": "Polygon", "coordinates": [[[-84.4039297042797, 33.7711033632851], [-84.4038901759617, 33.7711024772056], [-84.4038894807896, 33.7711444396319], [-84.4037527713616, 33.7711432118924], [-84.4037533176091, 33.771100857534], [-84.403756864983, 33.7708255591625], [-84.4043839061743, 33.7708311929559], [-84.404451433074, 33.7708317986232], [-84.4044506179013, 33.7708950997866], [-84.40445036901, 33.7709144343947], [-84.4044481643227, 33.7709144151993], [-84.4044467742043, 33.7711936469403], [-84.40421469917, 33.7711915619991], [-84.4042157901357, 33.7711068550859], [-84.4039297042797, 33.7711033632851]]]}, "properties": {"OBJECTID": 141, "BUILDINGID": "149", "FACILITYKEY": "149", "SHORTNAME": "Structures Lab", "LONGNAME": "Structural Engineering & Materials Research Lab", "FLOORCOUNT": 2, "BLGHEIGHT": null, "BLDGAREA": 31182, "BLDGTYPE": null, "OPERHOURS": null, "OPERDATE": null, "ACCESSTYPE": "Faculty", "CONDITION": null, "OWNEDBY": null, "MAINTBY": 5, "LASTUPDATE": null, "LASTEDITOR": null, "created_user": "wsims6_GTFacilities", "created_date": 1628109909166, "last_edited_user": "dsimsGT", "last_edited_date": 1713902993775, "cust_shift1": 2, "cust_shift2": null, "cust_shift3": null, "Shape__Area": 3238.3671875, "Shape__Length": 262.84243217669217, "GlobalID": "0b978088-638c-4d33-9a64-09aa61bc0e51", "cust_zone": 2}}, {"type": "Feature", "id": 142, "geometry": {"type": "Polygon", "coordinates": [[[-84.4028838288753, 33.7705412326788], [-84.4027994657565, 33.7705404266414], [-84.4027828448954, 33.7705404981126], [-84.4026647855714, 33.7705398511163], [-84.4026531934713, 33.7705398489369], [-84.4026128865371, 33.7705391866444], [-84.4024269204573, 33.7705379100297], [-84.4024111101618, 33.7705378924422], [-84.4021973162719, 33.770536186248], [-84.4021983252461, 33.7704440697164], [-84.4022115683592, 33.7704441661662], [-84.4023697663769, 33.7704444249762], [-84.402371041018, 33.7703689641588], [-84.4022123569787, 33.7703685872595], [-84.4021991138773, 33.7703684908099], [-84.4022001121513, 33.7703170523427], [-84.4022000751994, 33.7702763211692], [-84.4028865380806, 33.7702813144875], [-84.4028855868384, 33.7703725617221], [-84.4029683600078, 33.7703731642668], [-84.4029675522795, 33.7704505861905], [-84.4028847790381, 33.7704499845472], [-84.4028838288753, 33.7705412326788]]]}, "properties": {"OBJECTID": 142, "BUILDINGID": "151", "FACILITYKEY": "151", "SHORTNAME": "Combust Lab", "LONGNAME": "Zinn, Ben T. Laboratory", "FLOORCOUNT": 2, "BLGHEIGHT": null, "BLDGAREA": 21491, "BLDGTYPE": null, "OPERHOURS": null, "OPERDATE": null, "ACCESSTYPE": "Faculty", "CONDITION": null, "OWNEDBY": null, "MAINTBY": 5, "LASTUPDATE": null, "LASTEDITOR": null, "created_user": "wsims6_GTFacilities", "created_date": 1628109909166, "last_edited_user": "dsimsGT", "last_edited_date": 1713902994387, "cust_shift1": 2, "cust_shift2": null, "cust_shift3": null, "Shape__Area": 2562.1171875, "Shape__Length": 279.0929118755684, "GlobalID": "43708f02-8800-4daa-a4a5-328000bf4bd4", "cust_zone": 2}}, {"type": "Feature", "id": 143, "geometry": {"type": "Polygon", "coordinates": [[[-84.4028571732028, 33.7817040790766], [-84.4028569221437, 33.7816920776848], [-84.4028525006219, 33.7816921420499], [-84.4028521813058, 33.7816769092728], [-84.4028566039066, 33.7816768449056], [-84.4028563231316, 33.7816634586353], [-84.4028966761154, 33.781662870157], [-84.4028977817642, 33.781662853614], [-84.402962457965, 33.7816619101845], [-84.4029653414423, 33.7817996949192], [-84.4028592075188, 33.7818012433711], [-84.4028581873426, 33.7817525453677], [-84.4028576827031, 33.7817284109483], [-84.4028571732028, 33.7817040790766]]]}, "properties": {"OBJECTID": 143, "BUILDINGID": "152", "FACILITYKEY": "152", "SHORTNAME": "Aware House", "LONGNAME": "Broadband Institute Residential Laboratory", "FLOORCOUNT": 3, "BLGHEIGHT": null, "BLDGAREA": 6401, "BLDGTYPE": null, "OPERHOURS": null, "OPERDATE": null, "ACCESSTYPE": "Private", "CONDITION": null, "OWNEDBY": null, "MAINTBY": 5, "LASTUPDATE": null, "LASTEDITOR": null, "created_user": "wsims6_GTFacilities", "created_date": 1628109909166, "last_edited_user": "dsimsGT", "last_edited_date": 1713902994857, "cust_shift1": null, "cust_shift2": null, "cust_shift3": null, "Shape__Area": 219.11328125, "Shape__Length": 61.53122994815942, "GlobalID": "628df438-3fd4-48e6-bc76-616c234d7f42", "cust_zone": null}}, {"type": "Feature", "id": 144, "geometry": {"type": "Polygon", "coordinates": [[[-84.3958455336665, 33.7773227001934], [-84.3958260993004, 33.7772649746846], [-84.3958153117826, 33.7772268611685], [-84.3958047048654, 33.7771819578799], [-84.3957973484817, 33.7771433465907], [-84.3957931117899, 33.7771162282707], [-84.3957891722891, 33.777073798454], [-84.3957853999751, 33.7770191365217], [-84.3957853926998, 33.7770188371869], [-84.3957847736258, 33.7769943557919], [-84.3957847023539, 33.7769915130169], [-84.3957846473859, 33.7769749218289], [-84.395785192749, 33.7769461662468], [-84.3957860220675, 33.7769275456025], [-84.3957855771147, 33.7769177716241], [-84.3957856559641, 33.7769149438984], [-84.3957868686746, 33.776898385521], [-84.3957875882111, 33.7768908463781], [-84.3957890472053, 33.7768755453473], [-84.3957924086156, 33.7768480594718], [-84.3957978708041, 33.7768139524747], [-84.3958078565622, 33.7767622404459], [-84.3958242016303, 33.7767027434693], [-84.3958355983453, 33.7766667680477], [-84.3958509639126, 33.7766242392637], [-84.3958693793884, 33.776579580522], [-84.3958864237709, 33.776542685741], [-84.395908013758, 33.7765005285898], [-84.3959362058125, 33.7764513443199], [-84.3959458508746, 33.77645538744], [-84.3959669115518, 33.776464216054], [-84.3960230751815, 33.7764877602058], [-84.3960532937731, 33.7764997383852], [-84.3960728312041, 33.7764673300709], [-84.396115246293, 33.7764841833342], [-84.3961132683273, 33.7764874500888], [-84.3960898769833, 33.7765233459492], [-84.3961251209498, 33.7765378880822], [-84.3961286726159, 33.7765319945951], [-84.3962879095354, 33.7765989553131], [-84.3962504311134, 33.7766655894696], [-84.3962682505114, 33.7766719706675], [-84.3962625411982, 33.7766841986684], [-84.3962496735988, 33.7767135163651], [-84.396239520576, 33.7767388518256], [-84.3962303864269, 33.7767664755847], [-84.3962671926041, 33.776767158189], [-84.3962668688863, 33.7767797783066], [-84.39626308252, 33.7769271720189], [-84.396198590489, 33.776922996518], [-84.3960110236813, 33.7769108528532], [-84.3960002008582, 33.7769101516447], [-84.3959979391985, 33.7769803809782], [-84.395998398581, 33.7770069058112], [-84.3961962483397, 33.7770002309351], [-84.3961980161229, 33.7770254351191], [-84.3961992698122, 33.7770432972091], [-84.3961999241791, 33.7770526289869], [-84.3962370855921, 33.7770532685615], [-84.3964130872633, 33.777056298781], [-84.3964324864372, 33.7770566323419], [-84.3964664749191, 33.777057005456], [-84.3964667148535, 33.7770477937373], [-84.3964671948305, 33.777029410874], [-84.3964678149488, 33.7770056881692], [-84.3965652793144, 33.7770073378959], [-84.3965648140657, 33.7770251635115], [-84.3965644914443, 33.7770406030915], [-84.396657139352, 33.7770423049972], [-84.3966564216711, 33.777068691363], [-84.3966562260891, 33.7770759067429], [-84.3966555408987, 33.777101118196], [-84.3966554023089, 33.7771062263101], [-84.3966544674017, 33.7771406179424], [-84.3966127315832, 33.7771397318498], [-84.3966110538151, 33.7772084741812], [-84.3966523719624, 33.7772692117768], [-84.3966337968909, 33.7772782917597], [-84.3966574096044, 33.7773115015644], [-84.3966480605205, 33.7773164456111], [-84.3966462801842, 33.777314878252], [-84.3966066029348, 33.7773344585147], [-84.3966129274685, 33.7773447787547], [-84.3965141617813, 33.777393711433], [-84.3964056270975, 33.7774472741659], [-84.3963884636971, 33.7774557446724], [-84.3963242504049, 33.7774881974086], [-84.3962723656031, 33.7775130388758], [-84.3962590246571, 33.7775203869095], [-84.3962111612443, 33.7775417801673], [-84.3962349632788, 33.7775703047185], [-84.396273133874, 33.7776111930265], [-84.3963025516632, 33.7776389244822], [-84.3963306140517, 33.7776636893151], [-84.3963366180002, 33.7776687887018], [-84.3963490030263, 33.7776791003806], [-84.3963710540604, 33.7776967921167], [-84.3964020002443, 33.7777202676136], [-84.3964313351704, 33.7777411980356], [-84.3964199340986, 33.7777520435872], [-84.3964546644864, 33.7777746031607], [-84.3964348104785, 33.7777944503109], [-84.3964119435174, 33.777819370348], [-84.3964200788093, 33.7778240419864], [-84.3964082947838, 33.7778370459017], [-84.3963419420264, 33.7779102698951], [-84.3963124666592, 33.7778913476915], [-84.3962825578808, 33.7778710422523], [-84.3962577555468, 33.7778533069304], [-84.3962198156909, 33.7778244786796], [-84.3961860871926, 33.7777970076848], [-84.3961552701582, 33.7777701245531], [-84.3961259833903, 33.7777429374166], [-84.3960898274152, 33.7777068466126], [-84.3960579298837, 33.7776723609365], [-84.3960146705523, 33.7776209209761], [-84.3959752407768, 33.7775681556697], [-84.3959596309815, 33.7775454008431], [-84.3959434496211, 33.7775204704896], [-84.3959170177573, 33.7774762421952], [-84.3959071935779, 33.7774585042223], [-84.3959070405998, 33.7774582276995], [-84.3958930031492, 33.7774315035783], [-84.3958761095147, 33.7773965526823], [-84.395860649625, 33.7773611419837], [-84.3958455336665, 33.7773227001934]]]}, "properties": {"OBJECTID": 144, "BUILDINGID": "153", "FACILITYKEY": "153", "SHORTNAME": "Klaus ACB", "LONGNAME": "Klaus, Christopher W. Advanced Computing", "FLOORCOUNT": 6, "BLGHEIGHT": null, "BLDGAREA": 417422, "BLDGTYPE": null, "OPERHOURS": null, "OPERDATE": null, "ACCESSTYPE": "Faculty", "CONDITION": null, "OWNEDBY": null, "MAINTBY": 3, "LASTUPDATE": null, "LASTEDITOR": null, "created_user": "wsims6_GTFacilities", "created_date": 1628109909166, "last_edited_user": "dsimsGT", "last_edited_date": 1713902995392, "cust_shift1": 6, "cust_shift2": null, "cust_shift3": null, "Shape__Area": 9636.07421875, "Shape__Length": 628.4881943227817, "GlobalID": "06ce01fb-7da2-4c64-a4f4-01c3ccdbf732", "cust_zone": 6}}, {"type": "Feature", "id": 145, "geometry": {"type": "Polygon", "coordinates": [[[-84.4037855271792, 33.7817390112149], [-84.4037852931522, 33.7816419417577], [-84.4038143552754, 33.7816418931238], [-84.4038143171368, 33.7816260962773], [-84.4038965678416, 33.7816259580197], [-84.4038965634241, 33.781624355795], [-84.4039853942699, 33.7816242066314], [-84.4039853982408, 33.7816260378763], [-84.4040676478648, 33.7816258995067], [-84.4040676892093, 33.7816428414431], [-84.404095105755, 33.7816427950072], [-84.4040964268924, 33.7817357418278], [-84.4040928625538, 33.7817357477841], [-84.4040928640018, 33.7817366638584], [-84.404067915791, 33.7817367055453], [-84.4040679197662, 33.7817385376917], [-84.4040570226727, 33.7817385559504], [-84.4037855271792, 33.7817390112149]]]}, "properties": {"OBJECTID": 145, "BUILDINGID": "155", "FACILITYKEY": "155", "SHORTNAME": "Research Admin", "LONGNAME": "Research Administration", "FLOORCOUNT": 4, "BLGHEIGHT": null, "BLDGAREA": 12345, "BLDGTYPE": null, "OPERHOURS": null, "OPERDATE": null, "ACCESSTYPE": "Secure", "CONDITION": null, "OWNEDBY": null, "MAINTBY": 5, "LASTUPDATE": null, "LASTEDITOR": null, "created_user": "wsims6_GTFacilities", "created_date": 1628109909166, "last_edited_user": "dsimsGT", "last_edited_date": 1713902996385, "cust_shift1": 3, "cust_shift2": null, "cust_shift3": null, "Shape__Area": 509.29296875, "Shape__Length": 99.76075120991902, "GlobalID": "56f69ab5-9062-43b2-8f67-7a2e342637cb", "cust_zone": 3}}, {"type": "Feature", "id": 146, "geometry": {"type": "Polygon", "coordinates": [[[-84.4036558941633, 33.781782928084], [-84.4035515095324, 33.7817829121129], [-84.4035517097154, 33.7817865958731], [-84.4034554793199, 33.7817860908007], [-84.403455197965, 33.7817403533076], [-84.4034508118976, 33.7817403536089], [-84.4034508075404, 33.7816799132681], [-84.4034551946845, 33.7816799129648], [-84.4034551915948, 33.7816336673076], [-84.4035517000787, 33.7816336624143], [-84.4035516993664, 33.7816373258223], [-84.4036558850853, 33.7816373214378], [-84.4036558839887, 33.7816318267807], [-84.4037852922556, 33.7816318207307], [-84.4037852931522, 33.7816419417577], [-84.4037855271792, 33.7817390112149], [-84.4037853037874, 33.781793911349], [-84.4036558952743, 33.7817939164983], [-84.4036558941633, 33.781782928084]]]}, "properties": {"OBJECTID": 146, "BUILDINGID": "155B", "FACILITYKEY": "155", "SHORTNAME": "Research Admin Addn", "LONGNAME": "Research Administration Addition", "FLOORCOUNT": 4, "BLGHEIGHT": null, "BLDGAREA": 22975, "BLDGTYPE": null, "OPERHOURS": null, "OPERDATE": null, "ACCESSTYPE": "Secure", "CONDITION": null, "OWNEDBY": null, "MAINTBY": 5, "LASTUPDATE": null, "LASTEDITOR": null, "created_user": "wsims6_GTFacilities", "created_date": 1628109909166, "last_edited_user": "dsimsGT", "last_edited_date": 1713902996888, "cust_shift1": 3, "cust_shift2": null, "cust_shift3": null, "Shape__Area": 762.68359375, "Shape__Length": 119.77764493852833, "GlobalID": "da3ba925-cb9f-4351-8765-f661173a6756", "cust_zone": 3}}, {"type": "Feature", "id": 147, "geometry": {"type": "Polygon", "coordinates": [[[-84.4061725801588, 33.7759984302831], [-84.4062008252225, 33.7759692972054], [-84.406211808165, 33.7759767226268], [-84.4062295928021, 33.7759583791708], [-84.4062463309609, 33.7759411152173], [-84.4062641145035, 33.7759227717584], [-84.4062531315635, 33.7759153463416], [-84.4062813776524, 33.7758862132431], [-84.4062996818341, 33.7758985898362], [-84.4063936716176, 33.7758013697639], [-84.4064042942432, 33.7757906889038], [-84.4064154924474, 33.7757982599566], [-84.4064489686215, 33.7757637319965], [-84.4064377704188, 33.7757561609467], [-84.4064633194796, 33.7757298083293], [-84.4065061168942, 33.775685665063], [-84.4067206030122, 33.7758306835192], [-84.4065141681393, 33.7760436086455], [-84.4065316113132, 33.7760554017052], [-84.4064228150144, 33.7761676189602], [-84.4061725801588, 33.7759984302831]]]}, "properties": {"OBJECTID": 147, "BUILDINGID": "156", "FACILITYKEY": "156", "SHORTNAME": "845 Marietta St.", "LONGNAME": "845 Marietta Street N.W.", "FLOORCOUNT": 1, "BLGHEIGHT": null, "BLDGAREA": 13225, "BLDGTYPE": null, "OPERHOURS": null, "OPERDATE": null, "ACCESSTYPE": "Secure", "CONDITION": null, "OWNEDBY": null, "MAINTBY": 5, "LASTUPDATE": null, "LASTEDITOR": null, "created_user": "wsims6_GTFacilities", "created_date": 1628109909166, "last_edited_user": "dsimsGT", "last_edited_date": 1713902997430, "cust_shift1": 2, "cust_shift2": null, "cust_shift3": null, "Shape__Area": 1796.265625, "Shape__Length": 190.02900325801878, "GlobalID": "2d0476bc-36b7-4108-8db5-39430bc45d7e", "cust_zone": 2}}, {"type": "Feature", "id": 148, "geometry": {"type": "Polygon", "coordinates": [[[-84.4020105960633, 33.771902211961], [-84.4015559934831, 33.7717439472114], [-84.4014897856306, 33.7718736965182], [-84.4014284599745, 33.7718522925513], [-84.401429110793, 33.7718502346448], [-84.401494583499, 33.7717228689337], [-84.4011773554477, 33.7716100920567], [-84.4012030041751, 33.7715595489917], [-84.4011909003913, 33.7715552647997], [-84.4011434913994, 33.7715384858675], [-84.4011443462129, 33.7715368008588], [-84.4011444783045, 33.7715365418336], [-84.4010932244919, 33.7714312856442], [-84.4010911819187, 33.7714305393493], [-84.401116830644, 33.7713799963007], [-84.4012275259975, 33.7714195668676], [-84.4012613376671, 33.7714315387585], [-84.4013691974672, 33.7714697305513], [-84.4014062609862, 33.7714828530382], [-84.4015281407852, 33.7715260077682], [-84.40209775462, 33.7717281332599], [-84.4020105960633, 33.771902211961]]]}, "properties": {"OBJECTID": 148, "BUILDINGID": "158", "FACILITYKEY": "158", "SHORTNAME": "DFL (fka AWPL)", "LONGNAME": "Digital Fabrication Lab", "FLOORCOUNT": 2, "BLGHEIGHT": null, "BLDGAREA": 29232, "BLDGTYPE": null, "OPERHOURS": null, "OPERDATE": null, "ACCESSTYPE": "Private", "CONDITION": null, "OWNEDBY": null, "MAINTBY": 5, "LASTUPDATE": null, "LASTEDITOR": null, "created_user": "wsims6_GTFacilities", "created_date": 1628109909166, "last_edited_user": "dsimsGT", "last_edited_date": 1713902997924, "cust_shift1": 1, "cust_shift2": null, "cust_shift3": null, "Shape__Area": 2980.53125, "Shape__Length": 319.9969991878128, "GlobalID": "f03100a9-db11-4c40-852f-e227163ebccc", "cust_zone": 1}}, {"type": "Feature", "id": 149, "geometry": {"type": "Polygon", "coordinates": [[[-84.4034341982897, 33.7705205283796], [-84.4034342897285, 33.7704948942292], [-84.4034346589029, 33.7703928156594], [-84.4034347426006, 33.7703694699169], [-84.4034351896247, 33.7702442746328], [-84.4039630198544, 33.7702455953031], [-84.4039627643364, 33.7703170048551], [-84.4040965031473, 33.7703173391327], [-84.4040962356153, 33.7703921812973], [-84.4041953870855, 33.7703920617464], [-84.4041953146212, 33.7703931889512], [-84.404194974067, 33.7704908358451], [-84.4041947796571, 33.7705013729279], [-84.4039359932224, 33.7705005524862], [-84.4036074776752, 33.770499905059], [-84.4036069528265, 33.770646156773], [-84.4034337491034, 33.7706457227605], [-84.4034341982897, 33.7705205283796]]]}, "properties": {"OBJECTID": 149, "BUILDINGID": "159", "FACILITYKEY": "159", "SHORTNAME": "Foodpac", "LONGNAME": "Food Processing Technology Research", "FLOORCOUNT": 2, "BLGHEIGHT": null, "BLDGAREA": 36921, "BLDGTYPE": null, "OPERHOURS": null, "OPERDATE": null, "ACCESSTYPE": "Private", "CONDITION": null, "OWNEDBY": null, "MAINTBY": 5, "LASTUPDATE": null, "LASTEDITOR": null, "created_user": "wsims6_GTFacilities", "created_date": 1628109909166, "last_edited_user": "dsimsGT", "last_edited_date": 1713902998569, "cust_shift1": 2, "cust_shift2": null, "cust_shift3": null, "Shape__Area": 2912.50390625, "Shape__Length": 276.91245213460405, "GlobalID": "7c07b869-efac-4bfe-8921-3f719d090bbb", "cust_zone": 2}}, {"type": "Feature", "id": 150, "geometry": {"type": "Polygon", "coordinates": [[[-84.4034776524868, 33.7759197944982], [-84.4031890720847, 33.7759034969467], [-84.4031909193697, 33.7758806762128], [-84.4031209607796, 33.7758767248895], [-84.4031233636758, 33.7758470577535], [-84.4030848316085, 33.775844881053], [-84.4030968074341, 33.775697000782], [-84.4031020593061, 33.7756982485244], [-84.4031063089346, 33.7756718842061], [-84.4031200979605, 33.7756212327573], [-84.403142643549, 33.7755686845843], [-84.4031458918013, 33.7755688686086], [-84.4031506975567, 33.7755095334311], [-84.4031157184139, 33.775507558213], [-84.4031218723107, 33.7754315633415], [-84.4031568514253, 33.7754335394597], [-84.403162044567, 33.7753694121615], [-84.4032057695059, 33.775371880939], [-84.4032320038236, 33.7753733625599], [-84.4032342218353, 33.7753459778541], [-84.4032453097045, 33.7752090507203], [-84.4035251441084, 33.7752248545989], [-84.4035411111083, 33.7750276796285], [-84.4035452102736, 33.7750279116], [-84.4039671467526, 33.7750517386433], [-84.4039712459201, 33.7750519706006], [-84.4039529691738, 33.7752776711078], [-84.4039497536226, 33.7753077509776], [-84.4038248237229, 33.7753006967542], [-84.4038211206699, 33.7753599784457], [-84.403733598786, 33.7753559530194], [-84.4037294314505, 33.7754074146739], [-84.4037244385038, 33.7754080500109], [-84.4036265972991, 33.7754026395573], [-84.4036067246679, 33.7756616067959], [-84.4035843151613, 33.7756603406202], [-84.4035707143599, 33.7758283047378], [-84.4035920299946, 33.7758295080969], [-84.4035833200861, 33.7759099431167], [-84.4034789274799, 33.7759040474129], [-84.4034776524868, 33.7759197944982]]]}, "properties": {"OBJECTID": 150, "BUILDINGID": "160", "FACILITYKEY": "160", "SHORTNAME": "CRC", "LONGNAME": "Campus Recreation Center", "FLOORCOUNT": 6, "BLGHEIGHT": null, "BLDGAREA": 72041, "BLDGTYPE": null, "OPERHOURS": null, "OPERDATE": null, "ACCESSTYPE": "Public", "CONDITION": null, "OWNEDBY": null, "MAINTBY": 1, "LASTUPDATE": null, "LASTEDITOR": null, "created_user": "wsims6_GTFacilities", "created_date": 1628109909166, "last_edited_user": "dsimsGT", "last_edited_date": 1713902999098, "cust_shift1": 7, "cust_shift2": null, "cust_shift3": null, "Shape__Area": 6528.15625, "Shape__Length": 431.4017626409904, "GlobalID": "39f4a968-a5aa-4c6d-be73-281a6c4f5e40", "cust_zone": 7}}, {"type": "Feature", "id": 151, "geometry": {"type": "Polygon", "coordinates": [[[-84.3969686597907, 33.7812144765495], [-84.396972531767, 33.781017974343], [-84.3970761601787, 33.7810193984591], [-84.3970722873593, 33.7812159006698], [-84.3969686597907, 33.7812144765495]]]}, "properties": {"OBJECTID": 151, "BUILDINGID": "161", "FACILITYKEY": "161", "SHORTNAME": "Fac Waste Stor", "LONGNAME": "Facilities Waste Storage", "FLOORCOUNT": 1, "BLGHEIGHT": null, "BLDGAREA": 2325, "BLDGTYPE": null, "OPERHOURS": null, "OPERDATE": null, "ACCESSTYPE": "Employee", "CONDITION": null, "OWNEDBY": null, "MAINTBY": 2, "LASTUPDATE": null, "LASTEDITOR": null, "created_user": "wsims6_GTFacilities", "created_date": 1628109909166, "last_edited_user": "dsimsGT", "last_edited_date": 1713903000334, "cust_shift1": null, "cust_shift2": null, "cust_shift3": null, "Shape__Area": 303.6796875, "Shape__Length": 75.7174892232795, "GlobalID": "24ec1daf-4674-470a-87ca-619f30677896", "cust_zone": null}}, {"type": "Feature", "id": 152, "geometry": {"type": "Polygon", "coordinates": [[[-84.4036313649395, 33.776350720577], [-84.4036076713796, 33.776349419904], [-84.4036037968721, 33.7763986539049], [-84.4033657661888, 33.776385589509], [-84.4033701745431, 33.776338046891], [-84.4030653810929, 33.7763210425996], [-84.4030790086702, 33.7761478976079], [-84.4030873029128, 33.7760425291513], [-84.4030887457897, 33.7760241967137], [-84.403092326382, 33.7759787060438], [-84.4032081084027, 33.7759856009143], [-84.4032247545381, 33.7759864859872], [-84.4033276884545, 33.7759919573202], [-84.4033430376735, 33.7759927736337], [-84.4034452740121, 33.775998208337], [-84.4034618056864, 33.7759990872859], [-84.4036353207869, 33.7760083099337], [-84.4036583673002, 33.7760095352039], [-84.4037901207524, 33.7760165377108], [-84.4038071945262, 33.7760174453263], [-84.4038914068426, 33.7760219143612], [-84.4039771682421, 33.7760266634783], [-84.4042387083222, 33.7760411619551], [-84.4043219092618, 33.7760457273164], [-84.4047663863613, 33.7760706280527], [-84.4047513420036, 33.7762459822992], [-84.4047440610137, 33.7763558688831], [-84.4047382111173, 33.7764128501112], [-84.4046654792122, 33.7764088590307], [-84.4046633847339, 33.7764073573121], [-84.4041482013202, 33.7763790857701], [-84.4036611857167, 33.7763523575164], [-84.4036313649395, 33.776350720577]]]}, "properties": {"OBJECTID": 152, "BUILDINGID": "162", "FACILITYKEY": "162", "SHORTNAME": "CRC Parking Dk", "LONGNAME": "CRC Parking Deck", "FLOORCOUNT": 3, "BLGHEIGHT": null, "BLDGAREA": 163021, "BLDGTYPE": null, "OPERHOURS": null, "OPERDATE": null, "ACCESSTYPE": "Secure", "CONDITION": null, "OWNEDBY": null, "MAINTBY": 8, "LASTUPDATE": null, "LASTEDITOR": null, "created_user": "wsims6_GTFacilities", "created_date": 1628109909166, "last_edited_user": "dsimsGT", "last_edited_date": 1713903000928, "cust_shift1": null, "cust_shift2": null, "cust_shift3": null, "Shape__Area": 8731.73828125, "Shape__Length": 478.4024281912141, "GlobalID": "e4199d67-8ba1-438a-9d82-f1fcb680d7c0", "cust_zone": null}}, {"type": "Feature", "id": 153, "geometry": {"type": "Polygon", "coordinates": [[[-84.4062675160705, 33.7722182533575], [-84.4057725387521, 33.7719285883197], [-84.4055600452864, 33.7718042337115], [-84.4056072977274, 33.7717479197243], [-84.4056081804618, 33.7717469893137], [-84.4056129987673, 33.7717496416621], [-84.4056997835075, 33.7716454130431], [-84.4056963833557, 33.7716433530418], [-84.4057947208555, 33.7715261578621], [-84.4058879219244, 33.7714150830548], [-84.4059005108135, 33.7714225216278], [-84.4059569310313, 33.7714554686201], [-84.4059455535752, 33.7714690298866], [-84.405984793655, 33.7714919937196], [-84.4060502933707, 33.7714141334626], [-84.406052274963, 33.7714115716321], [-84.4061071890255, 33.7714437090885], [-84.4061063991817, 33.7714446510439], [-84.4066497996932, 33.7717626533171], [-84.4066427921166, 33.7717713399339], [-84.4065980504295, 33.7718241275819], [-84.4065876926253, 33.7718366716643], [-84.4065839831572, 33.7718344301551], [-84.4065659673954, 33.7718559010506], [-84.4065672077849, 33.7718566271744], [-84.4065501546934, 33.7718768014241], [-84.4065488007243, 33.7718759979788], [-84.4065305735093, 33.7718975323957], [-84.4065345944232, 33.7718999545332], [-84.4065326246342, 33.7719021015884], [-84.4064833173921, 33.7719608642985], [-84.4063489039719, 33.7721212570004], [-84.4063460254192, 33.7721200291307], [-84.4063136477408, 33.7721596682154], [-84.4063152428287, 33.7721613737486], [-84.4062836111614, 33.7721990719232], [-84.4062675160705, 33.7722182533575]]]}, "properties": {"OBJECTID": 153, "BUILDINGID": "163", "FACILITYKEY": "163", "SHORTNAME": "645 Northside Dr", "LONGNAME": "645 Northside Drive", "FLOORCOUNT": 2, "BLGHEIGHT": null, "BLDGAREA": 58202, "BLDGTYPE": null, "OPERHOURS": null, "OPERDATE": null, "ACCESSTYPE": "Secure", "CONDITION": null, "OWNEDBY": null, "MAINTBY": 5, "LASTUPDATE": null, "LASTEDITOR": null, "created_user": "wsims6_GTFacilities", "created_date": 1628109909166, "last_edited_user": "dsimsGT", "last_edited_date": 1713903001470, "cust_shift1": null, "cust_shift2": null, "cust_shift3": null, "Shape__Area": 6971.40234375, "Shape__Length": 349.0378770895118, "GlobalID": "2212e57b-2414-4269-bfd1-0c9fdb7e52da", "cust_zone": null}}, {"type": "Feature", "id": 154, "geometry": {"type": "Polygon", "coordinates": [[[-84.4016096247223, 33.7731807539239], [-84.4014649061128, 33.7731576864676], [-84.4014552658401, 33.7731561494582], [-84.4014448574471, 33.7731433558827], [-84.4012102697172, 33.7731058270473], [-84.4012922740437, 33.772747368195], [-84.401281672977, 33.7727343666894], [-84.4012834198063, 33.772726418011], [-84.4013031547796, 33.7726403737083], [-84.4013049952577, 33.7726323229647], [-84.4013203136185, 33.7726236307679], [-84.4013329791093, 33.7725689539487], [-84.4014100387902, 33.7725810942151], [-84.4014253571313, 33.7725724020053], [-84.4014352846529, 33.7725739844552], [-84.4015250449735, 33.7725882915039], [-84.4015346895048, 33.7725898294017], [-84.4015450287135, 33.772602611381], [-84.401721978757, 33.7726308162906], [-84.4017149712407, 33.7726614785926], [-84.4017342668046, 33.7726645543454], [-84.4017281288256, 33.7726914109219], [-84.4017088449893, 33.7726882828501], [-84.4016767349438, 33.7728287826116], [-84.4016455339984, 33.7729673492924], [-84.4016401391256, 33.7729903760342], [-84.4016223066593, 33.7730664832636], [-84.4016327952304, 33.77307937405], [-84.4016309590505, 33.7730874094616], [-84.4016096247223, 33.7731807539239]]]}, "properties": {"OBJECTID": 154, "BUILDINGID": "164", "FACILITYKEY": "164", "SHORTNAME": "Business Svcs", "LONGNAME": "Business Services", "FLOORCOUNT": 2, "BLGHEIGHT": null, "BLDGAREA": 28074, "BLDGTYPE": null, "OPERHOURS": null, "OPERDATE": null, "ACCESSTYPE": "Employee", "CONDITION": null, "OWNEDBY": null, "MAINTBY": 5, "LASTUPDATE": null, "LASTEDITOR": null, "created_user": "wsims6_GTFacilities", "created_date": 1628109909166, "last_edited_user": "dsimsGT", "last_edited_date": 1713903002077, "cust_shift1": 2, "cust_shift2": null, "cust_shift3": null, "Shape__Area": 3325.33203125, "Shape__Length": 245.53976119330906, "GlobalID": "74c18164-8ab0-48e0-94c4-ee9666f07d3b", "cust_zone": 2}}, {"type": "Feature", "id": 155, "geometry": {"type": "Polygon", "coordinates": [[[-84.3964481648785, 33.778455711884], [-84.3964489317, 33.7784056471683], [-84.3964519378946, 33.7784057227194], [-84.3964816181218, 33.778406264344], [-84.3964826782962, 33.7783645718157], [-84.3965803941549, 33.7783660172849], [-84.3965805974929, 33.7783560437408], [-84.3965839010952, 33.7783554911852], [-84.3966968180982, 33.7783571607027], [-84.3968862300065, 33.7783599542567], [-84.3969418608713, 33.778361385975], [-84.3969617071127, 33.7783612263161], [-84.3970152060518, 33.7783620587751], [-84.3970445241966, 33.7783636766102], [-84.3970546784489, 33.7783650335735], [-84.3970889162839, 33.7783716400666], [-84.3971071928216, 33.7783764063313], [-84.3971217635313, 33.7783811100866], [-84.3971392635329, 33.7783878145437], [-84.3971568576037, 33.7783957766261], [-84.3971813545104, 33.7784090022757], [-84.3971967322875, 33.7784187267123], [-84.3972125288744, 33.7784304168661], [-84.3972321095304, 33.7784463827915], [-84.3972437097813, 33.778459506292], [-84.3972488317673, 33.7784763197317], [-84.397203347764, 33.7784976926961], [-84.3972268384826, 33.7785174012854], [-84.3971490204899, 33.7785544764815], [-84.3970985483928, 33.7785776025167], [-84.3969849287407, 33.7786297975232], [-84.3969421541641, 33.7786291650432], [-84.39690231984, 33.7786285757521], [-84.3968423335024, 33.7786276886227], [-84.3968036491515, 33.7786271169911], [-84.3967438053481, 33.778626232253], [-84.3967049082783, 33.7786256564788], [-84.396645810608, 33.7786247829254], [-84.3966055530115, 33.7786241871141], [-84.39654571569, 33.7786233022678], [-84.3965073401591, 33.7786227344763], [-84.3964446392514, 33.7786218071268], [-84.3964456730897, 33.778573074556], [-84.3964476324136, 33.7784807255845], [-84.3964476975799, 33.7784760161384], [-84.39644807259, 33.7784599687517], [-84.3964481648785, 33.778455711884]]]}, "properties": {"OBJECTID": 155, "BUILDINGID": "165", "FACILITYKEY": "165", "SHORTNAME": "BME", "LONGNAME": "Whitaker, U.A. Biomedical Engineering", "FLOORCOUNT": 6, "BLGHEIGHT": null, "BLDGAREA": 99822, "BLDGTYPE": null, "OPERHOURS": null, "OPERDATE": null, "ACCESSTYPE": "Faculty", "CONDITION": null, "OWNEDBY": null, "MAINTBY": 2, "LASTUPDATE": null, "LASTEDITOR": null, "created_user": "wsims6_GTFacilities", "created_date": 1628109909166, "last_edited_user": "dsimsGT", "last_edited_date": 1713903002702, "cust_shift1": 8, "cust_shift2": null, "cust_shift3": null, "Shape__Area": 2795.9375, "Shape__Length": 231.2190401268853, "GlobalID": "966c8af7-2a23-463d-a098-9c20a971e732", "cust_zone": 8}}, {"type": "Feature", "id": 156, "geometry": {"type": "Polygon", "coordinates": [[[-84.3960809089006, 33.7742805831884], [-84.3961858227272, 33.7742804160707], [-84.3961866546645, 33.7742482426808], [-84.396382772883, 33.7742489074795], [-84.3963826334003, 33.7742609673337], [-84.3965237024997, 33.7742631607747], [-84.3965230758653, 33.7742799849634], [-84.3965707528672, 33.7742804569841], [-84.396570819521, 33.7743054100768], [-84.3965939877558, 33.7743059277428], [-84.3965928019256, 33.7743648105269], [-84.3966327563345, 33.7743650164971], [-84.396626507505, 33.7748064453415], [-84.3966632322959, 33.7748076915139], [-84.3966862185463, 33.7749125693895], [-84.3966399303483, 33.7749216406142], [-84.3966399385421, 33.7749247071168], [-84.3966252470213, 33.7749238580873], [-84.396621373329, 33.7750447804205], [-84.3965982979264, 33.7750447332496], [-84.3965988422578, 33.7750548983596], [-84.3965332660304, 33.7750545823156], [-84.396533236131, 33.7750446001841], [-84.39650910694, 33.7750445513526], [-84.396507785455, 33.7751391821706], [-84.3963126273567, 33.775137355363], [-84.3963110706986, 33.775143929498], [-84.3961720447266, 33.7751419980053], [-84.3961765697072, 33.7748221240957], [-84.3961828660164, 33.7744782061305], [-84.3960778408704, 33.7744755864472], [-84.3960809089006, 33.7742805831884]]]}, "properties": {"OBJECTID": 156, "BUILDINGID": "166", "FACILITYKEY": "166", "SHORTNAME": "Clough", "LONGNAME": "Clough Undergraduate Learning Commons", "FLOORCOUNT": 6, "BLGHEIGHT": null, "BLDGAREA": 229919, "BLDGTYPE": null, "OPERHOURS": null, "OPERDATE": null, "ACCESSTYPE": "Public", "CONDITION": null, "OWNEDBY": null, "MAINTBY": 4, "LASTUPDATE": null, "LASTEDITOR": null, "created_user": "wsims6_GTFacilities", "created_date": 1628109909166, "last_edited_user": "dsimsGT", "last_edited_date": 1713903003289, "cust_shift1": 12, "cust_shift2": null, "cust_shift3": null, "Shape__Area": 6065.62890625, "Shape__Length": 374.7420501244354, "GlobalID": "aa499ced-5b31-4de3-85e0-80c33319a2cf", "cust_zone": 12}}, {"type": "Feature", "id": 157, "geometry": {"type": "MultiPolygon", "coordinates": [[[[-84.3963860528877, 33.7795530578485], [-84.3963659485917, 33.7795226051381], [-84.3963377118474, 33.7795344606778], [-84.3963059312492, 33.7795418959626], [-84.3962764961523, 33.7795458853906], [-84.3962429323984, 33.7795479140778], [-84.3962099381763, 33.7795420744154], [-84.3961775323507, 33.7795357419541], [-84.3961504149073, 33.7795254648635], [-84.3961114828212, 33.7795019329793], [-84.3961383999403, 33.7794369686385], [-84.3961626409783, 33.779437043305], [-84.3961604535805, 33.7794198617869], [-84.3963374881669, 33.7794151764608], [-84.3964479566923, 33.7794158544331], [-84.3964524482687, 33.7794243552198], [-84.3964889773614, 33.7794934874535], [-84.396458372658, 33.7795096475196], [-84.3964631085762, 33.7795189815746], [-84.3963860528877, 33.7795530578485]]], [[[-84.3968668087699, 33.780004731836], [-84.3968667440912, 33.7799806587546], [-84.39670264794, 33.7799829226295], [-84.396682820325, 33.7799454648994], [-84.3966693159514, 33.7799061113801], [-84.3966623872456, 33.7798655952905], [-84.3967593729569, 33.7798553705057], [-84.396759019919, 33.7797232157623], [-84.3968098564792, 33.7797231209361], [-84.3968097756309, 33.7796930625242], [-84.3974198152521, 33.7796919238629], [-84.3974198978971, 33.7797228663241], [-84.3974823838099, 33.7797227498446], [-84.3974826901355, 33.7798367935605], [-84.3975144635471, 33.7798367338276], [-84.3975147177703, 33.7799313283671], [-84.3974808261312, 33.7799313918333], [-84.3974810201673, 33.7800035849656], [-84.3968668087699, 33.780004731836]]], [[[-84.3964750858139, 33.780011480899], [-84.3959559565977, 33.7800064275017], [-84.3958302903743, 33.7800066612064], [-84.3958297648599, 33.7798093178928], [-84.3958583591337, 33.7798092648798], [-84.3958581462329, 33.7797291905582], [-84.3959476184352, 33.7797290240524], [-84.3959477370129, 33.7797736811965], [-84.3959168807812, 33.7797736580499], [-84.3959170442745, 33.7798348970394], [-84.3959170478678, 33.7798349769322], [-84.3959579032469, 33.7798349015193], [-84.3959612144371, 33.7797245590087], [-84.3960152885256, 33.7797244589559], [-84.396016412318, 33.7796953674732], [-84.3964790491809, 33.7796955108326], [-84.3964585145918, 33.7796554262148], [-84.3965332391521, 33.7796322116985], [-84.3965621873622, 33.7797001543302], [-84.396584889586, 33.7797697179122], [-84.396601215568, 33.7798405059633], [-84.3966110727816, 33.7799121152831], [-84.3966144055313, 33.7799841389396], [-84.3966122325066, 33.7800704058197], [-84.3964716237068, 33.7800646490722], [-84.3964750858139, 33.780011480899]]]]}, "properties": {"OBJECTID": 157, "BUILDINGID": "167", "FACILITYKEY": "167", "SHORTNAME": "MS&E", "LONGNAME": "Molecular Science & Engineering", "FLOORCOUNT": 6, "BLGHEIGHT": null, "BLDGAREA": 292838, "BLDGTYPE": null, "OPERHOURS": null, "OPERDATE": null, "ACCESSTYPE": "Faculty", "CONDITION": null, "OWNEDBY": null, "MAINTBY": 2, "LASTUPDATE": null, "LASTEDITOR": null, "created_user": "wsims6_GTFacilities", "created_date": 1628109909166, "last_edited_user": "dsimsGT", "last_edited_date": 1713903003817, "cust_shift1": 8, "cust_shift2": null, "cust_shift3": null, "Shape__Area": 7668.18359375, "Shape__Length": 694.0529111152209, "GlobalID": "c2d7d6a2-fa7a-48a5-9f36-279fa26ebbfe", "cust_zone": 8}}, {"type": "Feature", "id": 158, "geometry": {"type": "MultiPolygon", "coordinates": [[[[-84.3944514923464, 33.7772115639638], [-84.3944505963154, 33.777147979347], [-84.3944495015078, 33.777147991286], [-84.394449051761, 33.7771163603762], [-84.3944479333719, 33.7771164372775], [-84.3944477484396, 33.7771040858941], [-84.3944608958584, 33.7771039489202], [-84.3944608408304, 33.7771051869894], [-84.3945266615469, 33.7771050925264], [-84.394526634029, 33.7771032631262], [-84.3945397814475, 33.7771031261439], [-84.3945398089657, 33.7771049555441], [-84.3946055471363, 33.7771042697081], [-84.3946055196167, 33.7771024403078], [-84.3946186670349, 33.7771023033172], [-84.3946186945547, 33.7771041327174], [-84.3946844316441, 33.7771034468413], [-84.3946844041228, 33.7771016174411], [-84.3946975515408, 33.777101480442], [-84.3946975790623, 33.7771033098421], [-84.3947633172322, 33.7771026248237], [-84.3947632897069, 33.7771007945219], [-84.3947764371245, 33.7771006575144], [-84.3947764646477, 33.7771024869146], [-84.3948422028161, 33.7771018018541], [-84.3948421752891, 33.7770999715523], [-84.3948553227064, 33.7770998345364], [-84.3948553502337, 33.7771016648381], [-84.3949210873185, 33.777100978836], [-84.3949210597898, 33.7770991485343], [-84.3949342082865, 33.777099011508], [-84.3949342347357, 33.7771008418117], [-84.3949599821655, 33.7771005732798], [-84.3949610378689, 33.7771753651257], [-84.3948824285935, 33.7771761750374], [-84.3948709234064, 33.7771763054128], [-84.3947827275552, 33.7771772249562], [-84.3947706738565, 33.7771773509263], [-84.3947701286108, 33.7771773564424], [-84.3946964406029, 33.7771781255814], [-84.3946969024848, 33.77720900449], [-84.3946270667965, 33.7772097331083], [-84.3946155637351, 33.7772098526362], [-84.394467653207, 33.777211395279], [-84.3944514923464, 33.7772115639638]]], [[[-84.3947100114661, 33.7772065800706], [-84.3949445469134, 33.7772041375773], [-84.3949447869733, 33.7772201486612], [-84.39494362629, 33.7772201562181], [-84.394944093278, 33.7772423431951], [-84.3947108933199, 33.7772447760067], [-84.3947100114661, 33.7772065800706]]], [[[-84.3950528392375, 33.7776823219402], [-84.3951365289352, 33.7774996529362], [-84.3951804819943, 33.777513701337], [-84.3951843870419, 33.7775034125742], [-84.3951742746603, 33.7774998833005], [-84.3952066298848, 33.7774303998279], [-84.3950262367271, 33.7772131165663], [-84.3949846244554, 33.7772136317626], [-84.3949829904148, 33.7771003332532], [-84.3950966097026, 33.7770991474093], [-84.3951213453346, 33.7771289408774], [-84.3951701227595, 33.7771008317493], [-84.3951789897939, 33.777095678622], [-84.3954585687619, 33.7774315388466], [-84.3953794466525, 33.7776014574658], [-84.3953747256856, 33.7775996845518], [-84.3952591971918, 33.7775624088362], [-84.3951779674655, 33.7777325268861], [-84.3953575971155, 33.7777935866847], [-84.395338319159, 33.7778348693543], [-84.3951832902215, 33.7781731802263], [-84.3949972611493, 33.778111215942], [-84.3950915502396, 33.7779139801242], [-84.3949643124979, 33.7778725096861], [-84.3950528392375, 33.7776823219402]]], [[[-84.3937871533705, 33.7781337262144], [-84.3938596994671, 33.7780771916763], [-84.3939951590698, 33.7782003728902], [-84.3939210291891, 33.7782565759107], [-84.3937871533705, 33.7781337262144]]]]}, "properties": {"OBJECTID": 158, "BUILDINGID": "168", "FACILITYKEY": "168", "SHORTNAME": "Chandler Stadium", "LONGNAME": "Chandler, Russ Baseball Stadium", "FLOORCOUNT": 3, "BLGHEIGHT": null, "BLDGAREA": 30076, "BLDGTYPE": null, "OPERHOURS": null, "OPERDATE": null, "ACCESSTYPE": "Private", "CONDITION": null, "OWNEDBY": null, "MAINTBY": 6, "LASTUPDATE": null, "LASTEDITOR": null, "created_user": "wsims6_GTFacilities", "created_date": 1628109909166, "last_edited_user": "dsimsGT", "last_edited_date": 1713903004305, "cust_shift1": null, "cust_shift2": null, "cust_shift3": null, "Shape__Area": 4773.9453125, "Shape__Length": 686.7437263386379, "GlobalID": "1e1cea5a-35b6-4cf9-88b8-d43310cd8df7", "cust_zone": null}}, {"type": "Feature", "id": 160, "geometry": {"type": "Polygon", "coordinates": [[[-84.3896980129525, 33.7763650897446], [-84.3896900745403, 33.7763320486116], [-84.389518282522, 33.7763275878709], [-84.3895208517037, 33.7763747683674], [-84.3894368816825, 33.7763767232072], [-84.3894476659575, 33.7759335013542], [-84.389712254843, 33.7759389933023], [-84.389926032321, 33.7759422235085], [-84.3900922511913, 33.7759443448712], [-84.3900934944597, 33.7759458763443], [-84.3900991125235, 33.775952790747], [-84.3901074434994, 33.7759630428786], [-84.3901146713442, 33.7759737422797], [-84.3901197477239, 33.7759836770633], [-84.3901239841787, 33.7759939508454], [-84.3901274570656, 33.7760043762053], [-84.3901304385741, 33.7760181288378], [-84.3901321363899, 33.776032136091], [-84.3901338342058, 33.7760461403552], [-84.3901337659339, 33.7760504174234], [-84.3901325406318, 33.7761270342565], [-84.3901632989472, 33.7761262308135], [-84.3901578785127, 33.7764007823675], [-84.3901663406427, 33.7764007181521], [-84.3901986692131, 33.7764004747305], [-84.3901911530092, 33.7766440818435], [-84.3901898782998, 33.7766853812406], [-84.3902119606861, 33.7766850176029], [-84.3902153859623, 33.7766849616012], [-84.3902160040032, 33.77670896318], [-84.3902533020538, 33.7767284913386], [-84.3901954478545, 33.7767281665289], [-84.3897791380092, 33.7767258286457], [-84.3897755195952, 33.7767258077384], [-84.3897822794177, 33.7765583565967], [-84.3898080844226, 33.7765586037512], [-84.3898086485646, 33.7765314316818], [-84.3898121537908, 33.7763624793089], [-84.3896980129525, 33.7763650897446]]]}, "properties": {"OBJECTID": 160, "BUILDINGID": "170", "FACILITYKEY": "170", "SHORTNAME": "Global Lrn Ctr (GLCC)", "LONGNAME": "Global Learning Center", "FLOORCOUNT": 5, "BLGHEIGHT": null, "BLDGAREA": 143669, "BLDGTYPE": null, "OPERHOURS": null, "OPERDATE": null, "ACCESSTYPE": "Public", "CONDITION": null, "OWNEDBY": null, "MAINTBY": 5, "LASTUPDATE": null, "LASTEDITOR": null, "created_user": "wsims6_GTFacilities", "created_date": 1628109909166, "last_edited_user": "wsims6_GTFacilities", "last_edited_date": 1770757391482, "cust_shift1": 9, "cust_shift2": null, "cust_shift3": null, "Shape__Area": 6530.17578125, "Shape__Length": 407.3030203266185, "GlobalID": "60e42b29-4e36-4e6f-9933-81f978e3374d", "cust_zone": 9}}, {"type": "Feature", "id": 161, "geometry": {"type": "Polygon", "coordinates": [[[-84.387479889535, 33.7759638682938], [-84.388613377476, 33.7759815793676], [-84.3886130703147, 33.7759960297928], [-84.388612798724, 33.7760087823434], [-84.3886080273076, 33.7760087115791], [-84.3886074861979, 33.7760341833155], [-84.3886193321428, 33.7760343594731], [-84.3886190422266, 33.7760479605111], [-84.3886637924985, 33.7760486247848], [-84.3886512336206, 33.7766393852967], [-84.3886316230542, 33.7766390950735], [-84.3886304511313, 33.7766941881041], [-84.3885376598959, 33.7766928122366], [-84.3885374269411, 33.7767038037904], [-84.3883235472123, 33.7767006320117], [-84.3883251391331, 33.7766257550877], [-84.3883083575337, 33.7766255057163], [-84.3883082295016, 33.7766315515213], [-84.3882942690488, 33.776630823714], [-84.3883027908816, 33.7761732706089], [-84.3882843613049, 33.7761732748528], [-84.3882843655753, 33.7761858348553], [-84.3879256966753, 33.7761805167005], [-84.3879103538672, 33.7764538934845], [-84.3882460975854, 33.7764442466538], [-84.3882469041406, 33.7764593469717], [-84.388240986793, 33.7764595676809], [-84.388244849338, 33.7765318560886], [-84.3882507666929, 33.7765316362809], [-84.3882560358904, 33.7766302540003], [-84.3882501185311, 33.77663047471], [-84.3882517804077, 33.7766615814172], [-84.388241917058, 33.7766619489676], [-84.3882439408225, 33.7766998372496], [-84.3878305954427, 33.7766929940078], [-84.387833208386, 33.7765715828137], [-84.3878438978662, 33.7765712760294], [-84.3878424837416, 33.7765369436633], [-84.3878146906736, 33.776537741842], [-84.387815595792, 33.776559714376], [-84.3878058931018, 33.7765599932418], [-84.387791167303, 33.7762307093331], [-84.3874786172315, 33.776210733837], [-84.3874747437002, 33.7762062893125], [-84.387479889535, 33.7759638682938]]]}, "properties": {"OBJECTID": 161, "BUILDINGID": "172", "FACILITYKEY": "172", "SHORTNAME": "College of Business", "LONGNAME": "College of Business", "FLOORCOUNT": 6, "BLGHEIGHT": null, "BLDGAREA": 264432, "BLDGTYPE": null, "OPERHOURS": null, "OPERDATE": null, "ACCESSTYPE": "Public", "CONDITION": null, "OWNEDBY": null, "MAINTBY": 5, "LASTUPDATE": null, "LASTEDITOR": null, "created_user": "wsims6_GTFacilities", "created_date": 1628109909166, "last_edited_user": "dsimsGT", "last_edited_date": 1713903005392, "cust_shift1": 9, "cust_shift2": null, "cust_shift3": null, "Shape__Area": 8596.41796875, "Shape__Length": 684.1747187198501, "GlobalID": "bf853784-1083-4c10-ad08-7228b2fefe11", "cust_zone": 9}}, {"type": "Feature", "id": 162, "geometry": {"type": "Polygon", "coordinates": [[[-84.3891402038286, 33.7757805993135], [-84.3891257254856, 33.7757803810651], [-84.3891256068872, 33.7757858768471], [-84.3890017230423, 33.775784003755], [-84.3890017944219, 33.7757807062854], [-84.388998010984, 33.7757806490843], [-84.389003505067, 33.7755271659019], [-84.3889916591845, 33.7755269870759], [-84.3889923210709, 33.7754964866056], [-84.3890046593147, 33.775496673561], [-84.3890050587498, 33.7754782629123], [-84.3889795249531, 33.77547787702], [-84.3889846071622, 33.7752434086045], [-84.3890143194905, 33.7752438581982], [-84.389014850145, 33.7752194026375], [-84.3891398517871, 33.7752212917365], [-84.3891396066666, 33.7752325583197], [-84.3891932406608, 33.775233368685], [-84.3891756196598, 33.7757957851026], [-84.3891398864651, 33.7757952454171], [-84.3891402038286, 33.7757805993135]]]}, "properties": {"OBJECTID": 162, "BUILDINGID": "173", "FACILITYKEY": "173", "SHORTNAME": "760 Spring St.", "LONGNAME": "760 Spring Street (old EDI)", "FLOORCOUNT": 5, "BLGHEIGHT": null, "BLDGAREA": 67423, "BLDGTYPE": null, "OPERHOURS": null, "OPERDATE": null, "ACCESSTYPE": "Public", "CONDITION": null, "OWNEDBY": null, "MAINTBY": 5, "LASTUPDATE": null, "LASTEDITOR": null, "created_user": "wsims6_GTFacilities", "created_date": 1628109909166, "last_edited_user": "dsimsGT", "last_edited_date": 1713903005945, "cust_shift1": 9, "cust_shift2": null, "cust_shift3": null, "Shape__Area": 1607.0390625, "Shape__Length": 203.7171211169092, "GlobalID": "d6b2d9db-f30c-4516-a243-d6be5b8d0604", "cust_zone": 9}}, {"type": "Feature", "id": 163, "geometry": {"type": "Polygon", "coordinates": [[[-84.389169487312, 33.7759876252979], [-84.3890923478992, 33.7759873522968], [-84.3890953821742, 33.7759736795892], [-84.3890964304855, 33.7759506693478], [-84.3891082848761, 33.7759328124061], [-84.3891341932796, 33.7759243541947], [-84.3891666493382, 33.7759247870837], [-84.3891727200293, 33.775929602681], [-84.3891756196598, 33.7757957851026], [-84.3891932406608, 33.775233368685], [-84.3891932821151, 33.7752314453866], [-84.3892686318696, 33.7752325844352], [-84.3892688730111, 33.7752214558118], [-84.3894296755311, 33.7752234252029], [-84.3897882770485, 33.7752288319881], [-84.3898157058665, 33.7752297192119], [-84.3898614707069, 33.7752304100707], [-84.3898612267607, 33.7752416766529], [-84.389927528295, 33.775242678382], [-84.3899269265535, 33.775270430514], [-84.3899397538867, 33.7752706237043], [-84.3899398100355, 33.7752706254061], [-84.3899405820499, 33.7752706366325], [-84.3899382800274, 33.7753438477208], [-84.3899381145025, 33.7753491307989], [-84.3899381135327, 33.7753491731783], [-84.3899327342703, 33.7756067298589], [-84.3899289832268, 33.77569657273], [-84.3899289588539, 33.7756996636367], [-84.3899289504371, 33.7757001649704], [-84.389927784597, 33.7758613319399], [-84.389926062521, 33.7759287804166], [-84.3899260326107, 33.775942223198], [-84.3897122549932, 33.7759389932261], [-84.3897110243382, 33.7759957345973], [-84.389169487312, 33.7759876252979]]]}, "properties": {"OBJECTID": 163, "BUILDINGID": "174", "FACILITYKEY": "174", "SHORTNAME": "Tech Sq Pkg Dk", "LONGNAME": "Technology Square Parking Deck", "FLOORCOUNT": 8, "BLGHEIGHT": null, "BLDGAREA": 475679, "BLDGTYPE": null, "OPERHOURS": null, "OPERDATE": null, "ACCESSTYPE": "Public", "CONDITION": null, "OWNEDBY": null, "MAINTBY": 8, "LASTUPDATE": null, "LASTEDITOR": null, "created_user": "wsims6_GTFacilities", "created_date": 1628109909166, "last_edited_user": "dsimsGT", "last_edited_date": 1713903006416, "cust_shift1": null, "cust_shift2": null, "cust_shift3": null, "Shape__Area": 8446.79296875, "Shape__Length": 389.08044502167036, "GlobalID": "f1971965-16a3-437a-8d75-9bd19ebb7009", "cust_zone": null}}, {"type": "Feature", "id": 164, "geometry": {"type": "Polygon", "coordinates": [[[-84.3899092467897, 33.7777538305324], [-84.3899092471686, 33.7777506468], [-84.3899092546768, 33.7776669663066], [-84.3899067854626, 33.7774743004493], [-84.3899074488378, 33.7774428298046], [-84.3899077378891, 33.7773382340863], [-84.3898732148063, 33.7773382586629], [-84.38986081951, 33.7773140942763], [-84.3898419804974, 33.7773141076087], [-84.3898419529402, 33.7772880760739], [-84.3898502217001, 33.7772885795699], [-84.3898441191611, 33.7772677876994], [-84.3898431780341, 33.7772646083744], [-84.3898079108297, 33.7772649642829], [-84.389795984214, 33.7772649732243], [-84.3897959827566, 33.7772631618087], [-84.3897938135952, 33.7772631639274], [-84.3897937335264, 33.7771843903737], [-84.3897937200955, 33.7771717140773], [-84.3897936507359, 33.7771029010491], [-84.389793637305, 33.7770902247526], [-84.3897936769711, 33.7770338948939], [-84.3897935641415, 33.7770186950538], [-84.3897935517906, 33.7770060187551], [-84.3898060203904, 33.7770060097357], [-84.3898870684521, 33.7770059524275], [-84.389901329229, 33.7770058815495], [-84.3899016451163, 33.7770106948964], [-84.3901790099398, 33.7770104976175], [-84.3903016671521, 33.7770104097522], [-84.3903009979562, 33.7770233794209], [-84.3903010654291, 33.7770884019086], [-84.3902916113956, 33.7770884082204], [-84.3902916150544, 33.7770914783377], [-84.3902934829069, 33.7770914524118], [-84.3902934896486, 33.7770977865025], [-84.3902963224598, 33.7772173070171], [-84.3902963696203, 33.7772637104333], [-84.3902959004024, 33.777334109538], [-84.3902960675287, 33.7774973153905], [-84.39040964386, 33.7774972330518], [-84.3904080089649, 33.7777525693172], [-84.390397065912, 33.7777525765337], [-84.3903896686972, 33.7777525845342], [-84.3903502715461, 33.7777526099658], [-84.3902579009416, 33.7777535816312], [-84.3901732512828, 33.7777536421009], [-84.3901247142337, 33.7777536768004], [-84.3900461380502, 33.7777537333985], [-84.3899092467897, 33.7777538305324]]]}, "properties": {"OBJECTID": 164, "BUILDINGID": "175", "FACILITYKEY": "175", "SHORTNAME": "Tech Sq Research", "LONGNAME": "Technology Square Research", "FLOORCOUNT": 6, "BLGHEIGHT": null, "BLDGAREA": 215248, "BLDGTYPE": null, "OPERHOURS": null, "OPERDATE": null, "ACCESSTYPE": "Employee", "CONDITION": null, "OWNEDBY": -2, "MAINTBY": 0, "LASTUPDATE": null, "LASTEDITOR": null, "created_user": "wsims6_GTFacilities", "created_date": 1628109909166, "last_edited_user": "dsimsGT", "last_edited_date": 1713903007019, "cust_shift1": null, "cust_shift2": null, "cust_shift3": null, "Shape__Area": 5233.7578125, "Shape__Length": 339.0229818819496, "GlobalID": "4c29a4f7-fe56-46d7-9fc9-0934b917341d", "cust_zone": null}}, {"type": "Feature", "id": 165, "geometry": {"type": "Polygon", "coordinates": [[[-84.3889071820365, 33.7773097904829], [-84.388908086373, 33.7772498181987], [-84.3889059005084, 33.7772496237717], [-84.3889062314914, 33.7772276914004], [-84.3889084229488, 33.7772275431896], [-84.3889093272839, 33.7771675709046], [-84.3889071414215, 33.7771673764776], [-84.3889074713242, 33.7771454441079], [-84.3889096627796, 33.7771452958971], [-84.3889105671133, 33.7770853236113], [-84.3889083812529, 33.7770851291844], [-84.3889087122348, 33.7770631968124], [-84.3889182902684, 33.7770631263659], [-84.3889191945956, 33.7770031540793], [-84.3889096221621, 33.7770028818881], [-84.3889098701283, 33.7769864326094], [-84.3889138468488, 33.776986474137], [-84.3889271321007, 33.7769866143116], [-84.3889295680173, 33.7769866396789], [-84.388929745499, 33.7769884697123], [-84.3890015618695, 33.7769892248686], [-84.3890017946924, 33.7769873995061], [-84.3890280585434, 33.7769876749774], [-84.3890282360272, 33.7769895050106], [-84.3891000523991, 33.7769902601096], [-84.3891002852199, 33.776988434747], [-84.3891265490737, 33.776988711099], [-84.3891267265597, 33.776990541132], [-84.3891985429329, 33.7769912961737], [-84.3891987757516, 33.7769894708109], [-84.3892250396036, 33.7769897462402], [-84.3892252170916, 33.7769915762731], [-84.3892970334663, 33.7769923312575], [-84.3892972662829, 33.7769905058945], [-84.3893169641735, 33.7769907129022], [-84.3893167162851, 33.7770071621813], [-84.3893071382606, 33.7770072335604], [-84.3893066239881, 33.7770413313486], [-84.3893062342015, 33.7770672049471], [-84.3893158066431, 33.7770674771075], [-84.3893145672013, 33.7771497244035], [-84.3893142363249, 33.7771716576774], [-84.3893121070524, 33.777171635371], [-84.389311169331, 33.7772319494446], [-84.3893133266778, 33.7772319717003], [-84.3893129968806, 33.777253904972], [-84.3893108092989, 33.7772538818692], [-84.3893104145575, 33.7772799267895], [-84.389310181147, 33.7772965473556], [-84.3893104381297, 33.7772965504986], [-84.3893104022255, 33.7772989489567], [-84.3893101538829, 33.7772989466999], [-84.3893099013674, 33.777314025476], [-84.3893098996395, 33.7773141922847], [-84.3893120872344, 33.7773142198958], [-84.3893117563547, 33.7773361522675], [-84.3893095648952, 33.7773363004854], [-84.3893095419493, 33.7773378648924], [-84.389308660838, 33.7773962727706], [-84.3893108467071, 33.7773964671904], [-84.3893107250752, 33.7774045426019], [-84.3893107224262, 33.7774047707246], [-84.389299509442, 33.7774043437345], [-84.388903585695, 33.7774031161024], [-84.3889037507403, 33.7773921859839], [-84.3889059422019, 33.7773920377732], [-84.3889068465398, 33.7773320654897], [-84.3889046606732, 33.7773318710627], [-84.3889049905769, 33.7773099386937], [-84.3889071820365, 33.7773097904829]]]}, "properties": {"OBJECTID": 165, "BUILDINGID": "176", "FACILITYKEY": "176", "SHORTNAME": "Centergy One", "LONGNAME": "Centergy One", "FLOORCOUNT": 7, "BLGHEIGHT": null, "BLDGAREA": 129177, "BLDGTYPE": null, "OPERHOURS": null, "OPERDATE": null, "ACCESSTYPE": "Public", "CONDITION": null, "OWNEDBY": -2, "MAINTBY": 0, "LASTUPDATE": null, "LASTEDITOR": null, "created_user": "wsims6_GTFacilities", "created_date": 1628109909166, "last_edited_user": "dsimsGT", "last_edited_date": 1713903007618, "cust_shift1": null, "cust_shift2": null, "cust_shift3": null, "Shape__Area": 2481.4609375, "Shape__Length": 211.10605573775217, "GlobalID": "29a7bcd5-d4b2-4da5-ad0c-3122087f8923", "cust_zone": null}}, {"type": "Feature", "id": 166, "geometry": {"type": "Polygon", "coordinates": [[[-84.4032630037853, 33.7747004185424], [-84.4032629828549, 33.774700267105], [-84.4034318547974, 33.774710274369], [-84.4034251563779, 33.7747934799155], [-84.4034238022143, 33.774809881754], [-84.4034110538418, 33.7749643762715], [-84.4034091999915, 33.7749847824013], [-84.4033631805234, 33.7749821801434], [-84.4033621736455, 33.7749929541067], [-84.403361672127, 33.7749990394139], [-84.4029531124457, 33.7749937073189], [-84.4029383409955, 33.7749928727188], [-84.4029247631617, 33.7749910593432], [-84.4029113940521, 33.7749881906341], [-84.4028984021903, 33.7749842996302], [-84.4028858977942, 33.7749794185799], [-84.4028739889519, 33.7749735905559], [-84.40286277945, 33.7749668649505], [-84.4028523655395, 33.7749592992855], [-84.402842835938, 33.7749509601135], [-84.4028342739797, 33.7749419194072], [-84.4028267532935, 33.7749322536666], [-84.4028203388933, 33.7749220475224], [-84.4028150850031, 33.7749113883315], [-84.4028162836951, 33.7749106854545], [-84.4028123117666, 33.7748997650363], [-84.4028084261443, 33.7748801615472], [-84.4028075725284, 33.7748661488085], [-84.4028060428571, 33.7748662419005], [-84.4028057763106, 33.7748493707042], [-84.4028060175633, 33.7748381338593], [-84.4028070569952, 33.7748207047466], [-84.4028082307937, 33.7748093552141], [-84.4028097717723, 33.7747980365368], [-84.402811678871, 33.77478675593], [-84.4028139499574, 33.7747755233158], [-84.4028165828944, 33.7747643468132], [-84.402819577699, 33.7747532327337], [-84.4028229311593, 33.7747421910016], [-84.4028267353787, 33.7747309482402], [-84.4028312280319, 33.7747203434323], [-84.4028371668817, 33.7747099170886], [-84.4028443867395, 33.7747000644487], [-84.4028527961732, 33.7746909101151], [-84.402862333831, 33.7746825236322], [-84.4028728607747, 33.7746750296936], [-84.4028843835049, 33.7746684364016], [-84.4028967456942, 33.7746632201271], [-84.4029101646215, 33.7746598691492], [-84.402924082538, 33.7746585477342], [-84.4029380601264, 33.7746592981991], [-84.4029516611276, 33.7746620970343], [-84.402964455585, 33.7746668567016], [-84.4029760446818, 33.7746734273888], [-84.4029860629149, 33.7746816024164], [-84.4029931057511, 33.7746918280869], [-84.4029924975981, 33.7746991948442], [-84.4030090594528, 33.7747001477322], [-84.4030102381399, 33.7746858705252], [-84.4030609654911, 33.7746882961904], [-84.4032630037853, 33.7747004185424]]]}, "properties": {"OBJECTID": 166, "BUILDINGID": "177", "FACILITYKEY": "177", "SHORTNAME": "Stu Health Ctr", "LONGNAME": "Whitehead, Joseph B. Student Health Center", "FLOORCOUNT": 2, "BLGHEIGHT": null, "BLDGAREA": 38750, "BLDGTYPE": null, "OPERHOURS": null, "OPERDATE": null, "ACCESSTYPE": "Public", "CONDITION": null, "OWNEDBY": null, "MAINTBY": 1, "LASTUPDATE": null, "LASTEDITOR": null, "created_user": "wsims6_GTFacilities", "created_date": 1628109909166, "last_edited_user": "dsimsGT", "last_edited_date": 1713903008172, "cust_shift1": null, "cust_shift2": null, "cust_shift3": null, "Shape__Area": 2694.3046875, "Shape__Length": 211.24869653143193, "GlobalID": "f7fe1991-3b41-4ddf-9d78-d4d4c604bc28", "cust_zone": null}}, {"type": "Feature", "id": 169, "geometry": {"type": "Polygon", "coordinates": [[[-84.3983870687268, 33.7792695576866], [-84.3983870867903, 33.7792590236623], [-84.3983885131443, 33.7792590254923], [-84.3983885690129, 33.7792272448892], [-84.3983819879198, 33.7792272365086], [-84.3983819989762, 33.7792209168149], [-84.3983202500862, 33.7792208406923], [-84.398321147894, 33.7791584690911], [-84.3983265030985, 33.7787865315276], [-84.3981573454847, 33.7788035412263], [-84.3979080447774, 33.7788032323026], [-84.3979080552833, 33.7787970965463], [-84.3979007065242, 33.7787970877751], [-84.3979007916016, 33.7787491873939], [-84.3978942105449, 33.7787491789872], [-84.3978942192848, 33.7787443948093], [-84.3978944385159, 33.7786210458031], [-84.3978944474076, 33.7786159162924], [-84.397896094017, 33.7786159177154], [-84.397896196883, 33.7785577592131], [-84.3983904869565, 33.7785581268313], [-84.3983899178125, 33.778483499127], [-84.3988329943172, 33.7784810641226], [-84.3988329710983, 33.7784940695839], [-84.3989256486254, 33.7784945497925], [-84.3989256826566, 33.7785379633342], [-84.3989640783539, 33.7785380109847], [-84.3989634192985, 33.7788446511817], [-84.3989635984327, 33.7789462101295], [-84.3989636938409, 33.7790003532015], [-84.3988450201168, 33.779000390794], [-84.3988447567073, 33.7791496803781], [-84.3988446263139, 33.7792234104412], [-84.3988149028836, 33.7792233734901], [-84.3988148205066, 33.779270084584], [-84.3988140528012, 33.7792700833233], [-84.3987151139391, 33.7792699619424], [-84.3984149274383, 33.7792695919311], [-84.3983870687268, 33.7792695576866]]]}, "properties": {"OBJECTID": 169, "BUILDINGID": "181", "FACILITYKEY": "181", "SHORTNAME": "Nanotech Research", "LONGNAME": "Marcus Nanotechnology", "FLOORCOUNT": 5, "BLGHEIGHT": null, "BLDGAREA": 194850, "BLDGTYPE": null, "OPERHOURS": null, "OPERDATE": null, "ACCESSTYPE": "Faculty", "CONDITION": null, "OWNEDBY": null, "MAINTBY": 3, "LASTUPDATE": null, "LASTEDITOR": null, "created_user": "wsims6_GTFacilities", "created_date": 1628109909166, "last_edited_user": "dsimsGT", "last_edited_date": 1713903008700, "cust_shift1": 10, "cust_shift2": null, "cust_shift3": null, "Shape__Area": 8391.8125, "Shape__Length": 452.4488294919485, "GlobalID": "7d56b580-c2f3-46bd-a15d-68876bc19b3c", "cust_zone": 10}}, {"type": "Feature", "id": 170, "geometry": {"type": "Polygon", "coordinates": [[[-84.3948219445969, 33.7826095447], [-84.3948219650117, 33.7826025839185], [-84.3948219210242, 33.7825957684218], [-84.3948218689352, 33.7825875265286], [-84.3948216809078, 33.7825683334367], [-84.3947754131266, 33.7825692187375], [-84.3947703107733, 33.7817809509304], [-84.3948074005806, 33.7817790664403], [-84.3948067142409, 33.7817539684539], [-84.3951075334697, 33.7817547202362], [-84.395107708682, 33.7818190887667], [-84.3951143952583, 33.7818188960581], [-84.3951143146701, 33.7818467004147], [-84.3951707860016, 33.7818474425083], [-84.3951700537442, 33.7818827543147], [-84.3951710277629, 33.7819275005407], [-84.3951744407635, 33.7824844511317], [-84.3951749115939, 33.7825580583222], [-84.395127203755, 33.7825582710851], [-84.3951275197086, 33.7826077242401], [-84.3950216103432, 33.78260847479], [-84.3949312634317, 33.7826085995697], [-84.3949213360787, 33.7826091012177], [-84.3948800333975, 33.7826092623646], [-84.3948219445969, 33.7826095447]]]}, "properties": {"OBJECTID": 170, "BUILDINGID": "182", "FACILITYKEY": "182", "SHORTNAME": "Fam Apts Pkg Dk", "LONGNAME": "Family Apartments Parking Deck", "FLOORCOUNT": 7, "BLGHEIGHT": null, "BLDGAREA": 214903, "BLDGTYPE": null, "OPERHOURS": null, "OPERDATE": null, "ACCESSTYPE": "Student", "CONDITION": null, "OWNEDBY": null, "MAINTBY": 8, "LASTUPDATE": null, "LASTEDITOR": null, "created_user": "wsims6_GTFacilities", "created_date": 1628109909166, "last_edited_user": "dsimsGT", "last_edited_date": 1713903009389, "cust_shift1": null, "cust_shift2": null, "cust_shift3": null, "Shape__Area": 4929.15234375, "Shape__Length": 317.74250617777994, "GlobalID": "6dff8d22-538a-477f-99c9-7ac4aba8ee5b", "cust_zone": null}}, {"type": "Feature", "id": 171, "geometry": {"type": "MultiPolygon", "coordinates": [[[[-84.396760199407, 33.782343295539], [-84.396705015899, 33.7823367437727], [-84.3967030162492, 33.7823461275446], [-84.3966626782997, 33.7823393473066], [-84.3966649483424, 33.7823299299351], [-84.3966113198183, 33.7823181486996], [-84.3966081936811, 33.7823311126131], [-84.3965670598242, 33.7823241987252], [-84.3965753665457, 33.782289739034], [-84.3965544016636, 33.7822862156376], [-84.3965568594542, 33.7822760217541], [-84.3965700539091, 33.7822212862607], [-84.3965911517418, 33.7822248320591], [-84.3965994315138, 33.7821904843241], [-84.3966404333183, 33.7821973765701], [-84.3966373080794, 33.7822103397552], [-84.3966691578479, 33.7822128111374], [-84.3967863089407, 33.7822354619871], [-84.3967894332812, 33.7822224958192], [-84.3968304422723, 33.7822293850761], [-84.3968221660936, 33.7822637395153], [-84.3968445952296, 33.7822675070642], [-84.3968651603614, 33.7821964738808], [-84.3968496320834, 33.7821938658627], [-84.396857882211, 33.7821596218986], [-84.3968990241526, 33.7821665320664], [-84.3969066328831, 33.7821349483762], [-84.3968654909414, 33.7821280374591], [-84.3968738129342, 33.782093809148], [-84.396889138193, 33.7820960647541], [-84.3969192757724, 33.7819718375932], [-84.3969037483927, 33.7819692288215], [-84.396911997622, 33.7819349855141], [-84.3969531395637, 33.7819418957002], [-84.3969573850017, 33.7819242749114], [-84.3970351566474, 33.7819373389347], [-84.3970307288514, 33.7819548663903], [-84.3970720540494, 33.7819618706517], [-84.3970637778707, 33.7819962251982], [-84.3970482495927, 33.781993617174], [-84.3970452941354, 33.7820202178223], [-84.3970406489471, 33.7820395006179], [-84.3970517961414, 33.7820413731977], [-84.3970437077106, 33.7820749526975], [-84.397032608127, 33.7820730659322], [-84.3970182961679, 33.7821179592862], [-84.3970338235476, 33.7821205673067], [-84.3970255473688, 33.7821549225361], [-84.3969844054271, 33.7821480116206], [-84.3969767957984, 33.7821795960527], [-84.3970179386384, 33.7821865069656], [-84.3970096885108, 33.7822207509191], [-84.3969945051859, 33.7822180712242], [-84.3969912038772, 33.7822447427337], [-84.3969866467238, 33.7822641001427], [-84.3969976501877, 33.7822659495717], [-84.3969895294175, 33.7822996320199], [-84.3969614570649, 33.7822947922967], [-84.3969547601245, 33.7823225747829], [-84.3969334961034, 33.7823190013628], [-84.3969251570426, 33.7823535991706], [-84.3968839881514, 33.7823466800581], [-84.3968874825979, 33.7823337086807], [-84.3968553229107, 33.7823312835937], [-84.3968274859167, 33.7823323542756], [-84.3968064213216, 33.7823288144547], [-84.3967981352614, 33.7823631897599], [-84.3967570678799, 33.7823562863276], [-84.396760199407, 33.782343295539]]], [[[-84.3954385036378, 33.7828116055417], [-84.3953147517243, 33.7828115883691], [-84.3953147499277, 33.7828249471781], [-84.395272710569, 33.782824941205], [-84.3952725039565, 33.782789544687], [-84.395236129374, 33.7827895387139], [-84.3952361239841, 33.7828183133187], [-84.3951937333842, 33.7828183065989], [-84.3951937369774, 33.7828001513991], [-84.3951512107319, 33.782800145426], [-84.3951512179184, 33.7827648623864], [-84.3951673534576, 33.782764865373], [-84.3951638087054, 33.7827148519232], [-84.3951454857686, 33.7827148496833], [-84.3951454947517, 33.7826679205626], [-84.3950860128052, 33.7826649422268], [-84.3950860101103, 33.7826784160408], [-84.3950437569525, 33.7826784100677], [-84.3950437641391, 33.7826428985069], [-84.3950220222142, 33.7826428955204], [-84.3950216098875, 33.7826084747826], [-84.3951275194629, 33.7826077244117], [-84.3951272032559, 33.7825582715954], [-84.395174910984, 33.7825580588035], [-84.3951700537933, 33.7818827547937], [-84.3951707859203, 33.7818474430036], [-84.3951143142282, 33.7818467008392], [-84.3951143950766, 33.781818896546], [-84.395107708916, 33.7818190891803], [-84.3951075328461, 33.7817547201798], [-84.3949165510167, 33.7817542438202], [-84.3948976711244, 33.7817541960349], [-84.3948665714493, 33.7817541183838], [-84.3948499355485, 33.7817540773183], [-84.3948186607019, 33.7817539989206], [-84.394806714007, 33.7817539690548], [-84.3948074003198, 33.7817790667813], [-84.3947703106784, 33.781780951313], [-84.3947450958667, 33.781780196455], [-84.3947449763907, 33.781751102684], [-84.3947519724702, 33.7817510825246], [-84.3947519212662, 33.781738712853], [-84.3947438283438, 33.781738735999], [-84.3947436594605, 33.7816975025032], [-84.394793587824, 33.7816973591473], [-84.3947938797765, 33.7816790013688], [-84.3948183525798, 33.7816789849426], [-84.3948187469402, 33.7816789849426], [-84.3948281298433, 33.7816789797161], [-84.3948280678596, 33.7816761850208], [-84.3948497495973, 33.7816761133428], [-84.3948659965275, 33.7816760775038], [-84.3948877357574, 33.7816760155322], [-84.3948877465372, 33.7816788781723], [-84.394897362104, 33.7816789013183], [-84.3949162401996, 33.7816788094808], [-84.3949223137093, 33.7816787796151], [-84.3949222229794, 33.781697039583], [-84.3950164841005, 33.7816967222586], [-84.3950164095404, 33.7816785115692], [-84.3950509758142, 33.7816784122653], [-84.3950509641361, 33.7816755481319], [-84.3951106311356, 33.7816753778967], [-84.3951106428137, 33.7816782412834], [-84.3951452099858, 33.7816781427261], [-84.3951452836477, 33.7816963541623], [-84.3951967211808, 33.781696207073], [-84.3951967966393, 33.781714419252], [-84.3952009118216, 33.7817144073056], [-84.3952421983921, 33.7817142893356], [-84.3952421229336, 33.7816960764101], [-84.3952766901057, 33.7816959785995], [-84.3952766784276, 33.7816931144667], [-84.3952964171093, 33.7816930584683], [-84.3953001325414, 33.7816930480152], [-84.3953363454271, 33.7816929442315], [-84.3953363571052, 33.7816958076176], [-84.3953709224807, 33.7816957083137], [-84.3953709979392, 33.7817139204927], [-84.3954652321108, 33.7817136502071], [-84.3954651566523, 33.7816954387747], [-84.3954997220278, 33.7816953394708], [-84.395499711248, 33.7816924768313], [-84.3955593782475, 33.7816923058494], [-84.3955593908239, 33.7816951692356], [-84.3955939561994, 33.7816950699317], [-84.3955940316579, 33.7817132813642], [-84.395688127489, 33.7817130125718], [-84.3956880529288, 33.7816948011393], [-84.3957226183043, 33.7816947018354], [-84.3957226066263, 33.7816918377026], [-84.395782274524, 33.7816916667207], [-84.3957822871004, 33.7816945301069], [-84.395816852476, 33.7816944322963], [-84.3958169270361, 33.7817126437289], [-84.3958638244839, 33.7817127646855], [-84.3958675426108, 33.7817124981331], [-84.3958674060669, 33.7817461733324], [-84.3959540961868, 33.7817459246996], [-84.3959541734419, 33.7817650530014], [-84.3959554086254, 33.7817650500148], [-84.3959554247951, 33.781768829532], [-84.3959904959221, 33.7817687399345], [-84.3959899093222, 33.7818262121693], [-84.3959736300526, 33.7818263906173], [-84.3959737899527, 33.7818653333467], [-84.3959956001495, 33.7818652713753], [-84.3959957178288, 33.7818941343945], [-84.3959991475966, 33.7818941254348], [-84.3959993524124, 33.7819439497165], [-84.3959959226447, 33.7819439594228], [-84.3959960421206, 33.7819728231622], [-84.3959742319238, 33.7819728858803], [-84.3959745562157, 33.7820515730822], [-84.3959963655141, 33.7820515111109], [-84.3959964840917, 33.7820803748141], [-84.3959999129612, 33.782080364361], [-84.3960000153691, 33.7821052200799], [-84.3960001177771, 33.782130189281], [-84.3959966880093, 33.7821301989873], [-84.3959968074852, 33.782159062664], [-84.3959749981868, 33.7821591246352], [-84.395975320682, 33.7822378131594], [-84.3959971308787, 33.7822377511882], [-84.3959972494564, 33.7822666148286], [-84.3960006792241, 33.7822666043756], [-84.3960007897169, 33.7822935215146], [-84.3959874209888, 33.7822933609869], [-84.3959623606874, 33.7822937051882], [-84.395962843981, 33.7823190708003], [-84.395903366526, 33.7823188841403], [-84.3958482252389, 33.7823190431746], [-84.3958481219327, 33.7822939590459], [-84.395838931269, 33.7822939851783], [-84.3958388207762, 33.7822670680395], [-84.3958419819477, 33.7822670598265], [-84.3958421310681, 33.7822381946929], [-84.3958657244207, 33.7822381274953], [-84.3958654028238, 33.7821598974093], [-84.3958424939874, 33.7821595054224], [-84.395842467038, 33.7821529872408], [-84.3958423754098, 33.7821306409993], [-84.3958382602275, 33.7821306529456], [-84.3958380248689, 33.7820811483355], [-84.3958411456162, 33.782081143109], [-84.3958411617859, 33.7820524040954], [-84.3958627788449, 33.7820523428707], [-84.3958628516084, 33.7819732046969], [-84.3958410423099, 33.7819732666683], [-84.3958409246306, 33.7819444036757], [-84.3958374948629, 33.7819444133821], [-84.395837290047, 33.7818945891007], [-84.3958407198147, 33.7818945793943], [-84.3958406003388, 33.7818657148819], [-84.3958624096373, 33.7818656529105], [-84.3958621634989, 33.7818055204071], [-84.3958173097184, 33.7818056488301], [-84.3957849380289, 33.781805741414], [-84.3957850116907, 33.7818238385863], [-84.3957828180048, 33.7818238453061], [-84.3957828305812, 33.7818268229245], [-84.3957792633712, 33.7818268333776], [-84.3957231617851, 33.7818269931595], [-84.3957231510053, 33.7818241297777], [-84.3956885838332, 33.7818242290814], [-84.3956885101713, 33.7818060176725], [-84.3955944134419, 33.7818062872113], [-84.3955944889004, 33.7818244986201], [-84.3955599217283, 33.7818245979238], [-84.3955599334064, 33.7818274613056], [-84.3955002664069, 33.7818276322871], [-84.3955002547288, 33.7818247689054], [-84.395465688455, 33.7818248674625], [-84.3954656129965, 33.7818066560537], [-84.3953713797232, 33.7818069263391], [-84.3953714551817, 33.7818251377479], [-84.3953368880095, 33.7818252355583], [-84.3953368996876, 33.7818280996866], [-84.3953006885985, 33.7818282034702], [-84.3952772326882, 33.7818282706682], [-84.3952772210101, 33.7818254065399], [-84.3952426547362, 33.7818255058436], [-84.3952425792778, 33.7818072944349], [-84.3952012927073, 33.7818074124048], [-84.3951974515111, 33.7818074228578], [-84.3951975099016, 33.7818215112952], [-84.3951925718625, 33.7818215262282], [-84.3951926877452, 33.7818497023494], [-84.3951935132969, 33.7818503870222], [-84.3951936453493, 33.7818826868491], [-84.395236029661, 33.7818825658927], [-84.3952362039342, 33.7819248304143], [-84.3952580132326, 33.7819247684429], [-84.3952581318103, 33.7819536314421], [-84.3952584471189, 33.7820303721642], [-84.3952744955215, 33.782030326619], [-84.3952746401502, 33.7820657197176], [-84.3952321183963, 33.7820658406737], [-84.3952322522453, 33.7820984846213], [-84.3952747748975, 33.7820983629186], [-84.3952749195263, 33.7821337544959], [-84.3952588711238, 33.7821338007877], [-84.3952589807182, 33.7821607172218], [-84.3952625479282, 33.7821607075154], [-84.3952592969252, 33.782237572741], [-84.3952753453277, 33.7822375271959], [-84.3952754908548, 33.7822729202089], [-84.3952331828999, 33.7822730590841], [-84.3952331029498, 33.7823056850333], [-84.3952756247038, 33.782305563331], [-84.3952757549595, 33.782337353031], [-84.39525972093, 33.7823410011143], [-84.3952634893626, 33.7823901277745], [-84.3952701755233, 33.7824486389139], [-84.395206466105, 33.7824487949614], [-84.3952063969347, 33.7824828080986], [-84.3952660055437, 33.7824827334348], [-84.3952624374354, 33.7825363995749], [-84.395278437329, 33.7825364010682], [-84.3952784292441, 33.7825717984375], [-84.3952360395425, 33.7825717917178], [-84.3952360350509, 33.7825898319837], [-84.3952070464167, 33.7825898282506], [-84.3952070419251, 33.7826062707081], [-84.395249432525, 33.7826062766812], [-84.3952494253385, 33.782641559786], [-84.3952334272416, 33.7826415575461], [-84.3952369710954, 33.7826923691937], [-84.3952551574884, 33.7826923721802], [-84.3952551547934, 33.7827067591268], [-84.3952725210245, 33.7827067613667], [-84.395272528211, 33.7826713647998], [-84.395314782267, 33.7826713715196], [-84.3953147786738, 33.7826847303505], [-84.3954385305873, 33.7826847490164], [-84.3954385341806, 33.7826713894388], [-84.3954807873383, 33.782671395412], [-84.3954807801517, 33.7827067919788], [-84.3956007025472, 33.7827111486047], [-84.3955972727795, 33.7827649288371], [-84.3956132708764, 33.7827649303303], [-84.3956132636899, 33.7828002126233], [-84.3955708739882, 33.7828002066502], [-84.395570870395, 33.7828183625966], [-84.3955283423528, 33.7828183558769], [-84.3955283459461, 33.7828057959673], [-84.3954988093395, 33.7828057922341], [-84.3954988120344, 33.782789577539], [-84.3954807621855, 33.7827895745524], [-84.3954807549989, 33.7828249718171], [-84.3954385018412, 33.782824965844], [-84.3954385036378, 33.7828116055417]]], [[[-84.3958084541264, 33.7828172180038], [-84.395812752565, 33.7827994159626], [-84.3957711884151, 33.7827924184894], [-84.3957795409506, 33.7827578223521], [-84.3957952291288, 33.7827604639516], [-84.3958255885921, 33.7826347317866], [-84.395809900414, 33.7826320916765], [-84.3958182807973, 33.7825973827321], [-84.3958598458455, 33.782604380968], [-84.3958643877275, 33.7825855724146], [-84.3957781296973, 33.7825681869493], [-84.3957749909837, 33.7825811485849], [-84.3957338535336, 33.7825743138609], [-84.3957422339169, 33.7825396063865], [-84.3957040213813, 33.7825331733506], [-84.395695640998, 33.7825678808277], [-84.3956540759498, 33.7825608825889], [-84.3956572389179, 33.7825477835688], [-84.3955699469269, 33.7825359993767], [-84.395568730608, 33.7825410376921], [-84.3954969974376, 33.7825289608169], [-84.3955130557216, 33.7824769036788], [-84.3954973675435, 33.7824742620706], [-84.3955057488251, 33.7824395545555], [-84.395547312975, 33.7824465528043], [-84.395551638363, 33.7824286386901], [-84.3955851589979, 33.7824342825361], [-84.3955908632999, 33.7824106581213], [-84.3956314896086, 33.7824174988315], [-84.3956292177693, 33.7824269035004], [-84.3956835164367, 33.7824389579908], [-84.3956866785065, 33.7824258582054], [-84.3957282426563, 33.7824328564552], [-84.3957198631714, 33.782467563973], [-84.3957580757069, 33.7824739977604], [-84.3957664569885, 33.7824392902453], [-84.3958078872894, 33.7824462660948], [-84.395804723423, 33.7824593643838], [-84.3958603731565, 33.782465820571], [-84.3958638065176, 33.7824516015778], [-84.3959044328263, 33.782458441538], [-84.3958974466283, 33.7824867018199], [-84.3959310858407, 33.7824925233622], [-84.3959267604527, 33.7825104374629], [-84.395968402756, 33.7825171908084], [-84.3959596792162, 33.7825519513033], [-84.3959442578378, 33.7825495015834], [-84.3959384178901, 33.7826176091478], [-84.39597998204, 33.7826246073819], [-84.3959716016567, 33.782659314822], [-84.3959557975959, 33.782656519412], [-84.3959481825772, 33.7827031424178], [-84.3959652101434, 33.7827060087568], [-84.395957020203, 33.7827399329421], [-84.3959399917385, 33.7827370658576], [-84.3959255558119, 33.782782405352], [-84.3959412430917, 33.7827850469509], [-84.3959328896578, 33.7828196423305], [-84.3958913246096, 33.7828126441123], [-84.395887026171, 33.7828304468973], [-84.3958084541264, 33.7828172180038]]], [[[-84.3963778440827, 33.7829977259979], [-84.396347418144, 33.7829724083714], [-84.3963588213582, 33.7829628663815], [-84.3963334556296, 33.7829459267337], [-84.3963166059298, 33.7829318870125], [-84.3963084887529, 33.7829386791498], [-84.396279147979, 33.7829142298424], [-84.396287265156, 33.7829074384498], [-84.3962499787835, 33.7828723353936], [-84.3962386725873, 33.7828817952636], [-84.3962086544838, 33.7828567822301], [-84.3962383887197, 33.7828319476352], [-84.3962110125614, 33.7828087197938], [-84.3961810564416, 33.7828337858524], [-84.3961511344578, 33.7828088534416], [-84.396162440654, 33.7827993928169], [-84.3961202925992, 33.782768540317], [-84.3961122068633, 33.7827751241557], [-84.3960828660895, 33.7827506762948], [-84.3961032542532, 33.7827336149033], [-84.3960790455546, 33.782713442273], [-84.3960945064589, 33.7827005052963], [-84.3960642574884, 33.7826756654297], [-84.3960944444752, 33.7826504261049], [-84.3961054892616, 33.7826596814208], [-84.3961814840397, 33.7825836042771], [-84.3961630200673, 33.7825684609655], [-84.3962042751968, 33.7825298956082], [-84.3961961418502, 33.7825231176246], [-84.3962253236222, 33.7824986988107], [-84.3962334345109, 33.7825052990962], [-84.3962754972257, 33.7824743419609], [-84.39626416947, 33.7824650963313], [-84.3962940258768, 33.7824399159289], [-84.3963240439803, 33.7824649298307], [-84.3963394087649, 33.782452072707], [-84.3963961975623, 33.7824993177742], [-84.3963813133763, 33.7825120307896], [-84.3964110880364, 33.7825369722465], [-84.3963809935761, 33.7825622138447], [-84.396370083537, 33.7825529555317], [-84.3963469079009, 33.7825717752917], [-84.3963493773696, 33.7825738330261], [-84.39628623389, 33.7826265904513], [-84.3962838129303, 33.7826245730365], [-84.3962573979694, 33.78264690123], [-84.3962384533984, 33.7826313174134], [-84.3962015416233, 33.7826622050547], [-84.3962676908659, 33.7827113203311], [-84.3962977772414, 33.7827363961246], [-84.3962676818828, 33.7827613793279], [-84.3962957156078, 33.7827847393367], [-84.3963256941855, 33.7827596531045], [-84.3963557338486, 33.7827845773167], [-84.3963444213642, 33.7827944448597], [-84.3963923994852, 33.7828310867642], [-84.3963810052542, 33.7828406198091], [-84.3963981936188, 33.7828549425201], [-84.3964095869516, 33.7828454079836], [-84.3964533690419, 33.7828844756844], [-84.3964643769974, 33.7828750807719], [-84.3964943798296, 33.7829002110218], [-84.3964644003536, 33.7829252972128], [-84.396479773223, 33.7829381064809], [-84.3964231964281, 33.7829854490891], [-84.3964078235587, 33.7829726405747], [-84.3963778440827, 33.7829977259979]]], [[[-84.3965141014433, 33.7830919803146], [-84.3965140241882, 33.7830566600635], [-84.3964922068049, 33.78305643682], [-84.396492184347, 33.7829899266555], [-84.3965138481184, 33.782986984916], [-84.3965134995721, 33.782954241258], [-84.3965559296979, 33.7829543577331], [-84.3965559665288, 33.7829678636068], [-84.3965880813002, 33.7829677784905], [-84.3965880534524, 33.7829649420257], [-84.3966771546505, 33.7829648076315], [-84.3967088930278, 33.782967456691], [-84.3967091957601, 33.7829542756033], [-84.3967512090676, 33.78295411657], [-84.3967514363414, 33.7829895324326], [-84.3967744960947, 33.7829894965941], [-84.3967773365676, 33.782915889612], [-84.3967614498618, 33.7829157656706], [-84.3967617049834, 33.7828807066693], [-84.3968040048535, 33.7828806424587], [-84.3968036257644, 33.7828481249906], [-84.3967615145405, 33.782848404979], [-84.3967615576597, 33.7828129136478], [-84.3967775225189, 33.7828128897555], [-84.3967772440412, 33.7826849386622], [-84.3967612791819, 33.7826849618079], [-84.3967612019268, 33.7826497563712], [-84.3968035008986, 33.7826496921604], [-84.3968034586778, 33.7826304363811], [-84.3967156851897, 33.7826278627216], [-84.3967157211223, 33.7826413253419], [-84.3966731625374, 33.782641432111], [-84.3966435980831, 33.7826663757702], [-84.396632021494, 33.7826567523628], [-84.3965239200294, 33.7827472873118], [-84.3965352271238, 33.782756699411], [-84.3965054713284, 33.7827816370634], [-84.3964756355828, 33.7827567076239], [-84.3964604145286, 33.7827696737109], [-84.3964035511712, 33.7827224138601], [-84.3964188647518, 33.7827095814141], [-84.3963888987506, 33.7826846497137], [-84.3964186563427, 33.7826597142729], [-84.3964299751153, 33.7826691271283], [-84.3964670674517, 33.7826340000819], [-84.3964589188337, 33.782627262425], [-84.3964880997074, 33.7826028070556], [-84.3964962195792, 33.782609561887], [-84.3965382059373, 33.7825787630767], [-84.3965268709951, 33.7825691389128], [-84.3965565728916, 33.7825441317611], [-84.3965870284747, 33.7825688268181], [-84.3966019144573, 33.7825563407891], [-84.3966284875217, 33.782578391251], [-84.3966515230205, 33.7825703133745], [-84.3966514385789, 33.7825389680107], [-84.3966730951637, 33.7825387260999], [-84.3966728741782, 33.7825037080093], [-84.39671517315, 33.7825036437984], [-84.3967152018961, 33.7825169750299], [-84.3967746874359, 33.782513922025], [-84.3967743065502, 33.7825029718236], [-84.3968375946586, 33.7825028538548], [-84.3968373485202, 33.7825284105444], [-84.3968467628644, 33.7825283956116], [-84.396847095241, 33.7825464403666], [-84.3968889657164, 33.7825465620686], [-84.3968890429715, 33.78258188253], [-84.3968730781123, 33.7825819064225], [-84.3968767378488, 33.7826086987739], [-84.3968765869318, 33.78262645083], [-84.3968834662302, 33.7826494517432], [-84.3969258173043, 33.7826493725996], [-84.3969261532742, 33.7826849379156], [-84.3969098713097, 33.782684850559], [-84.3969098605299, 33.7827112904657], [-84.396913524758, 33.7827313772333], [-84.3969307122243, 33.782731419045], [-84.3969307876828, 33.7827659420226], [-84.396913459181, 33.7827659681548], [-84.396913188788, 33.7827860325106], [-84.3969100608542, 33.7827860384837], [-84.3969101497874, 33.7828126881638], [-84.3969261137484, 33.7828126635248], [-84.3969261910035, 33.7828479838765], [-84.39688389293, 33.7828480480871], [-84.3968839638969, 33.7828805200104], [-84.3969261945967, 33.7828802474886], [-84.3969265305666, 33.7829158127087], [-84.3969104085022, 33.7829158425741], [-84.3969104794692, 33.7829423652859], [-84.3969138490498, 33.7829425601576], [-84.3969138876773, 33.7829623960017], [-84.39692545169, 33.7829622309955], [-84.3969253043663, 33.7829971936476], [-84.3968964280215, 33.7829972474053], [-84.3968967451268, 33.7830257792842], [-84.3968748639631, 33.783025463458], [-84.3968749412182, 33.7830607837219], [-84.3968323493956, 33.783060862865], [-84.396832313463, 33.7830476004086], [-84.3968005490346, 33.7830474592948], [-84.3967736202373, 33.783056149366], [-84.3967515818684, 33.7830562994394], [-84.3967516582252, 33.7830916196906], [-84.3967093709315, 33.7830915771325], [-84.3967094670513, 33.7830783535057], [-84.3966776981313, 33.7830809741896], [-84.3966535289586, 33.7830812870291], [-84.3966535496198, 33.7830908581244], [-84.3966122055572, 33.783090920095], [-84.3966121857942, 33.7830813497463], [-84.3965562351251, 33.7830785864554], [-84.3965562980071, 33.7830919661286], [-84.3965141014433, 33.7830919803146]]]]}, "properties": {"OBJECTID": 171, "BUILDINGID": "180", "FACILITYKEY": "180", "SHORTNAME": "Family Apts", "LONGNAME": "Family Apartments", "FLOORCOUNT": 5, "BLGHEIGHT": null, "BLDGAREA": 394386, "BLDGTYPE": null, "OPERHOURS": null, "OPERDATE": null, "ACCESSTYPE": "Student", "CONDITION": null, "OWNEDBY": null, "MAINTBY": 7, "LASTUPDATE": null, "LASTEDITOR": null, "created_user": "wsims6_GTFacilities", "created_date": 1628109909166, "last_edited_user": "dsimsGT", "last_edited_date": 1720209063572, "cust_shift1": null, "cust_shift2": null, "cust_shift3": null, "Shape__Area": 10955.546875, "Shape__Length": 2283.270092112307, "GlobalID": "153b3961-d91b-4e01-b974-5618faa37141", "cust_zone": null}}, {"type": "Feature", "id": 173, "geometry": {"type": "Polygon", "coordinates": [[[-84.402050726327, 33.7780460143621], [-84.4020570255702, 33.7780527521081], [-84.4022361185414, 33.7782443097016], [-84.4021671543655, 33.7782895671663], [-84.4021934951559, 33.7783177971864], [-84.402235202772, 33.7782907978806], [-84.4023455624048, 33.7784101452138], [-84.4024295397083, 33.778497472922], [-84.4023909923704, 33.778521682859], [-84.4024028125502, 33.7785339984746], [-84.4023094177897, 33.7785953403519], [-84.4022057356939, 33.7784845026524], [-84.4022287931998, 33.7784689971274], [-84.4021875699944, 33.7784244774366], [-84.4022108249725, 33.778408932767], [-84.4020628260201, 33.7782521339983], [-84.4021054613847, 33.7782244350884], [-84.4020784556101, 33.7781966273886], [-84.402117428608, 33.7781709488478], [-84.4020212570345, 33.7780680834809], [-84.4020486531638, 33.7780475664516], [-84.402050726327, 33.7780460143621]]]}, "properties": {"OBJECTID": 173, "BUILDINGID": "201", "FACILITYKEY": "201", "SHORTNAME": "Challenge Course", "LONGNAME": "Challenge Course Pavilion", "FLOORCOUNT": 1, "BLGHEIGHT": null, "BLDGAREA": 3885, "BLDGTYPE": null, "OPERHOURS": null, "OPERDATE": null, "ACCESSTYPE": "Public", "CONDITION": null, "OWNEDBY": null, "MAINTBY": 1, "LASTUPDATE": null, "LASTEDITOR": null, "created_user": "wsims6_GTFacilities", "created_date": 1628109909166, "last_edited_user": "dsimsGT", "last_edited_date": 1713903011014, "cust_shift1": 7, "cust_shift2": null, "cust_shift3": null, "Shape__Area": 908.94140625, "Shape__Length": 207.80602870184342, "GlobalID": "c0cb505b-0119-4caa-8541-168cb7a9cf80", "cust_zone": 7}}, {"type": "Feature", "id": 174, "geometry": {"type": "Polygon", "coordinates": [[[-84.3953151505174, 33.7783815411451], [-84.3953236114904, 33.7783978489644], [-84.3953231107215, 33.7784251618133], [-84.3953144808816, 33.778895938068], [-84.395306808875, 33.7793143563308], [-84.3951592161761, 33.7793125198327], [-84.3951459499273, 33.7793123550485], [-84.3945624854994, 33.7793050945565], [-84.3945778861975, 33.7783646447055], [-84.395233132638, 33.7783726504195], [-84.3953240538851, 33.7783737614305], [-84.3953239085738, 33.7783816529524], [-84.3953151505174, 33.7783815411451]]]}, "properties": {"OBJECTID": 174, "BUILDINGID": "200", "FACILITYKEY": "200", "SHORTNAME": "FB Practice Fac", "LONGNAME": "Brock, Mary R. & John F. Football Practice Facility", "FLOORCOUNT": 3, "BLGHEIGHT": null, "BLDGAREA": 82144, "BLDGTYPE": null, "OPERHOURS": null, "OPERDATE": null, "ACCESSTYPE": "Private", "CONDITION": null, "OWNEDBY": null, "MAINTBY": 6, "LASTUPDATE": null, "LASTEDITOR": null, "created_user": "wsims6_GTFacilities", "created_date": 1628109909166, "last_edited_user": "dsimsGT", "last_edited_date": 1713903011512, "cust_shift1": null, "cust_shift2": null, "cust_shift3": null, "Shape__Area": 10451.05078125, "Shape__Length": 419.0737950325803, "GlobalID": "d40b30b6-ea01-4935-8066-9c58afb0a0f7", "cust_zone": null}}, {"type": "Feature", "id": 175, "geometry": {"type": "Polygon", "coordinates": [[[-84.40020337971, 33.7812936203986], [-84.4002037466848, 33.7812326960604], [-84.4001961039552, 33.7812326636381], [-84.4001544676958, 33.7812588650524], [-84.4001389134058, 33.7812289677894], [-84.4001197902229, 33.7811922121065], [-84.4001068019206, 33.781167246523], [-84.4001120027723, 33.7811655010066], [-84.4001093306442, 33.7811584515454], [-84.4000741849742, 33.7811667627217], [-84.4000643995814, 33.7811351350889], [-84.4000998632596, 33.7811266348688], [-84.400097674477, 33.781119837857], [-84.4000918915706, 33.7811211634029], [-84.4000884037524, 33.7810944387579], [-84.4000832103173, 33.7810555297245], [-84.4000832633944, 33.7810317089104], [-84.4000835240675, 33.780988486882], [-84.4000837564003, 33.7809646711385], [-84.400084820678, 33.7809573675567], [-84.4000863503065, 33.7809468685457], [-84.4000932405107, 33.7808995720394], [-84.4000989940087, 33.7809009442885], [-84.4001015823014, 33.7808938109406], [-84.400065515702, 33.7808854054461], [-84.4000764435841, 33.7808533878924], [-84.4001124606292, 33.7808618403634], [-84.4001144718463, 33.7808545313833], [-84.400108695664, 33.7808531546696], [-84.4001574632094, 33.7807619415677], [-84.4001987813321, 33.7807884909364], [-84.4002069747112, 33.7807885259231], [-84.400207375752, 33.7807218534909], [-84.400547670609, 33.7807232837087], [-84.4005472687496, 33.7807899552412], [-84.4005551738272, 33.7807899889479], [-84.4005950521647, 33.7807650855003], [-84.4006079104436, 33.7807815153516], [-84.4006054072848, 33.7807826128979], [-84.4006254143422, 33.7808219383401], [-84.4006358825087, 33.7808425167071], [-84.400638462744, 33.7808415704914], [-84.4006441039832, 33.7808564559694], [-84.4006390947912, 33.7808575952355], [-84.4006420849097, 33.7808664185314], [-84.4006764845869, 33.7808590138655], [-84.4006857071622, 33.7808888879055], [-84.4006516400536, 33.7808962964516], [-84.4006534207178, 33.7809022980699], [-84.4006597061698, 33.7809019417211], [-84.4006686607008, 33.7809773811959], [-84.4006682343786, 33.781048125529], [-84.4006633354309, 33.7810862349761], [-84.4006583736861, 33.7811230921488], [-84.4006524839094, 33.7811220420737], [-84.4006499839145, 33.7811290715755], [-84.4006860712843, 33.7811383063778], [-84.4006750655271, 33.7811690140325], [-84.4006401634381, 33.7811608607641], [-84.4006373990627, 33.7811687455319], [-84.4006423884377, 33.7811702391238], [-84.4006131438983, 33.7812250608397], [-84.4005941354821, 33.7812607797053], [-84.4005527898301, 33.7812341619985], [-84.4005451438634, 33.7812341305057], [-84.4005447771304, 33.7812950548439], [-84.40020337971, 33.7812936203986]]]}, "properties": {"OBJECTID": 175, "BUILDINGID": "790", "FACILITYKEY": "790", "SHORTNAME": "CRB", "LONGNAME": "Centennial Research Building", "FLOORCOUNT": 7, "BLGHEIGHT": null, "BLDGAREA": 198622, "BLDGTYPE": null, "OPERHOURS": null, "OPERDATE": null, "ACCESSTYPE": "Secure", "CONDITION": null, "OWNEDBY": null, "MAINTBY": 2, "LASTUPDATE": null, "LASTEDITOR": null, "created_user": "wsims6_GTFacilities", "created_date": 1628109909166, "last_edited_user": "dsimsGT", "last_edited_date": 1713903012002, "cust_shift1": 3, "cust_shift2": null, "cust_shift3": null, "Shape__Area": 4390.58984375, "Shape__Length": 313.2578322880014, "GlobalID": "88983c69-b29f-48c8-96c6-331466422daf", "cust_zone": 3}}, {"type": "Feature", "id": 176, "geometry": {"type": "Polygon", "coordinates": [[[-84.400476762955, 33.7825943650192], [-84.4000506208242, 33.7825906535426], [-84.40004982725, 33.782298083836], [-84.4001851127886, 33.7823000865343], [-84.4001934747797, 33.7823904404502], [-84.4001650656847, 33.7823904942096], [-84.4001666730906, 33.78248424931], [-84.4003208880627, 33.7824828285371], [-84.4003162259377, 33.7822603018698], [-84.4004799163261, 33.7822611215925], [-84.400476762955, 33.7825943650192]]]}, "properties": {"OBJECTID": 176, "BUILDINGID": "791", "FACILITYKEY": "791", "SHORTNAME": "Landon Learning Center", "LONGNAME": "Landon, R. Kirk Learning Center", "FLOORCOUNT": 1, "BLGHEIGHT": null, "BLDGAREA": 11743, "BLDGTYPE": null, "OPERHOURS": null, "OPERDATE": null, "ACCESSTYPE": "Public", "CONDITION": null, "OWNEDBY": null, "MAINTBY": 5, "LASTUPDATE": null, "LASTEDITOR": null, "created_user": "wsims6_GTFacilities", "created_date": 1628109909166, "last_edited_user": "dsimsGT", "last_edited_date": 1713903012478, "cust_shift1": 3, "cust_shift2": null, "cust_shift3": null, "Shape__Area": 1576.26953125, "Shape__Length": 239.3782440735833, "GlobalID": "a44a4628-4954-4304-9335-0d4cbecfdf9b", "cust_zone": 3}}, {"type": "Feature", "id": 177, "geometry": {"type": "MultiPolygon", "coordinates": [[[[-84.3932559068673, 33.7791181285212], [-84.3932834664708, 33.7790087003988], [-84.3932970909777, 33.7790112613145], [-84.3933154753666, 33.7790147782537], [-84.3932891754779, 33.7791142182816], [-84.3932869292945, 33.7791227114535], [-84.3932631418325, 33.7791191972182], [-84.3932559068673, 33.7791181285212]]], [[[-84.3929404938771, 33.7792141073764], [-84.3929472816956, 33.7791888450875], [-84.393095447426, 33.7792160989268], [-84.3930887430194, 33.7792414485308], [-84.3929404938771, 33.7792141073764]]], [[[-84.3927998381153, 33.7791968154595], [-84.3928004014272, 33.7794111775106], [-84.3926314599952, 33.7794114869722], [-84.3926308965028, 33.7791968959003], [-84.3927998381153, 33.7791968154595]]], [[[-84.3932536901385, 33.7794031211163], [-84.3932237303845, 33.779363791094], [-84.39320858189, 33.7793721501616], [-84.3932252147266, 33.7793940198339], [-84.3931956224685, 33.7794097908417], [-84.3931779172678, 33.7793866238542], [-84.3930386600573, 33.779360941582], [-84.3930662511438, 33.7792629355722], [-84.3930793067593, 33.7792651251735], [-84.3930783392103, 33.7792687831446], [-84.3930915736587, 33.7792712284855], [-84.3931050910138, 33.7792178728131], [-84.3931767281802, 33.7792310497169], [-84.3932341634098, 33.7792003404336], [-84.393252004633, 33.7791328812915], [-84.3933014135103, 33.7791413418225], [-84.393311300169, 33.7791431657388], [-84.3933144359076, 33.779130104069], [-84.3933888062866, 33.7791442568268], [-84.3933892574483, 33.779142551877], [-84.3933999694365, 33.7791445275505], [-84.3933976024567, 33.7791534780835], [-84.3933673245089, 33.7792679631745], [-84.3933921092284, 33.7793003933167], [-84.3933729177135, 33.7793102159992], [-84.3933727968819, 33.7793102540906], [-84.3933887091447, 33.7793311485764], [-84.3933920766328, 33.7793285934215], [-84.39339829626, 33.7793368898091], [-84.3933570860487, 33.7793588522002], [-84.3933729327888, 33.7793786449906], [-84.393371027543, 33.7793796601433], [-84.3933718565938, 33.7793808145372], [-84.3933682552806, 33.7793827335554], [-84.3933704634492, 33.7793856319142], [-84.393368614274, 33.7793866181111], [-84.3933664071828, 33.7793837188486], [-84.3933201583355, 33.7794083665843], [-84.3933223772863, 33.7794112595143], [-84.3933205270279, 33.7794122448108], [-84.3933183091568, 33.7794093518788], [-84.3933147078412, 33.7794112708955], [-84.3933137364638, 33.7794101925013], [-84.3933118991456, 33.7794111714624], [-84.3932965634984, 33.7793911063287], [-84.3932929115964, 33.7793930867498], [-84.3932917869376, 33.7793916146154], [-84.3932640287744, 33.7794064075863], [-84.3932651350132, 33.7794078554103], [-84.3932559075386, 33.7794128070909], [-84.3932499873801, 33.7794050610553], [-84.3932536901385, 33.7794031211163]]]]}, "properties": {"OBJECTID": 177, "BUILDINGID": "196", "FACILITYKEY": "196", "SHORTNAME": "Softball Stadium", "LONGNAME": "Mewborn, Shirley Clements Softball Stadium", "FLOORCOUNT": 2, "BLGHEIGHT": null, "BLDGAREA": 6425, "BLDGTYPE": null, "OPERHOURS": null, "OPERDATE": null, "ACCESSTYPE": "Public", "CONDITION": null, "OWNEDBY": null, "MAINTBY": 6, "LASTUPDATE": null, "LASTEDITOR": null, "created_user": "wsims6_GTFacilities", "created_date": 1628109909166, "last_edited_user": "dsimsGT", "last_edited_date": 1713903012947, "cust_shift1": null, "cust_shift2": null, "cust_shift3": null, "Shape__Area": 1614.1484375, "Shape__Length": 335.051894872229, "GlobalID": "ef159070-0fa9-4d51-ba41-fe8f202fce2c", "cust_zone": null}}, {"type": "Feature", "id": 178, "geometry": {"type": "Polygon", "coordinates": [[[-84.4022076231962, 33.7710939539308], [-84.4021779211849, 33.7710940106123], [-84.4019807851625, 33.771094386633], [-84.401638143715, 33.7710950394441], [-84.4016377958548, 33.7709676041808], [-84.4014953114788, 33.7709678753655], [-84.4014947603204, 33.7707658395768], [-84.4017428134468, 33.7707653673638], [-84.40174390496, 33.7707653652848], [-84.4020517829353, 33.7707647784884], [-84.402065881917, 33.7707647515983], [-84.4020663200612, 33.7709249707677], [-84.4022065511534, 33.7709247032242], [-84.4022076231962, 33.7710939539308]]]}, "properties": {"OBJECTID": 178, "BUILDINGID": "199", "FACILITYKEY": "199", "SHORTNAME": "CNES Lab", "LONGNAME": "Carbon-Neutral Energy Solutions Laboratory", "FLOORCOUNT": 2, "BLGHEIGHT": null, "BLDGAREA": 46888, "BLDGTYPE": null, "OPERHOURS": null, "OPERDATE": null, "ACCESSTYPE": "Faculty", "CONDITION": null, "OWNEDBY": null, "MAINTBY": 5, "LASTUPDATE": null, "LASTEDITOR": null, "created_user": "wsims6_GTFacilities", "created_date": 1628109909166, "last_edited_user": "dsimsGT", "last_edited_date": 1713903013506, "cust_shift1": 2, "cust_shift2": null, "cust_shift3": null, "Shape__Area": 2889.0234375, "Shape__Length": 246.68618208857936, "GlobalID": "f03a9458-695f-4fd5-a086-9995f5446375", "cust_zone": 2}}, {"type": "Feature", "id": 179, "geometry": {"type": "Polygon", "coordinates": [[[-84.3866218724758, 33.7785480989289], [-84.3866339144266, 33.778430933995], [-84.3865911240037, 33.7784282620257], [-84.3865614994611, 33.778426253641], [-84.3865474871265, 33.7784163162603], [-84.3865293574971, 33.7784050120966], [-84.3865235701101, 33.7783940294715], [-84.3865202597727, 33.7783864777256], [-84.3864799376469, 33.7783838013204], [-84.3864855495275, 33.7783260784109], [-84.3865242269906, 33.7783291012737], [-84.3865341237645, 33.7783184946455], [-84.3865389962367, 33.778313272615], [-84.386546393146, 33.7783101676726], [-84.3865748656873, 33.7782995468771], [-84.3865759842897, 33.7782991220092], [-84.386585037244, 33.7783001364644], [-84.3866459317576, 33.7783041502827], [-84.386657155279, 33.7781887044473], [-84.386864528506, 33.778203106359], [-84.3868607428264, 33.778241880525], [-84.386860465049, 33.7782447230264], [-84.3868565110266, 33.7782852241552], [-84.3868285320399, 33.7782832128983], [-84.38682451669, 33.7783216953373], [-84.3868607241345, 33.7783240354427], [-84.3868495070224, 33.7784418859868], [-84.3868141222864, 33.7784395444107], [-84.3868129283428, 33.7784772058206], [-84.3868384052312, 33.7784777933289], [-84.3868381184924, 33.7784927486329], [-84.3868317139616, 33.7785621529644], [-84.3867802284875, 33.7785587049232], [-84.3866732693831, 33.7785515408825], [-84.3866218724758, 33.7785480989289]]]}, "properties": {"OBJECTID": 179, "BUILDINGID": "198", "FACILITYKEY": "198", "SHORTNAME": "Acad of Medicine", "LONGNAME": "Academy of Medicine", "FLOORCOUNT": 2, "BLGHEIGHT": null, "BLDGAREA": 20030, "BLDGTYPE": null, "OPERHOURS": null, "OPERDATE": null, "ACCESSTYPE": "Public", "CONDITION": null, "OWNEDBY": null, "MAINTBY": 5, "LASTUPDATE": null, "LASTEDITOR": null, "created_user": "wsims6_GTFacilities", "created_date": 1628109909166, "last_edited_user": "dsimsGT", "last_edited_date": 1713903014028, "cust_shift1": null, "cust_shift2": null, "cust_shift3": null, "Shape__Area": 1343.42578125, "Shape__Length": 187.18702325193098, "GlobalID": "a6f2ea38-5c2d-49f5-9e7b-4576a567c099", "cust_zone": null}}, {"type": "Feature", "id": 180, "geometry": {"type": "Polygon", "coordinates": [[[-84.4057900726921, 33.7756136150415], [-84.4054914600921, 33.7753960846732], [-84.4059038955265, 33.7750012505909], [-84.4061019330274, 33.7751455148881], [-84.4062149495466, 33.7752278435731], [-84.4061907807572, 33.7752512162088], [-84.4061269097755, 33.7753124180312], [-84.4061268885222, 33.7753187494696], [-84.4061269184576, 33.7753236877569], [-84.4061251753856, 33.7753281876752], [-84.4061107319746, 33.7753428395853], [-84.4061067524964, 33.7753460508741], [-84.4061016430615, 33.7753478857299], [-84.4060961657283, 33.7753482687386], [-84.4060908027255, 33.7753466687935], [-84.4060011486154, 33.7754328169697], [-84.4059980596286, 33.7754355486527], [-84.4059843574788, 33.7754255750073], [-84.4059696216372, 33.7754399136932], [-84.405938256789, 33.7754699886832], [-84.4058240078188, 33.7755809933531], [-84.405817544891, 33.7755872732569], [-84.4058085751811, 33.7755959888704], [-84.4057900726921, 33.7756136150415]]]}, "properties": {"OBJECTID": 180, "BUILDINGID": "184", "FACILITYKEY": "184", "SHORTNAME": "831 Marietta St.", "LONGNAME": "831 Marietta Street N.W.", "FLOORCOUNT": 1, "BLGHEIGHT": null, "BLDGAREA": 23300, "BLDGTYPE": null, "OPERHOURS": null, "OPERDATE": null, "ACCESSTYPE": "Secure", "CONDITION": null, "OWNEDBY": null, "MAINTBY": 5, "LASTUPDATE": null, "LASTEDITOR": null, "created_user": "wsims6_GTFacilities", "created_date": 1628109909166, "last_edited_user": "dsimsGT", "last_edited_date": 1713903014515, "cust_shift1": 2, "cust_shift2": null, "cust_shift3": null, "Shape__Area": 3167.078125, "Shape__Length": 233.3905120140713, "GlobalID": "06b76dc8-181f-4f53-9cd7-e4fa23996c28", "cust_zone": 2}}, {"type": "Feature", "id": 181, "geometry": {"type": "Polygon", "coordinates": [[[-84.4037321171484, 33.7734864513436], [-84.403581011826, 33.7738848929231], [-84.4033792986128, 33.7738316894021], [-84.4033140738432, 33.7737479933272], [-84.4034375048182, 33.7734574733802], [-84.4036556836781, 33.7735151110758], [-84.4036728385561, 33.7734707628455], [-84.4037321171484, 33.7734864513436]]]}, "properties": {"OBJECTID": 181, "BUILDINGID": "186", "FACILITYKEY": "186", "SHORTNAME": "755 Marietta St.", "LONGNAME": "755 Marietta Street N.W.", "FLOORCOUNT": 1, "BLGHEIGHT": null, "BLDGAREA": 12349, "BLDGTYPE": null, "OPERHOURS": null, "OPERDATE": null, "ACCESSTYPE": "Employee", "CONDITION": null, "OWNEDBY": null, "MAINTBY": 5, "LASTUPDATE": null, "LASTEDITOR": null, "created_user": "wsims6_GTFacilities", "created_date": 1628109909166, "last_edited_user": "dsimsGT", "last_edited_date": 1713903015114, "cust_shift1": 2, "cust_shift2": null, "cust_shift3": null, "Shape__Area": 1653.76953125, "Shape__Length": 172.77027499665516, "GlobalID": "8dd7fe23-3384-4f6e-b5aa-3d1e06e1da4d", "cust_zone": 2}}, {"type": "Feature", "id": 182, "geometry": {"type": "Polygon", "coordinates": [[[-84.4046907135018, 33.7741294126365], [-84.4049915849101, 33.7743383848674], [-84.4047831982117, 33.774549714997], [-84.4047444629232, 33.7745253982463], [-84.4045054147338, 33.7743599345131], [-84.4044955677508, 33.7743692287806], [-84.4044700141424, 33.7743514144982], [-84.4046907135018, 33.7741294126365]]]}, "properties": {"OBJECTID": 182, "BUILDINGID": "187", "FACILITYKEY": "187", "SHORTNAME": "793 Marietta St.", "LONGNAME": "793 Marietta Street N.W.", "FLOORCOUNT": 2, "BLGHEIGHT": null, "BLDGAREA": 17622, "BLDGTYPE": null, "OPERHOURS": null, "OPERDATE": null, "ACCESSTYPE": "Private", "CONDITION": null, "OWNEDBY": null, "MAINTBY": 5, "LASTUPDATE": null, "LASTEDITOR": null, "created_user": "wsims6_GTFacilities", "created_date": 1628109909166, "last_edited_user": "dsimsGT", "last_edited_date": 1713903015684, "cust_shift1": 2, "cust_shift2": null, "cust_shift3": null, "Shape__Area": 1618.1171875, "Shape__Length": 164.21140756996977, "GlobalID": "f334ff15-d446-45f7-bf3b-429777146ee6", "cust_zone": 2}}, {"type": "Feature", "id": 183, "geometry": {"type": "Polygon", "coordinates": [[[-84.4069045714982, 33.7719487861016], [-84.4076098455072, 33.7723748564853], [-84.4075915059958, 33.7729587199968], [-84.4072630429868, 33.7729377346433], [-84.4072141160256, 33.7728239243355], [-84.4070915887656, 33.7727574399484], [-84.4070237867386, 33.7726178709703], [-84.4070461761789, 33.7725886354822], [-84.4065979129259, 33.7723492093957], [-84.4069045714982, 33.7719487861016]]]}, "properties": {"OBJECTID": 183, "BUILDINGID": "189", "FACILITYKEY": "189", "SHORTNAME": "Substation", "LONGNAME": "Substation Control House", "FLOORCOUNT": 1, "BLGHEIGHT": null, "BLDGAREA": 624, "BLDGTYPE": null, "OPERHOURS": null, "OPERDATE": null, "ACCESSTYPE": "Maintenance", "CONDITION": null, "OWNEDBY": null, "MAINTBY": 5, "LASTUPDATE": null, "LASTEDITOR": null, "created_user": "wsims6_GTFacilities", "created_date": 1628109909166, "last_edited_user": "dsimsGT", "last_edited_date": 1713903016190, "cust_shift1": null, "cust_shift2": null, "cust_shift3": null, "Shape__Area": 8156.89453125, "Shape__Length": 392.0967019943097, "GlobalID": "5ea6712e-e9cd-4a20-8f78-b2907ab22adf", "cust_zone": null}}, {"type": "Feature", "id": 186, "geometry": {"type": "Polygon", "coordinates": [[[-84.3917459679585, 33.7688541852364], [-84.3909331193478, 33.7688483380661], [-84.3909265021485, 33.7687985238512], [-84.3909586478496, 33.768798547489], [-84.3909589460741, 33.7685139672655], [-84.3917463217476, 33.7685133967795], [-84.3917511719681, 33.7685842317025], [-84.3918053417882, 33.7685842699541], [-84.3918127673644, 33.7688104784045], [-84.3917509401535, 33.768808148595], [-84.3917459679585, 33.7688541852364]]]}, "properties": {"OBJECTID": 186, "BUILDINGID": "190", "FACILITYKEY": "190", "SHORTNAME": "NAA South Pkg Dk", "LONGNAME": "North Avenue Apartments South Parking Deck", "FLOORCOUNT": 4, "BLGHEIGHT": null, "BLDGAREA": 116604, "BLDGTYPE": null, "OPERHOURS": null, "OPERDATE": null, "ACCESSTYPE": "Secure", "CONDITION": null, "OWNEDBY": null, "MAINTBY": 8, "LASTUPDATE": null, "LASTEDITOR": null, "created_user": "wsims6_GTFacilities", "created_date": 1628109909166, "last_edited_user": "dsimsGT", "last_edited_date": 1713903017022, "cust_shift1": null, "cust_shift2": null, "cust_shift3": null, "Shape__Area": 4200.06640625, "Shape__Length": 285.4517654821199, "GlobalID": "fb055b2d-57da-4a38-898c-5f752bc4ffcb", "cust_zone": null}}, {"type": "Feature", "id": 187, "geometry": {"type": "Polygon", "coordinates": [[[-84.398920490876, 33.7806933195315], [-84.3989209325321, 33.7809893622505], [-84.3988172853892, 33.780989796218], [-84.3988176190962, 33.7810226355187], [-84.3987744232922, 33.7810340135574], [-84.3986721456274, 33.7810337884255], [-84.3986720871844, 33.7810225251125], [-84.3986711425725, 33.7808419821158], [-84.3985470252786, 33.7808423939288], [-84.3985467900312, 33.7808821147985], [-84.3981832640648, 33.7808825692318], [-84.3981827344964, 33.7808450678586], [-84.3981096536215, 33.7808446946101], [-84.3981091572363, 33.7808512325103], [-84.398066647439, 33.7808515024789], [-84.398065943058, 33.7808445385464], [-84.3980403453491, 33.7808446812168], [-84.3980400791512, 33.7808516956585], [-84.3980023115508, 33.7808519098276], [-84.3979972837321, 33.7808521581904], [-84.3979968649778, 33.7808450016704], [-84.397971267528, 33.7808452408027], [-84.3979710567014, 33.7808519684155], [-84.3979283747092, 33.7808520484109], [-84.3979279568596, 33.7808452264013], [-84.3978703619939, 33.7808452387481], [-84.397870315495, 33.7807789061792], [-84.3978811124106, 33.7807782178266], [-84.3978805760784, 33.7807140393171], [-84.3978426503474, 33.7807140508621], [-84.3978420478856, 33.7805963089985], [-84.3978786019172, 33.7805961692846], [-84.3978779385795, 33.7805727276022], [-84.3980195941363, 33.7805723187484], [-84.3980201719874, 33.7805960788729], [-84.3980551400412, 33.7805960133104], [-84.398055685185, 33.780607606618], [-84.3981412195796, 33.7806070639052], [-84.3981414539555, 33.7806094970215], [-84.3988418378869, 33.7806082705409], [-84.3988415903377, 33.7805945596008], [-84.3988850834081, 33.7805941919402], [-84.3988855231717, 33.7806935287011], [-84.398920490876, 33.7806933195315]]]}, "properties": {"OBJECTID": 187, "BUILDINGID": "195", "FACILITYKEY": "195", "SHORTNAME": "EBB", "LONGNAME": "Engineered Biosystems Building", "FLOORCOUNT": null, "BLGHEIGHT": null, "BLDGAREA": 224925, "BLDGTYPE": null, "OPERHOURS": null, "OPERDATE": null, "ACCESSTYPE": null, "CONDITION": "Excellent", "OWNEDBY": null, "MAINTBY": 2, "LASTUPDATE": null, "LASTEDITOR": null, "created_user": "wsims6_GTFacilities", "created_date": 1628109909166, "last_edited_user": "dsimsGT", "last_edited_date": 1713903017590, "cust_shift1": 8, "cust_shift2": null, "cust_shift3": null, "Shape__Area": 4628.49609375, "Shape__Length": 384.33114865685445, "GlobalID": "00f25fd7-a6a4-4d19-89fe-ad6d3234d32a", "cust_zone": 8}}, {"type": "Feature", "id": 188, "geometry": {"type": "Polygon", "coordinates": [[[-84.405041502225, 33.7795404469224], [-84.4048820668251, 33.7795384312386], [-84.4047767872451, 33.7795370998113], [-84.4047791084554, 33.7794819864262], [-84.4047534342921, 33.7794816617772], [-84.4047281520944, 33.7794813426784], [-84.4047050128294, 33.779266202899], [-84.4047016025529, 33.7792664384965], [-84.4046998292617, 33.7792499200641], [-84.4046828571716, 33.7792497057476], [-84.4046368625665, 33.7792491236223], [-84.4045677572843, 33.779248249719], [-84.4045677686185, 33.7792476627223], [-84.4045388378901, 33.7792472974207], [-84.4045388368901, 33.7792473262755], [-84.4045381512231, 33.7792473167773], [-84.4045381419311, 33.7792478613925], [-84.4044789091405, 33.7792471117716], [-84.4044789194354, 33.7792465392034], [-84.404478233771, 33.7792465306066], [-84.4043999418236, 33.779245597672], [-84.4043999314485, 33.7792461413876], [-84.404345361181, 33.7792454512459], [-84.4043456323954, 33.7792154212368], [-84.4042882968139, 33.7792146958216], [-84.4042892320899, 33.7791631583537], [-84.4043204810908, 33.7791635535121], [-84.4043214257202, 33.7791115002812], [-84.4043258128875, 33.7791115558494], [-84.4043257632511, 33.7791143041774], [-84.4043309138258, 33.7791143690951], [-84.4045328369014, 33.7791169230388], [-84.4045328865312, 33.7791141747108], [-84.4045372736987, 33.7791142302717], [-84.4045371248074, 33.7791224743539], [-84.4046827748934, 33.7791243169078], [-84.4047740045023, 33.7791245538726], [-84.4047739876017, 33.7791254699826], [-84.4048694006775, 33.7791266761947], [-84.4048694164999, 33.7791257609884], [-84.4050040614203, 33.7791274630096], [-84.4050033630545, 33.779163022769], [-84.4050021331649, 33.7792308365123], [-84.4050471080847, 33.7792312762072], [-84.405041502225, 33.7795404469224]]]}, "properties": {"OBJECTID": 188, "BUILDINGID": "209", "FACILITYKEY": "209", "SHORTNAME": "West Campus Dining", "LONGNAME": "West Villlage Dining Commons", "FLOORCOUNT": 3, "BLGHEIGHT": null, "BLDGAREA": 60120, "BLDGTYPE": null, "OPERHOURS": null, "OPERDATE": null, "ACCESSTYPE": null, "CONDITION": "Excellent", "OWNEDBY": null, "MAINTBY": 1, "LASTUPDATE": null, "LASTEDITOR": null, "created_user": "wsims6_GTFacilities", "created_date": 1628109909166, "last_edited_user": "dsimsGT", "last_edited_date": 1713903018091, "cust_shift1": null, "cust_shift2": null, "cust_shift3": null, "Shape__Area": 2674.4609375, "Shape__Length": 279.9545009848015, "GlobalID": "2209cb34-c072-41da-ae08-2888b4f74000", "cust_zone": null}}, {"type": "Feature", "id": 189, "geometry": {"type": "Polygon", "coordinates": [[[-84.3996929825491, 33.7785494014361], [-84.3996937899969, 33.7788475840781], [-84.3996265979329, 33.7788477397913], [-84.3996267046482, 33.7788871597793], [-84.3995951654649, 33.7788872193135], [-84.3995956863401, 33.7790796523277], [-84.3993543414015, 33.7790801076325], [-84.3993537892549, 33.7788763093619], [-84.3993287997724, 33.7788763564782], [-84.3993285438909, 33.7787817142418], [-84.3993535344256, 33.7787816671237], [-84.3993526933757, 33.77848339888], [-84.3993558312049, 33.7784830386146], [-84.399355975704, 33.7784925534677], [-84.3994558036192, 33.7784923651966], [-84.3994557757408, 33.7784820593756], [-84.3994957478097, 33.7784820984771], [-84.3994968907941, 33.7785497715571], [-84.3995145800929, 33.7785497381816], [-84.3995145088299, 33.7785234010837], [-84.3995655889185, 33.7785233046933], [-84.3995656601971, 33.7785496417911], [-84.3996929825491, 33.7785494014361]]]}, "properties": {"OBJECTID": 189, "BUILDINGID": "210", "FACILITYKEY": "210", "SHORTNAME": "Kendeda Bldg", "LONGNAME": "Kendeda Building ISD", "FLOORCOUNT": null, "BLGHEIGHT": null, "BLDGAREA": 39691, "BLDGTYPE": null, "OPERHOURS": null, "OPERDATE": null, "ACCESSTYPE": null, "CONDITION": null, "OWNEDBY": null, "MAINTBY": 9, "LASTUPDATE": null, "LASTEDITOR": null, "created_user": "wsims6_GTFacilities", "created_date": 1628109909166, "last_edited_user": "dsimsGT", "last_edited_date": 1713903018700, "cust_shift1": 1, "cust_shift2": null, "cust_shift3": null, "Shape__Area": 2549.734375, "Shape__Length": 250.84111924245457, "GlobalID": "f54dbe40-d5c9-43f5-a249-487f2f8472fd", "cust_zone": 1}}, {"type": "Feature", "id": 190, "geometry": {"type": "Polygon", "coordinates": [[[-84.4008931677704, 33.7796421638479], [-84.4008918439052, 33.779761535038], [-84.4008620884508, 33.7797613047862], [-84.4008610775172, 33.7798524509987], [-84.4005527614216, 33.7798496085555], [-84.4005537614485, 33.7797594938542], [-84.4000279623038, 33.7797554256046], [-84.400029293373, 33.7796354818587], [-84.4008931677704, 33.7796421638479]]]}, "properties": {"OBJECTID": 190, "BUILDINGID": "204", "FACILITYKEY": "204", "SHORTNAME": "Dalney St Office", "LONGNAME": "Dalney Street Office Building", "FLOORCOUNT": null, "BLGHEIGHT": null, "BLDGAREA": 56641, "BLDGTYPE": null, "OPERHOURS": null, "OPERDATE": null, "ACCESSTYPE": null, "CONDITION": "Excellent", "OWNEDBY": null, "MAINTBY": 9, "LASTUPDATE": null, "LASTEDITOR": null, "created_user": "wsims6_GTFacilities", "created_date": 1628109909166, "last_edited_user": "dsimsGT", "last_edited_date": 1713903019259, "cust_shift1": 3, "cust_shift2": null, "cust_shift3": null, "Shape__Area": 1960.015625, "Shape__Length": 248.67047757792022, "GlobalID": "03d26da5-783f-42fb-9bc8-1665c2e8b7a5", "cust_zone": 3}}, {"type": "Feature", "id": 191, "geometry": {"type": "Polygon", "coordinates": [[[-84.4008988546839, 33.7798527426653], [-84.4008934226033, 33.7803427083073], [-84.400013498799, 33.7803359025043], [-84.4000191875385, 33.7798232652899], [-84.400162961213, 33.77982437737], [-84.4001627148403, 33.7798465918124], [-84.4008988546839, 33.7798527426653]]]}, "properties": {"OBJECTID": 191, "BUILDINGID": "205", "FACILITYKEY": "205", "SHORTNAME": "Dalney Deck", "LONGNAME": "Dalney Parking Deck", "FLOORCOUNT": null, "BLGHEIGHT": null, "BLDGAREA": 246945, "BLDGTYPE": null, "OPERHOURS": null, "OPERDATE": null, "ACCESSTYPE": null, "CONDITION": null, "OWNEDBY": 1, "MAINTBY": 9, "LASTUPDATE": null, "LASTEDITOR": null, "created_user": "wsims6_GTFacilities", "created_date": 1628109909166, "last_edited_user": "dsimsGT", "last_edited_date": 1713903019765, "cust_shift1": null, "cust_shift2": null, "cust_shift3": null, "Shape__Area": 6479.3984375, "Shape__Length": 333.1726958431446, "GlobalID": "3dd290c7-5487-48af-9e9f-610d0953f169", "cust_zone": null}}, {"type": "Feature", "id": 192, "geometry": {"type": "Polygon", "coordinates": [[[-84.4036694465771, 33.7813148867434], [-84.4029718134285, 33.7813160064339], [-84.4029713153065, 33.7811346241098], [-84.4035768843593, 33.7811334630076], [-84.4035769299302, 33.7811500145229], [-84.4036174751934, 33.7811499366763], [-84.4037357576128, 33.7812764383125], [-84.4036683681554, 33.7812765677573], [-84.4036694465771, 33.7813148867434]]]}, "properties": {"OBJECTID": 192, "BUILDINGID": "211", "FACILITYKEY": "211", "SHORTNAME": "Police Department", "LONGNAME": "Georgia Tech Police Department", "FLOORCOUNT": null, "BLGHEIGHT": null, "BLDGAREA": 31686, "BLDGTYPE": null, "OPERHOURS": null, "OPERDATE": null, "ACCESSTYPE": "Secure", "CONDITION": "Excellent", "OWNEDBY": 1, "MAINTBY": 9, "LASTUPDATE": 1556265737000, "LASTEDITOR": null, "created_user": "wsims6_GTFacilities", "created_date": 1628109909166, "last_edited_user": "dsimsGT", "last_edited_date": 1713903020327, "cust_shift1": 7, "cust_shift2": null, "cust_shift3": null, "Shape__Area": 1878.81640625, "Shape__Length": 210.18808844030295, "GlobalID": "a481f050-473c-4199-b8ce-5940cb946be6", "cust_zone": 7}}, {"type": "Feature", "id": 193, "geometry": {"type": "Polygon", "coordinates": [[[-84.4020213525743, 33.7747861539829], [-84.401268626738, 33.7747875871721], [-84.4012675486422, 33.7743785999821], [-84.4019205168778, 33.7743773570082], [-84.4019208554566, 33.7745012270858], [-84.4020205729149, 33.7745010369615], [-84.4020213525743, 33.7747861539829]]]}, "properties": {"OBJECTID": 193, "BUILDINGID": "217", "FACILITYKEY": "217", "SHORTNAME": "Exhibition Hall", "LONGNAME": "Campus Center Exhibition Hall", "FLOORCOUNT": 2, "BLGHEIGHT": null, "BLDGAREA": null, "BLDGTYPE": null, "OPERHOURS": null, "OPERDATE": null, "ACCESSTYPE": null, "CONDITION": null, "OWNEDBY": null, "MAINTBY": 1, "LASTUPDATE": null, "LASTEDITOR": null, "created_user": "wsims6_GTFacilities", "created_date": 1628109909166, "last_edited_user": "dsimsGT", "last_edited_date": 1713903020842, "cust_shift1": null, "cust_shift2": null, "cust_shift3": null, "Shape__Area": 4405.27734375, "Shape__Length": 277.1264704615829, "GlobalID": "daa5adff-f814-4d1b-95ae-8fcd819e4e55", "cust_zone": null}}, {"type": "Feature", "id": 194, "geometry": {"type": "MultiPolygon", "coordinates": [[[[-84.4006356812549, 33.7748669754771], [-84.4003809154011, 33.7748299585089], [-84.4004006753572, 33.7747351151097], [-84.4003974036751, 33.7747346389223], [-84.4004076588045, 33.7746854181663], [-84.4007193465274, 33.7747307061918], [-84.4006944178723, 33.7748503602755], [-84.4006407671968, 33.7748425653356], [-84.4006356812549, 33.7748669754771]]], [[[-84.4008130282935, 33.7747608979233], [-84.4011257554094, 33.7747511839961], [-84.4011312593923, 33.774874733188], [-84.400818530751, 33.7748844480345], [-84.4008130282935, 33.7747608979233]]]]}, "properties": {"OBJECTID": 194, "BUILDINGID": "216", "FACILITYKEY": "216", "SHORTNAME": "Pavilion", "LONGNAME": "Campus Center Pavilion", "FLOORCOUNT": 1, "BLGHEIGHT": null, "BLDGAREA": null, "BLDGTYPE": null, "OPERHOURS": null, "OPERDATE": null, "ACCESSTYPE": null, "CONDITION": null, "OWNEDBY": null, "MAINTBY": 1, "LASTUPDATE": null, "LASTEDITOR": null, "created_user": "wsims6_GTFacilities", "created_date": 1628109909166, "last_edited_user": "dsimsGT", "last_edited_date": 1713903021362, "cust_shift1": null, "cust_shift2": null, "cust_shift3": null, "Shape__Area": 1241.6015625, "Shape__Length": 212.39566728333133, "GlobalID": "f3f2c62f-556f-4116-8e9c-f3d7242c96c3", "cust_zone": null}}, {"type": "Feature", "id": 195, "geometry": {"type": "Polygon", "coordinates": [[[-84.400629430044, 33.7751645450172], [-84.4004232300002, 33.775134585257], [-84.4004433523555, 33.7750380045879], [-84.4006497986149, 33.7750676663037], [-84.400629430044, 33.7751645450172]]]}, "properties": {"OBJECTID": 195, "BUILDINGID": "215", "FACILITYKEY": "215", "SHORTNAME": "Cafe", "LONGNAME": "Campus Center Cafe", "FLOORCOUNT": 1, "BLGHEIGHT": null, "BLDGAREA": null, "BLDGTYPE": null, "OPERHOURS": null, "OPERDATE": null, "ACCESSTYPE": null, "CONDITION": null, "OWNEDBY": null, "MAINTBY": 1, "LASTUPDATE": null, "LASTEDITOR": null, "created_user": "wsims6_GTFacilities", "created_date": 1628109909166, "last_edited_user": "dsimsGT", "last_edited_date": 1713903021866, "cust_shift1": null, "cust_shift2": null, "cust_shift3": null, "Shape__Area": 306.5234375, "Shape__Length": 72.92203463252412, "GlobalID": "268e0f7e-8a95-4826-aab9-524a9a93f5f0", "cust_zone": null}}, {"type": "Feature", "id": 196, "geometry": {"type": "MultiPolygon", "coordinates": [[[[-84.3886505399167, 33.7752104829222], [-84.3886508461912, 33.7753292290337], [-84.3886177996578, 33.775329173961], [-84.3886181374129, 33.7754199516721], [-84.388404064218, 33.7754255227904], [-84.3880023179139, 33.775457386121], [-84.3878809226185, 33.7754426552923], [-84.3878810220377, 33.7754813350814], [-84.3878118556489, 33.7755394875583], [-84.3877297888735, 33.7755396345888], [-84.3877299723136, 33.7755997023128], [-84.3883933824801, 33.7755985121848], [-84.388393941133, 33.7758153557602], [-84.3877306338019, 33.7758160380806], [-84.3877306463114, 33.7758200675406], [-84.3874995944738, 33.7758204812025], [-84.3874980345976, 33.7752125505712], [-84.3886505399167, 33.7752104829222]]], [[[-84.3886488726271, 33.7756105867591], [-84.3886479595822, 33.775829669977], [-84.3884965770876, 33.7758292298726], [-84.3884967017746, 33.7757992713628], [-84.3884800774109, 33.7757992228], [-84.3884807414981, 33.7756400566022], [-84.388497365831, 33.775640105165], [-84.3884974905178, 33.7756101466542], [-84.3886488726271, 33.7756105867591]]]]}, "properties": {"OBJECTID": 196, "BUILDINGID": "207", "FACILITYKEY": "207", "SHORTNAME": "CODA", "LONGNAME": "CODA", "FLOORCOUNT": 22, "BLGHEIGHT": null, "BLDGAREA": 261553, "BLDGTYPE": null, "OPERHOURS": null, "OPERDATE": null, "ACCESSTYPE": null, "CONDITION": null, "OWNEDBY": null, "MAINTBY": 0, "LASTUPDATE": null, "LASTEDITOR": null, "created_user": "wsims6_GTFacilities", "created_date": 1628109909166, "last_edited_user": "dsimsGT", "last_edited_date": 1713903022804, "cust_shift1": null, "cust_shift2": null, "cust_shift3": null, "Shape__Area": 8022.8515625, "Shape__Length": 656.2637627360748, "GlobalID": "f53fceba-1c28-41d2-878e-c32170660699", "cust_zone": null}}, {"type": "Feature", "id": 199, "geometry": {"type": "MultiPolygon", "coordinates": [[[[-84.3915373391694, 33.7692195672027], [-84.3915372174631, 33.7692031465239], [-84.3914860278027, 33.7692034101907], [-84.3914861354476, 33.7692181709524], [-84.3912135772615, 33.7692195570576], [-84.3912134434006, 33.7692013502263], [-84.3911843576534, 33.7692014996162], [-84.3911841228029, 33.7691694057121], [-84.3911775415104, 33.7691694402252], [-84.3911768765349, 33.7690796368155], [-84.3912108226266, 33.7690794596504], [-84.3912106751225, 33.7690597470833], [-84.3913394549674, 33.7690590754252], [-84.3913395916821, 33.7690775383209], [-84.3913931013438, 33.769077262376], [-84.39139296454, 33.7690587697259], [-84.3914878069427, 33.7690582778174], [-84.3914879450396, 33.7690768444005], [-84.3915381176328, 33.7690765852911], [-84.3915379848954, 33.7690588346941], [-84.3916344834167, 33.7690583351473], [-84.3916346098645, 33.7690753238589], [-84.391662146327, 33.7690751807939], [-84.3916623393821, 33.7691011291079], [-84.3917008133592, 33.7691009300289], [-84.39170131629, 33.7691685963506], [-84.3916650230897, 33.7691687833394], [-84.3916652726651, 33.7692023117448], [-84.3916348438855, 33.7692024681975], [-84.3916349660699, 33.7692190646976], [-84.3915373391694, 33.7692195672027]]], [[[-84.391751829153, 33.7698674401942], [-84.391751937503, 33.7698419881446], [-84.3917299484792, 33.7698419236525], [-84.3917300910245, 33.7698072494367], [-84.3917242804047, 33.7698072320812], [-84.3917245907698, 33.7697359865257], [-84.3917510581149, 33.7697360671965], [-84.3917512449208, 33.7696931364655], [-84.3917296748294, 33.7696930712092], [-84.391730018639, 33.7696131462824], [-84.3917522796766, 33.7696132129835], [-84.3917524593849, 33.7695721099148], [-84.3917293519194, 33.7695720393472], [-84.3917297111813, 33.7694905914991], [-84.3917488174964, 33.7694906504288], [-84.3917490110875, 33.7694465980278], [-84.3917304478412, 33.7694465417144], [-84.3917307960444, 33.7693670585861], [-84.3917488097421, 33.7693671140984], [-84.3917489876395, 33.7693257306173], [-84.3917267029247, 33.7693256639586], [-84.3917270514992, 33.7692450826151], [-84.3917503467307, 33.7692451528408], [-84.391750562798, 33.76919441915], [-84.3917023734338, 33.7691942761994], [-84.3917028364551, 33.7690856045543], [-84.3917326558484, 33.7690856935441], [-84.3917320918112, 33.7690694071165], [-84.3917622512027, 33.7690694666262], [-84.3917625169857, 33.7690158655873], [-84.3917896385237, 33.7690155961176], [-84.3917900167375, 33.7689983891872], [-84.391889396083, 33.7689984801791], [-84.3918892060945, 33.7690162340695], [-84.3919168520952, 33.7690162882098], [-84.3919167160697, 33.7690736434942], [-84.3919030232908, 33.7690736684831], [-84.3919029788362, 33.7690797853768], [-84.391900349908, 33.7690797667313], [-84.3919001740231, 33.769122304326], [-84.3919193482653, 33.7691223604006], [-84.3919190219919, 33.7692023186631], [-84.3918984312585, 33.7692022597635], [-84.3918982541549, 33.7692451571191], [-84.3919199072577, 33.7692452194897], [-84.3919195808042, 33.7693255212806], [-84.3918983163515, 33.7693254609057], [-84.3918981474334, 33.7693677730728], [-84.3919189444139, 33.7693678315959], [-84.3919186076189, 33.7694503704046], [-84.3918980081892, 33.769450311521], [-84.3918978499404, 33.7694892740279], [-84.3919190129468, 33.7694893336862], [-84.3919186638325, 33.7695737659865], [-84.3918982349537, 33.7695737067917], [-84.3918980700435, 33.7696138369502], [-84.3919186241682, 33.7696138959164], [-84.3919177002543, 33.7698417461414], [-84.3918993409721, 33.7698416894813], [-84.391899229124, 33.7698666131688], [-84.3918510156177, 33.7698664649113], [-84.3918509762058, 33.7698753363439], [-84.3917730283254, 33.7698751016452], [-84.3917730613556, 33.7698675024561], [-84.391751829153, 33.7698674401942]]], [[[-84.390814167983, 33.770173503121], [-84.3908119939543, 33.7699518123157], [-84.3908232413667, 33.7699517341831], [-84.3908764836039, 33.7699513732896], [-84.3908764161177, 33.7699254626188], [-84.3908542794357, 33.7699255028306], [-84.3908539995009, 33.7698180137137], [-84.39087915479, 33.7698179680183], [-84.3908790432398, 33.769775139717], [-84.3908543910688, 33.7697751844985], [-84.3908541800233, 33.76969414704], [-84.3908778259609, 33.7696941040866], [-84.3908775058605, 33.76957120399], [-84.3908983954867, 33.7695711660398], [-84.3908982879606, 33.7695298858674], [-84.3908775354564, 33.7695299235684], [-84.3908773211808, 33.7694476535533], [-84.3908987657025, 33.7694476145952], [-84.3908986596798, 33.7694069114769], [-84.3908772151682, 33.769406950435], [-84.3908768938322, 33.7692835742623], [-84.3908580868617, 33.7692836084256], [-84.3908578760068, 33.7692026439943], [-84.3908771428771, 33.7692026089955], [-84.3908770814888, 33.7691790390011], [-84.3908569896241, 33.7691790096777], [-84.3908572137041, 33.7690905237688], [-84.3908582566212, 33.7690905245793], [-84.390858347641, 33.7690545854343], [-84.3908769269363, 33.7690546184069], [-84.3908769827447, 33.7690321067394], [-84.3908995577302, 33.7690321459748], [-84.3908995749306, 33.7690250715755], [-84.3909784999018, 33.7690252004602], [-84.3909784852702, 33.7690311865599], [-84.3910278295591, 33.7690312609716], [-84.3910277780031, 33.7690545606758], [-84.3910517381424, 33.7690545973654], [-84.3910515621868, 33.7691374460539], [-84.3910432134311, 33.7691374332805], [-84.3910431260129, 33.7691792809494], [-84.3910485824028, 33.7691792710298], [-84.3910488599675, 33.7692857602282], [-84.3910265744628, 33.7692858007412], [-84.3910268860355, 33.7694053485131], [-84.3910016801251, 33.7694053943304], [-84.3910017874513, 33.7694465789286], [-84.3910270095681, 33.7694465330819], [-84.3910272314008, 33.7695316477971], [-84.3910027401636, 33.7695316923155], [-84.3910028427209, 33.7695710465665], [-84.3910269679771, 33.7695710027133], [-84.391027283732, 33.7696921536106], [-84.3910483709586, 33.7696921152758], [-84.391048588751, 33.7697756710373], [-84.3910395328516, 33.7697756875007], [-84.3910397090509, 33.7698432885922], [-84.391045243216, 33.7698432785313], [-84.391045463197, 33.7699276746271], [-84.391024835834, 33.7699277121256], [-84.391024882892, 33.7699457676352], [-84.3909831261303, 33.7699458435344], [-84.3909831386533, 33.7699506493204], [-84.3912133544195, 33.7699490873974], [-84.3912138031542, 33.7699952926743], [-84.3911873925495, 33.7699954723629], [-84.3911887126617, 33.7701307223698], [-84.3912149959092, 33.7701305420108], [-84.39121539016, 33.7701707595102], [-84.390814167983, 33.770173503121]]], [[[-84.391556106812, 33.7702678115743], [-84.3916094361078, 33.7701850084987], [-84.3916998201416, 33.7702325646025], [-84.391648885094, 33.7703102401618], [-84.391556106812, 33.7702678115743]]], [[[-84.3912684017865, 33.7707613978879], [-84.3912686576346, 33.7706831826685], [-84.3914374088433, 33.7706835625167], [-84.3914371531485, 33.7707617777358], [-84.3912684017865, 33.7707613978879]]], [[[-84.3917729656215, 33.7709344633219], [-84.3917729727817, 33.7709289442937], [-84.3917498445708, 33.7709289242612], [-84.3917498516333, 33.7709229544069], [-84.3917498704695, 33.7709086875246], [-84.3917289487314, 33.7709056519447], [-84.3917301531229, 33.770870777435], [-84.3917245889024, 33.7708704665932], [-84.3917258984735, 33.7707969488669], [-84.3917500169782, 33.7707950177251], [-84.3917500665795, 33.770756181656], [-84.3917286168061, 33.7707543363186], [-84.3917297335759, 33.7706719097134], [-84.3917294080468, 33.7705494676907], [-84.3917295673222, 33.7704262169007], [-84.3917504909209, 33.7704275312228], [-84.3917505431268, 33.7703868007745], [-84.3917252142033, 33.7703857424401], [-84.3917253098425, 33.7703112405136], [-84.3917297147728, 33.7703112442026], [-84.3917297609855, 33.7702760634363], [-84.3917506865508, 33.7702760793751], [-84.3917507164445, 33.7702528284044], [-84.3917738444761, 33.7702528493391], [-84.3917738516388, 33.770247331212], [-84.3917947772042, 33.7702473498483], [-84.3918095530951, 33.7702411519847], [-84.3918322223283, 33.770247383427], [-84.3918531478937, 33.7702474020534], [-84.3918532915095, 33.7702527765427], [-84.3919007791088, 33.7702526925956], [-84.3919004688132, 33.7702760441614], [-84.3919213943855, 33.7702760627762], [-84.3919213563353, 33.7703056686093], [-84.3919328324349, 33.7703174629197], [-84.3919213262409, 33.7703292378636], [-84.3919212881884, 33.7703588427948], [-84.3919146797086, 33.7703588368226], [-84.3919153909715, 33.7704247688711], [-84.3919212004299, 33.770426389358], [-84.391921165704, 33.7704531396505], [-84.3919326384997, 33.7704677895004], [-84.3919211322833, 33.7704795635424], [-84.3919210962929, 33.7705078935324], [-84.3919078783303, 33.770509157428], [-84.3919091258001, 33.7705481281826], [-84.3919207403166, 33.7705476182899], [-84.3919234385756, 33.7706318755032], [-84.3919077193107, 33.7706324082155], [-84.3919076675774, 33.7706728780836], [-84.3919208835056, 33.77067289003], [-84.391920583357, 33.7709059966133], [-84.3918996576316, 33.770905977999], [-84.3918996284127, 33.7709290585537], [-84.3918522696669, 33.7709290160348], [-84.3918522625118, 33.770934535063], [-84.3917729656215, 33.7709344633219]]], [[[-84.3913942340272, 33.7711620651877], [-84.3913941973222, 33.771148005787], [-84.3913465192173, 33.7711480925922], [-84.3913465559098, 33.7711621501896], [-84.3912466533073, 33.7711623320175], [-84.3912466173838, 33.7711485629475], [-84.3911993948874, 33.7711486488666], [-84.3911994285854, 33.7711615676825], [-84.3911001834852, 33.7711617481957], [-84.3911001479354, 33.7711481134711], [-84.3910523877767, 33.7711482003118], [-84.3910522339764, 33.7710891991557], [-84.3909259871102, 33.7710894286168], [-84.3909259063271, 33.7710584209332], [-84.3909249997544, 33.7710552325338], [-84.3908834544963, 33.7710542305414], [-84.3908831130176, 33.7710391897942], [-84.390855310698, 33.7710386443072], [-84.3908563281692, 33.7709695866944], [-84.3908596526925, 33.7709696996736], [-84.390862604546, 33.7709204099833], [-84.3908547516083, 33.7709201492441], [-84.3908557009315, 33.770839849048], [-84.3908769333511, 33.7708386590678], [-84.3908764147622, 33.7707987285227], [-84.3908563265838, 33.7707981870548], [-84.3908572680123, 33.7707148564171], [-84.3908733221327, 33.7707143791327], [-84.3908710672864, 33.7706760314362], [-84.3908543054792, 33.7706754767119], [-84.3908566359778, 33.7704709343894], [-84.3908769193679, 33.770470598195], [-84.3908771728818, 33.7704303136987], [-84.3908555680918, 33.7704298471177], [-84.3908565951921, 33.7703479066678], [-84.3908768785532, 33.7703475704734], [-84.3908761892793, 33.7703080135195], [-84.3908556538767, 33.7703073304024], [-84.3908557332698, 33.7701976974111], [-84.3908776291103, 33.7701984276477], [-84.3908765568145, 33.7701838363475], [-84.3910456018577, 33.7701875577246], [-84.3910414110387, 33.7702812939393], [-84.3910384420632, 33.7703467493998], [-84.3910475020843, 33.7703470485073], [-84.391047447218, 33.7704307904961], [-84.3910279207344, 33.7704311532939], [-84.3910266742209, 33.7704731707684], [-84.3911008430012, 33.770475129556], [-84.3911010922893, 33.7704444449626], [-84.3911300845896, 33.7704422490099], [-84.3911306522815, 33.7704239552492], [-84.391216109839, 33.7704238881609], [-84.3912160349677, 33.770425399467], [-84.391258938227, 33.7704264457629], [-84.3912602908776, 33.770442531489], [-84.3912882032876, 33.7704439648128], [-84.3912873915556, 33.7704609885897], [-84.3912953956154, 33.7704612544364], [-84.3912953701541, 33.7705284519461], [-84.3912890093445, 33.7705286168038], [-84.3912890992338, 33.7705680296784], [-84.3912611061033, 33.7705683637409], [-84.3912608111712, 33.7705840151633], [-84.3911609274155, 33.7705853708377], [-84.3911606309606, 33.7705789182494], [-84.3910997716684, 33.7705801830488], [-84.3911002867907, 33.7705471067899], [-84.391048041708, 33.7705453714288], [-84.3910475707148, 33.7705552084133], [-84.3910268862505, 33.7705545210877], [-84.3910261793149, 33.7705947892761], [-84.3910465972803, 33.7705947106816], [-84.3910472790995, 33.7706756949758], [-84.3910271406764, 33.7706761625762], [-84.3910259701142, 33.7707166687412], [-84.3910472849456, 33.7707168716351], [-84.3910473140048, 33.7707988462273], [-84.3910259622626, 33.7707994016903], [-84.3910272150508, 33.7708397357419], [-84.3910467325685, 33.770839625423], [-84.3910473456724, 33.7709219974822], [-84.3910428172557, 33.770921849729], [-84.3910424346289, 33.7709457072493], [-84.3910726616858, 33.7709462077112], [-84.3910723204363, 33.7709374794333], [-84.3910991087036, 33.77093710703], [-84.3910994228603, 33.7709209497468], [-84.3911976962419, 33.7709216888849], [-84.3911988720446, 33.7709382717427], [-84.3912505210284, 33.7709398629578], [-84.3912513009424, 33.7709234676922], [-84.3913443617128, 33.7709225183869], [-84.3913443164466, 33.7709266850057], [-84.3914315686082, 33.7709269300785], [-84.3914316648254, 33.770924912005], [-84.3915240984995, 33.770924444287], [-84.3915246628807, 33.7709379788666], [-84.3915513560062, 33.7709396226334], [-84.3915513822348, 33.7709413970378], [-84.3916010110971, 33.7709408792152], [-84.3916011081256, 33.7709780108928], [-84.3916191813098, 33.7709779779529], [-84.3916196242007, 33.7711474526532], [-84.3914942819946, 33.7711476810469], [-84.391494319088, 33.7711618829079], [-84.3913942340272, 33.7711620651877]]]]}, "properties": {"OBJECTID": 199, "BUILDINGID": "191", "FACILITYKEY": "191", "SHORTNAME": "North Ave Apts", "LONGNAME": "North Avenue Apartments", "FLOORCOUNT": 10, "BLGHEIGHT": null, "BLDGAREA": 966203, "BLDGTYPE": null, "OPERHOURS": null, "OPERDATE": null, "ACCESSTYPE": null, "CONDITION": null, "OWNEDBY": null, "MAINTBY": 7, "LASTUPDATE": null, "LASTEDITOR": null, "created_user": "wsims6_GTFacilities", "created_date": 1628109909166, "last_edited_user": "dsimsGT", "last_edited_date": 1713903023340, "cust_shift1": null, "cust_shift2": null, "cust_shift3": null, "Shape__Area": 14004.34375, "Shape__Length": 1887.1129428407226, "GlobalID": "ee898483-4ee1-4476-97e6-c148294a4139", "cust_zone": null}}, {"type": "Feature", "id": 201, "geometry": {"type": "Polygon", "coordinates": [[[-84.3913813227466, 33.7737687934815], [-84.3913812371121, 33.7737798289577], [-84.3913469916045, 33.7737797569612], [-84.3913465432065, 33.7738085826942], [-84.391209427133, 33.7738078359157], [-84.3912098308915, 33.7737560875624], [-84.3912081854354, 33.7737560788347], [-84.3912072169477, 33.7737560733836], [-84.3911961206144, 33.7737558988148], [-84.3911969159127, 33.7736539205114], [-84.3912103537945, 33.7736539943431], [-84.3912104922656, 33.7736363027745], [-84.3913481565495, 33.7736370521609], [-84.3913479413176, 33.7736646196653], [-84.3913822723725, 33.7736648060157], [-84.3913813227466, 33.7737687934815]]]}, "properties": {"OBJECTID": 201, "BUILDINGID": "016A", "FACILITYKEY": "016A", "SHORTNAME": "GT Connector", "LONGNAME": "Glenn Towers Connector Building", "FLOORCOUNT": 2, "BLGHEIGHT": null, "BLDGAREA": 8591, "BLDGTYPE": null, "OPERHOURS": null, "OPERDATE": null, "ACCESSTYPE": null, "CONDITION": null, "OWNEDBY": null, "MAINTBY": 7, "LASTUPDATE": null, "LASTEDITOR": null, "created_user": "wsims6_GTFacilities", "created_date": 1628109909166, "last_edited_user": "dsimsGT", "last_edited_date": 1713903023849, "cust_shift1": null, "cust_shift2": null, "cust_shift3": null, "Shape__Area": 430.9921875, "Shape__Length": 87.15910206107752, "GlobalID": "1f2f9edf-6384-4214-b902-64666163d45d", "cust_zone": null}}, {"type": "Feature", "id": 202, "geometry": {"type": "Polygon", "coordinates": [[[-84.398619615027, 33.7739110255291], [-84.3986401505144, 33.7737525107967], [-84.3990100120697, 33.7737535823326], [-84.3990089322947, 33.7740005922753], [-84.3990175498333, 33.7740003092712], [-84.3990171806257, 33.7740450776751], [-84.3990085612905, 33.7740451366654], [-84.3990093338417, 33.7744534282977], [-84.3986149545673, 33.7744520760081], [-84.3986187966618, 33.7740747968215], [-84.3986328058887, 33.7740749260027], [-84.3986330439422, 33.7740443309628], [-84.3986085307147, 33.7740442727192], [-84.3986088963291, 33.7739990547938], [-84.3986331400619, 33.7739991137841], [-84.3986331095192, 33.7739685194638], [-84.3986193706853, 33.773968388789], [-84.398619615027, 33.7739110255291]]]}, "properties": {"OBJECTID": 202, "BUILDINGID": "104", "FACILITYKEY": "104", "SHORTNAME": "Student Center", "LONGNAME": "John Lewis Student Center", "FLOORCOUNT": 4, "BLGHEIGHT": null, "BLDGAREA": 107903, "BLDGTYPE": null, "OPERHOURS": null, "OPERDATE": null, "ACCESSTYPE": null, "CONDITION": null, "OWNEDBY": null, "MAINTBY": null, "LASTUPDATE": null, "LASTEDITOR": null, "created_user": "wsims6_GTFacilities", "created_date": 1628109909166, "last_edited_user": "wsims6_GTFacilities", "last_edited_date": 1770757025837, "cust_shift1": null, "cust_shift2": null, "cust_shift3": null, "Shape__Area": 4055.30859375, "Shape__Length": 283.07676322098155, "GlobalID": "757d5a44-5dc4-47e1-ab80-04e8c81808ca", "cust_zone": null}}, {"type": "Feature", "id": 204, "geometry": {"type": "Polygon", "coordinates": [[[-84.394484763199, 33.7760058651157], [-84.3945233503321, 33.7759935603236], [-84.3945534986913, 33.7759840959594], [-84.3945660930716, 33.7760116393099], [-84.3946268335578, 33.7759922648072], [-84.3946638019267, 33.7760844241412], [-84.3946147799633, 33.7760981401728], [-84.3946518237907, 33.7761904673989], [-84.3945291318892, 33.7762247973793], [-84.3944933007875, 33.7761354845944], [-84.3944437560046, 33.7761493477164], [-84.3944029949486, 33.7760477569496], [-84.394453575489, 33.7760336055868], [-84.3944465326972, 33.7760182072408], [-84.394484763199, 33.7760058651157]]]}, "properties": {"OBJECTID": 204, "BUILDINGID": "323", "FACILITYKEY": "323", "SHORTNAME": "Sigma Alpha Epsilon", "LONGNAME": "Sigma Alpha Epsilon", "FLOORCOUNT": null, "BLGHEIGHT": null, "BLDGAREA": null, "BLDGTYPE": "Greek Housing", "OPERHOURS": null, "OPERDATE": null, "ACCESSTYPE": null, "CONDITION": null, "OWNEDBY": null, "MAINTBY": null, "LASTUPDATE": null, "LASTEDITOR": null, "created_user": "dsimsGT", "created_date": 1629733913625, "last_edited_user": "dsimsGT", "last_edited_date": 1713903024927, "cust_shift1": null, "cust_shift2": null, "cust_shift3": null, "Shape__Area": 575.98046875, "Shape__Length": 111.07322556294639, "GlobalID": "71d3e90d-c79e-4d89-a9c4-585ea8db897b", "cust_zone": null}}, {"type": "Feature", "id": 205, "geometry": {"type": "Polygon", "coordinates": [[[-84.3917513101637, 33.7760477659099], [-84.391793647763, 33.7760483184642], [-84.3917937259165, 33.7760547101722], [-84.3917944050428, 33.7761043459501], [-84.3917946574694, 33.7761228184209], [-84.3918094868581, 33.776122964773], [-84.3918414390345, 33.7761234210031], [-84.3918409952667, 33.776154785142], [-84.3917906923057, 33.7761542893373], [-84.3917905234225, 33.7761777653923], [-84.391790348251, 33.7761901328801], [-84.3917896592432, 33.7762268858805], [-84.3916159241689, 33.7762251677392], [-84.391617012927, 33.776148253063], [-84.391562763667, 33.7761477169367], [-84.391563179587, 33.7761183823103], [-84.3916161451545, 33.7761189072364], [-84.3916167443308, 33.7760766779313], [-84.3915747435996, 33.7760762635158], [-84.3915751702994, 33.7760461642494], [-84.3917513101637, 33.7760477659099]]]}, "properties": {"OBJECTID": 205, "BUILDINGID": "316", "FACILITYKEY": "316", "SHORTNAME": "Phi Kappa Sigma", "LONGNAME": "Phi Kappa Sigma", "FLOORCOUNT": null, "BLGHEIGHT": null, "BLDGAREA": null, "BLDGTYPE": "Greek Housing", "OPERHOURS": null, "OPERDATE": null, "ACCESSTYPE": null, "CONDITION": null, "OWNEDBY": null, "MAINTBY": null, "LASTUPDATE": null, "LASTEDITOR": null, "created_user": "dsimsGT", "created_date": 1629733913625, "last_edited_user": "dsimsGT", "last_edited_date": 1713903025719, "cust_shift1": null, "cust_shift2": null, "cust_shift3": null, "Shape__Area": 533.25, "Shape__Length": 118.90348467335507, "GlobalID": "3811322d-22b7-4bff-a831-9da5292c454c", "cust_zone": null}}, {"type": "Feature", "id": 206, "geometry": {"type": "Polygon", "coordinates": [[[-84.3930385330838, 33.7762150418301], [-84.3928733248182, 33.7761600657616], [-84.392897520042, 33.7761094137648], [-84.3928649821641, 33.776097995314], [-84.3929181220048, 33.7759924059326], [-84.3929507326462, 33.7760038505319], [-84.3929730324248, 33.775956442089], [-84.3929779560909, 33.7759464453265], [-84.3930241573443, 33.7759625074979], [-84.3930536418485, 33.7759728544587], [-84.393146872602, 33.7760057195102], [-84.3930464481397, 33.7762175029316], [-84.3930385330838, 33.7762150418301]]]}, "properties": {"OBJECTID": 206, "BUILDINGID": "317", "FACILITYKEY": "317", "SHORTNAME": "Phi Kappa Tau", "LONGNAME": "Phi Kappa Tau", "FLOORCOUNT": null, "BLGHEIGHT": null, "BLDGAREA": null, "BLDGTYPE": "Greek Housing", "OPERHOURS": null, "OPERDATE": null, "ACCESSTYPE": null, "CONDITION": null, "OWNEDBY": null, "MAINTBY": null, "LASTUPDATE": null, "LASTEDITOR": null, "created_user": "dsimsGT", "created_date": 1629733913625, "last_edited_user": "dsimsGT", "last_edited_date": 1713903026282, "cust_shift1": null, "cust_shift2": null, "cust_shift3": null, "Shape__Area": 691.9921875, "Shape__Length": 110.41073312330835, "GlobalID": "8da882cb-a83c-4eb6-8bd6-8bf7368b3a3b", "cust_zone": null}}, {"type": "Feature", "id": 207, "geometry": {"type": "Polygon", "coordinates": [[[-84.3947572806152, 33.7759138677303], [-84.3947886488866, 33.7759005324843], [-84.3947976500057, 33.7759151259131], [-84.3948244108181, 33.7759034595332], [-84.3948936215191, 33.7758738448121], [-84.3949265860968, 33.7759272858574], [-84.3948569253398, 33.7759572574806], [-84.3949401443694, 33.7760921822975], [-84.394848569211, 33.7761315741571], [-84.394796226176, 33.7760467145635], [-84.3947564505719, 33.7760638250755], [-84.394691329002, 33.7759584469669], [-84.3947316373071, 33.7759411094383], [-84.3947238111843, 33.7759284223286], [-84.3947572806152, 33.7759138677303]]]}, "properties": {"OBJECTID": 207, "BUILDINGID": "308", "FACILITYKEY": "308", "SHORTNAME": "Delta Tau Delta", "LONGNAME": "Delta Tau Delta", "FLOORCOUNT": null, "BLGHEIGHT": null, "BLDGAREA": null, "BLDGTYPE": "Greek Housing", "OPERHOURS": null, "OPERDATE": null, "ACCESSTYPE": null, "CONDITION": null, "OWNEDBY": null, "MAINTBY": null, "LASTUPDATE": null, "LASTEDITOR": null, "created_user": "dsimsGT", "created_date": 1629733913625, "last_edited_user": "dsimsGT", "last_edited_date": 1713903026827, "cust_shift1": null, "cust_shift2": null, "cust_shift3": null, "Shape__Area": 492.89453125, "Shape__Length": 111.49577224442974, "GlobalID": "34027424-f17a-4221-968e-7b651c5e1116", "cust_zone": null}}, {"type": "Feature", "id": 208, "geometry": {"type": "Polygon", "coordinates": [[[-84.392238462949, 33.7762722743694], [-84.3922359009538, 33.7762526064752], [-84.3922335249099, 33.7762330296731], [-84.3924158424884, 33.7762164792149], [-84.3924116177116, 33.7761853152126], [-84.3923924710196, 33.7761869855663], [-84.3923811172128, 33.7761878367971], [-84.3923739791995, 33.7761341554788], [-84.3923838651592, 33.7761332572057], [-84.3924045991743, 33.7761313732964], [-84.392484145891, 33.7761212518564], [-84.3924958545324, 33.7761197622013], [-84.3925267655613, 33.7763677890366], [-84.3922542661115, 33.7763923850709], [-84.392238462949, 33.7762722743694]]]}, "properties": {"OBJECTID": 208, "BUILDINGID": "312", "FACILITYKEY": "312", "SHORTNAME": "Lambda Chi Alpha", "LONGNAME": "Lambda Chi Alpha", "FLOORCOUNT": null, "BLGHEIGHT": null, "BLDGAREA": null, "BLDGTYPE": "Greek Housing", "OPERHOURS": null, "OPERDATE": null, "ACCESSTYPE": null, "CONDITION": null, "OWNEDBY": null, "MAINTBY": null, "LASTUPDATE": null, "LASTEDITOR": null, "created_user": "dsimsGT", "created_date": 1629733913625, "last_edited_user": "dsimsGT", "last_edited_date": 1713903027624, "cust_shift1": null, "cust_shift2": null, "cust_shift3": null, "Shape__Area": 800.98828125, "Shape__Length": 134.34042771634847, "GlobalID": "84414b5f-5c60-40ad-9556-5824ae1dfaa6", "cust_zone": null}}, {"type": "Feature", "id": 209, "geometry": {"type": "Polygon", "coordinates": [[[-84.3939869060888, 33.7763657020321], [-84.3939695721971, 33.7763044023204], [-84.3939659286303, 33.7762915158975], [-84.3939629013078, 33.7762808083226], [-84.3939557120905, 33.7762553856669], [-84.394016407661, 33.7762434169226], [-84.3940663710588, 33.7762335217439], [-84.3941765844627, 33.7762104959604], [-84.3941650357214, 33.7761686594614], [-84.3941692416336, 33.7761675939293], [-84.3942348509887, 33.7761535822181], [-84.3942421012913, 33.776182373986], [-84.3942696328582, 33.7762950589547], [-84.3942165954254, 33.7763065057536], [-84.394221033103, 33.7763208489713], [-84.3941618071763, 33.7763336301061], [-84.3941561432984, 33.7763153928889], [-84.3940425818735, 33.7763377802223], [-84.3940471201623, 33.7763538281332], [-84.3939869060888, 33.7763657020321]]]}, "properties": {"OBJECTID": 209, "BUILDINGID": "302", "FACILITYKEY": "302", "SHORTNAME": "Alpha Tau Omega", "LONGNAME": "Alpha Tau Omega", "FLOORCOUNT": null, "BLGHEIGHT": null, "BLDGAREA": null, "BLDGTYPE": "Greek Housing", "OPERHOURS": null, "OPERDATE": null, "ACCESSTYPE": null, "CONDITION": null, "OWNEDBY": null, "MAINTBY": null, "LASTUPDATE": null, "LASTEDITOR": null, "created_user": "dsimsGT", "created_date": 1629733913625, "last_edited_user": "dsimsGT", "last_edited_date": 1713903028129, "cust_shift1": null, "cust_shift2": null, "cust_shift3": null, "Shape__Area": 511.09765625, "Shape__Length": 113.11275452120762, "GlobalID": "9848268c-69cf-40ce-b122-a5da57727e94", "cust_zone": null}}, {"type": "Feature", "id": 210, "geometry": {"type": "Polygon", "coordinates": [[[-84.3923701389017, 33.7742741821584], [-84.3923462230539, 33.7742746018097], [-84.3923463838523, 33.7742847712573], [-84.3922269375639, 33.7742859458325], [-84.3922266096788, 33.7742618046867], [-84.392212415399, 33.7742619338676], [-84.3922122546006, 33.7742506070159], [-84.3922114173707, 33.7741917438024], [-84.39216616384, 33.7741915056016], [-84.3921649457245, 33.7741510532663], [-84.3921645944832, 33.7741393844061], [-84.392176663349, 33.7741392634389], [-84.3921762070049, 33.774107346742], [-84.3921641399357, 33.7741074669626], [-84.3921637329988, 33.7740783093551], [-84.3921701990723, 33.7740782481247], [-84.3921695936078, 33.7740461925166], [-84.3922081439099, 33.7740463545532], [-84.3922079031614, 33.7740405391573], [-84.3922391034478, 33.774040228525], [-84.3922392229237, 33.7740492988399], [-84.3922622081169, 33.774049088267], [-84.3922620742679, 33.7740400172053], [-84.3922685044087, 33.7740399410407], [-84.3922686544274, 33.7740505227014], [-84.3922949292511, 33.7740502703126], [-84.3922947801308, 33.7740396893986], [-84.3923429010839, 33.7740392107559], [-84.3923430475093, 33.7740493794848], [-84.3923671843427, 33.7740491397902], [-84.3923684051532, 33.7741421472387], [-84.3923698316778, 33.7742508048942], [-84.3923701389017, 33.7742741821584]]]}, "properties": {"OBJECTID": 210, "BUILDINGID": "300", "FACILITYKEY": "300", "SHORTNAME": "Alpha Epsilon Pi", "LONGNAME": "Alpha Epsilon Pi", "FLOORCOUNT": null, "BLGHEIGHT": null, "BLDGAREA": null, "BLDGTYPE": "Greek Housing", "OPERHOURS": null, "OPERDATE": null, "ACCESSTYPE": null, "CONDITION": null, "OWNEDBY": null, "MAINTBY": null, "LASTUPDATE": null, "LASTEDITOR": null, "created_user": "dsimsGT", "created_date": 1629733913625, "last_edited_user": "wsims6_GTFacilities", "last_edited_date": 1770756110318, "cust_shift1": null, "cust_shift2": null, "cust_shift3": null, "Shape__Area": 648.37109375, "Shape__Length": 118.9901353778923, "GlobalID": "b72483cf-4f09-4888-879a-4d104bb756e6", "cust_zone": null}}, {"type": "Feature", "id": 211, "geometry": {"type": "Polygon", "coordinates": [[[-84.3922170731638, 33.7777188005148], [-84.3921952180512, 33.7777182711184], [-84.3922005791968, 33.7775272439426], [-84.3925133501209, 33.7775344285165], [-84.3925088792057, 33.7777238413536], [-84.3922170731638, 33.7777188005148]]]}, "properties": {"OBJECTID": 211, "BUILDINGID": "328", "FACILITYKEY": "328", "SHORTNAME": "Theta Chi", "LONGNAME": "Theta Chi", "FLOORCOUNT": null, "BLGHEIGHT": null, "BLDGAREA": null, "BLDGTYPE": "Greek Housing", "OPERHOURS": null, "OPERDATE": null, "ACCESSTYPE": null, "CONDITION": null, "OWNEDBY": null, "MAINTBY": null, "LASTUPDATE": null, "LASTEDITOR": null, "created_user": "dsimsGT", "created_date": 1629733913625, "last_edited_user": "dsimsGT", "last_edited_date": 1713903029116, "cust_shift1": null, "cust_shift2": null, "cust_shift3": null, "Shape__Area": 889.046875, "Shape__Length": 120.71808213616985, "GlobalID": "0c204042-c060-4f51-bbb5-00c87ea6aeed", "cust_zone": null}}, {"type": "Feature", "id": 212, "geometry": {"type": "Polygon", "coordinates": [[[-84.3944857980582, 33.7757075785078], [-84.3944608186051, 33.7756438963573], [-84.3944388440166, 33.7756499125062], [-84.3944046146111, 33.7755626376106], [-84.3943613553402, 33.7754523351452], [-84.3943901220906, 33.7754432410844], [-84.3943679714323, 33.7753875700889], [-84.3944725218566, 33.7753595531294], [-84.3944738890925, 33.7753634673353], [-84.3945193779819, 33.7753513028308], [-84.3945394517352, 33.7754036480458], [-84.3945669392846, 33.7753976796684], [-84.3945753295493, 33.7754190778637], [-84.3945576246534, 33.7754239187221], [-84.3945595030306, 33.7754287110447], [-84.394523167974, 33.7754386503717], [-84.3945406590709, 33.7754832440429], [-84.3945290672105, 33.7754864145302], [-84.3945511738514, 33.7755427739182], [-84.394561227796, 33.7755400245713], [-84.3945851086095, 33.7756009074254], [-84.3945676687166, 33.7756056780838], [-84.3945768054813, 33.7756289698547], [-84.3945980991468, 33.7756768615925], [-84.3944857980582, 33.7757075785078]]]}, "properties": {"OBJECTID": 212, "BUILDINGID": "303", "FACILITYKEY": "303", "SHORTNAME": "Beta Theta Pi", "LONGNAME": "Beta Theta Pi", "FLOORCOUNT": null, "BLGHEIGHT": null, "BLDGAREA": null, "BLDGTYPE": "Greek Housing", "OPERHOURS": null, "OPERDATE": null, "ACCESSTYPE": null, "CONDITION": null, "OWNEDBY": null, "MAINTBY": null, "LASTUPDATE": null, "LASTEDITOR": null, "created_user": "dsimsGT", "created_date": 1629733913625, "last_edited_user": "dsimsGT", "last_edited_date": 1713903029661, "cust_shift1": null, "cust_shift2": null, "cust_shift3": null, "Shape__Area": 753.5546875, "Shape__Length": 139.94767842770935, "GlobalID": "81a27d37-3969-4b3c-b80f-3b85554b7af6", "cust_zone": null}}, {"type": "Feature", "id": 213, "geometry": {"type": "Polygon", "coordinates": [[[-84.3925653302365, 33.7757495638248], [-84.3926399137613, 33.7757915909361], [-84.392699866425, 33.7758255357808], [-84.392562898497, 33.7759950380338], [-84.3923612851062, 33.7758814319939], [-84.3924982449494, 33.7757119302629], [-84.3925653302365, 33.7757495638248]], [[-84.3924463178344, 33.7758628952552], [-84.392498431799, 33.7758912077419], [-84.3925510470235, 33.7758236660519], [-84.3924989312623, 33.7757953535429], [-84.3924463178344, 33.7758628952552]]]}, "properties": {"OBJECTID": 213, "BUILDINGID": "307", "FACILITYKEY": "307", "SHORTNAME": "Delta Sigma Phi", "LONGNAME": "Delta Sigma Phi", "FLOORCOUNT": null, "BLGHEIGHT": null, "BLDGAREA": null, "BLDGTYPE": "Greek Housing", "OPERHOURS": null, "OPERDATE": null, "ACCESSTYPE": null, "CONDITION": null, "OWNEDBY": null, "MAINTBY": null, "LASTUPDATE": null, "LASTEDITOR": null, "created_user": "dsimsGT", "created_date": 1629733913625, "last_edited_user": "dsimsGT", "last_edited_date": 1713903030149, "cust_shift1": null, "cust_shift2": null, "cust_shift3": null, "Shape__Area": 667.11328125, "Shape__Length": 144.33348460489012, "GlobalID": "f39ff651-41f7-414f-a2a6-b2a99bf0425f", "cust_zone": null}}, {"type": "Feature", "id": 214, "geometry": {"type": "Polygon", "coordinates": [[[-84.3934159216228, 33.7778734617649], [-84.39340901268, 33.7778734744584], [-84.3934090423244, 33.7778846821092], [-84.3934092642083, 33.7779688454714], [-84.3934093252937, 33.7779920873189], [-84.3933976921108, 33.7779921082259], [-84.3933770263677, 33.7779921463065], [-84.3933770838598, 33.7780138499916], [-84.393377092843, 33.7780173048694], [-84.3933630072593, 33.7780173310031], [-84.3933630216324, 33.7780227347097], [-84.3933192602033, 33.7780228153509], [-84.3933192458303, 33.7780173130829], [-84.3933048952436, 33.7780173392166], [-84.3933048826672, 33.7780123850098], [-84.3933048799722, 33.7780114509159], [-84.3933022631798, 33.7780114553959], [-84.3933022344337, 33.7780006360343], [-84.3932836617653, 33.7780006703815], [-84.3932836878164, 33.7780107729325], [-84.393230255125, 33.7780108707472], [-84.3931281355418, 33.7780110581634], [-84.3931281292536, 33.7780087561558], [-84.393128107694, 33.778000483712], [-84.3931215257379, 33.7780004964055], [-84.3931214439912, 33.777969321852], [-84.3931280259473, 33.7779693099051], [-84.3931280097776, 33.7779630549821], [-84.3931035297878, 33.7779630997828], [-84.3931033079039, 33.7778789117746], [-84.3931277878938, 33.7778788669738], [-84.393127774419, 33.7778736633682], [-84.393121192463, 33.7778736760617], [-84.3931211646152, 33.7778630075118], [-84.3931211089196, 33.7778418720114], [-84.3931278211314, 33.7778418600646], [-84.3931277959786, 33.7778324011312], [-84.3933241820727, 33.7778320412318], [-84.3933241659031, 33.7778259692352], [-84.393345255651, 33.7778259304079], [-84.3933452718207, 33.7778320024045], [-84.3934158120284, 33.7778318724823], [-84.3934159216228, 33.7778734617649]]]}, "properties": {"OBJECTID": 214, "BUILDINGID": "311", "FACILITYKEY": "311", "SHORTNAME": "Kappa Sigma", "LONGNAME": "Kappa Sigma", "FLOORCOUNT": null, "BLGHEIGHT": null, "BLDGAREA": null, "BLDGTYPE": "Greek Housing", "OPERHOURS": null, "OPERDATE": null, "ACCESSTYPE": null, "CONDITION": null, "OWNEDBY": null, "MAINTBY": null, "LASTUPDATE": null, "LASTEDITOR": null, "created_user": "dsimsGT", "created_date": 1629733913625, "last_edited_user": "wsims6_GTFacilities", "last_edited_date": 1770752077156, "cust_shift1": null, "cust_shift2": null, "cust_shift3": null, "Shape__Area": 791.23828125, "Shape__Length": 127.96340964091263, "GlobalID": "d0977558-7a60-4de0-be3c-770849ef416a", "cust_zone": null}}, {"type": "Feature", "id": 215, "geometry": {"type": "Polygon", "coordinates": [[[-84.3925696664044, 33.7779874713557], [-84.3925424447563, 33.77798687476], [-84.3922931541801, 33.7779812701948], [-84.3922963288263, 33.7778805514815], [-84.3923103578162, 33.7778807164975], [-84.3923115732367, 33.7778646479657], [-84.3923116783396, 33.7778584736764], [-84.3923117798492, 33.7778524569359], [-84.392312240685, 33.7778353430478], [-84.392327518333, 33.7778352414994], [-84.3923270458192, 33.777785658992], [-84.3925051556889, 33.7777843328887], [-84.3925029413417, 33.7778467269198], [-84.3926525332944, 33.77784693599], [-84.3926535753401, 33.7778883819029], [-84.3926601303468, 33.7778885312387], [-84.392656962887, 33.7779892477026], [-84.3925696664044, 33.7779874713557]]]}, "properties": {"OBJECTID": 215, "BUILDINGID": "330", "FACILITYKEY": "330", "SHORTNAME": "Zeta Beta Tau", "LONGNAME": "Zeta Beta Tau", "FLOORCOUNT": null, "BLGHEIGHT": null, "BLDGAREA": null, "BLDGTYPE": "Greek Housing", "OPERHOURS": null, "OPERDATE": null, "ACCESSTYPE": null, "CONDITION": null, "OWNEDBY": null, "MAINTBY": null, "LASTUPDATE": null, "LASTEDITOR": null, "created_user": "dsimsGT", "created_date": 1629733913625, "last_edited_user": "dsimsGT", "last_edited_date": 1713903031298, "cust_shift1": null, "cust_shift2": null, "cust_shift3": null, "Shape__Area": 905.17578125, "Shape__Length": 134.60689442947572, "GlobalID": "8dd63cdd-278c-485b-b6c3-2b74d204c72b", "cust_zone": null}}, {"type": "Feature", "id": 216, "geometry": {"type": "Polygon", "coordinates": [[[-84.3915623603235, 33.7758276138381], [-84.3915626073602, 33.7758188214826], [-84.3915641335978, 33.7757645194276], [-84.3917780188737, 33.7757668565902], [-84.3917893475278, 33.7757671194277], [-84.3917884186698, 33.7758365846531], [-84.3917565967491, 33.7758367750608], [-84.3917560927943, 33.7758689584306], [-84.3916012421039, 33.7758672641763], [-84.3916009187104, 33.7758878617959], [-84.3917617890115, 33.7758896195189], [-84.3917619282503, 33.7758808913858], [-84.3918076866343, 33.7758813199895], [-84.3918052135723, 33.7759142582523], [-84.3918027441036, 33.7759471666346], [-84.3917784285055, 33.7759485614623], [-84.3917784437769, 33.7759578212359], [-84.3917779434152, 33.7759790049897], [-84.3914628710074, 33.7759755597366], [-84.3914646101458, 33.7758646933003], [-84.391495707126, 33.7758650323006], [-84.3914957915676, 33.7758596127773], [-84.3915621222699, 33.7758603378196], [-84.3915623603235, 33.7758276138381]]]}, "properties": {"OBJECTID": 216, "BUILDINGID": "329A", "FACILITYKEY": "329A", "SHORTNAME": "Theta Xi", "LONGNAME": "Theta Xi", "FLOORCOUNT": null, "BLGHEIGHT": null, "BLDGAREA": null, "BLDGTYPE": "Greek Housing", "OPERHOURS": null, "OPERDATE": null, "ACCESSTYPE": null, "CONDITION": null, "OWNEDBY": null, "MAINTBY": null, "LASTUPDATE": null, "LASTEDITOR": null, "created_user": "dsimsGT", "created_date": 1629733913625, "last_edited_user": "dsimsGT", "last_edited_date": 1713903031942, "cust_shift1": null, "cust_shift2": null, "cust_shift3": null, "Shape__Area": 825.4453125, "Shape__Length": 176.35969413821383, "GlobalID": "ff5ed54d-58dc-4fb7-9c80-b9fe0c73e1c2", "cust_zone": null}}, {"type": "Feature", "id": 217, "geometry": {"type": "Polygon", "coordinates": [[[-84.3921958298039, 33.7757738897322], [-84.3922064380091, 33.775762843092], [-84.3921812097227, 33.7757463261444], [-84.3922215081463, 33.7757035455926], [-84.3922314677679, 33.7756932478814], [-84.3921773658316, 33.7756580567448], [-84.392167622704, 33.7756495593179], [-84.392160206213, 33.7756399620032], [-84.3921552070885, 33.775629803917], [-84.39215289213, 33.7756185347419], [-84.3921529298592, 33.7756077964682], [-84.3921558745367, 33.7755964010981], [-84.3921616668737, 33.7755857135971], [-84.3921690366523, 33.7755766516585], [-84.3921785525061, 33.7755688523871], [-84.3921902871986, 33.7755626764389], [-84.3922028923587, 33.7755584934303], [-84.39221601944, 33.7755565833738], [-84.3922295929839, 33.7755566737244], [-84.3922424721301, 33.7755589504102], [-84.3922551626301, 33.7755636844827], [-84.3923087543234, 33.7755988838717], [-84.3923196104636, 33.7755874063635], [-84.3924056618813, 33.7756441166333], [-84.3923936082868, 33.7756568784549], [-84.3924445005426, 33.7756903745875], [-84.3924368226418, 33.7756987181906], [-84.3922955347156, 33.7758479919383], [-84.39219079834, 33.7757794683075], [-84.3921958298039, 33.7757738897322]]]}, "properties": {"OBJECTID": 217, "BUILDINGID": "324", "FACILITYKEY": "324", "SHORTNAME": "Sigma Chi", "LONGNAME": "Sigma Chi", "FLOORCOUNT": null, "BLGHEIGHT": null, "BLDGAREA": null, "BLDGTYPE": "Greek Housing", "OPERHOURS": null, "OPERDATE": null, "ACCESSTYPE": null, "CONDITION": null, "OWNEDBY": null, "MAINTBY": null, "LASTUPDATE": null, "LASTEDITOR": null, "created_user": "dsimsGT", "created_date": 1629733913625, "last_edited_user": "dsimsGT", "last_edited_date": 1713903032491, "cust_shift1": null, "cust_shift2": null, "cust_shift3": null, "Shape__Area": 717.0703125, "Shape__Length": 118.6463482790645, "GlobalID": "e69e52c7-6a51-476e-93c6-877d94c039df", "cust_zone": null}}, {"type": "Feature", "id": 218, "geometry": {"type": "Polygon", "coordinates": [[[-84.3927396411309, 33.7752832171164], [-84.3928124612627, 33.7753324941781], [-84.3928179472742, 33.7753364001716], [-84.3927091226657, 33.775448384355], [-84.3926789796963, 33.7754279568774], [-84.3926670752222, 33.7754402087349], [-84.3926454428918, 33.7754255517557], [-84.3926590900976, 33.775411507815], [-84.3926326113563, 33.7753935698284], [-84.3927396411309, 33.7752832171164]]]}, "properties": {"OBJECTID": 218, "BUILDINGID": "337", "FACILITYKEY": "337", "SHORTNAME": "Delta Sigma Theta", "LONGNAME": "Delta Sigma Theta", "FLOORCOUNT": null, "BLGHEIGHT": null, "BLDGAREA": null, "BLDGTYPE": "Greek Housing", "OPERHOURS": null, "OPERDATE": null, "ACCESSTYPE": null, "CONDITION": null, "OWNEDBY": null, "MAINTBY": null, "LASTUPDATE": null, "LASTEDITOR": null, "created_user": "dsimsGT", "created_date": 1629733913625, "last_edited_user": "dsimsGT", "last_edited_date": 1713903033021, "cust_shift1": null, "cust_shift2": null, "cust_shift3": null, "Shape__Area": 222.38671875, "Shape__Length": 65.28460141612203, "GlobalID": "8b73b66a-f02f-49da-b4e0-844fd8ba058f", "cust_zone": null}}, {"type": "Feature", "id": 219, "geometry": {"type": "Polygon", "coordinates": [[[-84.3941636082984, 33.774796900212], [-84.3941471035517, 33.7747334152616], [-84.3941119803224, 33.7747397846665], [-84.3940951935047, 33.7746758673306], [-84.3940905806557, 33.7746581196003], [-84.3940751368194, 33.7745980522276], [-84.3941064404121, 33.7745923772502], [-84.3940991398038, 33.77456428984], [-84.3941053507556, 33.7745631623111], [-84.3940971877646, 33.7745317826554], [-84.3943242486308, 33.7744926125792], [-84.3943374278143, 33.7745449889339], [-84.3943445514545, 33.7745714686886], [-84.3942393290904, 33.7745907524144], [-84.3942543237691, 33.7746484325698], [-84.3942682377745, 33.7746459094464], [-84.3942763531548, 33.7746771225448], [-84.3942630113762, 33.7746795411282], [-84.394267697887, 33.7746944872106], [-84.3943254766278, 33.7746848875489], [-84.3943395927542, 33.7747367948545], [-84.3943455494828, 33.7747624128511], [-84.3941636082984, 33.774796900212]]]}, "properties": {"OBJECTID": 219, "BUILDINGID": "314", "FACILITYKEY": "314", "SHORTNAME": "Phi Delta Theta", "LONGNAME": "Phi Delta Theta", "FLOORCOUNT": null, "BLGHEIGHT": null, "BLDGAREA": null, "BLDGTYPE": "Greek Housing", "OPERHOURS": null, "OPERDATE": null, "ACCESSTYPE": null, "CONDITION": null, "OWNEDBY": null, "MAINTBY": null, "LASTUPDATE": null, "LASTEDITOR": null, "created_user": "dsimsGT", "created_date": 1629733913625, "last_edited_user": "dsimsGT", "last_edited_date": 1713903033530, "cust_shift1": null, "cust_shift2": null, "cust_shift3": null, "Shape__Area": 796.3515625, "Shape__Length": 148.45797948346117, "GlobalID": "23174bdd-1edc-405f-865e-de7ea65ab98d", "cust_zone": null}}, {"type": "Feature", "id": 220, "geometry": {"type": "Polygon", "coordinates": [[[-84.3927035962301, 33.7744695236041], [-84.3926809928209, 33.7744101385913], [-84.3927025065737, 33.774404362049], [-84.3926988279726, 33.7743950841865], [-84.3928476877983, 33.7743540159119], [-84.3928852158176, 33.7744504638637], [-84.3928710538771, 33.7744542362366], [-84.3928800208603, 33.7744764627674], [-84.3929041648802, 33.774537930303], [-84.3928997909831, 33.7745390152698], [-84.3929047236323, 33.7745514823064], [-84.3929095305174, 33.7745501554063], [-84.3929420315644, 33.7746413948551], [-84.3929255941913, 33.7746460796957], [-84.3928933132316, 33.7746548415565], [-84.3928958060565, 33.774661841188], [-84.3928614975991, 33.7746713071918], [-84.3928592913368, 33.7746651140045], [-84.3928264650997, 33.7746734114117], [-84.3928066374847, 33.7746781895889], [-84.3927299213595, 33.7744628330944], [-84.3927035962301, 33.7744695236041]]]}, "properties": {"OBJECTID": 220, "BUILDINGID": "334", "FACILITYKEY": "334", "SHORTNAME": "Alpha Delta Pi", "LONGNAME": "Alpha Delta Pi", "FLOORCOUNT": null, "BLGHEIGHT": null, "BLDGAREA": null, "BLDGTYPE": "Greek Housing", "OPERHOURS": null, "OPERDATE": null, "ACCESSTYPE": null, "CONDITION": null, "OWNEDBY": null, "MAINTBY": null, "LASTUPDATE": null, "LASTEDITOR": null, "created_user": "dsimsGT", "created_date": 1629733913625, "last_edited_user": "dsimsGT", "last_edited_date": 1713903033993, "cust_shift1": null, "cust_shift2": null, "cust_shift3": null, "Shape__Area": 672.83203125, "Shape__Length": 123.07060584926869, "GlobalID": "9cb7f7c2-dfe4-4ea7-b6db-73c46429fde1", "cust_zone": null}}, {"type": "Feature", "id": 221, "geometry": {"type": "Polygon", "coordinates": [[[-84.3941096357195, 33.7744881748908], [-84.3941083924512, 33.7744835288705], [-84.3940863307261, 33.7744876395008], [-84.3940773143356, 33.7744538912572], [-84.3940667115203, 33.7744558707821], [-84.3940380022621, 33.7743490308781], [-84.3940330588331, 33.7743305281564], [-84.3940201473475, 33.7742815596564], [-84.3941138479199, 33.7742641008214], [-84.3941228454458, 33.774297771482], [-84.3941589280758, 33.7742910503437], [-84.3941526129193, 33.774267410242], [-84.3942355741325, 33.7742556435785], [-84.3942498537522, 33.7743090348571], [-84.3942688135946, 33.7743045351822], [-84.3942812301085, 33.7743554346602], [-84.3942415128948, 33.7743629816542], [-84.3942140100741, 33.7743681048286], [-84.3942062010193, 33.7743694085834], [-84.3942035662606, 33.77435954455], [-84.3941885284627, 33.7743623476978], [-84.3942068594844, 33.7744309538536], [-84.3941482372256, 33.7744418767119], [-84.394158187864, 33.7744791270235], [-84.394140816243, 33.7744825126001], [-84.3941096357195, 33.7744881748908]]]}, "properties": {"OBJECTID": 221, "BUILDINGID": "304", "FACILITYKEY": "304", "SHORTNAME": "Phi Kappa Psi", "LONGNAME": "Phi Kappa Psi", "FLOORCOUNT": null, "BLGHEIGHT": null, "BLDGAREA": null, "BLDGTYPE": "Greek Housing", "OPERHOURS": null, "OPERDATE": null, "ACCESSTYPE": null, "CONDITION": null, "OWNEDBY": null, "MAINTBY": null, "LASTUPDATE": null, "LASTEDITOR": null, "created_user": "dsimsGT", "created_date": 1629733913625, "last_edited_user": "dsimsGT", "last_edited_date": 1713903034618, "cust_shift1": null, "cust_shift2": null, "cust_shift3": null, "Shape__Area": 533.41015625, "Shape__Length": 119.79466128999115, "GlobalID": "aa6c4989-7f30-4d34-9f8b-9f8aac9e4954", "cust_zone": null}}, {"type": "Feature", "id": 222, "geometry": {"type": "Polygon", "coordinates": [[[-84.3928597458843, 33.7749273010795], [-84.3928589508753, 33.7748611146463], [-84.3928557196352, 33.7748611788629], [-84.3928527974156, 33.7748612378526], [-84.3928327425269, 33.7748616380867], [-84.3928331970744, 33.7748815825811], [-84.392816046439, 33.7748818148064], [-84.3927671852741, 33.7748824771338], [-84.3926755193859, 33.7748837189042], [-84.3926731127992, 33.7748837517593], [-84.3926713161687, 33.7748837764006], [-84.3926706559069, 33.7748491128522], [-84.3926382464881, 33.7748491725886], [-84.3926369933383, 33.7747856667692], [-84.3926369349478, 33.7747826971198], [-84.3926676492457, 33.7747821206628], [-84.3928330937682, 33.7747790143662], [-84.3928354329812, 33.7748037019548], [-84.3928452003633, 33.7748036840338], [-84.3928538062237, 33.774803668353], [-84.3928581774259, 33.7748036601393], [-84.392858172036, 33.7747938842672], [-84.3928669611527, 33.7747937483668], [-84.3929744796107, 33.7747920794792], [-84.3929761792233, 33.7748630187446], [-84.3929849413906, 33.7748626588327], [-84.3929860085891, 33.774963543876], [-84.3929866239351, 33.7749802319697], [-84.3929816086408, 33.7749803200808], [-84.3929833235247, 33.7750517617219], [-84.392890091873, 33.7750534604725], [-84.3928717374951, 33.7750536762698], [-84.3928629169373, 33.7750537793149], [-84.3928617302628, 33.7750537203253], [-84.3928624641864, 33.7750417544], [-84.3928597925967, 33.7749304364923], [-84.3928597458843, 33.7749273010795]]]}, "properties": {"OBJECTID": 222, "BUILDINGID": "331", "FACILITYKEY": "331", "SHORTNAME": "Alpha Chi Omega", "LONGNAME": "Alpha Chi Omega", "FLOORCOUNT": null, "BLGHEIGHT": null, "BLDGAREA": null, "BLDGTYPE": "Greek Housing", "OPERHOURS": null, "OPERDATE": null, "ACCESSTYPE": null, "CONDITION": null, "OWNEDBY": null, "MAINTBY": null, "LASTUPDATE": null, "LASTEDITOR": null, "created_user": "dsimsGT", "created_date": 1629733913625, "last_edited_user": "dsimsGT", "last_edited_date": 1713903035110, "cust_shift1": null, "cust_shift2": null, "cust_shift3": null, "Shape__Area": 774.8671875, "Shape__Length": 158.40820075314647, "GlobalID": "291881a2-4702-4ddc-bda4-78f287b6e999", "cust_zone": null}}, {"type": "Feature", "id": 223, "geometry": {"type": "Polygon", "coordinates": [[[-84.3925877971018, 33.7753010916564], [-84.3925546420813, 33.7752705127351], [-84.3925478463261, 33.7752756522826], [-84.3925366155884, 33.7752655046069], [-84.3925252770529, 33.7752548431992], [-84.392521456518, 33.7752577314417], [-84.3924527955859, 33.7751946045033], [-84.3924501168097, 33.7751919133881], [-84.3924622162183, 33.7751827632969], [-84.3923843457579, 33.7751109379597], [-84.3923911657675, 33.7751057812283], [-84.3923661530768, 33.7750829156827], [-84.3923605772338, 33.775077325115], [-84.3923686998006, 33.7750711513714], [-84.3924548706942, 33.7750060305959], [-84.3924817195414, 33.7750305941663], [-84.3926902077391, 33.7752228963032], [-84.3925877971018, 33.7753010916564]]]}, "properties": {"OBJECTID": 223, "BUILDINGID": "305", "FACILITYKEY": "305", "SHORTNAME": "Chi Psi", "LONGNAME": "Chi Psi", "FLOORCOUNT": null, "BLGHEIGHT": null, "BLDGAREA": null, "BLDGTYPE": "Greek Housing", "OPERHOURS": null, "OPERDATE": null, "ACCESSTYPE": null, "CONDITION": null, "OWNEDBY": null, "MAINTBY": null, "LASTUPDATE": null, "LASTEDITOR": null, "created_user": "dsimsGT", "created_date": 1629733913625, "last_edited_user": "dsimsGT", "last_edited_date": 1713903035619, "cust_shift1": null, "cust_shift2": null, "cust_shift3": null, "Shape__Area": 619.703125, "Shape__Length": 112.41744304631251, "GlobalID": "cf0219d5-fc03-4d9e-b7a3-811575509209", "cust_zone": null}}, {"type": "Feature", "id": 224, "geometry": {"type": "Polygon", "coordinates": [[[-84.394296053209, 33.774916168459], [-84.3943030403052, 33.7749348375693], [-84.3943349915833, 33.774927643817], [-84.394367010235, 33.7750230509646], [-84.3944494468319, 33.7750039906006], [-84.3945113982472, 33.7751906044188], [-84.394507593882, 33.7751914616331], [-84.3944575882634, 33.7752027398248], [-84.3944585791051, 33.7752055802801], [-84.3943569122728, 33.7752292014554], [-84.3943560103643, 33.775226744059], [-84.3943074932541, 33.7752382738845], [-84.394309487514, 33.7752455549749], [-84.3942675128341, 33.7752561163258], [-84.3942630643768, 33.7752422806871], [-84.3942456954508, 33.7751935822678], [-84.3942282726258, 33.7751447359736], [-84.3941918917551, 33.7751522702042], [-84.3941580674898, 33.7750500338497], [-84.3941958874615, 33.7750414743861], [-84.3941695219079, 33.7749462576687], [-84.394296053209, 33.774916168459]]]}, "properties": {"OBJECTID": 224, "BUILDINGID": "325", "FACILITYKEY": "325", "SHORTNAME": "Sigma Nu", "LONGNAME": "Sigma Nu", "FLOORCOUNT": null, "BLGHEIGHT": null, "BLDGAREA": null, "BLDGTYPE": "Greek Housing", "OPERHOURS": null, "OPERDATE": null, "ACCESSTYPE": null, "CONDITION": null, "OWNEDBY": null, "MAINTBY": null, "LASTUPDATE": null, "LASTEDITOR": null, "created_user": "dsimsGT", "created_date": 1629733913625, "last_edited_user": "dsimsGT", "last_edited_date": 1713903036094, "cust_shift1": null, "cust_shift2": null, "cust_shift3": null, "Shape__Area": 1101.0546875, "Shape__Length": 151.2325887541227, "GlobalID": "3ac20231-b002-4f4c-b77c-ef01ee317eb6", "cust_zone": null}}, {"type": "Feature", "id": 225, "geometry": {"type": "Polygon", "coordinates": [[[-84.3917080895204, 33.7779609926569], [-84.3917091701937, 33.777858513997], [-84.3917671582419, 33.7778589709647], [-84.391770856606, 33.7777260828878], [-84.3918005234682, 33.7777260283801], [-84.3918004444165, 33.777695624301], [-84.3918979125231, 33.7776943228368], [-84.3918982700526, 33.7777179679663], [-84.3919036509611, 33.7777177432154], [-84.3919028909864, 33.7777948289654], [-84.3919046256332, 33.7778277523056], [-84.3919309211182, 33.7778277045181], [-84.3919417853433, 33.7778564001485], [-84.3919398377957, 33.7778851204097], [-84.3919271472957, 33.7779116633463], [-84.3919008006067, 33.7779122181285], [-84.3919018866699, 33.7779603535004], [-84.39188272291, 33.7779606738253], [-84.3918853639569, 33.7780158846884], [-84.3917695881848, 33.7780149349143], [-84.3917687761078, 33.7779620081393], [-84.391753254118, 33.777961994699], [-84.3917080895204, 33.7779609926569]]]}, "properties": {"OBJECTID": 225, "BUILDINGID": "322", "FACILITYKEY": "322", "SHORTNAME": "Alpha Xi Delta", "LONGNAME": "Alpha Xi Delta", "FLOORCOUNT": null, "BLGHEIGHT": null, "BLDGAREA": null, "BLDGTYPE": "Greek Housing", "OPERHOURS": null, "OPERDATE": null, "ACCESSTYPE": null, "CONDITION": null, "OWNEDBY": null, "MAINTBY": null, "LASTUPDATE": null, "LASTEDITOR": null, "created_user": "dsimsGT", "created_date": 1629733913625, "last_edited_user": "dsimsGT", "last_edited_date": 1713903036605, "cust_shift1": null, "cust_shift2": null, "cust_shift3": null, "Shape__Area": 742.8984375, "Shape__Length": 134.9970570700679, "GlobalID": "7d894788-b064-4d9b-890f-49b13dbf1ffc", "cust_zone": null}}, {"type": "Feature", "id": 226, "geometry": {"type": "Polygon", "coordinates": [[[-84.3928436372947, 33.7771986890466], [-84.3928439651798, 33.7771834320334], [-84.3928112458421, 33.7771825808125], [-84.3928118342387, 33.7771678345292], [-84.3927953375768, 33.7771674268391], [-84.3927964290299, 33.7771372286469], [-84.3927650886062, 33.777136677593], [-84.3927664989612, 33.7770898014174], [-84.3927979471827, 33.7770907377614], [-84.3927982274571, 33.7770815557656], [-84.392844302048, 33.7770825391509], [-84.3928445850173, 33.7770732780055], [-84.3928706819746, 33.7770738350332], [-84.3928703990053, 33.7770830969252], [-84.3929110702298, 33.7770839653209], [-84.3929096077725, 33.7771317352822], [-84.3929147236781, 33.7771315993855], [-84.3929143068598, 33.7771563960589], [-84.3929136852256, 33.7771697587367], [-84.3929093975667, 33.7771697647102], [-84.3929089214596, 33.777184732012], [-84.3928886833146, 33.7771847267852], [-84.3928893381864, 33.7772000353194], [-84.3928436372947, 33.7771986890466]]]}, "properties": {"OBJECTID": 226, "BUILDINGID": "313", "FACILITYKEY": "313", "SHORTNAME": "Alpha Sigma Phi", "LONGNAME": "Alpha Sigma Phi", "FLOORCOUNT": null, "BLGHEIGHT": null, "BLDGAREA": null, "BLDGTYPE": "Greek Housing", "OPERHOURS": null, "OPERDATE": null, "ACCESSTYPE": null, "CONDITION": null, "OWNEDBY": null, "MAINTBY": null, "LASTUPDATE": null, "LASTEDITOR": null, "created_user": "dsimsGT", "created_date": 1629733913625, "last_edited_user": "dsimsGT", "last_edited_date": 1720208795609, "cust_shift1": null, "cust_shift2": null, "cust_shift3": null, "Shape__Area": 205.3671875, "Shape__Length": 67.05597178933742, "GlobalID": "71f5083b-9cbd-4611-ae18-34f129e74785", "cust_zone": null}}, {"type": "Feature", "id": 228, "geometry": {"type": "Polygon", "coordinates": [[[-84.3942701556776, 33.7767787151167], [-84.3942705257835, 33.7767661931492], [-84.3942373725597, 33.7767654487007], [-84.3942206153863, 33.7767651634656], [-84.3942208103208, 33.7767585918586], [-84.3941836775602, 33.7767578250094], [-84.3941850663556, 33.776723319024], [-84.3941570128676, 33.7767224887058], [-84.3941592981817, 33.7766493370454], [-84.3941948040933, 33.7766496245209], [-84.3941970624579, 33.7765730081553], [-84.3941992723135, 33.7765726460105], [-84.3941999658129, 33.7765524241409], [-84.3942130928942, 33.7765528378074], [-84.3942229312431, 33.7765531484307], [-84.3942273590392, 33.7765532880618], [-84.3942274219213, 33.7765515012314], [-84.3942752356506, 33.7765526884694], [-84.3942745475411, 33.7765656353348], [-84.3942745717956, 33.7765743775853], [-84.3942897362559, 33.7765747300231], [-84.3943001055092, 33.7765749600037], [-84.3943030501867, 33.7765750406463], [-84.3943012140303, 33.7766355382196], [-84.394343085404, 33.7766363058166], [-84.3943429883859, 33.7766528173658], [-84.39445286043, 33.7766567994614], [-84.394451851622, 33.7766767300975], [-84.394478227057, 33.7766770175729], [-84.3944766720733, 33.7767291417046], [-84.3944489446737, 33.7767285152326], [-84.3944479161027, 33.7767632795702], [-84.3944107824438, 33.7767625134676], [-84.3944105884077, 33.7767690850742], [-84.3943920588583, 33.776768699783], [-84.3943606780105, 33.776768054644], [-84.3943602899383, 33.7767811343875], [-84.3943599171375, 33.7767937608891], [-84.3942697649105, 33.7767919001416], [-84.3942701556776, 33.7767787151167]]]}, "properties": {"OBJECTID": 228, "BUILDINGID": "336", "FACILITYKEY": "336", "SHORTNAME": "Pi Kappa Phi", "LONGNAME": "Pi Kappa Phi", "FLOORCOUNT": null, "BLGHEIGHT": null, "BLDGAREA": null, "BLDGTYPE": "Greek Housing", "OPERHOURS": null, "OPERDATE": null, "ACCESSTYPE": null, "CONDITION": null, "OWNEDBY": null, "MAINTBY": null, "LASTUPDATE": null, "LASTEDITOR": null, "created_user": "dsimsGT", "created_date": 1629733913625, "last_edited_user": "dsimsGT", "last_edited_date": 1713903038560, "cust_shift1": null, "cust_shift2": null, "cust_shift3": null, "Shape__Area": 686.359375, "Shape__Length": 135.0480585937649, "GlobalID": "fac6fcca-1d26-4a47-a4b3-4196fcbaa5b5", "cust_zone": null}}, {"type": "Feature", "id": 229, "geometry": {"type": "Polygon", "coordinates": [[[-84.3938305138894, 33.7766263890293], [-84.3938316673262, 33.7765676543856], [-84.3938373446788, 33.7765676932135], [-84.3938376312414, 33.7765441104885], [-84.3939594796248, 33.7765452350045], [-84.3939595532867, 33.7765686601775], [-84.3939595550833, 33.7765694673497], [-84.3939669338451, 33.7765694292685], [-84.3939659771393, 33.7766241698671], [-84.3939703052223, 33.7766243401123], [-84.3939692029895, 33.7767081978236], [-84.3940856336334, 33.7767093372712], [-84.3940852186118, 33.7767421131842], [-84.3940845358922, 33.7767958620702], [-84.3940845197225, 33.7767971493609], [-84.3938346093088, 33.7767951922908], [-84.3938349048545, 33.7767653755252], [-84.3938288205651, 33.7767653001096], [-84.3938296443202, 33.7767068343692], [-84.3938356702191, 33.776706717139], [-84.3938360214604, 33.7766833375519], [-84.3938363107179, 33.7766507968237], [-84.3938366089586, 33.776626452498], [-84.3938305138894, 33.7766263890293]]]}, "properties": {"OBJECTID": 229, "BUILDINGID": "318", "FACILITYKEY": "318", "SHORTNAME": "Phi Kappa Theta", "LONGNAME": "Phi Kappa Theta", "FLOORCOUNT": null, "BLGHEIGHT": null, "BLDGAREA": null, "BLDGTYPE": "Greek Housing", "OPERHOURS": null, "OPERDATE": null, "ACCESSTYPE": null, "CONDITION": null, "OWNEDBY": null, "MAINTBY": null, "LASTUPDATE": null, "LASTEDITOR": null, "created_user": "dsimsGT", "created_date": 1629733913625, "last_edited_user": "dsimsGT", "last_edited_date": 1713903039110, "cust_shift1": null, "cust_shift2": null, "cust_shift3": null, "Shape__Area": 655.3984375, "Shape__Length": 125.47927958473706, "GlobalID": "fd64744a-e956-42ee-b7b9-95caf8026524", "cust_zone": null}}, {"type": "Feature", "id": 230, "geometry": {"type": "Polygon", "coordinates": [[[-84.3948306747705, 33.7768096407096], [-84.3947536828625, 33.7768082944307], [-84.3947534070797, 33.7768192849346], [-84.3947187734322, 33.7768187510525], [-84.3947019524785, 33.7768183388807], [-84.3946784965681, 33.7768179364157], [-84.3946404367462, 33.7768172539427], [-84.3946409038701, 33.7768030235581], [-84.3946196515272, 33.7768024784756], [-84.3946203090939, 33.7767774651601], [-84.3946415084363, 33.7767777742891], [-84.3946417914056, 33.7767653038431], [-84.3946423824971, 33.7767393691026], [-84.394677655745, 33.7767167496539], [-84.3947035191404, 33.7767001627014], [-84.3947558244461, 33.7767010467815], [-84.3948421687146, 33.7767025058121], [-84.3948426564998, 33.7766840976816], [-84.3948347603084, 33.7766839505838], [-84.394834816004, 33.7766818434265], [-84.3948367635515, 33.7766084057491], [-84.3948474355371, 33.7766083325735], [-84.3948475909456, 33.7766008596995], [-84.3948678793963, 33.7766010881867], [-84.3948683653849, 33.7765861723045], [-84.3948940302526, 33.7765864836744], [-84.3948948459228, 33.7765671436493], [-84.3949250365029, 33.7765677350281], [-84.394953055855, 33.7765682838455], [-84.3949482076474, 33.7767697936818], [-84.3949463957454, 33.7768226584716], [-84.3949072157243, 33.7768219737586], [-84.3948810280371, 33.776821407769], [-84.3948641891172, 33.776821221097], [-84.3948303989877, 33.7768206304666], [-84.3948306747705, 33.7768096407096]]]}, "properties": {"OBJECTID": 230, "BUILDINGID": "362", "FACILITYKEY": "362", "SHORTNAME": "Phi Mu", "LONGNAME": "Phi Mu", "FLOORCOUNT": null, "BLGHEIGHT": null, "BLDGAREA": null, "BLDGTYPE": "Greek Housing", "OPERHOURS": null, "OPERDATE": null, "ACCESSTYPE": null, "CONDITION": null, "OWNEDBY": null, "MAINTBY": null, "LASTUPDATE": null, "LASTEDITOR": null, "created_user": "dsimsGT", "created_date": 1629733913625, "last_edited_user": "dsimsGT", "last_edited_date": 1713903039645, "cust_shift1": null, "cust_shift2": null, "cust_shift3": null, "Shape__Area": 724.921875, "Shape__Length": 142.0903571788579, "GlobalID": "976cbf6f-c0ef-41eb-b1d6-f2de5a26448e", "cust_zone": null}}, {"type": "Feature", "id": 231, "geometry": {"type": "Polygon", "coordinates": [[[-84.392743083475, 33.7767664828644], [-84.3927438102121, 33.7767341766281], [-84.3927342036285, 33.7767339324608], [-84.3927377043631, 33.776603937556], [-84.3927475750514, 33.7765965176967], [-84.3927483215515, 33.7765337688236], [-84.3928015700882, 33.7765346655991], [-84.3928161003379, 33.7765348724324], [-84.3928178340864, 33.7765350247572], [-84.3928179122399, 33.776587952414], [-84.392848131566, 33.7765893711253], [-84.3928494493946, 33.7766419321238], [-84.3928999374085, 33.7766421792781], [-84.392900674027, 33.7765050033078], [-84.3930294538112, 33.7765070186266], [-84.3930213644821, 33.776753131324], [-84.3929120943092, 33.7767509972876], [-84.3929086834061, 33.7767701371585], [-84.3928528180769, 33.7767684638293], [-84.3928515433675, 33.7767481621103], [-84.3928061317332, 33.7767470211698], [-84.3928054067928, 33.7767677178874], [-84.392743083475, 33.7767664828644]]]}, "properties": {"OBJECTID": 231, "BUILDINGID": "335", "FACILITYKEY": "335", "SHORTNAME": "Delta Chi", "LONGNAME": "Delta Chi", "FLOORCOUNT": null, "BLGHEIGHT": null, "BLDGAREA": null, "BLDGTYPE": "Greek Housing", "OPERHOURS": null, "OPERDATE": null, "ACCESSTYPE": null, "CONDITION": null, "OWNEDBY": null, "MAINTBY": null, "LASTUPDATE": null, "LASTEDITOR": null, "created_user": "dsimsGT", "created_date": 1629733913625, "last_edited_user": "wsims6_GTFacilities", "last_edited_date": 1770754410783, "cust_shift1": null, "cust_shift2": null, "cust_shift3": null, "Shape__Area": 896.70703125, "Shape__Length": 167.71277621995034, "GlobalID": "5abda61c-0621-4219-b6b6-5e9439b6943e", "cust_zone": null}}, {"type": "Feature", "id": 233, "geometry": {"type": "Polygon", "coordinates": [[[-84.3923380160454, 33.7767788659478], [-84.3922897324972, 33.7767781999016], [-84.3922897324972, 33.7767799859805], [-84.3922798258763, 33.7767798500832], [-84.3922730965965, 33.7767738168399], [-84.3922747602764, 33.7767725235752], [-84.3922650791326, 33.7767641464757], [-84.3922469331638, 33.776748443612], [-84.3922373068172, 33.7767401142981], [-84.392235776088, 33.7767413485748], [-84.3922289363154, 33.7767352518601], [-84.3922278960663, 33.7767272159938], [-84.3922300232769, 33.7767270293216], [-84.3922307688786, 33.7766866222383], [-84.392237234952, 33.7766867088543], [-84.3922373580212, 33.7766886278458], [-84.3922595491037, 33.7766890071639], [-84.3922640343919, 33.7765694680964], [-84.3922644179725, 33.7765358491037], [-84.3924130253717, 33.7765390232856], [-84.3924119644613, 33.7766177460939], [-84.3923710695563, 33.7766501845381], [-84.3923906788806, 33.7766672090603], [-84.3925224635294, 33.7766700972552], [-84.3925200605361, 33.7767591630755], [-84.3923775913253, 33.7767571992842], [-84.392377405374, 33.7767707322693], [-84.392348058312, 33.7767703268174], [-84.3923478516995, 33.7767807871773], [-84.3923379801128, 33.7767806520267], [-84.3923380160454, 33.7767788659478]]]}, "properties": {"OBJECTID": 233, "BUILDINGID": "309", "FACILITYKEY": "309", "SHORTNAME": "Delta Upsilon", "LONGNAME": "Delta Upsilon", "FLOORCOUNT": null, "BLGHEIGHT": null, "BLDGAREA": null, "BLDGTYPE": "Greek Housing", "OPERHOURS": null, "OPERDATE": null, "ACCESSTYPE": null, "CONDITION": null, "OWNEDBY": null, "MAINTBY": null, "LASTUPDATE": null, "LASTEDITOR": null, "created_user": "dsimsGT", "created_date": 1629733913625, "last_edited_user": "dsimsGT", "last_edited_date": 1713903041228, "cust_shift1": null, "cust_shift2": null, "cust_shift3": null, "Shape__Area": 679.5, "Shape__Length": 132.97429699433567, "GlobalID": "d0ec1333-2e46-4d66-ae30-d3975bc24a35", "cust_zone": null}}, {"type": "Feature", "id": 235, "geometry": {"type": "Polygon", "coordinates": [[[-84.3922295822041, 33.7773623181576], [-84.3922259664851, 33.7772577667324], [-84.3922272205332, 33.7771326089042], [-84.3922272447877, 33.7771157689059], [-84.3922274693666, 33.7770663330792], [-84.3922510672108, 33.7770662740909], [-84.3922511103299, 33.7770569039276], [-84.3922987659557, 33.7770570443046], [-84.3922988162614, 33.7770560198513], [-84.3922987318197, 33.7770339970885], [-84.3922988683637, 33.7770326829206], [-84.3923556508728, 33.7770329143933], [-84.3923559015027, 33.7770221516562], [-84.3923952360341, 33.7770228542881], [-84.3923951938133, 33.777032965168], [-84.392443316563, 33.777033105545], [-84.3924432258332, 33.7770544495704], [-84.3924889707424, 33.7770545854672], [-84.3924888961822, 33.7770717024981], [-84.3925209516648, 33.777071800314], [-84.392520365065, 33.7772057183376], [-84.3925181641925, 33.7772057877793], [-84.3924585052779, 33.7772055152393], [-84.3923324015749, 33.77720513443], [-84.3923093759575, 33.7772050724552], [-84.3923091558703, 33.7772556185216], [-84.3923090310045, 33.7772628740532], [-84.3923290391808, 33.7772631383795], [-84.3923333403144, 33.7772633743317], [-84.3923331301086, 33.7772707859197], [-84.392401048134, 33.7772721262179], [-84.3924012376785, 33.777265362752], [-84.3924303871111, 33.7772659362055], [-84.3924308928627, 33.7772480516219], [-84.3924581917658, 33.7772492836512], [-84.3924575611485, 33.7772660161007], [-84.392484710033, 33.7772665514733], [-84.3924844746744, 33.7772748628155], [-84.3925218877094, 33.7772756005395], [-84.3925200767058, 33.7773568494479], [-84.39251928529, 33.777367824201], [-84.3922295822041, 33.7773623181576]]]}, "properties": {"OBJECTID": 235, "BUILDINGID": "327", "FACILITYKEY": "327", "SHORTNAME": "Tau Kappa Epsilon", "LONGNAME": "Tau Kappa Epsilon", "FLOORCOUNT": null, "BLGHEIGHT": null, "BLDGAREA": null, "BLDGTYPE": "Greek Housing", "OPERHOURS": null, "OPERDATE": null, "ACCESSTYPE": null, "CONDITION": null, "OWNEDBY": null, "MAINTBY": null, "LASTUPDATE": null, "LASTEDITOR": null, "created_user": "dsimsGT", "created_date": 1629733913625, "last_edited_user": "dsimsGT", "last_edited_date": 1713903042331, "cust_shift1": null, "cust_shift2": null, "cust_shift3": null, "Shape__Area": 1204.1953125, "Shape__Length": 209.93797163741488, "GlobalID": "b8d24b27-ac8c-47ac-a37b-e16a099521d9", "cust_zone": null}}, {"type": "Feature", "id": 236, "geometry": {"type": "Polygon", "coordinates": [[[-84.3931315895641, 33.7770370980766], [-84.3931261547566, 33.777321200531], [-84.3929480898026, 33.7773188395167], [-84.3929498783484, 33.7772253748127], [-84.3929520792208, 33.7771103173542], [-84.3929535255084, 33.7770347228675], [-84.3931315895641, 33.7770370980766]]]}, "properties": {"OBJECTID": 236, "BUILDINGID": "333", "FACILITYKEY": "333", "SHORTNAME": "Alpha Gamma Delta", "LONGNAME": "Alpha Gamma Delta", "FLOORCOUNT": null, "BLGHEIGHT": null, "BLDGAREA": null, "BLDGTYPE": "Greek Housing", "OPERHOURS": null, "OPERDATE": null, "ACCESSTYPE": null, "CONDITION": null, "OWNEDBY": null, "MAINTBY": null, "LASTUPDATE": null, "LASTEDITOR": null, "created_user": "dsimsGT", "created_date": 1629733913625, "last_edited_user": "wsims6_GTFacilities", "last_edited_date": 1770752499362, "cust_shift1": null, "cust_shift2": null, "cust_shift3": null, "Shape__Area": 754.41015625, "Shape__Length": 115.7576947756369, "GlobalID": "7aae2808-fa86-47b7-b2d7-52a1160e60ac", "cust_zone": null}}, {"type": "Feature", "id": 237, "geometry": {"type": "Polygon", "coordinates": [[[-84.3952099102458, 33.7767998680532], [-84.3952101608758, 33.7767929761196], [-84.395200277611, 33.7767926871512], [-84.3951656745063, 33.7767923772755], [-84.3951658460845, 33.7767834991499], [-84.3951133278781, 33.7767827912892], [-84.3951142154136, 33.7767218308728], [-84.3951150876777, 33.7766641767542], [-84.3951159545519, 33.7766023060382], [-84.3951258252403, 33.7766025024177], [-84.3951260498191, 33.7765943127207], [-84.395161359898, 33.7765950019157], [-84.3951803763342, 33.7765953730207], [-84.3952275459715, 33.7765962936896], [-84.3952974735281, 33.7765976593858], [-84.3953218412285, 33.7765981342807], [-84.3954098446853, 33.7765998524146], [-84.3954095724958, 33.7766082041428], [-84.3954195734399, 33.776608425163], [-84.3954195554736, 33.7766097736852], [-84.3954188547876, 33.7766275359449], [-84.3954188332281, 33.7766907544169], [-84.3954184020367, 33.7767078431463], [-84.3954171228358, 33.7767896839704], [-84.3953641976925, 33.776788970883], [-84.3953640476738, 33.7767967446558], [-84.3953291984307, 33.7767962749889], [-84.3953195568128, 33.7767961450651], [-84.3953194328453, 33.7768020797441], [-84.3953191768254, 33.776814223882], [-84.3953190995703, 33.7768178587602], [-84.3953188758898, 33.7768286148027], [-84.3953074843537, 33.776828367649], [-84.3952205975028, 33.7768264815148], [-84.3952089517434, 33.7768262291343], [-84.3952093434089, 33.776815469358], [-84.3952094943258, 33.7768113319585], [-84.3952099102458, 33.7767998680532]]]}, "properties": {"OBJECTID": 237, "BUILDINGID": "320", "FACILITYKEY": "320", "SHORTNAME": "Pi Kappa Alpha", "LONGNAME": "Pi Kappa Alpha", "FLOORCOUNT": null, "BLGHEIGHT": null, "BLDGAREA": null, "BLDGTYPE": "Greek Housing", "OPERHOURS": null, "OPERDATE": null, "ACCESSTYPE": null, "CONDITION": null, "OWNEDBY": null, "MAINTBY": null, "LASTUPDATE": null, "LASTEDITOR": null, "created_user": "dsimsGT", "created_date": 1629733913625, "last_edited_user": "dsimsGT", "last_edited_date": 1713903043466, "cust_shift1": null, "cust_shift2": null, "cust_shift3": null, "Shape__Area": 932.65234375, "Shape__Length": 129.40205128006778, "GlobalID": "afdebb08-c033-4513-8958-9317fc80ba2f", "cust_zone": null}}, {"type": "Feature", "id": 238, "geometry": {"type": "Polygon", "coordinates": [[[-84.393258889823, 33.777214055073], [-84.3932460052868, 33.7772133367623], [-84.3932462693915, 33.7772172277363], [-84.3932170013813, 33.7772172531236], [-84.3932173957417, 33.7771916754354], [-84.3932466853115, 33.7771915059379], [-84.393259599492, 33.7771888454995], [-84.3932607196912, 33.7771515463382], [-84.3932631433458, 33.777079757746], [-84.39345803644, 33.7770820343912], [-84.3934564329472, 33.7771418834835], [-84.3934882018672, 33.777141422032], [-84.3934863621175, 33.7772111116417], [-84.3934544719249, 33.7772113132466], [-84.3934523680705, 33.7772841508198], [-84.393435587541, 33.7772838409459], [-84.3932574156876, 33.7772805443354], [-84.3932583607153, 33.7772546149777], [-84.393258889823, 33.777214055073]]]}, "properties": {"OBJECTID": 238, "BUILDINGID": "338", "FACILITYKEY": "338", "SHORTNAME": "Zeta Tau Alpha", "LONGNAME": "Zeta Tau Alpha", "FLOORCOUNT": null, "BLGHEIGHT": null, "BLDGAREA": null, "BLDGTYPE": "Greek Housing", "OPERHOURS": null, "OPERDATE": null, "ACCESSTYPE": null, "CONDITION": null, "OWNEDBY": null, "MAINTBY": null, "LASTUPDATE": null, "LASTEDITOR": null, "created_user": "dsimsGT", "created_date": 1629733913625, "last_edited_user": "wsims6_GTFacilities", "last_edited_date": 1770752724552, "cust_shift1": null, "cust_shift2": null, "cust_shift3": null, "Shape__Area": 635.05859375, "Shape__Length": 114.50886638029525, "GlobalID": "77230cc3-07f2-4d43-8388-de13306f49b9", "cust_zone": null}}, {"type": "Feature", "id": 239, "geometry": {"type": "Polygon", "coordinates": [[[-84.3932207374745, 33.776775403553], [-84.3932218046731, 33.7766813147704], [-84.3932476006948, 33.7766815148831], [-84.3932489921852, 33.776567805217], [-84.3932685673735, 33.7765679665021], [-84.393409078257, 33.7765691134185], [-84.3934177676607, 33.7765691806207], [-84.3934168414977, 33.7766596607759], [-84.3934165764947, 33.7766811154043], [-84.3934283983238, 33.7766812169541], [-84.3934462173058, 33.7766813700254], [-84.3934461095079, 33.7766901675191], [-84.3934456522655, 33.7767272645286], [-84.3934455211114, 33.7767378667646], [-84.3934448931891, 33.7767773217959], [-84.3933820892726, 33.7767767849268], [-84.3932351913675, 33.7767755275033], [-84.3932207374745, 33.776775403553]]]}, "properties": {"OBJECTID": 239, "BUILDINGID": "326", "FACILITYKEY": "326", "SHORTNAME": "Sigma Phi Epsilon", "LONGNAME": "Sigma Phi Epsilon", "FLOORCOUNT": null, "BLGHEIGHT": null, "BLDGAREA": null, "BLDGTYPE": "Greek Housing", "OPERHOURS": null, "OPERDATE": null, "ACCESSTYPE": null, "CONDITION": null, "OWNEDBY": null, "MAINTBY": null, "LASTUPDATE": null, "LASTEDITOR": null, "created_user": "dsimsGT", "created_date": 1629733913625, "last_edited_user": "dsimsGT", "last_edited_date": 1713903044633, "cust_shift1": null, "cust_shift2": null, "cust_shift3": null, "Shape__Area": 601.96875, "Shape__Length": 105.58782377238711, "GlobalID": "538d4c46-1a10-40f9-9818-fc270826dc59", "cust_zone": null}}, {"type": "Feature", "id": 240, "geometry": {"type": "Polygon", "coordinates": [[[-84.3932191384733, 33.777764289015], [-84.3932191528464, 33.7777696710838], [-84.3931036735183, 33.7777700914646], [-84.3931035118215, 33.7776650044203], [-84.3931098790803, 33.7776571724851], [-84.3931098233847, 33.7776358607172], [-84.3931097335532, 33.7776017441065], [-84.3931069784202, 33.7776017493333], [-84.3931033456332, 33.7776017560534], [-84.3931030635622, 33.7774944399561], [-84.3932451788368, 33.777494179364], [-84.3932452183627, 33.7775094512554], [-84.393245452823, 33.7775985109762], [-84.3932544446653, 33.7775987304234], [-84.3932629666414, 33.7776011249279], [-84.3932702743988, 33.7776054853413], [-84.3932757296413, 33.7776114308031], [-84.3934026094886, 33.7776111978385], [-84.3934222655254, 33.7776111619979], [-84.3934226814453, 33.7777692969971], [-84.3934011784724, 33.7777693365712], [-84.3933557255156, 33.7777694201993], [-84.3932946400763, 33.7777695322013], [-84.393294639178, 33.7777689229105], [-84.3932946266016, 33.7777641501325], [-84.3932679771804, 33.7777641994134], [-84.3932191384733, 33.777764289015]]]}, "properties": {"OBJECTID": 240, "BUILDINGID": "315", "FACILITYKEY": "315", "SHORTNAME": "Phi Gamma Delta", "LONGNAME": "Phi Gamma Delta", "FLOORCOUNT": null, "BLGHEIGHT": null, "BLDGAREA": null, "BLDGTYPE": "Greek Housing", "OPERHOURS": null, "OPERDATE": null, "ACCESSTYPE": null, "CONDITION": null, "OWNEDBY": null, "MAINTBY": null, "LASTUPDATE": null, "LASTEDITOR": null, "created_user": "dsimsGT", "created_date": 1629733913625, "last_edited_user": "wsims6_GTFacilities", "last_edited_date": 1770752053047, "cust_shift1": null, "cust_shift2": null, "cust_shift3": null, "Shape__Area": 993.3352502286434, "Shape__Length": 146.1044611067852, "GlobalID": "e21711fe-4f55-4fb0-9c96-ab87480cdfc1", "cust_zone": null}}, {"type": "Feature", "id": 241, "geometry": {"type": "Polygon", "coordinates": [[[-84.3916020083668, 33.7775602920814], [-84.39160334506, 33.7774998407089], [-84.3916473472375, 33.7775005425902], [-84.3916636265071, 33.7775008016889], [-84.3918796039593, 33.7775042446406], [-84.391878839493, 33.7775441533014], [-84.3919074481399, 33.777544609524], [-84.3919063297373, 33.7776028850356], [-84.3919030383101, 33.7776028350079], [-84.3919030751411, 33.7776009108101], [-84.3916012115612, 33.7775962978126], [-84.3916020083668, 33.7775602920814]]]}, "properties": {"OBJECTID": 241, "BUILDINGID": "321", "FACILITYKEY": "321", "SHORTNAME": "Psi Upsilon", "LONGNAME": "Psi Upsilon", "FLOORCOUNT": null, "BLGHEIGHT": null, "BLDGAREA": null, "BLDGTYPE": "Greek Housing", "OPERHOURS": null, "OPERDATE": null, "ACCESSTYPE": null, "CONDITION": null, "OWNEDBY": null, "MAINTBY": null, "LASTUPDATE": null, "LASTEDITOR": null, "created_user": "dsimsGT", "created_date": 1629733913625, "last_edited_user": "dsimsGT", "last_edited_date": 1713903045645, "cust_shift1": null, "cust_shift2": null, "cust_shift3": null, "Shape__Area": 421.375, "Shape__Length": 94.24846730594386, "GlobalID": "46f9fd1d-ca58-4b89-92ce-b5e1b3b384d5", "cust_zone": null}}, {"type": "Feature", "id": 242, "geometry": {"type": "Polygon", "coordinates": [[[-84.3916356251214, 33.7766459067531], [-84.3916399334415, 33.7765376426546], [-84.3916408946389, 33.7765176014759], [-84.3915831338644, 33.7765161379619], [-84.3914706019088, 33.7765130160476], [-84.3914739894557, 33.7763855371594], [-84.3918457671175, 33.7763933005152], [-84.3918423858588, 33.7764792469478], [-84.3918813278263, 33.7764826660464], [-84.3918767392319, 33.7765980207838], [-84.3918763475664, 33.7766034537008], [-84.3918534782559, 33.7766029586453], [-84.3918417022408, 33.7766026286083], [-84.3918297438678, 33.776602916084], [-84.3918295740862, 33.7766138961605], [-84.3918247797775, 33.7766734065829], [-84.3916369618145, 33.7766681842368], [-84.3916356251214, 33.7766459067531]]]}, "properties": {"OBJECTID": 242, "BUILDINGID": "310", "FACILITYKEY": "310", "SHORTNAME": "Kappa Alpha", "LONGNAME": "Kappa Alpha", "FLOORCOUNT": null, "BLGHEIGHT": null, "BLDGAREA": null, "BLDGTYPE": "Greek Housing", "OPERHOURS": null, "OPERDATE": null, "ACCESSTYPE": null, "CONDITION": null, "OWNEDBY": null, "MAINTBY": null, "LASTUPDATE": null, "LASTEDITOR": null, "created_user": "dsimsGT", "created_date": 1629733913625, "last_edited_user": "dsimsGT", "last_edited_date": 1713903046120, "cust_shift1": null, "cust_shift2": null, "cust_shift3": null, "Shape__Area": 1222.81640625, "Shape__Length": 165.25280099649885, "GlobalID": "838057df-f488-4e32-9cc7-a4aff280f578", "cust_zone": null}}, {"type": "Feature", "id": 243, "geometry": {"type": "Polygon", "coordinates": [[[-84.3919880890046, 33.7772432765748], [-84.391885441212, 33.7772422394301], [-84.3918844872012, 33.777276261355], [-84.391750265423, 33.7772744088316], [-84.3917544946914, 33.7770315890251], [-84.391891296431, 33.7770334766481], [-84.3918903424202, 33.7770675031361], [-84.3919916337567, 33.7770689382666], [-84.3919880890046, 33.7772432765748]]]}, "properties": {"OBJECTID": 243, "BUILDINGID": "319", "FACILITYKEY": "319", "SHORTNAME": "Phi Sigma Kappa", "LONGNAME": "Phi Sigma Kappa", "FLOORCOUNT": null, "BLGHEIGHT": null, "BLDGAREA": null, "BLDGTYPE": null, "OPERHOURS": null, "OPERDATE": null, "ACCESSTYPE": null, "CONDITION": null, "OWNEDBY": null, "MAINTBY": null, "LASTUPDATE": null, "LASTEDITOR": null, "created_user": "dsimsGT", "created_date": 1658947068041, "last_edited_user": "dsimsGT", "last_edited_date": 1713903046670, "cust_shift1": null, "cust_shift2": null, "cust_shift3": null, "Shape__Area": 756.08984375, "Shape__Length": 117.8698567993483, "GlobalID": "c494322f-aa3d-4cd1-89e9-e75bde9a457d", "cust_zone": null}}, {"type": "Feature", "id": 244, "geometry": {"type": "Polygon", "coordinates": [[[-84.391536852661, 33.7771916343677], [-84.3915675669589, 33.777191849413], [-84.3915690761285, 33.7770420762338], [-84.3916269402092, 33.7770424831778], [-84.3916270237526, 33.7770342322946], [-84.39162640661, 33.777034233788], [-84.3916264991364, 33.7770250734401], [-84.3916271153807, 33.7770250779202], [-84.391627235755, 33.777013169765], [-84.3916432778693, 33.777013281768], [-84.391643356921, 33.7770054953211], [-84.3916916225029, 33.7770058343168], [-84.3916915452478, 33.7770136207637], [-84.3917075873622, 33.7770137335133], [-84.3917074867509, 33.7770238100467], [-84.3917081029952, 33.7770238137801], [-84.3917080104687, 33.7770329748749], [-84.3917073942244, 33.7770329711415], [-84.3917072469007, 33.777047627099], [-84.391707863145, 33.7770476315792], [-84.3917077715168, 33.7770567859512], [-84.3917071534759, 33.7770567874446], [-84.391706766302, 33.7770952619305], [-84.3917066746739, 33.7771044215243], [-84.3917063315174, 33.7771385443065], [-84.3917062380926, 33.7771477053891], [-84.391705655086, 33.7772057594052], [-84.3917055625595, 33.7772149204806], [-84.3917045726161, 33.7773132804556], [-84.3915663551315, 33.7773123097665], [-84.3915666776267, 33.7772802486485], [-84.3915315750587, 33.7772800022427], [-84.3915317484335, 33.7772628262654], [-84.3915224239209, 33.7772627605572], [-84.3915229682999, 33.7772087140369], [-84.3915322919143, 33.7772087789985], [-84.3915324652891, 33.7771916037536], [-84.3915335621321, 33.7771916112205], [-84.391536852661, 33.7771916343677]]]}, "properties": {"OBJECTID": 244, "BUILDINGID": "306", "FACILITYKEY": "306", "SHORTNAME": "Kappa Alpha Theta", "LONGNAME": "Kappa Alpha Theta", "FLOORCOUNT": null, "BLGHEIGHT": null, "BLDGAREA": null, "BLDGTYPE": null, "OPERHOURS": null, "OPERDATE": null, "ACCESSTYPE": null, "CONDITION": null, "OWNEDBY": null, "MAINTBY": null, "LASTUPDATE": null, "LASTEDITOR": null, "created_user": "dsimsGT", "created_date": 1658947072808, "last_edited_user": "dsimsGT", "last_edited_date": 1713903047183, "cust_shift1": null, "cust_shift2": null, "cust_shift3": null, "Shape__Area": 651.640625, "Shape__Length": 123.39864204260854, "GlobalID": "5275d004-8ae0-4a96-82f4-80e1d9f34dba", "cust_zone": null}}, {"type": "Feature", "id": 245, "geometry": {"type": "Polygon", "coordinates": [[[-84.3931387518318, 33.7757192299805], [-84.3930106906999, 33.7756569068294], [-84.3930418802065, 33.7756278639941], [-84.3927900240419, 33.775486221135], [-84.3929490249488, 33.7752900240475], [-84.3930652534719, 33.7753369086751], [-84.3931243212951, 33.7755729435512], [-84.3931113702836, 33.7756008275287], [-84.3931387518318, 33.7757192299805]]]}, "properties": {"OBJECTID": 245, "BUILDINGID": null, "FACILITYKEY": null, "SHORTNAME": "Catholic Center", "LONGNAME": "Catholic Center at Georgia Tech", "FLOORCOUNT": 1, "BLGHEIGHT": null, "BLDGAREA": null, "BLDGTYPE": null, "OPERHOURS": null, "OPERDATE": null, "ACCESSTYPE": null, "CONDITION": null, "OWNEDBY": null, "MAINTBY": null, "LASTUPDATE": null, "LASTEDITOR": null, "created_user": "dsimsGT", "created_date": 1675359726220, "last_edited_user": "dsimsGT", "last_edited_date": 1713903047890, "cust_shift1": null, "cust_shift2": null, "cust_shift3": null, "Shape__Area": 1086.5859375, "Shape__Length": 154.08331555119074, "GlobalID": "889c742a-48d1-4b4e-9c05-a67a94f0a2f5", "cust_zone": null}}, {"type": "Feature", "id": 246, "geometry": {"type": "Polygon", "coordinates": [[[-84.3924523275636, 33.7749394036678], [-84.3921334714519, 33.7749342416991], [-84.3921376180752, 33.7746025123115], [-84.3923766992982, 33.7746045075139], [-84.3923743250509, 33.7748022742534], [-84.3924531243693, 33.7748029328479], [-84.3924523275636, 33.7749394036678]]]}, "properties": {"OBJECTID": 246, "BUILDINGID": null, "FACILITYKEY": null, "SHORTNAME": "BCM", "LONGNAME": "Baptist Christian Ministry at GT", "FLOORCOUNT": 1, "BLGHEIGHT": null, "BLDGAREA": null, "BLDGTYPE": null, "OPERHOURS": null, "OPERDATE": null, "ACCESSTYPE": null, "CONDITION": null, "OWNEDBY": null, "MAINTBY": null, "LASTUPDATE": null, "LASTEDITOR": null, "created_user": "dsimsGT", "created_date": 1675359781861, "last_edited_user": "dsimsGT", "last_edited_date": 1713903048461, "cust_shift1": null, "cust_shift2": null, "cust_shift3": null, "Shape__Area": 1347.05078125, "Shape__Length": 160.0809479166835, "GlobalID": "8a5de429-cee9-4722-88d1-f02782c270a0", "cust_zone": null}}, {"type": "Feature", "id": 247, "geometry": {"type": "Polygon", "coordinates": [[[-84.3923241963631, 33.7745510014265], [-84.392180942923, 33.7745487553289], [-84.3921849341379, 33.7743726634902], [-84.3923698119149, 33.7743755958182], [-84.3923688004119, 33.7744202355921], [-84.3924845321666, 33.7744220717497], [-84.3924828846563, 33.7745060831985], [-84.392324167617, 33.7745054089209], [-84.3923241963631, 33.7745510014265]]]}, "properties": {"OBJECTID": 247, "BUILDINGID": null, "FACILITYKEY": null, "SHORTNAME": "Presbyterian Student Cent", "LONGNAME": "Presbyterian Student Center", "FLOORCOUNT": 1, "BLGHEIGHT": null, "BLDGAREA": null, "BLDGTYPE": null, "OPERHOURS": null, "OPERDATE": null, "ACCESSTYPE": null, "CONDITION": null, "OWNEDBY": null, "MAINTBY": null, "LASTUPDATE": null, "LASTEDITOR": null, "created_user": "dsimsGT", "created_date": 1675359834842, "last_edited_user": "dsimsGT", "last_edited_date": 1713903049012, "cust_shift1": null, "cust_shift2": null, "cust_shift3": null, "Shape__Area": 602.98046875, "Shape__Length": 114.01210105774484, "GlobalID": "4480024a-4172-4f5e-94ab-89d3b59f0343", "cust_zone": null}}, {"type": "Feature", "id": 248, "geometry": {"type": "Polygon", "coordinates": [[[-84.3917561583713, 33.7757351443483], [-84.3914804986482, 33.7757330528482], [-84.3914822404816, 33.7756288399291], [-84.3915406004323, 33.7756293036289], [-84.3915407585358, 33.7756095004346], [-84.3914817419166, 33.7756093107731], [-84.3914829330827, 33.7754906169566], [-84.3917578516956, 33.7754917078849], [-84.3917570225506, 33.7756108728669], [-84.3917034685866, 33.7756105779209], [-84.3917033122797, 33.7756302638833], [-84.3917567898869, 33.7756305595759], [-84.3917561583713, 33.7757351443483]]]}, "properties": {"OBJECTID": 248, "BUILDINGID": null, "FACILITYKEY": null, "SHORTNAME": "CCF", "LONGNAME": "Campus Christian Fellowship", "FLOORCOUNT": null, "BLGHEIGHT": null, "BLDGAREA": null, "BLDGTYPE": null, "OPERHOURS": null, "OPERDATE": null, "ACCESSTYPE": null, "CONDITION": null, "OWNEDBY": null, "MAINTBY": null, "LASTUPDATE": null, "LASTEDITOR": null, "created_user": "dsimsGT", "created_date": 1675359894314, "last_edited_user": "dsimsGT", "last_edited_date": 1713903049587, "cust_shift1": null, "cust_shift2": null, "cust_shift3": null, "Shape__Area": 963.4296875, "Shape__Length": 151.38179459495626, "GlobalID": "51970bc4-a068-44e6-9f1a-9542da90070b", "cust_zone": null}}, {"type": "Feature", "id": 249, "geometry": {"type": "Polygon", "coordinates": [[[-84.3934216438912, 33.7761871453588], [-84.3931998489492, 33.7761320617484], [-84.3932380102808, 33.7760248931489], [-84.3934586266331, 33.7760796781504], [-84.3934387810519, 33.7761354099249], [-84.3935043634575, 33.7761516968158], [-84.3934970430863, 33.7761722495653], [-84.3934326365753, 33.7761562553825], [-84.3934216438912, 33.7761871453588]]]}, "properties": {"OBJECTID": 249, "BUILDINGID": null, "FACILITYKEY": null, "SHORTNAME": "Wesley Foundation", "LONGNAME": "The Wesley Foundation at Georgia Tech", "FLOORCOUNT": null, "BLGHEIGHT": null, "BLDGAREA": null, "BLDGTYPE": null, "OPERHOURS": null, "OPERDATE": null, "ACCESSTYPE": null, "CONDITION": null, "OWNEDBY": null, "MAINTBY": null, "LASTUPDATE": null, "LASTEDITOR": null, "created_user": "dsimsGT", "created_date": 1675359936625, "last_edited_user": "dsimsGT", "last_edited_date": 1713903050093, "cust_shift1": null, "cust_shift2": null, "cust_shift3": null, "Shape__Area": 406.125, "Shape__Length": 96.43882476045307, "GlobalID": "71108394-2d11-47cd-a846-ca58aac4f8b4", "cust_zone": null}}, {"type": "Feature", "id": 250, "geometry": {"type": "Polygon", "coordinates": [[[-84.3931888571634, 33.7767481919779], [-84.3931250040147, 33.7767470741847], [-84.3931248126735, 33.7767593758818], [-84.3930994658095, 33.7767590988603], [-84.3930947280947, 33.7767464357658], [-84.3930612685453, 33.7767459578849], [-84.3930653738461, 33.7766073641165], [-84.3931053246218, 33.7766081272337], [-84.3931038738426, 33.77665078413], [-84.3931923129823, 33.7766532952471], [-84.3931888571634, 33.7767481919779]]]}, "properties": {"OBJECTID": 250, "BUILDINGID": null, "FACILITYKEY": null, "SHORTNAME": "Grace House", "LONGNAME": "Grace House - Lutheran & Episcopalian Campus Ministry", "FLOORCOUNT": null, "BLGHEIGHT": null, "BLDGAREA": null, "BLDGTYPE": null, "OPERHOURS": null, "OPERDATE": null, "ACCESSTYPE": null, "CONDITION": null, "OWNEDBY": null, "MAINTBY": null, "LASTUPDATE": null, "LASTEDITOR": null, "created_user": "dsimsGT", "created_date": 1675359971475, "last_edited_user": "dsimsGT", "last_edited_date": 1713903050583, "cust_shift1": null, "cust_shift2": null, "cust_shift3": null, "Shape__Area": 212.77734375, "Shape__Length": 68.37626703917314, "GlobalID": "5a81b51a-bd1f-49cd-997e-f428c5dce83c", "cust_zone": null}}, {"type": "Feature", "id": 251, "geometry": {"type": "Polygon", "coordinates": [[[-84.392582130529, 33.7767494889762], [-84.392582506923, 33.7767313884917], [-84.3925829111649, 33.7767119999646], [-84.3925846449134, 33.7766286940609], [-84.3925848820687, 33.7766168470792], [-84.3925851093424, 33.7766064270205], [-84.3925853824303, 33.7765933196229], [-84.3925890098274, 33.7765933644243], [-84.3926136191746, 33.7765936683272], [-84.3926371640182, 33.776593960283], [-84.3926970196639, 33.7765947002529], [-84.3926958141248, 33.7766541994882], [-84.3926993894196, 33.7766542510099], [-84.3926985710544, 33.7766935261275], [-84.3926949957595, 33.7766934738593], [-84.3926946328402, 33.7767109299591], [-84.392698208135, 33.7767109814807], [-84.3926974571434, 33.7767470420771], [-84.3926938809503, 33.7767469898088], [-84.3926934838949, 33.7767660535185], [-84.3925818188135, 33.776764430964], [-84.392582130529, 33.7767494889762]]]}, "properties": {"OBJECTID": 251, "BUILDINGID": "720", "FACILITYKEY": "720", "SHORTNAME": "Heffernan House", "LONGNAME": "Heffernan House", "FLOORCOUNT": 3, "BLGHEIGHT": 4375, "BLDGAREA": 4375, "BLDGTYPE": null, "OPERHOURS": null, "OPERDATE": null, "ACCESSTYPE": null, "CONDITION": null, "OWNEDBY": null, "MAINTBY": null, "LASTUPDATE": null, "LASTEDITOR": null, "created_user": "dsimsGT", "created_date": 1675360451855, "last_edited_user": "dsimsGT", "last_edited_date": 1713903051172, "cust_shift1": null, "cust_shift2": null, "cust_shift3": null, "Shape__Area": 289.15234375, "Shape__Length": 72.32492553938536, "GlobalID": "9f731c54-d2df-4dc4-89fd-da7bd812d7df", "cust_zone": null}}, {"type": "Feature", "id": 252, "geometry": {"type": "Polygon", "coordinates": [[[-84.4032331952396, 33.7704036373563], [-84.4032096000904, 33.7704036343694], [-84.4032096027853, 33.7703857304313], [-84.4031973326969, 33.7703857296845], [-84.40319734168, 33.7703257115885], [-84.403231318659, 33.7703257153222], [-84.4032331952396, 33.7704036373563]]]}, "properties": {"OBJECTID": 252, "BUILDINGID": "185", "FACILITYKEY": "185", "SHORTNAME": "Strong St Gate House", "LONGNAME": "Strong Street Gate House", "FLOORCOUNT": 1, "BLGHEIGHT": null, "BLDGAREA": 291, "BLDGTYPE": null, "OPERHOURS": null, "OPERDATE": null, "ACCESSTYPE": null, "CONDITION": null, "OWNEDBY": null, "MAINTBY": null, "LASTUPDATE": null, "LASTEDITOR": null, "created_user": "dsimsGT", "created_date": 1675361814682, "last_edited_user": "dsimsGT", "last_edited_date": 1713903051716, "cust_shift1": null, "cust_shift2": null, "cust_shift3": null, "Shape__Area": 37.296875, "Shape__Length": 28.64669095622856, "GlobalID": "1b96d730-3525-41f2-b256-5a70ecdc7d49", "cust_zone": null}}, {"type": "Feature", "id": 253, "geometry": {"type": "Polygon", "coordinates": [[[-84.397888854408, 33.7734069050558], [-84.3980459589714, 33.7734075061637], [-84.3980455798824, 33.7734768232122], [-84.3978884744207, 33.7734762221048], [-84.397888854408, 33.7734069050558]]]}, "properties": {"OBJECTID": 253, "BUILDINGID": "213", "FACILITYKEY": "213", "SHORTNAME": "Reck Garage", "LONGNAME": "Reck Garage", "FLOORCOUNT": 1, "BLGHEIGHT": 20, "BLDGAREA": 1973, "BLDGTYPE": "Administration", "OPERHOURS": null, "OPERDATE": 1678320000000, "ACCESSTYPE": null, "CONDITION": null, "OWNEDBY": null, "MAINTBY": null, "LASTUPDATE": null, "LASTEDITOR": null, "created_user": "wsims6_GTFacilities", "created_date": 1678798693825, "last_edited_user": "dsimsGT", "last_edited_date": 1713903052324, "cust_shift1": null, "cust_shift2": null, "cust_shift3": null, "Shape__Area": 162.3515625, "Shape__Length": 53.54406282604521, "GlobalID": "627845d0-6b1e-49dc-a834-31344c54541e", "cust_zone": null}}, {"type": "Feature", "id": 254, "geometry": {"type": "Polygon", "coordinates": [[[-84.4075724452358, 33.7738567140508], [-84.4071998096829, 33.7741472091958], [-84.4068774564297, 33.7738416976311], [-84.4072696545946, 33.7735364291534], [-84.4073914391977, 33.7736652496491], [-84.4073729482758, 33.7736704714315], [-84.4075724452358, 33.7738567140508]]]}, "properties": {"OBJECTID": 254, "BUILDINGID": "236", "FACILITYKEY": "236", "SHORTNAME": "600 Means St", "LONGNAME": "600 Means Street", "FLOORCOUNT": 1, "BLGHEIGHT": null, "BLDGAREA": 23788, "BLDGTYPE": "Administration", "OPERHOURS": null, "OPERDATE": null, "ACCESSTYPE": null, "CONDITION": null, "OWNEDBY": 1, "MAINTBY": 5, "LASTUPDATE": null, "LASTEDITOR": null, "created_user": "dsimsGT", "created_date": 1680191326539, "last_edited_user": "dsimsGT", "last_edited_date": 1713903052920, "cust_shift1": null, "cust_shift2": null, "cust_shift3": null, "Shape__Area": 3138.4765625, "Shape__Length": 228.6132467419065, "GlobalID": "d519ef89-bb35-49bf-b261-1cc24f066561", "cust_zone": null}}, {"type": "Feature", "id": 257, "geometry": {"type": "MultiPolygon", "coordinates": [[[[-84.4062964440703, 33.7799624514336], [-84.4062962500342, 33.7799295543004], [-84.4062916560498, 33.7799297924853], [-84.4062916461683, 33.7799262495786], [-84.4062965150372, 33.779926235392], [-84.4062967485991, 33.7799116083001], [-84.4062916749144, 33.7799116083001], [-84.406291665033, 33.7799079489134], [-84.406296189847, 33.7799079399535], [-84.4062961431347, 33.7798911766602], [-84.4062977888482, 33.7798911736736], [-84.4062977654921, 33.7798829290381], [-84.4062961197784, 33.7798829320247], [-84.4062962078133, 33.7798774694493], [-84.4062962024235, 33.7798756535685], [-84.4065034033353, 33.7798752511179], [-84.4065034635225, 33.7798966355015], [-84.4065253006687, 33.7798965929418], [-84.4065253096518, 33.77989962812], [-84.406520372511, 33.7798996378266], [-84.4065204785122, 33.7799375965863], [-84.406525415653, 33.7799375868797], [-84.4065254237379, 33.7799406220566], [-84.4065035856933, 33.7799406646163], [-84.4065036449821, 33.7799620489834], [-84.4063325949722, 33.7799623812475], [-84.4063325958706, 33.7799624954866], [-84.4062964440703, 33.7799624514336]]], [[[-84.4068319702353, 33.7803311920476], [-84.4068319046583, 33.7803077171309], [-84.4067500375932, 33.7803077903034], [-84.4067500339999, 33.7803065023187], [-84.4067357382105, 33.7803065306917], [-84.4067357418038, 33.7803078179297], [-84.4066421984366, 33.7803080001142], [-84.4066422029282, 33.7803065403983], [-84.4066279035455, 33.7803065680246], [-84.4066279080371, 33.7803080277405], [-84.4064856984394, 33.7803083040039], [-84.4064856696933, 33.7803059572585], [-84.4064757981066, 33.7803059766716], [-84.4064758043948, 33.780308323417], [-84.4064544208978, 33.7803083652298], [-84.4064544146096, 33.7803060177378], [-84.4064444388184, 33.7803060117646], [-84.4064444451066, 33.7803082987773], [-84.4063487969867, 33.7803084846951], [-84.4063486855956, 33.7802684922031], [-84.4063502289013, 33.7802684892165], [-84.4063502055451, 33.7802602446174], [-84.4063486622394, 33.7802602401374], [-84.4063485688146, 33.7802266965124], [-84.4063501121203, 33.7802267002457], [-84.4063500887641, 33.7802184489226], [-84.4063500761877, 33.7802138681723], [-84.4063485337803, 33.780213871159], [-84.4063484655084, 33.7801895099261], [-84.4063652990385, 33.7801895629389], [-84.4063652990385, 33.7801894195804], [-84.4063783264067, 33.780189394194], [-84.4063783264067, 33.7801895375524], [-84.406403146858, 33.7801894890196], [-84.4064031459597, 33.7801893456612], [-84.406416173328, 33.7801893202747], [-84.4064161742263, 33.7801894636332], [-84.4064409946776, 33.780189415847], [-84.4064409937793, 33.7801892724886], [-84.4064540211475, 33.7801892471022], [-84.4064540211475, 33.7801893904607], [-84.406478001674, 33.7801893434211], [-84.4064780079622, 33.7801914908118], [-84.4064993483401, 33.7801914489989], [-84.4064993528317, 33.7801893023549], [-84.4065092154352, 33.7801892829418], [-84.4065092154352, 33.7801891395833], [-84.4065371907698, 33.7801890850772], [-84.4065371907698, 33.7801892284357], [-84.4065470641531, 33.7801892097692], [-84.4065470632548, 33.7801890656641], [-84.406575037691, 33.7801890119047], [-84.4065750385893, 33.7801891552632], [-84.4065849119726, 33.78018913585], [-84.4065849110743, 33.7801889924915], [-84.4066128855106, 33.7801889379855], [-84.4066128855106, 33.7801890813439], [-84.4066227588939, 33.7801890619308], [-84.4066227588939, 33.7801889185723], [-84.4066360270106, 33.7801888931859], [-84.4066360270106, 33.7801890365444], [-84.4066590652044, 33.7801889917449], [-84.4066589852543, 33.7801603932149], [-84.40665903556, 33.7801603932149], [-84.4066627222459, 33.7801603857483], [-84.4066637849529, 33.780160384255], [-84.4066635864252, 33.7800894448965], [-84.4066581363464, 33.7800893702305], [-84.406658121075, 33.7800838733219], [-84.4066752043368, 33.7800838404689], [-84.406675224998, 33.7800835537516], [-84.4066752294896, 33.7800725181203], [-84.4066751827772, 33.7800559713906], [-84.4066749375371, 33.7799804384897], [-84.4066749375371, 33.7799803242506], [-84.406664725489, 33.7799803436638], [-84.4066646967429, 33.7799702674782], [-84.406669287134, 33.7799702585183], [-84.4066691173524, 33.7799095393019], [-84.4066657747212, 33.7799095460218], [-84.406665654347, 33.7798663762985], [-84.4066614592146, 33.7798663845118], [-84.4066609085473, 33.7798303864548], [-84.4066695925612, 33.7798130146168], [-84.4066700408205, 33.7797735005041], [-84.406755538876, 33.779772647069], [-84.4067555137232, 33.7797637431192], [-84.4067704949272, 33.7797637139993], [-84.4068461896679, 33.7797634944805], [-84.4068461896679, 33.7797633877078], [-84.4068593535801, 33.7797634347475], [-84.4068593544784, 33.7797635415203], [-84.4068840374875, 33.7797634929872], [-84.4068840365892, 33.779763349628], [-84.4068972013997, 33.7797633242415], [-84.4068972013997, 33.7797634676007], [-84.406922055987, 33.7797634190676], [-84.406922055987, 33.7797632757084], [-84.4069352198991, 33.7797632503219], [-84.4069352207975, 33.7797633936811], [-84.4069597322283, 33.7797633458947], [-84.40695973133, 33.7797632025355], [-84.4069728961405, 33.779763177149], [-84.4069728961405, 33.7797633205082], [-84.4069975791495, 33.7797632719751], [-84.4069975791495, 33.7797631286159], [-84.4070107430617, 33.7797631032294], [-84.40701074396, 33.7797632465886], [-84.407028845013, 33.7797632114954], [-84.4070288441147, 33.7797630681362], [-84.4070551728373, 33.7797630166165], [-84.4070551737356, 33.7797631599757], [-84.4070666928325, 33.7797631375759], [-84.4070666928325, 33.7797629942166], [-84.4070930215552, 33.7797629426969], [-84.4070930215552, 33.7797630860561], [-84.4071045406521, 33.7797630636562], [-84.4071045397538, 33.7797629202971], [-84.4071308684764, 33.7797628687774], [-84.4071308693748, 33.7797630121365], [-84.4071409817099, 33.7797629068571], [-84.4071410733381, 33.7797956457619], [-84.4071411290336, 33.7798154957748], [-84.4071412314416, 33.7798154950282], [-84.4071412521028, 33.7798292365955], [-84.4071411676612, 33.7798292365955], [-84.4071412763573, 33.7798683915382], [-84.40713973395, 33.7798683945248], [-84.4071399288844, 33.7798766458817], [-84.4071412997135, 33.7798766503616], [-84.4071413140865, 33.7798818822187], [-84.4070908862598, 33.7798820658974], [-84.4070908799716, 33.7798798624994], [-84.4070694874914, 33.7798799035658], [-84.4070694937796, 33.7798821077105], [-84.4070530375419, 33.7798821398169], [-84.4070530312537, 33.7798799356722], [-84.4070316387735, 33.7798799774853], [-84.4070316450617, 33.7798821816299], [-84.4070304979131, 33.7798821838699], [-84.4070111104727, 33.779882221203], [-84.4070111041844, 33.779880017805], [-84.4069979402723, 33.7798800431915], [-84.4069979465605, 33.7798822465895], [-84.4069883821976, 33.7798822652561], [-84.4069813277277, 33.7798822794426], [-84.406981328626, 33.7798824228016], [-84.4069517084762, 33.7798824802945], [-84.4069517084762, 33.7798823369356], [-84.4069056329869, 33.7798824265349], [-84.4069056329869, 33.7798825698939], [-84.4068760137354, 33.7798826273869], [-84.4068760128371, 33.7798824840278], [-84.4068595574977, 33.7798825161343], [-84.406859558396, 33.7798826594933], [-84.4068463935855, 33.7798826856265], [-84.4068463935855, 33.7798825422674], [-84.4068274957269, 33.7798824929878], [-84.4068276906613, 33.779903305427], [-84.4068228909627, 33.7799033151336], [-84.4068229843875, 33.7799490003388], [-84.4068230481679, 33.7799731077754], [-84.4068279215283, 33.7799730980689], [-84.4068279323081, 33.7799772495021], [-84.4067948491528, 33.779977313715], [-84.4067948572377, 33.7799800905458], [-84.4067920796468, 33.7799800965191], [-84.4067921308508, 33.7799983322094], [-84.4067921730716, 33.7800134184826], [-84.4067949497641, 33.780013413256], [-84.4067949650355, 33.7800189094225], [-84.4067592749693, 33.7800183098543], [-84.4067593288682, 33.7800188646228], [-84.4067599280445, 33.7800188631295], [-84.4067600735715, 33.780071021814], [-84.4067629535704, 33.7800710158407], [-84.4067629607569, 33.7800737359224], [-84.4067713653947, 33.7800737194959], [-84.4067713680896, 33.7800744922888], [-84.4067815846293, 33.7800744728756], [-84.4068337210518, 33.7800743713299], [-84.4071411308302, 33.7800737725088], [-84.407141358104, 33.7801551524149], [-84.4071398147984, 33.7801551539083], [-84.4071398381545, 33.7801634074774], [-84.4071413805619, 33.7801634044908], [-84.4071414632069, 33.7801927474386], [-84.4068456066613, 33.7801933238591], [-84.4068353218496, 33.7801933432722], [-84.406835456597, 33.7802388326982], [-84.4068674348244, 33.7802387699789], [-84.4068677025224, 33.7803311226085], [-84.4068644012137, 33.7803311285818], [-84.4068643904339, 33.7803271197773], [-84.4068352490861, 33.7803270630313], [-84.4068352607642, 33.7803311853277], [-84.4068319702353, 33.7803311920476]]]]}, "properties": {"OBJECTID": 257, "BUILDINGID": "225", "FACILITYKEY": "225", "SHORTNAME": "Peterson Res Hall", "LONGNAME": "Bud and Val Peterson Residence Hall", "FLOORCOUNT": null, "BLGHEIGHT": null, "BLDGAREA": null, "BLDGTYPE": "Housing", "OPERHOURS": null, "OPERDATE": null, "ACCESSTYPE": null, "CONDITION": null, "OWNEDBY": 1, "MAINTBY": 7, "LASTUPDATE": null, "LASTEDITOR": null, "created_user": "dsimsGT", "created_date": 1749219540575, "last_edited_user": "wsims6_GTFacilities", "last_edited_date": 1770994498624, "cust_shift1": null, "cust_shift2": null, "cust_shift3": null, "Shape__Area": 3214.7265625, "Shape__Length": 512.2700944602973, "GlobalID": "cc1918d6-c416-41c5-b4d0-94ccdd06bd61", "cust_zone": null}}, {"type": "Feature", "id": 258, "geometry": {"type": "Polygon", "coordinates": [[[-84.3886068958522, 33.7771726655818], [-84.388634031262, 33.7771731128462], [-84.388628324265, 33.7774091822372], [-84.3886050174749, 33.7774087894819], [-84.3886031076566, 33.7774877847767], [-84.3878734753216, 33.7774754928911], [-84.3878809286435, 33.7771672954225], [-84.3879062674227, 33.777167721033], [-84.3879064336111, 33.7771608537696], [-84.3879082500046, 33.7771608843837], [-84.3879116833656, 33.7770189207441], [-84.3881091025223, 33.7770222502188], [-84.3881099271758, 33.7769881341104], [-84.3886111529683, 33.77699658511], [-84.3886068958522, 33.7771726655818]]]}, "properties": {"OBJECTID": 258, "BUILDINGID": "220", "FACILITYKEY": "220", "SHORTNAME": "George-Scheller Tower", "LONGNAME": "George Tower-Scheller Tower", "FLOORCOUNT": null, "BLGHEIGHT": null, "BLDGAREA": null, "BLDGTYPE": null, "OPERHOURS": null, "OPERDATE": null, "ACCESSTYPE": null, "CONDITION": null, "OWNEDBY": 1, "MAINTBY": 5, "LASTUPDATE": null, "LASTEDITOR": null, "created_user": "dsimsGT", "created_date": 1749219646874, "last_edited_user": "wsims6_GTFacilities", "last_edited_date": 1770994539808, "cust_shift1": null, "cust_shift2": null, "cust_shift3": null, "Shape__Area": 5242.29296875, "Shape__Length": 299.2476933858328, "GlobalID": "2d3770d8-770c-49a0-ac3a-9efecd2dfc4b", "cust_zone": null}}, {"type": "Feature", "id": 260, "geometry": {"type": "Polygon", "coordinates": [[[-84.4035459922148, 33.7708244460313], [-84.4035474906047, 33.7711568538973], [-84.4035133222846, 33.7711570704512], [-84.4035132108935, 33.7711615225002], [-84.4035091639831, 33.7711615359414], [-84.4035093499344, 33.7712028125925], [-84.4035133968447, 33.771202799898], [-84.4035135576432, 33.7712093054715], [-84.4035134381672, 33.7712119324925], [-84.4034256934252, 33.7712123155686], [-84.4034256610859, 33.7712052051383], [-84.4034298310654, 33.7712030605092], [-84.4034296451142, 33.7711617831115], [-84.4034255973055, 33.7711617958061], [-84.4034255766442, 33.7711572339867], [-84.4033781060714, 33.7711573818407], [-84.4033777153042, 33.7710706661558], [-84.4033812133439, 33.7710706549548], [-84.4033808710858, 33.770994736281], [-84.4033773676562, 33.7709938058443], [-84.4033766076815, 33.7708249732301], [-84.4035459922148, 33.7708244460313]]]}, "properties": {"OBJECTID": 260, "BUILDINGID": "206", "FACILITYKEY": "206", "SHORTNAME": "Aircraft Prototyping Lab", "LONGNAME": "Aircraft Prototyping Lab", "FLOORCOUNT": null, "BLGHEIGHT": null, "BLDGAREA": null, "BLDGTYPE": null, "OPERHOURS": null, "OPERDATE": null, "ACCESSTYPE": null, "CONDITION": null, "OWNEDBY": null, "MAINTBY": null, "LASTUPDATE": null, "LASTEDITOR": null, "created_user": "dsimsGT", "created_date": 1749219748767, "last_edited_user": "dsimsGT", "last_edited_date": 1749219850084, "cust_shift1": null, "cust_shift2": null, "cust_shift3": null, "Shape__Area": 902.26953125, "Shape__Length": 143.75028651479022, "GlobalID": "8f05b2f6-94d4-4f2e-b080-40efef29b31b", "cust_zone": null}}, {"type": "Feature", "id": 261, "geometry": {"type": "Polygon", "coordinates": [[[-84.4068901092005, 33.7865344746206], [-84.406887660393, 33.7869186333503], [-84.4071510760787, 33.7869198047658], [-84.4071497941828, 33.7871207601634], [-84.4053667515316, 33.7871128230759], [-84.4053704921164, 33.786527708153], [-84.4068901092005, 33.7865344746206]]]}, "properties": {"OBJECTID": 261, "BUILDINGID": "850", "FACILITYKEY": "850", "SHORTNAME": "575 14th Street", "LONGNAME": "575 14th Street", "FLOORCOUNT": null, "BLGHEIGHT": null, "BLDGAREA": null, "BLDGTYPE": null, "OPERHOURS": null, "OPERDATE": null, "ACCESSTYPE": null, "CONDITION": null, "OWNEDBY": null, "MAINTBY": null, "LASTUPDATE": null, "LASTEDITOR": null, "created_user": "dsimsGT", "created_date": 1749219815190, "last_edited_user": "dsimsGT", "last_edited_date": 1749219850084, "cust_shift1": null, "cust_shift2": null, "cust_shift3": null, "Shape__Area": 14047.07421875, "Shape__Length": 553.7225010606247, "GlobalID": "3d79f7b5-6a60-468e-9da8-4b8412dea283", "cust_zone": null}}, {"type": "Feature", "id": 262, "geometry": {"type": "Polygon", "coordinates": [[[-84.4042762407941, 33.7723876297896], [-84.4040589823443, 33.7723140532734], [-84.4042420110344, 33.7719001333769], [-84.4044620723326, 33.7719673715888], [-84.4042762407941, 33.7723876297896]]]}, "properties": {"OBJECTID": 262, "BUILDINGID": "865", "FACILITYKEY": "865", "SHORTNAME": "512 Means Street", "LONGNAME": "512 Means Street", "FLOORCOUNT": 1, "BLGHEIGHT": null, "BLDGAREA": null, "BLDGTYPE": "Academic-Research", "OPERHOURS": null, "OPERDATE": null, "ACCESSTYPE": null, "CONDITION": null, "OWNEDBY": -2, "MAINTBY": 0, "LASTUPDATE": null, "LASTEDITOR": null, "created_user": "dsimsGT", "created_date": 1770154225350, "last_edited_user": "dsimsGT", "last_edited_date": 1770154225350, "cust_shift1": null, "cust_shift2": null, "cust_shift3": null, "Shape__Area": 1553.16015625, "Shape__Length": 171.23314350944452, "GlobalID": "dbb9bd92-f259-48fa-856e-2cde4b92c365", "cust_zone": null}}, {"type": "Feature", "id": 263, "geometry": {"type": "Polygon", "coordinates": [[[-84.392812433415, 33.774281004104], [-84.3927811612633, 33.77428048066], [-84.3927811010762, 33.7742829985671], [-84.3927394057723, 33.7742823018864], [-84.3927387230526, 33.7743111472998], [-84.3926037889104, 33.774308890742], [-84.3926101597624, 33.7740432355357], [-84.3926304607895, 33.7740440016626], [-84.3926311524923, 33.7740151554126], [-84.3927254791904, 33.7740167332163], [-84.392724788386, 33.7740455794658], [-84.3927451891261, 33.7740457519563], [-84.3927443635743, 33.7740755121716], [-84.392775635726, 33.7740760348701], [-84.3927734824642, 33.7741658172434], [-84.392771285185, 33.7741657806545], [-84.3927706878054, 33.7741907013938], [-84.3927833091351, 33.7741909119663], [-84.3927832444564, 33.7741936008729], [-84.3928145210997, 33.7741939525738], [-84.392812433415, 33.774281004104]]]}, "properties": {"OBJECTID": 263, "BUILDINGID": "361", "FACILITYKEY": "361", "SHORTNAME": "Alpha Phi", "LONGNAME": "Alpha Phi", "FLOORCOUNT": null, "BLGHEIGHT": null, "BLDGAREA": null, "BLDGTYPE": null, "OPERHOURS": null, "OPERDATE": null, "ACCESSTYPE": null, "CONDITION": null, "OWNEDBY": -1, "MAINTBY": 0, "LASTUPDATE": null, "LASTEDITOR": null, "created_user": "wsims6_GTFacilities", "created_date": 1770756057376, "last_edited_user": "wsims6_GTFacilities", "last_edited_date": 1770756110318, "cust_shift1": null, "cust_shift2": null, "cust_shift3": null, "Shape__Area": 724.91015625, "Shape__Length": 125.68162225334545, "GlobalID": "28ba9527-6fbe-4008-b6cb-7477b5252414", "cust_zone": null}}, {"type": "Feature", "id": 264, "geometry": {"type": "Polygon", "coordinates": [[[-84.3926034538388, 33.7732415330138], [-84.392601189186, 33.7736202839137], [-84.3925789091703, 33.7736207872003], [-84.3925763274122, 33.7737178856198], [-84.3924934991498, 33.773718037203], [-84.3924940040029, 33.7736943543804], [-84.3924242219733, 33.7736935352336], [-84.392424756471, 33.7736807462378], [-84.3921558421974, 33.7736783955772], [-84.3921552870385, 33.7735724530036], [-84.3920886212647, 33.7735724268685], [-84.3920875091503, 33.7732610470284], [-84.3920882502605, 33.7731372700205], [-84.3923445090683, 33.7731357967414], [-84.3923801928463, 33.7731668050419], [-84.3923796852982, 33.773238536429], [-84.3926034538388, 33.7732415330138]]]}, "properties": {"OBJECTID": 264, "BUILDINGID": "235", "FACILITYKEY": "235", "SHORTNAME": "SAPC", "LONGNAME": "Student-Athlete Performance Center", "FLOORCOUNT": null, "BLGHEIGHT": null, "BLDGAREA": null, "BLDGTYPE": null, "OPERHOURS": null, "OPERDATE": null, "ACCESSTYPE": null, "CONDITION": null, "OWNEDBY": 1, "MAINTBY": 6, "LASTUPDATE": null, "LASTEDITOR": null, "created_user": "wsims6_GTFacilities", "created_date": 1770756242346, "last_edited_user": "wsims6_GTFacilities", "last_edited_date": 1770756291497, "cust_shift1": null, "cust_shift2": null, "cust_shift3": null, "Shape__Area": 3745.94921875, "Shape__Length": 266.70129247186617, "GlobalID": "7d3ad363-b80b-4704-abb0-3a03c805b692", "cust_zone": null}}, {"type": "Feature", "id": 265, "geometry": {"type": "MultiPolygon", "coordinates": [[[[-84.4049395469184, 33.775855865854], [-84.4050122969817, 33.7758001286707], [-84.4052169772209, 33.7759864383429], [-84.4051442271576, 33.7760421746584], [-84.4049395469184, 33.775855865854]]], [[[-84.404922928984, 33.7760033487527], [-84.4049835544859, 33.7759569013068], [-84.4050836690294, 33.7760480302399], [-84.4050230444258, 33.7760944783831], [-84.404922928984, 33.7760033487527]]], [[[-84.4051448460968, 33.7762311226184], [-84.4051585058791, 33.776055606206], [-84.405276731357, 33.7760620225543], [-84.4052630715748, 33.7762375389537], [-84.4051448460968, 33.7762311226184]]]]}, "properties": {"OBJECTID": 265, "BUILDINGID": "212", "FACILITYKEY": "212", "SHORTNAME": "CRC Storage", "LONGNAME": "CRC Storage", "FLOORCOUNT": 1, "BLGHEIGHT": null, "BLDGAREA": null, "BLDGTYPE": null, "OPERHOURS": null, "OPERDATE": null, "ACCESSTYPE": null, "CONDITION": null, "OWNEDBY": null, "MAINTBY": 1, "LASTUPDATE": null, "LASTEDITOR": null, "created_user": "wsims6_GTFacilities", "created_date": 1770756489157, "last_edited_user": "wsims6_GTFacilities", "last_edited_date": 1770756532556, "cust_shift1": null, "cust_shift2": null, "cust_shift3": null, "Shape__Area": 834.5, "Shape__Length": 214.50457709948824, "GlobalID": "088de833-c362-4d76-afe4-eaf0201bce9e", "cust_zone": null}}, {"type": "Feature", "id": 266, "geometry": {"type": "Polygon", "coordinates": [[[-84.3986401505144, 33.7737525107967], [-84.398619615027, 33.7739110255291], [-84.3981708238976, 33.7739095918391], [-84.3981709784078, 33.7738978923307], [-84.3981065952531, 33.7738976578626], [-84.398107595078, 33.7736423254752], [-84.3986393546071, 33.7736438644566], [-84.3986401505144, 33.7737525107967]]]}, "properties": {"OBJECTID": 266, "BUILDINGID": "214", "FACILITYKEY": "214", "SHORTNAME": "Stamps Commons", "LONGNAME": "Stamps Commons", "FLOORCOUNT": 3, "BLGHEIGHT": null, "BLDGAREA": null, "BLDGTYPE": null, "OPERHOURS": null, "OPERDATE": null, "ACCESSTYPE": null, "CONDITION": null, "OWNEDBY": null, "MAINTBY": null, "LASTUPDATE": null, "LASTEDITOR": null, "created_user": "wsims6_GTFacilities", "created_date": 1770756792070, "last_edited_user": "wsims6_GTFacilities", "last_edited_date": 1770757025837, "cust_shift1": null, "cust_shift2": null, "cust_shift3": null, "Shape__Area": 2086.86328125, "Shape__Length": 187.98467262612047, "GlobalID": "e6022efd-4188-42fa-8092-96e9b2eda469", "cust_zone": null}}, {"type": "Feature", "id": 267, "geometry": {"type": "Polygon", "coordinates": [[[-84.3894476659575, 33.7759335013542], [-84.3894325661759, 33.7765541064346], [-84.3896964983929, 33.7765551555347], [-84.389693939991, 33.7767260899869], [-84.3897065119134, 33.7767390218923], [-84.3891525613018, 33.7767333059888], [-84.3891523591809, 33.7767285734744], [-84.3890616922193, 33.7767274400005], [-84.38906190512, 33.7767166055429], [-84.3890528680682, 33.7767168750976], [-84.3890531393595, 33.7767010803825], [-84.3890196160297, 33.7767003852148], [-84.3890197696416, 33.7767166212234], [-84.3889174964465, 33.7767157192229], [-84.3889497486602, 33.7766993099823], [-84.3889598906397, 33.7762441725762], [-84.3891630482345, 33.7762474908806], [-84.3891689663356, 33.7759908580331], [-84.3891966883452, 33.7759917227064], [-84.389196402681, 33.7759283491525], [-84.3894476659575, 33.7759335013542]]]}, "properties": {"OBJECTID": 267, "BUILDINGID": "171", "FACILITYKEY": "171", "SHORTNAME": "GT Hotel", "LONGNAME": "Georgia Tech Hotel", "FLOORCOUNT": null, "BLGHEIGHT": null, "BLDGAREA": null, "BLDGTYPE": null, "OPERHOURS": null, "OPERDATE": null, "ACCESSTYPE": null, "CONDITION": null, "OWNEDBY": -2, "MAINTBY": 0, "LASTUPDATE": null, "LASTEDITOR": null, "created_user": "wsims6_GTFacilities", "created_date": 1770757315079, "last_edited_user": "wsims6_GTFacilities", "last_edited_date": 1770757391482, "cust_shift1": null, "cust_shift2": null, "cust_shift3": null, "Shape__Area": 5453.0546875, "Shape__Length": 393.6212474964874, "GlobalID": "36cc8ccd-75a8-431f-9eeb-80463c6fd614", "cust_zone": null}}, {"type": "Feature", "id": 268, "geometry": {"type": "Polygon", "coordinates": [[[-84.386957518225, 33.7764616003944], [-84.3869647918838, 33.7763848838039], [-84.3871819021116, 33.7763992546361], [-84.3871782801044, 33.7764373792191], [-84.3871863775183, 33.7764379138502], [-84.3871633878336, 33.7766359937003], [-84.3871591082596, 33.7766356980112], [-84.387139210576, 33.7768073610704], [-84.3871629431675, 33.7768092703523], [-84.3871369216687, 33.7770829319077], [-84.3871129923461, 33.7770813534137], [-84.3870961992402, 33.7772579302563], [-84.3871006108666, 33.7772582797046], [-84.3870817354658, 33.7774569564973], [-84.3870773247378, 33.7774566063031], [-84.3870738311896, 33.7774933841474], [-84.3868559286478, 33.7774789321104], [-84.3868606295317, 33.7774384156194], [-84.3867589222683, 33.7774316634335], [-84.3867558697999, 33.77746130219], [-84.3861432421323, 33.7774207580634], [-84.3861749661366, 33.7770848262497], [-84.3867721203234, 33.7771241198371], [-84.3867747469973, 33.7770960004028], [-84.3868388796074, 33.7771004416964], [-84.3868682337706, 33.7768474477676], [-84.3869204402616, 33.7768516687943], [-84.3869561402093, 33.7764761407126], [-84.386957518225, 33.7764616003944]]]}, "properties": {"OBJECTID": 268, "BUILDINGID": "876", "FACILITYKEY": "876", "SHORTNAME": "Biltmore", "LONGNAME": "Biltmore", "FLOORCOUNT": null, "BLGHEIGHT": null, "BLDGAREA": null, "BLDGTYPE": null, "OPERHOURS": null, "OPERDATE": null, "ACCESSTYPE": null, "CONDITION": null, "OWNEDBY": 1, "MAINTBY": 0, "LASTUPDATE": null, "LASTEDITOR": null, "created_user": "wsims6_GTFacilities", "created_date": 1770845622595, "last_edited_user": "dsimsGT", "last_edited_date": 1776973842407, "cust_shift1": null, "cust_shift2": null, "cust_shift3": null, "Shape__Area": 7484.99609375, "Shape__Length": 517.8068171042206, "GlobalID": "3857267b-e103-4948-b3ec-a96c80e13a84", "cust_zone": null}}, {"type": "Feature", "id": 270, "geometry": {"type": "Polygon", "coordinates": [[[-84.4003472046758, 33.7703561115625], [-84.3999676260441, 33.7699695770682], [-84.3997753865733, 33.7697236375446], [-84.3995210465669, 33.7693681621452], [-84.3992983398349, 33.7689938050318], [-84.399602928005, 33.7688848673959], [-84.3995890337625, 33.7688575480217], [-84.3997684973934, 33.7687934776925], [-84.4001971581756, 33.7696408811747], [-84.4003041304579, 33.7698487412297], [-84.4004562484732, 33.7703181799204], [-84.4003472046758, 33.7703561115625]]]}, "properties": {"OBJECTID": 270, "BUILDINGID": "780", "FACILITYKEY": "780", "SHORTNAME": "TEP Bullet", "LONGNAME": "TEP Bullet", "FLOORCOUNT": null, "BLGHEIGHT": null, "BLDGAREA": null, "BLDGTYPE": null, "OPERHOURS": null, "OPERDATE": null, "ACCESSTYPE": null, "CONDITION": null, "OWNEDBY": 1, "MAINTBY": 0, "LASTUPDATE": null, "LASTEDITOR": null, "created_user": "wsims6_GTFacilities", "created_date": 1770845741410, "last_edited_user": "wsims6_GTFacilities", "last_edited_date": 1770846034781, "cust_shift1": null, "cust_shift2": null, "cust_shift3": null, "Shape__Area": 9533.39453125, "Shape__Length": 511.67688334486957, "GlobalID": "ae762a99-6aaf-47ac-ae2a-b94f605bbb92", "cust_zone": null}}, {"type": "Feature", "id": 271, "geometry": {"type": "Polygon", "coordinates": [[[-84.4029035952771, 33.7698860129539], [-84.4025974224788, 33.7698868724615], [-84.4025974970389, 33.7699008889314], [-84.4023706921926, 33.7699017208092], [-84.4023702735777, 33.7698877065797], [-84.402037430697, 33.7698887131968], [-84.4020373723065, 33.7699231158967], [-84.401866950219, 33.7699233854728], [-84.4018666528766, 33.7699017805491], [-84.4018321333152, 33.7699018865874], [-84.4018315682749, 33.769741909022], [-84.4018363625835, 33.7697419023012], [-84.4018344267141, 33.7698011703231], [-84.4019557163454, 33.7698008932791], [-84.4019829874009, 33.7698008126302], [-84.4019829056542, 33.7697815748715], [-84.4019717063575, 33.7697822700953], [-84.4019706211926, 33.7696585612432], [-84.4020356116085, 33.7696582797182], [-84.4020358083395, 33.7696898844374], [-84.4020637791825, 33.7696897634638], [-84.4020637540297, 33.7696582916663], [-84.4023891983858, 33.7696573604683], [-84.402389520881, 33.7696678635147], [-84.402556947087, 33.769662648209], [-84.4025571626827, 33.7696674550422], [-84.4025763273409, 33.7696672302703], [-84.4025761413897, 33.7695939060601], [-84.4029018354774, 33.7695929935302], [-84.4029024274672, 33.769671738403], [-84.4029381103469, 33.7696715942801], [-84.4029384274522, 33.7697366280068], [-84.4029259238018, 33.7697366705716], [-84.4029260055485, 33.7697535717604], [-84.4029376396297, 33.7697530154318], [-84.4029379181074, 33.7697888108739], [-84.4029262040761, 33.7697888750944], [-84.4029265265713, 33.769830371951], [-84.4029031631874, 33.7698304988983], [-84.4029035952771, 33.7698860129539]]]}, "properties": {"OBJECTID": 271, "BUILDINGID": "785", "FACILITYKEY": "785", "SHORTNAME": "TEP 1", "LONGNAME": "TEP 1", "FLOORCOUNT": null, "BLGHEIGHT": null, "BLDGAREA": null, "BLDGTYPE": null, "OPERHOURS": null, "OPERDATE": null, "ACCESSTYPE": null, "CONDITION": null, "OWNEDBY": 1, "MAINTBY": 0, "LASTUPDATE": null, "LASTEDITOR": null, "created_user": "wsims6_GTFacilities", "created_date": 1770845810258, "last_edited_user": "wsims6_GTFacilities", "last_edited_date": 1770846034781, "cust_shift1": null, "cust_shift2": null, "cust_shift3": null, "Shape__Area": 3864.05078125, "Shape__Length": 371.08344268424645, "GlobalID": "64cec14f-076a-498c-a599-ca6b91f84c5e", "cust_zone": null}}, {"type": "Feature", "id": 272, "geometry": {"type": "Polygon", "coordinates": [[[-84.4017477410858, 33.7699673360778], [-84.4007202157245, 33.7699725289625], [-84.4007233391667, 33.7696350191812], [-84.4005827959439, 33.7696376148869], [-84.4005807145474, 33.7695545350905], [-84.4005203333872, 33.769549343674], [-84.4005161687976, 33.768965188576], [-84.4010283702063, 33.768959996377], [-84.4010304516028, 33.7689089368746], [-84.4011397621998, 33.7689158600595], [-84.4011303927714, 33.7695406888233], [-84.4011314339188, 33.7696081906615], [-84.4017519056755, 33.7696064604394], [-84.4017477410858, 33.7699673360778]]]}, "properties": {"OBJECTID": 272, "BUILDINGID": null, "FACILITYKEY": null, "SHORTNAME": null, "LONGNAME": null, "FLOORCOUNT": null, "BLGHEIGHT": null, "BLDGAREA": null, "BLDGTYPE": null, "OPERHOURS": null, "OPERDATE": null, "ACCESSTYPE": null, "CONDITION": null, "OWNEDBY": -1, "MAINTBY": 0, "LASTUPDATE": null, "LASTEDITOR": null, "created_user": "wsims6_GTFacilities", "created_date": 1770846002419, "last_edited_user": "wsims6_GTFacilities", "last_edited_date": 1770994576800, "cust_shift1": null, "cust_shift2": null, "cust_shift3": null, "Shape__Area": 11568.70703125, "Shape__Length": 557.5319400539684, "GlobalID": "cfaa97e4-a2ce-49dd-b757-8aac79af0099", "cust_zone": null}}, {"type": "Feature", "id": 273, "geometry": {"type": "Polygon", "coordinates": [[[-84.4011333257708, 33.769345093445], [-84.4011397621998, 33.7689158600595], [-84.4014958040728, 33.7688717237193], [-84.4014958049711, 33.7688873018248], [-84.40158221302, 33.7688717244661], [-84.4015999107294, 33.7689773047013], [-84.4015384875235, 33.7689859581154], [-84.401544734408, 33.7690266339292], [-84.4012782231278, 33.7690543273742], [-84.4012136773781, 33.7690993283632], [-84.4012147185255, 33.7691330794628], [-84.4012761417313, 33.7691815423655], [-84.4012917571459, 33.7691806768767], [-84.4012917571459, 33.7691434653329], [-84.4016582095947, 33.7691443300753], [-84.4016655946447, 33.7691574371191], [-84.4018508056967, 33.7691616383624], [-84.4018466420053, 33.7688353760401], [-84.4021017006639, 33.7688371070245], [-84.4021014266778, 33.7693560699712], [-84.4011333257708, 33.769345093445]]]}, "properties": {"OBJECTID": 273, "BUILDINGID": null, "FACILITYKEY": null, "SHORTNAME": null, "LONGNAME": null, "FLOORCOUNT": null, "BLGHEIGHT": null, "BLDGAREA": null, "BLDGTYPE": null, "OPERHOURS": null, "OPERDATE": null, "ACCESSTYPE": null, "CONDITION": null, "OWNEDBY": -1, "MAINTBY": 0, "LASTUPDATE": null, "LASTEDITOR": null, "created_user": "wsims6_GTFacilities", "created_date": 1770846015450, "last_edited_user": "wsims6_GTFacilities", "last_edited_date": 1770994591357, "cust_shift1": null, "cust_shift2": null, "cust_shift3": null, "Shape__Area": 5194.86328125, "Shape__Length": 508.85517502711355, "GlobalID": "c9df47c5-6b02-48da-9516-cf88ceeca8b0", "cust_zone": null}}, {"type": "Feature", "id": 274, "geometry": {"type": "Polygon", "coordinates": [[[-84.3998212617382, 33.7687930244103], [-84.3998017422454, 33.7684820147694], [-84.4006215762147, 33.7684346865483], [-84.4006410957075, 33.7687659805606], [-84.3998212617382, 33.7687930244103]]]}, "properties": {"OBJECTID": 274, "BUILDINGID": null, "FACILITYKEY": null, "SHORTNAME": null, "LONGNAME": null, "FLOORCOUNT": null, "BLGHEIGHT": null, "BLDGAREA": null, "BLDGTYPE": null, "OPERHOURS": null, "OPERDATE": null, "ACCESSTYPE": null, "CONDITION": null, "OWNEDBY": -1, "MAINTBY": 0, "LASTUPDATE": null, "LASTEDITOR": null, "created_user": "wsims6_GTFacilities", "created_date": 1770846024676, "last_edited_user": "wsims6_GTFacilities", "last_edited_date": 1770994601077, "cust_shift1": null, "cust_shift2": null, "cust_shift3": null, "Shape__Area": 3935.703125, "Shape__Length": 268.94055129966245, "GlobalID": "9006091f-5c06-4bc7-8752-7ea333d67c4a", "cust_zone": null}}]}