{"type": "FeatureCollection", "features": [{"type": "Feature", "id": 1, "geometry": {"type": "Point", "coordinates": [-84.396034, 33.7722400000001]}, "properties": {"OBJECTID": 1, "Name": "ADA Building Entrance - Kinght Building", "Description": "101 - ADA Building Entrance - Knight Building", "Keywords": "", "Categories_1": "ADA - Building Entrances", "Categories_2": null, "Categories_3": null, "Categories_4": null, "Categories_5": null, "Location_1": 33.77224, "Location_2": -84.396034, "Marker_Instance_IDs": 195297, "Marker_ID": 137376, "Category_IDs": 19332, "Last_Edited_By": "anna_nord", "Created_Date": 1492007463000, "Changed_Date": 1492007463000}}, {"type": "Feature", "id": 2, "geometry": {"type": "Point", "coordinates": [-84.3961639999999, 33.776894]}, "properties": {"OBJECTID": 2, "Name": "ADA Building Entrance - Klaus", "Description": "153 - ADA Building Entrance - Klaus Advanced Computing", "Keywords": "", "Categories_1": "ADA - Building Entrances", "Categories_2": null, "Categories_3": null, "Categories_4": null, "Categories_5": null, "Location_1": 33.776894, "Location_2": -84.396164, "Marker_Instance_IDs": 195311, "Marker_ID": 137389, "Category_IDs": 19332, "Last_Edited_By": "anna_nord", "Created_Date": 1492007533000, "Changed_Date": 1492007533000}}, {"type": "Feature", "id": 3, "geometry": {"type": "Point", "coordinates": [-84.400681, 33.7748070000001]}, "properties": {"OBJECTID": 3, "Name": "ADA Building Entrance - Campus Center Pavilion", "Description": "216 - Campus Center Pavilion - ADA Building Entrance", "Keywords": "ADA,Wheelchair,Handicap,disabled,ADA Building Entrance", "Categories_1": "ADA - Building Entrances", "Categories_2": null, "Categories_3": null, "Categories_4": null, "Categories_5": null, "Location_1": 33.774807, "Location_2": -84.400681, "Marker_Instance_IDs": 539670, "Marker_ID": 396035, "Category_IDs": 19332, "Last_Edited_By": "prerana_kamat", "Created_Date": 1613490031000, "Changed_Date": 1613594225000}}, {"type": "Feature", "id": 4, "geometry": {"type": "Point", "coordinates": [-84.399574, 33.7787480000001]}, "properties": {"OBJECTID": 4, "Name": "ADA Kendeda Building for Innovative Sustainable Design", "Description": "210 - Kendeda Building for Innovative Sustainable Design - ADA Building Entrance", "Keywords": "ADA,Wheelchair,Handicap,disabled,ADA Building Entrance", "Categories_1": "ADA - Building Entrances", "Categories_2": null, "Categories_3": null, "Categories_4": null, "Categories_5": null, "Location_1": 33.778748, "Location_2": -84.399574, "Marker_Instance_IDs": 539672, "Marker_ID": 396044, "Category_IDs": 19332, "Last_Edited_By": "prerana_kamat", "Created_Date": 1613490043000, "Changed_Date": 1613594228000}}, {"type": "Feature", "id": 5, "geometry": {"type": "Point", "coordinates": [-84.40052, 33.7797360000001]}, "properties": {"OBJECTID": 5, "Name": "ADA Dalney Street Office Building", "Description": "204 - Dalney Street Office Building - ADA Building Entrance", "Keywords": "ADA,Wheelchair,Handicap,disabled,ADA Building Entrance", "Categories_1": "ADA - Building Entrances", "Categories_2": null, "Categories_3": null, "Categories_4": null, "Categories_5": null, "Location_1": 33.779736, "Location_2": -84.40052, "Marker_Instance_IDs": 539671, "Marker_ID": 396052, "Category_IDs": 19332, "Last_Edited_By": "prerana_kamat", "Created_Date": 1613490045000, "Changed_Date": 1613594227000}}, {"type": "Feature", "id": 6, "geometry": {"type": "Point", "coordinates": [-84.398476, 33.7754780000001]}, "properties": {"OBJECTID": 6, "Name": "ADA Building Entrance - Bunger-Henry Building", "Description": "86 - Bunger-Henry Building - ADA Building Entrance", "Keywords": "ADA,Wheelchair,Handicap,disabled,ADA Building Entrance", "Categories_1": "ADA - Building Entrances", "Categories_2": null, "Categories_3": null, "Categories_4": null, "Categories_5": null, "Location_1": 33.775478, "Location_2": -84.398476, "Marker_Instance_IDs": 182992, "Marker_ID": 128709, "Category_IDs": 19332, "Last_Edited_By": "elise_berk", "Created_Date": 1480612847000, "Changed_Date": 1481307722000}}, {"type": "Feature", "id": 7, "geometry": {"type": "Point", "coordinates": [-84.40406, 33.774143]}, "properties": {"OBJECTID": 7, "Name": "ADA Building Entrance - 781 Marietta St NW (Habersham)", "Description": "132 - 781 Marietta St NW - ADA Building Entrance", "Keywords": "ADA,Wheelchair,Handicap,disabled,ADA Building Entrance", "Categories_1": "ADA - Building Entrances", "Categories_2": null, "Categories_3": null, "Categories_4": null, "Categories_5": null, "Location_1": 33.774143, "Location_2": -84.40406, "Marker_Instance_IDs": 183700, "Marker_ID": 129300, "Category_IDs": 19332, "Last_Edited_By": "elise_berk", "Created_Date": 1481565092000, "Changed_Date": 1579715428000}}, {"type": "Feature", "id": 8, "geometry": {"type": "Point", "coordinates": [-84.404373, 33.773918]}, "properties": {"OBJECTID": 8, "Name": "ADA Building Entrance - 781 Marietta St NW (Habersham)", "Description": "132 - 781 Marietta St NW - ADA Building Entrance", "Keywords": "ADA,Wheelchair,Handicap,disabled,ADA Building Entrance", "Categories_1": "ADA - Building Entrances", "Categories_2": null, "Categories_3": null, "Categories_4": null, "Categories_5": null, "Location_1": 33.773918, "Location_2": -84.404373, "Marker_Instance_IDs": 183701, "Marker_ID": 129301, "Category_IDs": 19332, "Last_Edited_By": "elise_berk", "Created_Date": 1481565102000, "Changed_Date": 1579715497000}}, {"type": "Feature", "id": 9, "geometry": {"type": "Point", "coordinates": [-84.39566, 33.772144]}, "properties": {"OBJECTID": 9, "Name": "ADA Building Entrance - Engineering Science and Mechanics Building", "Description": "41 - Engineering Science and Mechanics Building - ADA Building Entrance", "Keywords": "ADA,Wheelchair,Handicap,disabled,ADA Building Entrance", "Categories_1": "ADA - Building Entrances", "Categories_2": null, "Categories_3": null, "Categories_4": null, "Categories_5": null, "Location_1": 33.772144, "Location_2": -84.39566, "Marker_Instance_IDs": 181895, "Marker_ID": 128052, "Category_IDs": 19332, "Last_Edited_By": "jason_gregory", "Created_Date": 1479498838000, "Changed_Date": 1480348081000}}, {"type": "Feature", "id": 10, "geometry": {"type": "Point", "coordinates": [-84.396622, 33.7726480000001]}, "properties": {"OBJECTID": 10, "Name": "ADA Building Entrance - Weber Space Science & Technology", "Description": "84 - Weber Space Science &amp; Technology Building - ADA Building Entrance", "Keywords": "ADA,Wheelchair,Handicap,disabled,ADA Building Entrance", "Categories_1": "ADA - Building Entrances", "Categories_2": null, "Categories_3": null, "Categories_4": null, "Categories_5": null, "Location_1": 33.772648, "Location_2": -84.396622, "Marker_Instance_IDs": 181898, "Marker_ID": 128055, "Category_IDs": 19332, "Last_Edited_By": "jason_gregory", "Created_Date": 1479499012000, "Changed_Date": 1480348342000}}, {"type": "Feature", "id": 11, "geometry": {"type": "Point", "coordinates": [-84.396507, 33.7726020000001]}, "properties": {"OBJECTID": 11, "Name": "ADA Building Entrance - Weber Space Science & Technology", "Description": "98 - Weber Space Science &amp; Technology Building - ADA Building Entrance", "Keywords": "ADA,Wheelchair,Handicap,disabled,ADA Building Entrance", "Categories_1": "ADA - Building Entrances", "Categories_2": null, "Categories_3": null, "Categories_4": null, "Categories_5": null, "Location_1": 33.772602, "Location_2": -84.396507, "Marker_Instance_IDs": 181899, "Marker_ID": 128056, "Category_IDs": 19332, "Last_Edited_By": "jason_gregory", "Created_Date": 1479499021000, "Changed_Date": 1480348353000}}, {"type": "Feature", "id": 12, "geometry": {"type": "Point", "coordinates": [-84.395996, 33.7724690000001]}, "properties": {"OBJECTID": 12, "Name": "ADA Building Entrance - Bobby Dodd Stadium", "Description": "45 - Coon Building - ADA Building Entrance", "Keywords": "ADA,Wheelchair,Handicap,disabled,ADA Building Entrance", "Categories_1": "ADA - Building Entrances", "Categories_2": null, "Categories_3": null, "Categories_4": null, "Categories_5": null, "Location_1": 33.772469, "Location_2": -84.395996, "Marker_Instance_IDs": 181900, "Marker_ID": 128057, "Category_IDs": 19332, "Last_Edited_By": "jason_gregory", "Created_Date": 1479499031000, "Changed_Date": 1480346798000}}, {"type": "Feature", "id": 13, "geometry": {"type": "Point", "coordinates": [-84.396065, 33.772953]}, "properties": {"OBJECTID": 13, "Name": "ADA Building Entrance - Coon Building", "Description": "45 - Coon Building - ADA Building Entrance", "Keywords": "ADA,Wheelchair,Handicap,disabled,ADA Building Entrance", "Categories_1": "ADA - Building Entrances", "Categories_2": null, "Categories_3": null, "Categories_4": null, "Categories_5": null, "Location_1": 33.772953, "Location_2": -84.396065, "Marker_Instance_IDs": 181902, "Marker_ID": 128059, "Category_IDs": 19332, "Last_Edited_By": "jason_gregory", "Created_Date": 1479499049000, "Changed_Date": 1480348050000}}, {"type": "Feature", "id": 14, "geometry": {"type": "Point", "coordinates": [-84.3960949999999, 33.7734340000001]}, "properties": {"OBJECTID": 14, "Name": "ADA Building Entrance - Skiles", "Description": "2 - Skiles - ADA Building Entrance", "Keywords": "ADA,Wheelchair,Handicap,disabled,ADA Building Entrance", "Categories_1": "ADA - Building Entrances", "Categories_2": null, "Categories_3": null, "Categories_4": null, "Categories_5": null, "Location_1": 33.773434, "Location_2": -84.396095, "Marker_Instance_IDs": 181903, "Marker_ID": 128060, "Category_IDs": 19332, "Last_Edited_By": "jason_gregory", "Created_Date": 1479499058000, "Changed_Date": 1480348269000}}, {"type": "Feature", "id": 15, "geometry": {"type": "Point", "coordinates": [-84.396011, 33.7734300000001]}, "properties": {"OBJECTID": 15, "Name": "ADA Building Entrance - Skiles", "Description": "2 - Skiles - ADA Building Entrance", "Keywords": "ADA,Wheelchair,Handicap,disabled,ADA Building Entrance", "Categories_1": "ADA - Building Entrances", "Categories_2": null, "Categories_3": null, "Categories_4": null, "Categories_5": null, "Location_1": 33.77343, "Location_2": -84.396011, "Marker_Instance_IDs": 181904, "Marker_ID": 128061, "Category_IDs": 19332, "Last_Edited_By": "jason_gregory", "Created_Date": 1479499067000, "Changed_Date": 1480348310000}}, {"type": "Feature", "id": 16, "geometry": {"type": "Point", "coordinates": [-84.3960039999999, 33.7737730000001]}, "properties": {"OBJECTID": 16, "Name": "ADA Building Entrance - Skiles", "Description": "2 - Skiles - ADA Building Entrance", "Keywords": "ADA,Wheelchair,Handicap,disabled,ADA Building Entrance", "Categories_1": "ADA - Building Entrances", "Categories_2": null, "Categories_3": null, "Categories_4": null, "Categories_5": null, "Location_1": 33.773773, "Location_2": -84.396004, "Marker_Instance_IDs": 181905, "Marker_ID": 128062, "Category_IDs": 19332, "Last_Edited_By": "jason_gregory", "Created_Date": 1479499076000, "Changed_Date": 1480348237000}}, {"type": "Feature", "id": 17, "geometry": {"type": "Point", "coordinates": [-84.396065, 33.7737730000001]}, "properties": {"OBJECTID": 17, "Name": "ADA Building Entrance - Skiles", "Description": "2 - Skiles - ADA Building Entrance", "Keywords": "ADA,Wheelchair,Handicap,disabled,ADA Building Entrance", "Categories_1": "ADA - Building Entrances", "Categories_2": null, "Categories_3": null, "Categories_4": null, "Categories_5": null, "Location_1": 33.773773, "Location_2": -84.396065, "Marker_Instance_IDs": 181906, "Marker_ID": 128063, "Category_IDs": 19332, "Last_Edited_By": "jason_gregory", "Created_Date": 1479499086000, "Changed_Date": 1480348279000}}, {"type": "Feature", "id": 18, "geometry": {"type": "Point", "coordinates": [-84.396698, 33.7734300000001]}, "properties": {"OBJECTID": 18, "Name": "ADA Building Entrance - Skiles", "Description": "2 - Skiles - ADA Building Entrance", "Keywords": "ADA,Wheelchair,Handicap,disabled,ADA Building Entrance", "Categories_1": "ADA - Building Entrances", "Categories_2": null, "Categories_3": null, "Categories_4": null, "Categories_5": null, "Location_1": 33.77343, "Location_2": -84.396698, "Marker_Instance_IDs": 181907, "Marker_ID": 128064, "Category_IDs": 19332, "Last_Edited_By": "jason_gregory", "Created_Date": 1479499095000, "Changed_Date": 1480348290000}}, {"type": "Feature", "id": 19, "geometry": {"type": "Point", "coordinates": [-84.3965909999999, 33.774277]}, "properties": {"OBJECTID": 19, "Name": "ADA Building Entrance - Clough", "Description": "166 - Clough Undergraduate Learning Commons - ADA Building Entrance", "Keywords": "ADA,Wheelchair,Handicap,disabled,ADA Building Entrance", "Categories_1": "ADA - Building Entrances", "Categories_2": null, "Categories_3": null, "Categories_4": null, "Categories_5": null, "Location_1": 33.774277, "Location_2": -84.396591, "Marker_Instance_IDs": 181910, "Marker_ID": 128067, "Category_IDs": 19332, "Last_Edited_By": "jason_gregory", "Created_Date": 1479499122000, "Changed_Date": 1480348019000}}, {"type": "Feature", "id": 20, "geometry": {"type": "Point", "coordinates": [-84.3960269999999, 33.7742040000001]}, "properties": {"OBJECTID": 20, "Name": "ADA Building Entrance - Library", "Description": "77 -Price Gilbert Memorial Library - ADA Building Entrance", "Keywords": "ADA,Wheelchair,Handicap,disabled,ADA Building Entrance", "Categories_1": "ADA - Building Entrances", "Categories_2": null, "Categories_3": null, "Categories_4": null, "Categories_5": null, "Location_1": 33.774204, "Location_2": -84.396027, "Marker_Instance_IDs": 181911, "Marker_ID": 128068, "Category_IDs": 19332, "Last_Edited_By": "jason_gregory", "Created_Date": 1479499131000, "Changed_Date": 1480348195000}}, {"type": "Feature", "id": 21, "geometry": {"type": "Point", "coordinates": [-84.395607, 33.774101]}, "properties": {"OBJECTID": 21, "Name": "ADA Building Entrance - Library", "Description": "77 - Price Gilbert Memorial Library = - ADA Building Entrance", "Keywords": "ADA,Wheelchair,Handicap,disabled,ADA Building Entrance", "Categories_1": "ADA - Building Entrances", "Categories_2": null, "Categories_3": null, "Categories_4": null, "Categories_5": null, "Location_1": 33.774101, "Location_2": -84.395607, "Marker_Instance_IDs": 181912, "Marker_ID": 128069, "Category_IDs": 19332, "Last_Edited_By": "jason_gregory", "Created_Date": 1479499140000, "Changed_Date": 1480348164000}}, {"type": "Feature", "id": 22, "geometry": {"type": "Point", "coordinates": [-84.396606, 33.775017]}, "properties": {"OBJECTID": 22, "Name": "ADA Building Entrance - Clough", "Description": "166 - Clough Undergraduate Learning Commons - ADA Building Entrance", "Keywords": "ADA,Wheelchair,Handicap,disabled,ADA Building Entrance", "Categories_1": "ADA - Building Entrances", "Categories_2": null, "Categories_3": null, "Categories_4": null, "Categories_5": null, "Location_1": 33.775017, "Location_2": -84.396606, "Marker_Instance_IDs": 181913, "Marker_ID": 128070, "Category_IDs": 19332, "Last_Edited_By": "jason_gregory", "Created_Date": 1479499149000, "Changed_Date": 1480347998000}}, {"type": "Feature", "id": 23, "geometry": {"type": "Point", "coordinates": [-84.394981, 33.7741810000001]}, "properties": {"OBJECTID": 23, "Name": "ADA Building Entrance - Crosland Tower Library", "Description": "100 - Crosland Tower Library - ADA Building Entrance", "Keywords": "ADA,Wheelchair,Handicap,disabled,ADA Building Entrance", "Categories_1": "ADA - Building Entrances", "Categories_2": null, "Categories_3": null, "Categories_4": null, "Categories_5": null, "Location_1": 33.774181, "Location_2": -84.394981, "Marker_Instance_IDs": 181914, "Marker_ID": 128071, "Category_IDs": 19332, "Last_Edited_By": "jason_gregory", "Created_Date": 1479499158000, "Changed_Date": 1480348070000}}, {"type": "Feature", "id": 24, "geometry": {"type": "Point", "coordinates": [-84.394943, 33.774525]}, "properties": {"OBJECTID": 24, "Name": "ADA Building Entrance - Hinman Building", "Description": "51 - Hinman Building - ADA Building Entrance", "Keywords": "ADA,Wheelchair,Handicap,disabled,ADA Building Entrance", "Categories_1": "ADA - Building Entrances", "Categories_2": null, "Categories_3": null, "Categories_4": null, "Categories_5": null, "Location_1": 33.774525, "Location_2": -84.394943, "Marker_Instance_IDs": 181915, "Marker_ID": 128072, "Category_IDs": 19332, "Last_Edited_By": "jason_gregory", "Created_Date": 1479499167000, "Changed_Date": 1480348133000}}, {"type": "Feature", "id": 25, "geometry": {"type": "Point", "coordinates": [-84.394493, 33.7741360000001]}, "properties": {"OBJECTID": 25, "Name": "ADA Building Entrance - Old Civil Engineering Building", "Description": "58 - Old Civil Engineering Building - ADA Building Entrance", "Keywords": "ADA,Wheelchair,Handicap,disabled,ADA Building Entrance", "Categories_1": "ADA - Building Entrances", "Categories_2": null, "Categories_3": null, "Categories_4": null, "Categories_5": null, "Location_1": 33.774136, "Location_2": -84.394493, "Marker_Instance_IDs": 181918, "Marker_ID": 128075, "Category_IDs": 19332, "Last_Edited_By": "jason_gregory", "Created_Date": 1479499194000, "Changed_Date": 1480348205000}}, {"type": "Feature", "id": 26, "geometry": {"type": "Point", "coordinates": [-84.393929, 33.7741510000001]}, "properties": {"OBJECTID": 26, "Name": "ADA Building Entrance - Hall Building", "Description": "58 - Hall Building - ADA Building Entrance", "Keywords": "ADA,Wheelchair,Handicap,disabled,ADA Building Entrance", "Categories_1": "ADA - Building Entrances", "Categories_2": null, "Categories_3": null, "Categories_4": null, "Categories_5": null, "Location_1": 33.774151, "Location_2": -84.393929, "Marker_Instance_IDs": 181920, "Marker_ID": 128077, "Category_IDs": 19332, "Last_Edited_By": "jason_gregory", "Created_Date": 1479499204000, "Changed_Date": 1480348112000}}, {"type": "Feature", "id": 27, "geometry": {"type": "Point", "coordinates": [-84.395485, 33.776077]}, "properties": {"OBJECTID": 27, "Name": "ADA Building Entrance - Architecture  East", "Description": "76 - Architecture East - ADA Building Entrance", "Keywords": "ADA,Wheelchair,Handicap,disabled,ADA Building Entrance", "Categories_1": "ADA - Building Entrances", "Categories_2": null, "Categories_3": null, "Categories_4": null, "Categories_5": null, "Location_1": 33.776077, "Location_2": -84.395485, "Marker_Instance_IDs": 181922, "Marker_ID": 128079, "Category_IDs": 19332, "Last_Edited_By": "jason_gregory", "Created_Date": 1479499222000, "Changed_Date": 1480345166000}}, {"type": "Feature", "id": 28, "geometry": {"type": "Point", "coordinates": [-84.395706, 33.7761]}, "properties": {"OBJECTID": 28, "Name": "ADA Building Entrance - Architecture East", "Description": "76 - Architecture East - ADA Building Entrance", "Keywords": "ADA,Wheelchair,Handicap,disabled,ADA Building Entrance", "Categories_1": "ADA - Building Entrances", "Categories_2": null, "Categories_3": null, "Categories_4": null, "Categories_5": null, "Location_1": 33.7761, "Location_2": -84.395706, "Marker_Instance_IDs": 181926, "Marker_ID": 128083, "Category_IDs": 19332, "Last_Edited_By": "jason_gregory", "Created_Date": 1479499240000, "Changed_Date": 1480345198000}}, {"type": "Feature", "id": 29, "geometry": {"type": "Point", "coordinates": [-84.396362, 33.7760700000001]}, "properties": {"OBJECTID": 29, "Name": "ADA Building Entrance - Architecture West", "Description": "75 - Architecture West - ADA Building Entrance", "Keywords": "ADA,Wheelchair,Handicap,disabled,ADA Building Entrance", "Categories_1": "ADA - Building Entrances", "Categories_2": null, "Categories_3": null, "Categories_4": null, "Categories_5": null, "Location_1": 33.77607, "Location_2": -84.396362, "Marker_Instance_IDs": 181934, "Marker_ID": 128091, "Category_IDs": 19332, "Last_Edited_By": "jason_gregory", "Created_Date": 1479499287000, "Changed_Date": 1480346478000}}, {"type": "Feature", "id": 30, "geometry": {"type": "Point", "coordinates": [-84.396065, 33.7765160000001]}, "properties": {"OBJECTID": 30, "Name": "ADA Building Entrance - Klaus Advanced Computing", "Description": "153 - Klaus Advanced Computing Building - ADA Building Entrance", "Keywords": "ADA,Wheelchair,Handicap,disabled,ADA Building Entrance", "Categories_1": "ADA - Building Entrances", "Categories_2": null, "Categories_3": null, "Categories_4": null, "Categories_5": null, "Location_1": 33.776516, "Location_2": -84.396065, "Marker_Instance_IDs": 181935, "Marker_ID": 128092, "Category_IDs": 19332, "Last_Edited_By": "jason_gregory", "Created_Date": 1479499306000, "Changed_Date": 1480348143000}}, {"type": "Feature", "id": 31, "geometry": {"type": "Point", "coordinates": [-84.39566, 33.772144]}, "properties": {"OBJECTID": 31, "Name": "ADA Building Entrance - Engineering Science and Mechanics Building", "Description": "41 - Engineering Science and Mechanics Building - ADA Building Entrance", "Keywords": "ADA,Wheelchair,Handicap,disabled,ADA Building Entrance", "Categories_1": "ADA - Building Entrances", "Categories_2": null, "Categories_3": null, "Categories_4": null, "Categories_5": null, "Location_1": 33.772144, "Location_2": -84.39566, "Marker_Instance_IDs": 181949, "Marker_ID": 128098, "Category_IDs": 19332, "Last_Edited_By": "jason_gregory", "Created_Date": 1479505376000, "Changed_Date": 1480348092000}}, {"type": "Feature", "id": 32, "geometry": {"type": "Point", "coordinates": [-84.396622, 33.7726480000001]}, "properties": {"OBJECTID": 32, "Name": "ADA Building Entrance - Weber Space Science & Technology", "Description": "84 - Weber Space Science &amp; Technology Building - ADA Building Entrance", "Keywords": "ADA,Wheelchair,Handicap,disabled,ADA Building Entrance", "Categories_1": "ADA - Building Entrances", "Categories_2": null, "Categories_3": null, "Categories_4": null, "Categories_5": null, "Location_1": 33.772648, "Location_2": -84.396622, "Marker_Instance_IDs": 181952, "Marker_ID": 128101, "Category_IDs": 19332, "Last_Edited_By": "jason_gregory", "Created_Date": 1479505547000, "Changed_Date": 1480348331000}}, {"type": "Feature", "id": 33, "geometry": {"type": "Point", "coordinates": [-84.396507, 33.7726020000001]}, "properties": {"OBJECTID": 33, "Name": "ADA Building Entrance - Weber Space Science & Technology", "Description": "98 - Weber Space Science &amp; Technology Building - ADA Building Entrance", "Keywords": "ADA,Wheelchair,Handicap,disabled,ADA Building Entrance", "Categories_1": "ADA - Building Entrances", "Categories_2": null, "Categories_3": null, "Categories_4": null, "Categories_5": null, "Location_1": 33.772602, "Location_2": -84.396507, "Marker_Instance_IDs": 181953, "Marker_ID": 128102, "Category_IDs": 19332, "Last_Edited_By": "jason_gregory", "Created_Date": 1479505556000, "Changed_Date": 1480348363000}}, {"type": "Feature", "id": 34, "geometry": {"type": "Point", "coordinates": [-84.395996, 33.7724690000001]}, "properties": {"OBJECTID": 34, "Name": "ADA Building Entrance - Bobby Dodd Stadium", "Description": "45 - Coon Building - ADA Building Entrance", "Keywords": "ADA,Wheelchair,Handicap,disabled,ADA Building Entrance", "Categories_1": "ADA - Building Entrances", "Categories_2": null, "Categories_3": null, "Categories_4": null, "Categories_5": null, "Location_1": 33.772469, "Location_2": -84.395996, "Marker_Instance_IDs": 181954, "Marker_ID": 128103, "Category_IDs": 19332, "Last_Edited_By": "jason_gregory", "Created_Date": 1479505565000, "Changed_Date": 1480346488000}}, {"type": "Feature", "id": 35, "geometry": {"type": "Point", "coordinates": [-84.396065, 33.772953]}, "properties": {"OBJECTID": 35, "Name": "ADA Building Entrance - Coon Building", "Description": "45 - Coon Building - ADA Building Entrance", "Keywords": "ADA,Wheelchair,Handicap,disabled,ADA Building Entrance", "Categories_1": "ADA - Building Entrances", "Categories_2": null, "Categories_3": null, "Categories_4": null, "Categories_5": null, "Location_1": 33.772953, "Location_2": -84.396065, "Marker_Instance_IDs": 181956, "Marker_ID": 128105, "Category_IDs": 19332, "Last_Edited_By": "jason_gregory", "Created_Date": 1479505583000, "Changed_Date": 1480348039000}}, {"type": "Feature", "id": 36, "geometry": {"type": "Point", "coordinates": [-84.3960949999999, 33.7734340000001]}, "properties": {"OBJECTID": 36, "Name": "ADA Building Entrance - Skiles", "Description": "2 - Skiles - ADA Building Entrance", "Keywords": "ADA,Wheelchair,Handicap,disabled,ADA Building Entrance", "Categories_1": "ADA - Building Entrances", "Categories_2": null, "Categories_3": null, "Categories_4": null, "Categories_5": null, "Location_1": 33.773434, "Location_2": -84.396095, "Marker_Instance_IDs": 181957, "Marker_ID": 128106, "Category_IDs": 19332, "Last_Edited_By": "jason_gregory", "Created_Date": 1479505593000, "Changed_Date": 1480348227000}}, {"type": "Feature", "id": 37, "geometry": {"type": "Point", "coordinates": [-84.396011, 33.7734300000001]}, "properties": {"OBJECTID": 37, "Name": "ADA Building Entrance - Skiles", "Description": "2 - Skiles - ADA Building Entrance", "Keywords": "ADA,Wheelchair,Handicap,disabled,ADA Building Entrance", "Categories_1": "ADA - Building Entrances", "Categories_2": null, "Categories_3": null, "Categories_4": null, "Categories_5": null, "Location_1": 33.77343, "Location_2": -84.396011, "Marker_Instance_IDs": 181958, "Marker_ID": 128107, "Category_IDs": 19332, "Last_Edited_By": "jason_gregory", "Created_Date": 1479505602000, "Changed_Date": 1480348321000}}, {"type": "Feature", "id": 38, "geometry": {"type": "Point", "coordinates": [-84.3960039999999, 33.7737730000001]}, "properties": {"OBJECTID": 38, "Name": "ADA Building Entrance - Skiles", "Description": "2 - Skiles - ADA Building Entrance", "Keywords": "ADA,Wheelchair,Handicap,disabled,ADA Building Entrance", "Categories_1": "ADA - Building Entrances", "Categories_2": null, "Categories_3": null, "Categories_4": null, "Categories_5": null, "Location_1": 33.773773, "Location_2": -84.396004, "Marker_Instance_IDs": 181959, "Marker_ID": 128108, "Category_IDs": 19332, "Last_Edited_By": "jason_gregory", "Created_Date": 1479505611000, "Changed_Date": 1480348248000}}, {"type": "Feature", "id": 39, "geometry": {"type": "Point", "coordinates": [-84.396065, 33.7737730000001]}, "properties": {"OBJECTID": 39, "Name": "ADA Building Entrance - Skiles", "Description": "2 - Skiles - ADA Building Entrance", "Keywords": "ADA,Wheelchair,Handicap,disabled,ADA Building Entrance", "Categories_1": "ADA - Building Entrances", "Categories_2": null, "Categories_3": null, "Categories_4": null, "Categories_5": null, "Location_1": 33.773773, "Location_2": -84.396065, "Marker_Instance_IDs": 181960, "Marker_ID": 128109, "Category_IDs": 19332, "Last_Edited_By": "jason_gregory", "Created_Date": 1479505620000, "Changed_Date": 1480348300000}}, {"type": "Feature", "id": 40, "geometry": {"type": "Point", "coordinates": [-84.396698, 33.7734300000001]}, "properties": {"OBJECTID": 40, "Name": "ADA Building Entrance - Skiles", "Description": "2 - Skiles - ADA Building Entrance", "Keywords": "ADA,Wheelchair,Handicap,disabled,ADA Building Entrance", "Categories_1": "ADA - Building Entrances", "Categories_2": null, "Categories_3": null, "Categories_4": null, "Categories_5": null, "Location_1": 33.77343, "Location_2": -84.396698, "Marker_Instance_IDs": 181961, "Marker_ID": 128110, "Category_IDs": 19332, "Last_Edited_By": "jason_gregory", "Created_Date": 1479505629000, "Changed_Date": 1480348258000}}, {"type": "Feature", "id": 41, "geometry": {"type": "Point", "coordinates": [-84.3965909999999, 33.774277]}, "properties": {"OBJECTID": 41, "Name": "ADA Building Entrance - Clough", "Description": "166 - Clough Undergraduate Learning Commons - ADA Building Entrance", "Keywords": "ADA,Wheelchair,Handicap,disabled,ADA Building Entrance", "Categories_1": "ADA - Building Entrances", "Categories_2": null, "Categories_3": null, "Categories_4": null, "Categories_5": null, "Location_1": 33.774277, "Location_2": -84.396591, "Marker_Instance_IDs": 181964, "Marker_ID": 128113, "Category_IDs": 19332, "Last_Edited_By": "jason_gregory", "Created_Date": 1479505657000, "Changed_Date": 1480348009000}}, {"type": "Feature", "id": 42, "geometry": {"type": "Point", "coordinates": [-84.3960269999999, 33.7742040000001]}, "properties": {"OBJECTID": 42, "Name": "ADA Building Entrance - Library", "Description": "77 -Price Gilbert Memorial Library - ADA Building Entrance", "Keywords": "ADA,Wheelchair,Handicap,disabled,ADA Building Entrance", "Categories_1": "ADA - Building Entrances", "Categories_2": null, "Categories_3": null, "Categories_4": null, "Categories_5": null, "Location_1": 33.774204, "Location_2": -84.396027, "Marker_Instance_IDs": 181965, "Marker_ID": 128114, "Category_IDs": 19332, "Last_Edited_By": "jason_gregory", "Created_Date": 1479505666000, "Changed_Date": 1480348185000}}, {"type": "Feature", "id": 43, "geometry": {"type": "Point", "coordinates": [-84.395607, 33.774101]}, "properties": {"OBJECTID": 43, "Name": "ADA Building Entrance - Library", "Description": "77 - Price Gilbert Memorial Library = - ADA Building Entrance", "Keywords": "ADA,Wheelchair,Handicap,disabled,ADA Building Entrance", "Categories_1": "ADA - Building Entrances", "Categories_2": null, "Categories_3": null, "Categories_4": null, "Categories_5": null, "Location_1": 33.774101, "Location_2": -84.395607, "Marker_Instance_IDs": 181966, "Marker_ID": 128115, "Category_IDs": 19332, "Last_Edited_By": "jason_gregory", "Created_Date": 1479505675000, "Changed_Date": 1480348174000}}, {"type": "Feature", "id": 44, "geometry": {"type": "Point", "coordinates": [-84.394981, 33.7741810000001]}, "properties": {"OBJECTID": 44, "Name": "ADA Building Entrance - Crosland Tower Library", "Description": "100 - Crosland Tower Library - ADA Building Entrance", "Keywords": "ADA,Wheelchair,Handicap,disabled,ADA Building Entrance", "Categories_1": "ADA - Building Entrances", "Categories_2": null, "Categories_3": null, "Categories_4": null, "Categories_5": null, "Location_1": 33.774181, "Location_2": -84.394981, "Marker_Instance_IDs": 181968, "Marker_ID": 128117, "Category_IDs": 19332, "Last_Edited_By": "jason_gregory", "Created_Date": 1479505694000, "Changed_Date": 1480348060000}}, {"type": "Feature", "id": 45, "geometry": {"type": "Point", "coordinates": [-84.394943, 33.774525]}, "properties": {"OBJECTID": 45, "Name": "ADA Building Entrance - Hinman Building", "Description": "51 - Hinman Building - ADA Building Entrance", "Keywords": "ADA,Wheelchair,Handicap,disabled,ADA Building Entrance", "Categories_1": "ADA - Building Entrances", "Categories_2": null, "Categories_3": null, "Categories_4": null, "Categories_5": null, "Location_1": 33.774525, "Location_2": -84.394943, "Marker_Instance_IDs": 181969, "Marker_ID": 128118, "Category_IDs": 19332, "Last_Edited_By": "jason_gregory", "Created_Date": 1479505703000, "Changed_Date": 1480348123000}}, {"type": "Feature", "id": 46, "geometry": {"type": "Point", "coordinates": [-84.394493, 33.7741360000001]}, "properties": {"OBJECTID": 46, "Name": "ADA Building Entrance - Old Civil Engineering Building", "Description": "58 - Old Civil Engineering Building - ADA Building Entrance", "Keywords": "ADA,Wheelchair,Handicap,disabled,ADA Building Entrance", "Categories_1": "ADA - Building Entrances", "Categories_2": null, "Categories_3": null, "Categories_4": null, "Categories_5": null, "Location_1": 33.774136, "Location_2": -84.394493, "Marker_Instance_IDs": 181972, "Marker_ID": 128121, "Category_IDs": 19332, "Last_Edited_By": "jason_gregory", "Created_Date": 1479505731000, "Changed_Date": 1480348216000}}, {"type": "Feature", "id": 47, "geometry": {"type": "Point", "coordinates": [-84.393929, 33.7741510000001]}, "properties": {"OBJECTID": 47, "Name": "ADA Building Entrance - Hall Building", "Description": "58 - Hall Building - ADA Building Entrance", "Keywords": "ADA,Wheelchair,Handicap,disabled,ADA Building Entrance", "Categories_1": "ADA - Building Entrances", "Categories_2": null, "Categories_3": null, "Categories_4": null, "Categories_5": null, "Location_1": 33.774151, "Location_2": -84.393929, "Marker_Instance_IDs": 181973, "Marker_ID": 128122, "Category_IDs": 19332, "Last_Edited_By": "jason_gregory", "Created_Date": 1479505740000, "Changed_Date": 1480348102000}}, {"type": "Feature", "id": 48, "geometry": {"type": "Point", "coordinates": [-84.395485, 33.776077]}, "properties": {"OBJECTID": 48, "Name": "ADA Building Entrance - Architecture  East", "Description": "76 - Architecture East - ADA Building Entrance", "Keywords": "ADA,Wheelchair,Handicap,disabled,ADA Building Entrance", "Categories_1": "ADA - Building Entrances", "Categories_2": null, "Categories_3": null, "Categories_4": null, "Categories_5": null, "Location_1": 33.776077, "Location_2": -84.395485, "Marker_Instance_IDs": 181974, "Marker_ID": 128123, "Category_IDs": 19332, "Last_Edited_By": "jason_gregory", "Created_Date": 1479505749000, "Changed_Date": 1480345177000}}, {"type": "Feature", "id": 49, "geometry": {"type": "Point", "coordinates": [-84.395706, 33.7761]}, "properties": {"OBJECTID": 49, "Name": "ADA Building Entrance - Architecture East", "Description": "76 - Architecture East - ADA Building Entrance", "Keywords": "ADA,Wheelchair,Handicap,disabled,ADA Building Entrance", "Categories_1": "ADA - Building Entrances", "Categories_2": null, "Categories_3": null, "Categories_4": null, "Categories_5": null, "Location_1": 33.7761, "Location_2": -84.395706, "Marker_Instance_IDs": 181976, "Marker_ID": 128125, "Category_IDs": 19332, "Last_Edited_By": "jason_gregory", "Created_Date": 1479505767000, "Changed_Date": 1480345187000}}, {"type": "Feature", "id": 50, "geometry": {"type": "Point", "coordinates": [-84.396065, 33.7765160000001]}, "properties": {"OBJECTID": 50, "Name": "ADA Building Entrance - Klaus Advanced Computing", "Description": "153 - Klaus Advanced Computing Building - ADA Building Entrance", "Keywords": "ADA,Wheelchair,Handicap,disabled,ADA Building Entrance", "Categories_1": "ADA - Building Entrances", "Categories_2": null, "Categories_3": null, "Categories_4": null, "Categories_5": null, "Location_1": 33.776516, "Location_2": -84.396065, "Marker_Instance_IDs": 181981, "Marker_ID": 128130, "Category_IDs": 19332, "Last_Edited_By": "jason_gregory", "Created_Date": 1479505813000, "Changed_Date": 1480348154000}}, {"type": "Feature", "id": 51, "geometry": {"type": "Point", "coordinates": [-84.399063, 33.7740900000001]}, "properties": {"OBJECTID": 51, "Name": "ADA Building Entrance - John Lewis Student Center", "Description": "104 - John Lewis Student Center - ADA Building Entrance", "Keywords": "ADA,Wheelchair,Handicap,disabled,ADA Building Entrance", "Categories_1": "ADA - Building Entrances", "Categories_2": null, "Categories_3": null, "Categories_4": null, "Categories_5": null, "Location_1": 33.77409, "Location_2": -84.399063, "Marker_Instance_IDs": 183002, "Marker_ID": 128719, "Category_IDs": 19332, "Last_Edited_By": "jason_gregory", "Created_Date": 1480612988000, "Changed_Date": 1705005452000}}, {"type": "Feature", "id": 52, "geometry": {"type": "Point", "coordinates": [-84.3986209999999, 33.77401]}, "properties": {"OBJECTID": 52, "Name": "ADA Building Entrance - John Lewis Student Center", "Description": "104 - John Lewis Student Center - ADA Building Entrance", "Keywords": "ADA,Wheelchair,Handicap,disabled,ADA Building Entrance", "Categories_1": "ADA - Building Entrances", "Categories_2": null, "Categories_3": null, "Categories_4": null, "Categories_5": null, "Location_1": 33.77401, "Location_2": -84.398621, "Marker_Instance_IDs": 183003, "Marker_ID": 128720, "Category_IDs": 19332, "Last_Edited_By": "jason_gregory", "Created_Date": 1480612998000, "Changed_Date": 1705005108000}}, {"type": "Feature", "id": 53, "geometry": {"type": "Point", "coordinates": [-84.403793, 33.7817610000001]}, "properties": {"OBJECTID": 53, "Name": "ADA Building Entrance - 505 10th St NW", "Description": "155 - 505 10th St NW - ADA Building Entrance", "Keywords": "ADA,Wheelchair,Handicap,disabled,ADA Building Entrance", "Categories_1": "ADA - Building Entrances", "Categories_2": null, "Categories_3": null, "Categories_4": null, "Categories_5": null, "Location_1": 33.781761, "Location_2": -84.403793, "Marker_Instance_IDs": 183739, "Marker_ID": 129339, "Category_IDs": 19332, "Last_Edited_By": "jason_gregory", "Created_Date": 1481565508000, "Changed_Date": 1705501927000}}, {"type": "Feature", "id": 54, "geometry": {"type": "Point", "coordinates": [-84.404083, 33.781681]}, "properties": {"OBJECTID": 54, "Name": "ADA Building Entrance - 505 10th St NW", "Description": "155 - 505 10th St NW - ADA Building Entrance", "Keywords": "ADA,Wheelchair,Handicap,disabled,ADA Building Entrance", "Categories_1": "ADA - Building Entrances", "Categories_2": null, "Categories_3": null, "Categories_4": null, "Categories_5": null, "Location_1": 33.781681, "Location_2": -84.404083, "Marker_Instance_IDs": 183740, "Marker_ID": 129340, "Category_IDs": 19332, "Last_Edited_By": "jason_gregory", "Created_Date": 1481565518000, "Changed_Date": 1705501934000}}, {"type": "Feature", "id": 55, "geometry": {"type": "Point", "coordinates": [-84.403488, 33.781731]}, "properties": {"OBJECTID": 55, "Name": "ADA Building Entrance - 505 10th St NW", "Description": "155 - 505 10th St NW - ADA Building Entrance", "Keywords": "ADA,Wheelchair,Handicap,disabled,ADA Building Entrance", "Categories_1": "ADA - Building Entrances", "Categories_2": null, "Categories_3": null, "Categories_4": null, "Categories_5": null, "Location_1": 33.781731, "Location_2": -84.403488, "Marker_Instance_IDs": 183741, "Marker_ID": 129341, "Category_IDs": 19332, "Last_Edited_By": "jason_gregory", "Created_Date": 1481565528000, "Changed_Date": 1705501930000}}, {"type": "Feature", "id": 56, "geometry": {"type": "Point", "coordinates": [-84.400764, 33.774776]}, "properties": {"OBJECTID": 56, "Name": "ADA Building Entrance - Campus Center Pavilion", "Description": "216 - Campus Center Pavilion - ADA Building Entrance", "Keywords": "ADA,Wheelchair,Handicap,disabled,ADA Building Entrance", "Categories_1": "ADA - Building Entrances", "Categories_2": null, "Categories_3": null, "Categories_4": null, "Categories_5": null, "Location_1": 33.774776, "Location_2": -84.400764, "Marker_Instance_IDs": 539477, "Marker_ID": 396036, "Category_IDs": 19332, "Last_Edited_By": "jason_gregory", "Created_Date": 1613490032000, "Changed_Date": 1613490393000}}, {"type": "Feature", "id": 57, "geometry": {"type": "Point", "coordinates": [-84.40155, 33.774727]}, "properties": {"OBJECTID": 57, "Name": "ADA Building Entrance - Campus Center Exhibition Hall", "Description": "217 - Campus Center Exhibition Hall - ADA Building Entrance", "Keywords": "ADA,Wheelchair,Handicap,disabled,ADA Building Entrance", "Categories_1": "ADA - Building Entrances", "Categories_2": null, "Categories_3": null, "Categories_4": null, "Categories_5": null, "Location_1": 33.774727, "Location_2": -84.40155, "Marker_Instance_IDs": 539476, "Marker_ID": 396037, "Category_IDs": 19332, "Last_Edited_By": "jason_gregory", "Created_Date": 1613490036000, "Changed_Date": 1613490392000}}, {"type": "Feature", "id": 58, "geometry": {"type": "Point", "coordinates": [-84.400047, 33.7786600000001]}, "properties": {"OBJECTID": 58, "Name": "210 - Stairs - Kendeda Building for Innovative Sustainable Design", "Description": "", "Keywords": "ADA,Stair,Accessibility,Disabilities,Wheelchair,Kendeda Building for Innovative Sustainable Design", "Categories_1": "ADA - Building Entrances", "Categories_2": null, "Categories_3": null, "Categories_4": null, "Categories_5": null, "Location_1": 33.77866, "Location_2": -84.400047, "Marker_Instance_IDs": 539669, "Marker_ID": 396054, "Category_IDs": 19332, "Last_Edited_By": "jason_gregory", "Created_Date": 1613490046000, "Changed_Date": 1624281686000}}, {"type": "Feature", "id": 59, "geometry": {"type": "Point", "coordinates": [-84.393967, 33.7729420000001]}, "properties": {"OBJECTID": 59, "Name": "ADA Building Entrance - Lyman Hall", "Description": "29 -Lyman Hall - ADA Building Entrance", "Keywords": "ADA,Wheelchair,Handicap,disabled,entrance,Lyman Hall", "Categories_1": "ADA - Building Entrances", "Categories_2": null, "Categories_3": null, "Categories_4": null, "Categories_5": null, "Location_1": 33.772942, "Location_2": -84.393967, "Marker_Instance_IDs": 180676, "Marker_ID": 127106, "Category_IDs": 19332, "Last_Edited_By": "anna_nord", "Created_Date": 1478805435000, "Changed_Date": 1479505462000}}, {"type": "Feature", "id": 60, "geometry": {"type": "Point", "coordinates": [-84.3937069999999, 33.771873]}, "properties": {"OBJECTID": 60, "Name": "ADA Building Entrance - Bobby Dodd Stadium", "Description": "17 - Bobby Dodd Stadium ADA Building Entrance", "Keywords": "ADA, Wheelchair, Handicap, disabled, entrance, Bobby Dodd Stadium, Warlaw Center, Grant Field", "Categories_1": "ADA - Building Entrances", "Categories_2": null, "Categories_3": null, "Categories_4": null, "Categories_5": null, "Location_1": 33.771873, "Location_2": -84.393707, "Marker_Instance_IDs": 181776, "Marker_ID": 127943, "Category_IDs": 19332, "Last_Edited_By": "anna_nord", "Created_Date": 1479480063000, "Changed_Date": 1479480063000}}, {"type": "Feature", "id": 61, "geometry": {"type": "Point", "coordinates": [-84.392143, 33.7724420000001]}, "properties": {"OBJECTID": 61, "Name": "ADA Building Entrance - Bobby Dodd Stadium", "Description": "17 - ADA Building Entrance Bobby Dodd Stadium", "Keywords": "ADA,Wheelchair,Handicap,disabled,ADA Building Entrance,Stadium,Warlaw,", "Categories_1": "ADA - Building Entrances", "Categories_2": null, "Categories_3": null, "Categories_4": null, "Categories_5": null, "Location_1": 33.772442, "Location_2": -84.392143, "Marker_Instance_IDs": 181778, "Marker_ID": 127945, "Category_IDs": 19332, "Last_Edited_By": "anna_nord", "Created_Date": 1479480100000, "Changed_Date": 1479505414000}}, {"type": "Feature", "id": 62, "geometry": {"type": "Point", "coordinates": [-84.393715, 33.773331]}, "properties": {"OBJECTID": 62, "Name": "ADA Building Entrance - Bobby Dodd Stadium", "Description": "17 - Bobby Dodd Stadium - ADA Building Entrance", "Keywords": "ADA,Wheelchair,Handicap,disabled,ADA Building Entrance,Bobby Dodd,Stadium,Grant Field,Warlaw", "Categories_1": "ADA - Building Entrances", "Categories_2": null, "Categories_3": null, "Categories_4": null, "Categories_5": null, "Location_1": 33.773331, "Location_2": -84.393715, "Marker_Instance_IDs": 181779, "Marker_ID": 127946, "Category_IDs": 19332, "Last_Edited_By": "anna_nord", "Created_Date": 1479480118000, "Changed_Date": 1479505404000}}, {"type": "Feature", "id": 63, "geometry": {"type": "Point", "coordinates": [-84.394058, 33.7724380000001]}, "properties": {"OBJECTID": 63, "Name": "ADA Building Entrance - Bill Moore Student Success Center", "Description": "31 - Bill Moore Student Success Center - ADA Building Entrance", "Keywords": "ADA, Wheelchair, Handicap, disabled, ADA Building Entrance, Bill Moore Student Success Center", "Categories_1": "ADA - Building Entrances", "Categories_2": null, "Categories_3": null, "Categories_4": null, "Categories_5": null, "Location_1": 33.772438, "Location_2": -84.394058, "Marker_Instance_IDs": 181782, "Marker_ID": 127949, "Category_IDs": 19332, "Last_Edited_By": "anna_nord", "Created_Date": 1479480173000, "Changed_Date": 1479480173000}}, {"type": "Feature", "id": 64, "geometry": {"type": "Point", "coordinates": [-84.394211, 33.7724840000001]}, "properties": {"OBJECTID": 64, "Name": "ADA Building Entrance - Carnegie Building", "Description": "36 - Carnegie Building - ADA Building Entrance", "Keywords": "ADA, Wheelchair, Handicap, disabled, ADA Building Entrance, Carnegie Building", "Categories_1": "ADA - Building Entrances", "Categories_2": null, "Categories_3": null, "Categories_4": null, "Categories_5": null, "Location_1": 33.772484, "Location_2": -84.394211, "Marker_Instance_IDs": 181783, "Marker_ID": 127950, "Category_IDs": 19332, "Last_Edited_By": "anna_nord", "Created_Date": 1479480192000, "Changed_Date": 1479480192000}}, {"type": "Feature", "id": 65, "geometry": {"type": "Point", "coordinates": [-84.395752, 33.7810400000001]}, "properties": {"OBJECTID": 65, "Name": "ADA Building Entrance - President's House", "Description": "71 - President's House - ADA Building Entrance", "Keywords": "ADA,wheelchair,handicap,ADA Building Entrance", "Categories_1": "ADA - Building Entrances", "Categories_2": null, "Categories_3": null, "Categories_4": null, "Categories_5": null, "Location_1": 33.78104, "Location_2": -84.395752, "Marker_Instance_IDs": 184628, "Marker_ID": 130028, "Category_IDs": 19332, "Last_Edited_By": "anna_nord", "Created_Date": 1482182292000, "Changed_Date": 1492007476000}}, {"type": "Feature", "id": 66, "geometry": {"type": "Point", "coordinates": [-84.397972, 33.7798920000001]}, "properties": {"OBJECTID": 66, "Name": "ADA Building Entrance - North Campus Parking Deck", "Description": "148 - ADA Building Entrance - North Campus Parking Deck - Visitor Parking Area 5", "Keywords": "ADA Building Entrance,disabled,handicap,access,accessible", "Categories_1": "ADA - Building Entrances", "Categories_2": null, "Categories_3": null, "Categories_4": null, "Categories_5": null, "Location_1": 33.779892, "Location_2": -84.397972, "Marker_Instance_IDs": 191489, "Marker_ID": 134535, "Category_IDs": 19332, "Last_Edited_By": "anna_nord", "Created_Date": 1488570766000, "Changed_Date": 1492007472000}}, {"type": "Feature", "id": 67, "geometry": {"type": "Point", "coordinates": [-84.396835, 33.77655]}, "properties": {"OBJECTID": 67, "Name": "ADA Entrance - Caddell Building", "Description": "ADA Building Entrance - Caddell", "Keywords": "ADA Route, disabled, handicap, access, accessible", "Categories_1": "ADA - Building Entrances", "Categories_2": null, "Categories_3": null, "Categories_4": null, "Categories_5": null, "Location_1": 33.77655, "Location_2": -84.396835, "Marker_Instance_IDs": 195310, "Marker_ID": 137388, "Category_IDs": 19332, "Last_Edited_By": "anna_nord", "Created_Date": 1492007529000, "Changed_Date": 1492007529000}}, {"type": "Feature", "id": 68, "geometry": {"type": "Point", "coordinates": [-84.391785, 33.77095]}, "properties": {"OBJECTID": 68, "Name": "ADA Building Entrance - North Avenue Dining Hall", "Description": "191 - ADA Elevator Access - North Avenue Dining Hall", "Keywords": "ADA Route, disabled, handicap, access, accessible, building entrance", "Categories_1": "ADA - Building Entrances", "Categories_2": null, "Categories_3": null, "Categories_4": null, "Categories_5": null, "Location_1": 33.77095, "Location_2": -84.391785, "Marker_Instance_IDs": 195822, "Marker_ID": 137737, "Category_IDs": 19332, "Last_Edited_By": "anna_nord", "Created_Date": 1492449263000, "Changed_Date": 1492449263000}}, {"type": "Feature", "id": 69, "geometry": {"type": "Point", "coordinates": [-84.392838, 33.7715640000001]}, "properties": {"OBJECTID": 69, "Name": "ADA Building Entrance - Wardlaw Center", "Description": "47 - ADA Building Entrance - Wardlaw Center", "Keywords": "ADA Route, disabled, handicap, access, accessible", "Categories_1": "ADA - Building Entrances", "Categories_2": null, "Categories_3": null, "Categories_4": null, "Categories_5": null, "Location_1": 33.771564, "Location_2": -84.392838, "Marker_Instance_IDs": 195830, "Marker_ID": 137745, "Category_IDs": 19332, "Last_Edited_By": "anna_nord", "Created_Date": 1492454405000, "Changed_Date": 1492454405000}}, {"type": "Feature", "id": 70, "geometry": {"type": "Point", "coordinates": [-84.395485, 33.772408]}, "properties": {"OBJECTID": 70, "Name": "ADA Route", "Description": "ADA Route connecting the Coon Building, Savant Building, Swann Building, Harrison Square, and ADA parking", "Keywords": "ADA Route, disabled, handicap, access, accessible", "Categories_1": "ADA - Building Entrances", "Categories_2": null, "Categories_3": null, "Categories_4": null, "Categories_5": null, "Location_1": 33.772408, "Location_2": -84.395485, "Marker_Instance_IDs": 195833, "Marker_ID": 137748, "Category_IDs": 19332, "Last_Edited_By": "anna_nord", "Created_Date": 1492454417000, "Changed_Date": 1492454417000}}, {"type": "Feature", "id": 71, "geometry": {"type": "Point", "coordinates": [-84.395836, 33.7728500000001]}, "properties": {"OBJECTID": 71, "Name": "ADA Building Entrance - Coon Building", "Description": "45 - ADA Building Entrance - Coon Building", "Keywords": "ADA Route, disabled, handicap, access, accessible", "Categories_1": "ADA - Building Entrances", "Categories_2": null, "Categories_3": null, "Categories_4": null, "Categories_5": null, "Location_1": 33.77285, "Location_2": -84.395836, "Marker_Instance_IDs": 195835, "Marker_ID": 137750, "Category_IDs": 19332, "Last_Edited_By": "anna_nord", "Created_Date": 1492454426000, "Changed_Date": 1492454426000}}, {"type": "Feature", "id": 72, "geometry": {"type": "Point", "coordinates": [-84.401688, 33.7776680000001]}, "properties": {"OBJECTID": 72, "Name": "ADA Building Entrance - Manufacturing Research Center (TEST)", "Description": "126 - ADA Building Entrance - Manufacturing Research Center (TEST)", "Keywords": "ADA Route, disabled, handicap, access, accessible, building entrance", "Categories_1": "ADA - Building Entrances", "Categories_2": null, "Categories_3": null, "Categories_4": null, "Categories_5": null, "Location_1": 33.777668, "Location_2": -84.401688, "Marker_Instance_IDs": 197523, "Marker_ID": 139279, "Category_IDs": 19332, "Last_Edited_By": "anna_nord", "Created_Date": 1493065387000, "Changed_Date": 1493065387000}}, {"type": "Feature", "id": 73, "geometry": {"type": "Point", "coordinates": [-84.4011, 33.781036]}, "properties": {"OBJECTID": 73, "Name": "ADA Building Entrance - GTRI North", "Description": "61 - GTRI Research Building North - ADA Building Entrance", "Keywords": "ADA Route, disabled, handicap, access, accessible, building entrance", "Categories_1": "ADA - Building Entrances", "Categories_2": null, "Categories_3": null, "Categories_4": null, "Categories_5": null, "Location_1": 33.781036, "Location_2": -84.4011, "Marker_Instance_IDs": 197536, "Marker_ID": 139292, "Category_IDs": 19332, "Last_Edited_By": "anna_nord", "Created_Date": 1493065436000, "Changed_Date": 1493065436000}}, {"type": "Feature", "id": 74, "geometry": {"type": "Point", "coordinates": [-84.3967059999999, 33.7797550000001]}, "properties": {"OBJECTID": 74, "Name": "Building Entrance - Molecular Science and Engineering", "Description": "167 - Molecular Science and Engineering - Building Entrance", "Keywords": "ADA Route, disabled, handicap, access, accessible", "Categories_1": "ADA - Building Entrances", "Categories_2": null, "Categories_3": null, "Categories_4": null, "Categories_5": null, "Location_1": 33.779755, "Location_2": -84.396706, "Marker_Instance_IDs": 197569, "Marker_ID": 139325, "Category_IDs": 19332, "Last_Edited_By": "anna_nord", "Created_Date": 1493065570000, "Changed_Date": 1493065570000}}, {"type": "Feature", "id": 75, "geometry": {"type": "Point", "coordinates": [-84.392235, 33.7736630000001]}, "properties": {"OBJECTID": 75, "Name": "ADA Building Entrance - Bobby Dodd Stadium", "Description": "17 - Bobby Dodd Stadium - ADA Building Entrance", "Keywords": "ADA,Wheelchair,Handicap,disabled,ADA Building Entrance", "Categories_1": "ADA - Building Entrances", "Categories_2": null, "Categories_3": null, "Categories_4": null, "Categories_5": null, "Location_1": 33.773663, "Location_2": -84.392235, "Marker_Instance_IDs": 181780, "Marker_ID": 127947, "Category_IDs": 19332, "Last_Edited_By": "anna_nord", "Created_Date": 1479480137000, "Changed_Date": 1479505385000}}, {"type": "Feature", "id": 76, "geometry": {"type": "Point", "coordinates": [-84.39286, 33.773605]}, "properties": {"OBJECTID": 76, "Name": "ADA Building Entrance - Bobby Dodd Stadium", "Description": "17 - Bobby Dodd Stadium - ADA Building Entrance", "Keywords": "ADA,Wheelchair,Handicap,disabled,ADA Building Entrance", "Categories_1": "ADA - Building Entrances", "Categories_2": null, "Categories_3": null, "Categories_4": null, "Categories_5": null, "Location_1": 33.773605, "Location_2": -84.39286, "Marker_Instance_IDs": 181781, "Marker_ID": 127948, "Category_IDs": 19332, "Last_Edited_By": "anna_nord", "Created_Date": 1479480155000, "Changed_Date": 1479505424000}}, {"type": "Feature", "id": 77, "geometry": {"type": "Point", "coordinates": [-84.394684, 33.7726630000001]}, "properties": {"OBJECTID": 77, "Name": "ADA Building Entrance - Evans Administration", "Description": "35 - Evans Administration - ADA Building Entrance", "Keywords": "ADA,Wheelchair,Handicap,disabled,ADA Building Entrance", "Categories_1": "ADA - Building Entrances", "Categories_2": null, "Categories_3": null, "Categories_4": null, "Categories_5": null, "Location_1": 33.772663, "Location_2": -84.394684, "Marker_Instance_IDs": 181785, "Marker_ID": 127952, "Category_IDs": 19332, "Last_Edited_By": "anna_nord", "Created_Date": 1479480231000, "Changed_Date": 1479505501000}}, {"type": "Feature", "id": 78, "geometry": {"type": "Point", "coordinates": [-84.394806, 33.7729640000001]}, "properties": {"OBJECTID": 78, "Name": "ADA Building Entrance - French Building", "Description": "30 - French Building - ADA Building Entrance", "Keywords": "ADA,Wheelchair,Handicap,disabled,ADA Building Entrance", "Categories_1": "ADA - Building Entrances", "Categories_2": null, "Categories_3": null, "Categories_4": null, "Categories_5": null, "Location_1": 33.772964, "Location_2": -84.394806, "Marker_Instance_IDs": 181799, "Marker_ID": 127966, "Category_IDs": 19332, "Last_Edited_By": "anna_nord", "Created_Date": 1479482578000, "Changed_Date": 1479505434000}}, {"type": "Feature", "id": 79, "geometry": {"type": "Point", "coordinates": [-84.3940049999999, 33.773598]}, "properties": {"OBJECTID": 79, "Name": "ADA Building Entrance - J.L. Daniel Laboratory", "Description": "22 - J.L. Daniel Laboratory - ADA Building Entrance", "Keywords": "ADA,Wheelchair,Handicap,disabled,ADA Building Entrance", "Categories_1": "ADA - Building Entrances", "Categories_2": null, "Categories_3": null, "Categories_4": null, "Categories_5": null, "Location_1": 33.773598, "Location_2": -84.394005, "Marker_Instance_IDs": 181809, "Marker_ID": 127976, "Category_IDs": 19332, "Last_Edited_By": "anna_nord", "Created_Date": 1479482669000, "Changed_Date": 1479505453000}}, {"type": "Feature", "id": 80, "geometry": {"type": "Point", "coordinates": [-84.394157, 33.773743]}, "properties": {"OBJECTID": 80, "Name": "ADA Building Entrance - J.L. Daniel", "Description": "22 - J.L. Daniel - ADA Building Entrance", "Keywords": "ADA,Wheelchair,Handicap,disabled,ADA Building Entrance", "Categories_1": "ADA - Building Entrances", "Categories_2": null, "Categories_3": null, "Categories_4": null, "Categories_5": null, "Location_1": 33.773743, "Location_2": -84.394157, "Marker_Instance_IDs": 181810, "Marker_ID": 127977, "Category_IDs": 19332, "Last_Edited_By": "anna_nord", "Created_Date": 1479482694000, "Changed_Date": 1479505443000}}, {"type": "Feature", "id": 81, "geometry": {"type": "Point", "coordinates": [-84.3952179999999, 33.773495]}, "properties": {"OBJECTID": 81, "Name": "ADA Building Entrance - Smith Building", "Description": "24 - Smith Building - ADA Building Entrance", "Keywords": "ADA,Wheelchair,Handicap,disabled,ADA Building Entrance", "Categories_1": "ADA - Building Entrances", "Categories_2": null, "Categories_3": null, "Categories_4": null, "Categories_5": null, "Location_1": 33.773495, "Location_2": -84.395218, "Marker_Instance_IDs": 181811, "Marker_ID": 127978, "Category_IDs": 19332, "Last_Edited_By": "anna_nord", "Created_Date": 1479482703000, "Changed_Date": 1479505482000}}, {"type": "Feature", "id": 82, "geometry": {"type": "Point", "coordinates": [-84.395157, 33.7732960000001]}, "properties": {"OBJECTID": 82, "Name": "ADA Building Entrance - Bobby Dodd Stadium", "Description": "25 - Chapin - ADA Building Entrance", "Keywords": "ADA,Wheelchair,Handicap,disabled,ADA Building Entrance", "Categories_1": "ADA - Building Entrances", "Categories_2": null, "Categories_3": null, "Categories_4": null, "Categories_5": null, "Location_1": 33.773296, "Location_2": -84.395157, "Marker_Instance_IDs": 181812, "Marker_ID": 127979, "Category_IDs": 19332, "Last_Edited_By": "anna_nord", "Created_Date": 1479482722000, "Changed_Date": 1479505395000}}, {"type": "Feature", "id": 83, "geometry": {"type": "Point", "coordinates": [-84.3954239999999, 33.772045]}, "properties": {"OBJECTID": 83, "Name": "ADA Building Entrance - Savant Building", "Description": "38 - Savant Building - ADA Building Entrance", "Keywords": "ADA,Wheelchair,Handicap,disabled,ADA Building Entrance", "Categories_1": "ADA - Building Entrances", "Categories_2": null, "Categories_3": null, "Categories_4": null, "Categories_5": null, "Location_1": 33.772045, "Location_2": -84.395424, "Marker_Instance_IDs": 181813, "Marker_ID": 127980, "Category_IDs": 19332, "Last_Edited_By": "anna_nord", "Created_Date": 1479482741000, "Changed_Date": 1479505472000}}, {"type": "Feature", "id": 84, "geometry": {"type": "Point", "coordinates": [-84.395271, 33.7718580000001]}, "properties": {"OBJECTID": 84, "Name": "ADA Building Entrance - Swann Building", "Description": "39 - Swann - ADA Building Entrance", "Keywords": "ADA,Wheelchair,Handicap,disabled,ADA Building Entrance", "Categories_1": "ADA - Building Entrances", "Categories_2": null, "Categories_3": null, "Categories_4": null, "Categories_5": null, "Location_1": 33.771858, "Location_2": -84.395271, "Marker_Instance_IDs": 181814, "Marker_ID": 127981, "Category_IDs": 19332, "Last_Edited_By": "anna_nord", "Created_Date": 1479482759000, "Changed_Date": 1479505491000}}, {"type": "Feature", "id": 85, "geometry": {"type": "Point", "coordinates": [-84.396606, 33.775017]}, "properties": {"OBJECTID": 85, "Name": "ADA Building Entrance - Clough", "Description": "166 - Clough Undergraduate Learning Commons - ADA Building Entrance", "Keywords": "ADA,Wheelchair,Handicap,disabled,ADA Building Entrance", "Categories_1": "ADA - Building Entrances", "Categories_2": null, "Categories_3": null, "Categories_4": null, "Categories_5": null, "Location_1": 33.775017, "Location_2": -84.396606, "Marker_Instance_IDs": 181967, "Marker_ID": 128116, "Category_IDs": 19332, "Last_Edited_By": "anna_nord", "Created_Date": 1479505685000, "Changed_Date": 1488570790000}}, {"type": "Feature", "id": 86, "geometry": {"type": "Point", "coordinates": [-84.396362, 33.7760700000001]}, "properties": {"OBJECTID": 86, "Name": "ADA Building Entrance - Architecture West", "Description": "75 - Architecture West - ADA Building Entrance", "Keywords": "ADA,Wheelchair,Handicap,disabled,ADA Building Entrance", "Categories_1": "ADA - Building Entrances", "Categories_2": null, "Categories_3": null, "Categories_4": null, "Categories_5": null, "Location_1": 33.77607, "Location_2": -84.396362, "Marker_Instance_IDs": 181980, "Marker_ID": 128129, "Category_IDs": 19332, "Last_Edited_By": "anna_nord", "Created_Date": 1479505804000, "Changed_Date": 1481565185000}}, {"type": "Feature", "id": 87, "geometry": {"type": "Point", "coordinates": [-84.3965229999999, 33.776978]}, "properties": {"OBJECTID": 87, "Name": "ADA Building Entrance - Klaus Advanced Computing", "Description": "153 - Klaus Advanced Computing - ADA Building Entrance", "Keywords": "ADA,Wheelchair,Handicap,disabled,ADA Building Entrance", "Categories_1": "ADA - Building Entrances", "Categories_2": null, "Categories_3": null, "Categories_4": null, "Categories_5": null, "Location_1": 33.776978, "Location_2": -84.396523, "Marker_Instance_IDs": 182962, "Marker_ID": 128679, "Category_IDs": 19332, "Last_Edited_By": "anna_nord", "Created_Date": 1480604082000, "Changed_Date": 1481663476000}}, {"type": "Feature", "id": 88, "geometry": {"type": "Point", "coordinates": [-84.39595, 33.776466]}, "properties": {"OBJECTID": 88, "Name": "ADA Building Entrance - Klaus Advanced Computing", "Description": "153 - Klaus Advanced Computing - ADA Building Entrance", "Keywords": "ADA,Wheelchair,Handicap,disabled,ADA Building Entrance", "Categories_1": "ADA - Building Entrances", "Categories_2": null, "Categories_3": null, "Categories_4": null, "Categories_5": null, "Location_1": 33.776466, "Location_2": -84.39595, "Marker_Instance_IDs": 182963, "Marker_ID": 128680, "Category_IDs": 19332, "Last_Edited_By": "anna_nord", "Created_Date": 1480604091000, "Changed_Date": 1481663792000}}, {"type": "Feature", "id": 89, "geometry": {"type": "Point", "coordinates": [-84.396645, 33.7770580000001]}, "properties": {"OBJECTID": 89, "Name": "ADA Building Entrance - Klaus Advanced Computing", "Description": "153 - Klaus Advanced Computing - ADA Building Entrance", "Keywords": "ADA,Wheelchair,Handicap,disabled,ADA Building Entrance", "Categories_1": "ADA - Building Entrances", "Categories_2": null, "Categories_3": null, "Categories_4": null, "Categories_5": null, "Location_1": 33.777058, "Location_2": -84.396645, "Marker_Instance_IDs": 182964, "Marker_ID": 128681, "Category_IDs": 19332, "Last_Edited_By": "anna_nord", "Created_Date": 1480604101000, "Changed_Date": 1481663680000}}, {"type": "Feature", "id": 90, "geometry": {"type": "Point", "coordinates": [-84.395935, 33.777454]}, "properties": {"OBJECTID": 90, "Name": "ADA Building Entrance - Klaus Advanced Computing", "Description": "153 - Klaus Advanced Computing - ADA Building Entrance", "Keywords": "ADA,Wheelchair,Handicap,disabled,ADA Building Entrance", "Categories_1": "ADA - Building Entrances", "Categories_2": null, "Categories_3": null, "Categories_4": null, "Categories_5": null, "Location_1": 33.777454, "Location_2": -84.395935, "Marker_Instance_IDs": 182965, "Marker_ID": 128682, "Category_IDs": 19332, "Last_Edited_By": "anna_nord", "Created_Date": 1480604111000, "Changed_Date": 1481637791000}}, {"type": "Feature", "id": 91, "geometry": {"type": "Point", "coordinates": [-84.396042, 33.776981]}, "properties": {"OBJECTID": 91, "Name": "ADA Building Entrance - Klaus Advanced Computing", "Description": "153 - Klaus Advanced Computing - ADA Building Entrance", "Keywords": "ADA,Wheelchair,Handicap,disabled,ADA Building Entrance", "Categories_1": "ADA - Building Entrances", "Categories_2": null, "Categories_3": null, "Categories_4": null, "Categories_5": null, "Location_1": 33.776981, "Location_2": -84.396042, "Marker_Instance_IDs": 182966, "Marker_ID": 128683, "Category_IDs": 19332, "Last_Edited_By": "anna_nord", "Created_Date": 1480604126000, "Changed_Date": 1481664059000}}, {"type": "Feature", "id": 92, "geometry": {"type": "Point", "coordinates": [-84.397568, 33.77795]}, "properties": {"OBJECTID": 92, "Name": "ADA Building Entrance - Cherry Emerson Building", "Description": "66 - Cherry Emerson Building - ADA Building Entrance", "Keywords": "ADA,Wheelchair,Handicap,disabled,ADA Building Entrance", "Categories_1": "ADA - Building Entrances", "Categories_2": null, "Categories_3": null, "Categories_4": null, "Categories_5": null, "Location_1": 33.77795, "Location_2": -84.397568, "Marker_Instance_IDs": 182967, "Marker_ID": 128684, "Category_IDs": 19332, "Last_Edited_By": "anna_nord", "Created_Date": 1480604352000, "Changed_Date": 1481663557000}}, {"type": "Feature", "id": 93, "geometry": {"type": "Point", "coordinates": [-84.3971099999999, 33.777637]}, "properties": {"OBJECTID": 93, "Name": "ADA Building Entrance - College of Computing", "Description": "50 -College of Computing - ADA Building Entrance", "Keywords": "ADA,Wheelchair,Handicap,disabled,ADA Building Entrance", "Categories_1": "ADA - Building Entrances", "Categories_2": null, "Categories_3": null, "Categories_4": null, "Categories_5": null, "Location_1": 33.777637, "Location_2": -84.39711, "Marker_Instance_IDs": 182968, "Marker_ID": 128685, "Category_IDs": 19332, "Last_Edited_By": "anna_nord", "Created_Date": 1480604465000, "Changed_Date": 1481663588000}}, {"type": "Feature", "id": 94, "geometry": {"type": "Point", "coordinates": [-84.3974909999999, 33.777088]}, "properties": {"OBJECTID": 94, "Name": "ADA Building Entrance - College of Computing", "Description": "50 - College of Computing - ADA Building Entrance", "Keywords": "ADA,Wheelchair,Handicap,disabled,ADA Building Entrance", "Categories_1": "ADA - Building Entrances", "Categories_2": null, "Categories_3": null, "Categories_4": null, "Categories_5": null, "Location_1": 33.777088, "Location_2": -84.397491, "Marker_Instance_IDs": 182969, "Marker_ID": 128686, "Category_IDs": 19332, "Last_Edited_By": "anna_nord", "Created_Date": 1480604734000, "Changed_Date": 1481663577000}}, {"type": "Feature", "id": 95, "geometry": {"type": "Point", "coordinates": [-84.397369, 33.777092]}, "properties": {"OBJECTID": 95, "Name": "ADA Building Entrance - College", "Description": "50 - College of Computing - ADA Building Entrance", "Keywords": "ADA,Wheelchair,Handicap,disabled,ADA Building Entrance", "Categories_1": "ADA - Building Entrances", "Categories_2": null, "Categories_3": null, "Categories_4": null, "Categories_5": null, "Location_1": 33.777092, "Location_2": -84.397369, "Marker_Instance_IDs": 182971, "Marker_ID": 128688, "Category_IDs": 19332, "Last_Edited_By": "anna_nord", "Created_Date": 1480612637000, "Changed_Date": 1481663567000}}, {"type": "Feature", "id": 96, "geometry": {"type": "Point", "coordinates": [-84.396935, 33.7768140000001]}, "properties": {"OBJECTID": 96, "Name": "ADA Building Entrance - Caddell", "Description": "60A - Caddell - ADA Building Entrance", "Keywords": "ADA,Wheelchair,Handicap,disabled,ADA Building Entrance", "Categories_1": "ADA - Building Entrances", "Categories_2": null, "Categories_3": null, "Categories_4": null, "Categories_5": null, "Location_1": 33.776814, "Location_2": -84.396935, "Marker_Instance_IDs": 182973, "Marker_ID": 128690, "Category_IDs": 19332, "Last_Edited_By": "anna_nord", "Created_Date": 1480612658000, "Changed_Date": 1481663446000}}, {"type": "Feature", "id": 97, "geometry": {"type": "Point", "coordinates": [-84.3973769999999, 33.7769510000001]}, "properties": {"OBJECTID": 97, "Name": "ADA Building Entrance - Pettit", "Description": "95 - Pettit Building - ADA Building Entrance", "Keywords": "ADA,Wheelchair,Handicap,disabled,ADA Building Entrance", "Categories_1": "ADA - Building Entrances", "Categories_2": null, "Categories_3": null, "Categories_4": null, "Categories_5": null, "Location_1": 33.776951, "Location_2": -84.397377, "Marker_Instance_IDs": 182974, "Marker_ID": 128691, "Category_IDs": 19332, "Last_Edited_By": "anna_nord", "Created_Date": 1480612668000, "Changed_Date": 1481663874000}}, {"type": "Feature", "id": 98, "geometry": {"type": "Point", "coordinates": [-84.39743, 33.7767910000001]}, "properties": {"OBJECTID": 98, "Name": "ADA Building Entrance - Pettit", "Description": "95 - Pettit Building- ADA Building Entrance", "Keywords": "ADA,Wheelchair,Handicap,disabled,ADA Building Entrance", "Categories_1": "ADA - Building Entrances", "Categories_2": null, "Categories_3": null, "Categories_4": null, "Categories_5": null, "Location_1": 33.776791, "Location_2": -84.39743, "Marker_Instance_IDs": 182975, "Marker_ID": 128692, "Category_IDs": 19332, "Last_Edited_By": "anna_nord", "Created_Date": 1480612678000, "Changed_Date": 1481663884000}}, {"type": "Feature", "id": 99, "geometry": {"type": "Point", "coordinates": [-84.397308, 33.775715]}, "properties": {"OBJECTID": 99, "Name": "ADA Building Entrance - Van Leer Building", "Description": "85 - Van Leer - ADA Building Entrance", "Keywords": "ADA,Wheelchair,Handicap,disabled,ADA Building Entrance", "Categories_1": "ADA - Building Entrances", "Categories_2": null, "Categories_3": null, "Categories_4": null, "Categories_5": null, "Location_1": 33.775715, "Location_2": -84.397308, "Marker_Instance_IDs": 182977, "Marker_ID": 128694, "Category_IDs": 19332, "Last_Edited_By": "anna_nord", "Created_Date": 1480612698000, "Changed_Date": 1481663834000}}, {"type": "Feature", "id": 100, "geometry": {"type": "Point", "coordinates": [-84.396843, 33.775742]}, "properties": {"OBJECTID": 100, "Name": "ADA Building Entrance - Van Leer Building", "Description": "85 - Van Leer Building - ADA Building Entrance", "Keywords": "ADA,Wheelchair,Handicap,disabled,ADA Building Entrance", "Categories_1": "ADA - Building Entrances", "Categories_2": null, "Categories_3": null, "Categories_4": null, "Categories_5": null, "Location_1": 33.775742, "Location_2": -84.396843, "Marker_Instance_IDs": 182978, "Marker_ID": 128695, "Category_IDs": 19332, "Last_Edited_By": "anna_nord", "Created_Date": 1480612708000, "Changed_Date": 1481663710000}}, {"type": "Feature", "id": 101, "geometry": {"type": "Point", "coordinates": [-84.396935, 33.775715]}, "properties": {"OBJECTID": 101, "Name": "ADA Building Entrance - Van Leer Building", "Description": "85 -Van Leer - ADA Building Entrance", "Keywords": "ADA,Wheelchair,Handicap,disabled,ADA Building Entrance", "Categories_1": "ADA - Building Entrances", "Categories_2": null, "Categories_3": null, "Categories_4": null, "Categories_5": null, "Location_1": 33.775715, "Location_2": -84.396935, "Marker_Instance_IDs": 182979, "Marker_ID": 128696, "Category_IDs": 19332, "Last_Edited_By": "anna_nord", "Created_Date": 1480612718000, "Changed_Date": 1481663720000}}, {"type": "Feature", "id": 102, "geometry": {"type": "Point", "coordinates": [-84.398262, 33.777538]}, "properties": {"OBJECTID": 102, "Name": "ADA Building Entrance - Howey Physics Building", "Description": "81 -Howey Physics Building - ADA Building Entrance", "Keywords": "ADA,Wheelchair,Handicap,disabled,ADA Building Entrance", "Categories_1": "ADA - Building Entrances", "Categories_2": null, "Categories_3": null, "Categories_4": null, "Categories_5": null, "Location_1": 33.777538, "Location_2": -84.398262, "Marker_Instance_IDs": 182980, "Marker_ID": 128697, "Category_IDs": 19332, "Last_Edited_By": "anna_nord", "Created_Date": 1480612728000, "Changed_Date": 1481663731000}}, {"type": "Feature", "id": 103, "geometry": {"type": "Point", "coordinates": [-84.3988879999999, 33.777569]}, "properties": {"OBJECTID": 103, "Name": "ADA Building Entrance - Howey Physics Building", "Description": "81 - Howey Physics - ADA Building Entrance", "Keywords": "ADA,Wheelchair,Handicap,disabled,ADA Building Entrance", "Categories_1": "ADA - Building Entrances", "Categories_2": null, "Categories_3": null, "Categories_4": null, "Categories_5": null, "Location_1": 33.777569, "Location_2": -84.398888, "Marker_Instance_IDs": 182981, "Marker_ID": 128698, "Category_IDs": 19332, "Last_Edited_By": "anna_nord", "Created_Date": 1480612738000, "Changed_Date": 1481663813000}}, {"type": "Feature", "id": 104, "geometry": {"type": "Point", "coordinates": [-84.398987, 33.777435]}, "properties": {"OBJECTID": 104, "Name": "ADA Building Entrance - Howey Physics Building", "Description": "81 -Howey Physics Building - ADA Building Entrance", "Keywords": "ADA,Wheelchair,Handicap,disabled,ADA Building Entrance", "Categories_1": "ADA - Building Entrances", "Categories_2": null, "Categories_3": null, "Categories_4": null, "Categories_5": null, "Location_1": 33.777435, "Location_2": -84.398987, "Marker_Instance_IDs": 182982, "Marker_ID": 128699, "Category_IDs": 19332, "Last_Edited_By": "anna_nord", "Created_Date": 1480612748000, "Changed_Date": 1481663935000}}, {"type": "Feature", "id": 105, "geometry": {"type": "Point", "coordinates": [-84.398651, 33.77721]}, "properties": {"OBJECTID": 105, "Name": "ADA Building Entrance - Howey Physics Building", "Description": "81 - Howey Physics Building - ADA Building Entrance", "Keywords": "ADA,Wheelchair,Handicap,disabled,ADA Building Entrance", "Categories_1": "ADA - Building Entrances", "Categories_2": null, "Categories_3": null, "Categories_4": null, "Categories_5": null, "Location_1": 33.77721, "Location_2": -84.398651, "Marker_Instance_IDs": 182983, "Marker_ID": 128700, "Category_IDs": 19332, "Last_Edited_By": "anna_nord", "Created_Date": 1480612758000, "Changed_Date": 1481663905000}}, {"type": "Feature", "id": 106, "geometry": {"type": "Point", "coordinates": [-84.398361, 33.777298]}, "properties": {"OBJECTID": 106, "Name": "ADA Building Entrance - Howey Physics Building", "Description": "81 - Howey Physics Building - ADA Building Entrance", "Keywords": "ADA,Wheelchair,Handicap,disabled,ADA Building Entrance", "Categories_1": "ADA - Building Entrances", "Categories_2": null, "Categories_3": null, "Categories_4": null, "Categories_5": null, "Location_1": 33.777298, "Location_2": -84.398361, "Marker_Instance_IDs": 182984, "Marker_ID": 128701, "Category_IDs": 19332, "Last_Edited_By": "anna_nord", "Created_Date": 1480612767000, "Changed_Date": 1481664017000}}, {"type": "Feature", "id": 107, "geometry": {"type": "Point", "coordinates": [-84.3986429999999, 33.776535]}, "properties": {"OBJECTID": 107, "Name": "ADA Building Entrance - Mason", "Description": "111 - Mason - ADA Building Entrance", "Keywords": "ADA,Wheelchair,Handicap,disabled,ADA Building Entrance", "Categories_1": "ADA - Building Entrances", "Categories_2": null, "Categories_3": null, "Categories_4": null, "Categories_5": null, "Location_1": 33.776535, "Location_2": -84.398643, "Marker_Instance_IDs": 182985, "Marker_ID": 128702, "Category_IDs": 19332, "Last_Edited_By": "anna_nord", "Created_Date": 1480612777000, "Changed_Date": 1481663966000}}, {"type": "Feature", "id": 108, "geometry": {"type": "Point", "coordinates": [-84.3985979999999, 33.7766570000001]}, "properties": {"OBJECTID": 108, "Name": "ADA Building Entrance - Mason Building", "Description": "111 - Mason Building - ADA Building Entrance", "Keywords": "ADA,Wheelchair,Handicap,disabled,ADA Building Entrance", "Categories_1": "ADA - Building Entrances", "Categories_2": null, "Categories_3": null, "Categories_4": null, "Categories_5": null, "Location_1": 33.776657, "Location_2": -84.398598, "Marker_Instance_IDs": 182986, "Marker_ID": 128703, "Category_IDs": 19332, "Last_Edited_By": "anna_nord", "Created_Date": 1480612787000, "Changed_Date": 1481663945000}}, {"type": "Feature", "id": 109, "geometry": {"type": "Point", "coordinates": [-84.3984379999999, 33.7766530000001]}, "properties": {"OBJECTID": 109, "Name": "ADA Building Entrance - Mason Building", "Description": "111 - Mason Building - ADA Building Entrance", "Keywords": "ADA,Wheelchair,Handicap,disabled,ADA Building Entrance", "Categories_1": "ADA - Building Entrances", "Categories_2": null, "Categories_3": null, "Categories_4": null, "Categories_5": null, "Location_1": 33.776653, "Location_2": -84.398438, "Marker_Instance_IDs": 182987, "Marker_ID": 128704, "Category_IDs": 19332, "Last_Edited_By": "anna_nord", "Created_Date": 1480612797000, "Changed_Date": 1481663772000}}, {"type": "Feature", "id": 110, "geometry": {"type": "Point", "coordinates": [-84.39843, 33.7764970000001]}, "properties": {"OBJECTID": 110, "Name": "ADA Building Entrance - Mason Building", "Description": "111 - Mason Building - ADA Building Entrance", "Keywords": "ADA,Wheelchair,Handicap,disabled,ADA Building Entrance", "Categories_1": "ADA - Building Entrances", "Categories_2": null, "Categories_3": null, "Categories_4": null, "Categories_5": null, "Location_1": 33.776497, "Location_2": -84.39843, "Marker_Instance_IDs": 182988, "Marker_ID": 128705, "Category_IDs": 19332, "Last_Edited_By": "anna_nord", "Created_Date": 1480612807000, "Changed_Date": 1481663956000}}, {"type": "Feature", "id": 111, "geometry": {"type": "Point", "coordinates": [-84.3990479999999, 33.776211]}, "properties": {"OBJECTID": 111, "Name": "ADA Building Entrance - Allen Sustainable Education Building", "Description": "145 - SEB - ADA Building Entrance", "Keywords": "ADA,Wheelchair,Handicap,disabled,ADA Building Entrance", "Categories_1": "ADA - Building Entrances", "Categories_2": null, "Categories_3": null, "Categories_4": null, "Categories_5": null, "Location_1": 33.776211, "Location_2": -84.399048, "Marker_Instance_IDs": 182989, "Marker_ID": 128706, "Category_IDs": 19332, "Last_Edited_By": "anna_nord", "Created_Date": 1480612817000, "Changed_Date": 1488570782000}}, {"type": "Feature", "id": 112, "geometry": {"type": "Point", "coordinates": [-84.398605, 33.776218]}, "properties": {"OBJECTID": 112, "Name": "ADA Building Entrance - Allen Sustainable Education Building", "Description": "145 - SEB - ADA Building Entrance", "Keywords": "ADA,Wheelchair,Handicap,disabled,ADA Building Entrance", "Categories_1": "ADA - Building Entrances", "Categories_2": null, "Categories_3": null, "Categories_4": null, "Categories_5": null, "Location_1": 33.776218, "Location_2": -84.398605, "Marker_Instance_IDs": 182990, "Marker_ID": 128707, "Category_IDs": 19332, "Last_Edited_By": "anna_nord", "Created_Date": 1480612827000, "Changed_Date": 1481637801000}}, {"type": "Feature", "id": 113, "geometry": {"type": "Point", "coordinates": [-84.3988189999999, 33.7760660000001]}, "properties": {"OBJECTID": 113, "Name": "ADA Building Entrance - Allen Sustainable Education Building", "Description": "145 - SEB - ADA Building Entrance", "Keywords": "ADA,Wheelchair,Handicap,disabled,ADA Building Entrance", "Categories_1": "ADA - Building Entrances", "Categories_2": null, "Categories_3": null, "Categories_4": null, "Categories_5": null, "Location_1": 33.776066, "Location_2": -84.398819, "Marker_Instance_IDs": 182991, "Marker_ID": 128708, "Category_IDs": 19332, "Last_Edited_By": "anna_nord", "Created_Date": 1480612837000, "Changed_Date": 1481663425000}}, {"type": "Feature", "id": 114, "geometry": {"type": "Point", "coordinates": [-84.399956, 33.775356]}, "properties": {"OBJECTID": 114, "Name": "ADA Building Entrance - Boggs Building", "Description": "103 - Boggs Building - ADA Building Entrance", "Keywords": "ADA,Wheelchair,Handicap,disabled,ADA Building Entrance", "Categories_1": "ADA - Building Entrances", "Categories_2": null, "Categories_3": null, "Categories_4": null, "Categories_5": null, "Location_1": 33.775356, "Location_2": -84.399956, "Marker_Instance_IDs": 182993, "Marker_ID": 128710, "Category_IDs": 19332, "Last_Edited_By": "anna_nord", "Created_Date": 1480612857000, "Changed_Date": 1481663436000}}, {"type": "Feature", "id": 115, "geometry": {"type": "Point", "coordinates": [-84.399727, 33.775131]}, "properties": {"OBJECTID": 115, "Name": "ADA Building Entrance - Ferst Center For The Arts", "Description": "124 - Ferst Center For The Arts - ADA Building Entrance", "Keywords": "ADA,Wheelchair,Handicap,disabled,ADA Building Entrance", "Categories_1": "ADA - Building Entrances", "Categories_2": null, "Categories_3": null, "Categories_4": null, "Categories_5": null, "Location_1": 33.775131, "Location_2": -84.399727, "Marker_Instance_IDs": 182994, "Marker_ID": 128711, "Category_IDs": 19332, "Last_Edited_By": "anna_nord", "Created_Date": 1480612867000, "Changed_Date": 1481663649000}}, {"type": "Feature", "id": 116, "geometry": {"type": "Point", "coordinates": [-84.3992229999999, 33.7747800000001]}, "properties": {"OBJECTID": 116, "Name": "ADA Building Entrance - Ferst Center For The Arts", "Description": "124 - Ferst Center For The Arts - ADA Building Entrance", "Keywords": "ADA,Wheelchair,Handicap,disabled,ADA Building Entrance", "Categories_1": "ADA - Building Entrances", "Categories_2": null, "Categories_3": null, "Categories_4": null, "Categories_5": null, "Location_1": 33.77478, "Location_2": -84.399223, "Marker_Instance_IDs": 182995, "Marker_ID": 128712, "Category_IDs": 19332, "Last_Edited_By": "anna_nord", "Created_Date": 1480612877000, "Changed_Date": 1481663639000}}, {"type": "Feature", "id": 117, "geometry": {"type": "Point", "coordinates": [-84.39901, 33.775337]}, "properties": {"OBJECTID": 117, "Name": "ADA Building Entrance - Ferst Center For The Arts", "Description": "124 - Ferst Center For The Arts - ADA Building Entrance", "Keywords": "ADA,Wheelchair,Handicap,disabled,ADA Building Entrance", "Categories_1": "ADA - Building Entrances", "Categories_2": null, "Categories_3": null, "Categories_4": null, "Categories_5": null, "Location_1": 33.775337, "Location_2": -84.39901, "Marker_Instance_IDs": 182998, "Marker_ID": 128715, "Category_IDs": 19332, "Last_Edited_By": "anna_nord", "Created_Date": 1480612927000, "Changed_Date": 1481663659000}}, {"type": "Feature", "id": 118, "geometry": {"type": "Point", "coordinates": [-84.399513, 33.774567]}, "properties": {"OBJECTID": 118, "Name": "ADA Building Entrance - Smithgall Student Services Building", "Description": "123 - Smithgall Student Services Building - ADA Building Entrance", "Keywords": "ADA,Wheelchair,Handicap,disabled,ADA Building Entrance", "Categories_1": "ADA - Building Entrances", "Categories_2": null, "Categories_3": null, "Categories_4": null, "Categories_5": null, "Location_1": 33.774567, "Location_2": -84.399513, "Marker_Instance_IDs": 182999, "Marker_ID": 128716, "Category_IDs": 19332, "Last_Edited_By": "anna_nord", "Created_Date": 1480612937000, "Changed_Date": 1481663844000}}, {"type": "Feature", "id": 119, "geometry": {"type": "Point", "coordinates": [-84.399483, 33.774193]}, "properties": {"OBJECTID": 119, "Name": "ADA Building Entrance - Smithgall Student Services Building", "Description": "123 - Smithgall Student Services Building - ADA Building Entrance", "Keywords": "ADA,Wheelchair,Handicap,disabled,ADA Building Entrance", "Categories_1": "ADA - Building Entrances", "Categories_2": null, "Categories_3": null, "Categories_4": null, "Categories_5": null, "Location_1": 33.774193, "Location_2": -84.399483, "Marker_Instance_IDs": 183000, "Marker_ID": 128717, "Category_IDs": 19332, "Last_Edited_By": "anna_nord", "Created_Date": 1480612947000, "Changed_Date": 1481663864000}}, {"type": "Feature", "id": 120, "geometry": {"type": "Point", "coordinates": [-84.399239, 33.774345]}, "properties": {"OBJECTID": 120, "Name": "ADA Building Entrance - Smithgall Student Services Building", "Description": "123 -Smithgall Student Services Building - ADA Building Entrance", "Keywords": "ADA,Wheelchair,Handicap,disabled,ADA Building Entrance", "Categories_1": "ADA - Building Entrances", "Categories_2": null, "Categories_3": null, "Categories_4": null, "Categories_5": null, "Location_1": 33.774345, "Location_2": -84.399239, "Marker_Instance_IDs": 183001, "Marker_ID": 128718, "Category_IDs": 19332, "Last_Edited_By": "anna_nord", "Created_Date": 1480612957000, "Changed_Date": 1481663741000}}, {"type": "Feature", "id": 121, "geometry": {"type": "Point", "coordinates": [-84.398239, 33.773853]}, "properties": {"OBJECTID": 121, "Name": "ADA Building Entrance - Stamps Student Center", "Description": "114 - Stamps Student Center - ADA Building Entrance", "Keywords": "ADA,Wheelchair,Handicap,disabled,ADA Building Entrance", "Categories_1": "ADA - Building Entrances", "Categories_2": null, "Categories_3": null, "Categories_4": null, "Categories_5": null, "Location_1": 33.773853, "Location_2": -84.398239, "Marker_Instance_IDs": 183004, "Marker_ID": 128721, "Category_IDs": 19332, "Last_Edited_By": "anna_nord", "Created_Date": 1480613009000, "Changed_Date": 1481663854000}}, {"type": "Feature", "id": 122, "geometry": {"type": "Point", "coordinates": [-84.401352, 33.777966]}, "properties": {"OBJECTID": 122, "Name": "ADA Building Entrance - Manufacturing Research Center", "Description": "126 - Manufacturing Research Center - ADA Building Entrance", "Keywords": "ADA,Wheelchair,Handicap,disabled,ADA Building Entrance", "Categories_1": "ADA - Building Entrances", "Categories_2": null, "Categories_3": null, "Categories_4": null, "Categories_5": null, "Location_1": 33.777966, "Location_2": -84.401352, "Marker_Instance_IDs": 183007, "Marker_ID": 128724, "Category_IDs": 19332, "Last_Edited_By": "anna_nord", "Created_Date": 1480613039000, "Changed_Date": 1481663976000}}, {"type": "Feature", "id": 123, "geometry": {"type": "Point", "coordinates": [-84.4019929999999, 33.7765810000001]}, "properties": {"OBJECTID": 123, "Name": "ADA Building Entrance - Love Manufacturing", "Description": "144 - Love Manufacturing Building - ADA Building Entrance", "Keywords": "ADA,Wheelchair,Handicap,disabled,ADA Building Entrance", "Categories_1": "ADA - Building Entrances", "Categories_2": null, "Categories_3": null, "Categories_4": null, "Categories_5": null, "Location_1": 33.776581, "Location_2": -84.401993, "Marker_Instance_IDs": 183679, "Marker_ID": 129279, "Category_IDs": 19332, "Last_Edited_By": "anna_nord", "Created_Date": 1481564877000, "Changed_Date": 1481663466000}}, {"type": "Feature", "id": 124, "geometry": {"type": "Point", "coordinates": [-84.4017029999999, 33.776505]}, "properties": {"OBJECTID": 124, "Name": "ADA Building Entrance - Love Manufacturing", "Description": "144 - Love Manufacturing - ADA Building Entrance", "Keywords": "ADA,Wheelchair,Handicap,disabled,ADA Building Entrance", "Categories_1": "ADA - Building Entrances", "Categories_2": null, "Categories_3": null, "Categories_4": null, "Categories_5": null, "Location_1": 33.776505, "Location_2": -84.401703, "Marker_Instance_IDs": 183680, "Marker_ID": 129280, "Category_IDs": 19332, "Last_Edited_By": "anna_nord", "Created_Date": 1481564887000, "Changed_Date": 1481664049000}}, {"type": "Feature", "id": 125, "geometry": {"type": "Point", "coordinates": [-84.400787, 33.77718]}, "properties": {"OBJECTID": 125, "Name": "ADA Building Entrance - Manufacturing Complex", "Description": "135 - Manufacturing Complex - ADA Building Entrance", "Keywords": "ADA,Wheelchair,Handicap,disabled,ADA Building Entrance", "Categories_1": "ADA - Building Entrances", "Categories_2": null, "Categories_3": null, "Categories_4": null, "Categories_5": null, "Location_1": 33.77718, "Location_2": -84.400787, "Marker_Instance_IDs": 183681, "Marker_ID": 129281, "Category_IDs": 19332, "Last_Edited_By": "anna_nord", "Created_Date": 1481564898000, "Changed_Date": 1481664038000}}, {"type": "Feature", "id": 126, "geometry": {"type": "Point", "coordinates": [-84.400604, 33.7771760000001]}, "properties": {"OBJECTID": 126, "Name": "ADA Building Entrance - Manufacturing Complex", "Description": "135 - Manufacturing Complex - ADA Building Entrance", "Keywords": "ADA,Wheelchair,Handicap,disabled,ADA Building Entrance", "Categories_1": "ADA - Building Entrances", "Categories_2": null, "Categories_3": null, "Categories_4": null, "Categories_5": null, "Location_1": 33.777176, "Location_2": -84.400604, "Marker_Instance_IDs": 183682, "Marker_ID": 129282, "Category_IDs": 19332, "Last_Edited_By": "anna_nord", "Created_Date": 1481564908000, "Changed_Date": 1481663690000}}, {"type": "Feature", "id": 127, "geometry": {"type": "Point", "coordinates": [-84.400902, 33.776939]}, "properties": {"OBJECTID": 127, "Name": "ADA Building Entrance - Manufacturing Complex", "Description": "135 - Bobby Dodd Stadium - ADA Building Entrance", "Keywords": "ADA,Wheelchair,Handicap,disabled,ADA Building Entrance", "Categories_1": "ADA - Building Entrances", "Categories_2": null, "Categories_3": null, "Categories_4": null, "Categories_5": null, "Location_1": 33.776939, "Location_2": -84.400902, "Marker_Instance_IDs": 183683, "Marker_ID": 129283, "Category_IDs": 19332, "Last_Edited_By": "anna_nord", "Created_Date": 1481564919000, "Changed_Date": 1481663700000}}, {"type": "Feature", "id": 128, "geometry": {"type": "Point", "coordinates": [-84.400787, 33.776981]}, "properties": {"OBJECTID": 128, "Name": "ADA Building Entrance - Manufacturing Complex", "Description": "135 - Manufacturing Complex - ADA Building Entrance", "Keywords": "ADA,Wheelchair,Handicap,disabled,ADA Building Entrance", "Categories_1": "ADA - Building Entrances", "Categories_2": null, "Categories_3": null, "Categories_4": null, "Categories_5": null, "Location_1": 33.776981, "Location_2": -84.400787, "Marker_Instance_IDs": 183684, "Marker_ID": 129284, "Category_IDs": 19332, "Last_Edited_By": "anna_nord", "Created_Date": 1481564929000, "Changed_Date": 1481663670000}}, {"type": "Feature", "id": 129, "geometry": {"type": "Point", "coordinates": [-84.4002149999999, 33.7769660000001]}, "properties": {"OBJECTID": 129, "Name": "ADA Building Entrance - Manufacturing Complex", "Description": "135 - Manufacturing Complex- ADA Building Entrance", "Keywords": "ADA,Wheelchair,Handicap,disabled,ADA Building Entrance", "Categories_1": "ADA - Building Entrances", "Categories_2": null, "Categories_3": null, "Categories_4": null, "Categories_5": null, "Location_1": 33.776966, "Location_2": -84.400215, "Marker_Instance_IDs": 183686, "Marker_ID": 129286, "Category_IDs": 19332, "Last_Edited_By": "anna_nord", "Created_Date": 1481564949000, "Changed_Date": 1481663996000}}, {"type": "Feature", "id": 130, "geometry": {"type": "Point", "coordinates": [-84.4001009999999, 33.776775]}, "properties": {"OBJECTID": 130, "Name": "ADA Building Entrance - Manufacturing Complex", "Description": "135 - Manufacturing Complex - ADA Building Entrance", "Keywords": "ADA,Wheelchair,Handicap,disabled,ADA Building Entrance", "Categories_1": "ADA - Building Entrances", "Categories_2": null, "Categories_3": null, "Categories_4": null, "Categories_5": null, "Location_1": 33.776775, "Location_2": -84.400101, "Marker_Instance_IDs": 183687, "Marker_ID": 129287, "Category_IDs": 19332, "Last_Edited_By": "anna_nord", "Created_Date": 1481564960000, "Changed_Date": 1481664027000}}, {"type": "Feature", "id": 131, "geometry": {"type": "Point", "coordinates": [-84.400078, 33.776531]}, "properties": {"OBJECTID": 131, "Name": "ADA Building Entrance - Manufacturing Complex", "Description": "135 - Manufacturing Complex - ADA Building Entrance", "Keywords": "ADA,Wheelchair,Handicap,disabled,ADA Building Entrance", "Categories_1": "ADA - Building Entrances", "Categories_2": null, "Categories_3": null, "Categories_4": null, "Categories_5": null, "Location_1": 33.776531, "Location_2": -84.400078, "Marker_Instance_IDs": 183688, "Marker_ID": 129288, "Category_IDs": 19332, "Last_Edited_By": "anna_nord", "Created_Date": 1481564970000, "Changed_Date": 1481663986000}}, {"type": "Feature", "id": 132, "geometry": {"type": "Point", "coordinates": [-84.406265, 33.775925]}, "properties": {"OBJECTID": 132, "Name": "ADA Building Entrance - Office of Information Technology (OIT)", "Description": "156 - Office of Information Technology (OIT) - ADA Building Entrance", "Keywords": "ADA,Wheelchair,Handicap,disabled,ADA Building Entrance", "Categories_1": "ADA - Building Entrances", "Categories_2": null, "Categories_3": null, "Categories_4": null, "Categories_5": null, "Location_1": 33.775925, "Location_2": -84.406265, "Marker_Instance_IDs": 183703, "Marker_ID": 129303, "Category_IDs": 19332, "Last_Edited_By": "anna_nord", "Created_Date": 1481565123000, "Changed_Date": 1481663782000}}, {"type": "Feature", "id": 133, "geometry": {"type": "Point", "coordinates": [-84.4030299999999, 33.775452]}, "properties": {"OBJECTID": 133, "Name": "ADA Building Entrance - Campus Recreation Center (CRC)", "Description": "17 - Campus Recreation Center (CRC) - ADA Building Entrance", "Keywords": "ADA,Wheelchair,Handicap,disabled,ADA Building Entrance", "Categories_1": "ADA - Building Entrances", "Categories_2": null, "Categories_3": null, "Categories_4": null, "Categories_5": null, "Location_1": 33.775452, "Location_2": -84.40303, "Marker_Instance_IDs": 183707, "Marker_ID": 129307, "Category_IDs": 19332, "Last_Edited_By": "anna_nord", "Created_Date": 1481565164000, "Changed_Date": 1481663547000}}, {"type": "Feature", "id": 134, "geometry": {"type": "Point", "coordinates": [-84.4048079999999, 33.7759130000001]}, "properties": {"OBJECTID": 134, "Name": "ADA Building Entrance - Campus Recreation Center", "Description": "160 - Campus Recreation Center (CRC) - ADA Building Entrance", "Keywords": "ADA,Wheelchair,Handicap,disabled,ADA Building Entrance", "Categories_1": "ADA - Building Entrances", "Categories_2": null, "Categories_3": null, "Categories_4": null, "Categories_5": null, "Location_1": 33.775913, "Location_2": -84.404808, "Marker_Instance_IDs": 183708, "Marker_ID": 129308, "Category_IDs": 19332, "Last_Edited_By": "anna_nord", "Created_Date": 1481565174000, "Changed_Date": 1481663536000}}, {"type": "Feature", "id": 135, "geometry": {"type": "Point", "coordinates": [-84.4048, 33.7765010000001]}, "properties": {"OBJECTID": 135, "Name": "ADA Building Entrance - Stamps Field", "Description": "348 - Stamps Field  - ADA Field Entrance", "Keywords": "ADA,Wheelchair,Handicap,disabled,ADA Building Entrance", "Categories_1": "ADA - Building Entrances", "Categories_2": null, "Categories_3": null, "Categories_4": null, "Categories_5": null, "Location_1": 33.776501, "Location_2": -84.4048, "Marker_Instance_IDs": 183709, "Marker_ID": 129309, "Category_IDs": 19332, "Last_Edited_By": "anna_nord", "Created_Date": 1481565195000, "Changed_Date": 1481663456000}}, {"type": "Feature", "id": 136, "geometry": {"type": "Point", "coordinates": [-84.405655, 33.7769700000001]}, "properties": {"OBJECTID": 136, "Name": "ADA Building Entrance - Maulding Residence Hall", "Description": " 65A- Maulding Residence Hall - ADA Building Entrance", "Keywords": "ADA,Wheelchair,Handicap,disabled,ADA Building Entrance", "Categories_1": "ADA - Building Entrances", "Categories_2": null, "Categories_3": null, "Categories_4": null, "Categories_5": null, "Location_1": 33.77697, "Location_2": -84.405655, "Marker_Instance_IDs": 183710, "Marker_ID": 129310, "Category_IDs": 19332, "Last_Edited_By": "anna_nord", "Created_Date": 1481565206000, "Changed_Date": 1481663925000}}, {"type": "Feature", "id": 137, "geometry": {"type": "Point", "coordinates": [-84.404816, 33.7775270000001]}, "properties": {"OBJECTID": 137, "Name": "ADA Building Entrance - Zbar Residence Hall", "Description": "65 - Zbar Residence Hall - ADA Building Entrance", "Keywords": "ADA,Wheelchair,Handicap,disabled,ADA Building Entrance", "Categories_1": "ADA - Building Entrances", "Categories_2": null, "Categories_3": null, "Categories_4": null, "Categories_5": null, "Location_1": 33.777527, "Location_2": -84.404816, "Marker_Instance_IDs": 183711, "Marker_ID": 129311, "Category_IDs": 19332, "Last_Edited_By": "anna_nord", "Created_Date": 1481565226000, "Changed_Date": 1502131175000}}, {"type": "Feature", "id": 138, "geometry": {"type": "Point", "coordinates": [-84.4048079999999, 33.777683]}, "properties": {"OBJECTID": 138, "Name": "ADA Building Entrance - Zbar Residence Hall", "Description": "65 - Zbar Residence Hall - ADA Building Entrance", "Keywords": "ADA,Wheelchair,Handicap,disabled,ADA Building Entrance", "Categories_1": "ADA - Building Entrances", "Categories_2": null, "Categories_3": null, "Categories_4": null, "Categories_5": null, "Location_1": 33.777683, "Location_2": -84.404808, "Marker_Instance_IDs": 183712, "Marker_ID": 129312, "Category_IDs": 19332, "Last_Edited_By": "anna_nord", "Created_Date": 1481565236000, "Changed_Date": 1481663506000}}, {"type": "Feature", "id": 139, "geometry": {"type": "Point", "coordinates": [-84.405457, 33.7785260000001]}, "properties": {"OBJECTID": 139, "Name": "ADA Building Entrance - Shell Residence Hall", "Description": "64 - Shell Residence Hall  - ADA Building Entrance", "Keywords": "ADA,Wheelchair,Handicap,disabled,ADA Building Entrance", "Categories_1": "ADA - Building Entrances", "Categories_2": null, "Categories_3": null, "Categories_4": null, "Categories_5": null, "Location_1": 33.778526, "Location_2": -84.405457, "Marker_Instance_IDs": 183713, "Marker_ID": 129313, "Category_IDs": 19332, "Last_Edited_By": "anna_nord", "Created_Date": 1481565247000, "Changed_Date": 1481663751000}}, {"type": "Feature", "id": 140, "geometry": {"type": "Point", "coordinates": [-84.4054639999999, 33.7783700000001]}, "properties": {"OBJECTID": 140, "Name": "ADA Building Entrance - Shell Residence Hall", "Description": "64 - Shell Residence Hall - ADA Building Entrance", "Keywords": "ADA,Wheelchair,Handicap,disabled,ADA Building Entrance", "Categories_1": "ADA - Building Entrances", "Categories_2": null, "Categories_3": null, "Categories_4": null, "Categories_5": null, "Location_1": 33.77837, "Location_2": -84.405464, "Marker_Instance_IDs": 183714, "Marker_ID": 129314, "Category_IDs": 19332, "Last_Edited_By": "anna_nord", "Created_Date": 1481565257000, "Changed_Date": 1481663803000}}, {"type": "Feature", "id": 141, "geometry": {"type": "Point", "coordinates": [-84.404488, 33.7779350000001]}, "properties": {"OBJECTID": 141, "Name": "ADA Building Entrance - Couch Building", "Description": "115 -Couch Building - ADA Building Entrance", "Keywords": "ADA,Wheelchair,Handicap,disabled,ADA Building Entrance", "Categories_1": "ADA - Building Entrances", "Categories_2": null, "Categories_3": null, "Categories_4": null, "Categories_5": null, "Location_1": 33.777935, "Location_2": -84.404488, "Marker_Instance_IDs": 183715, "Marker_ID": 129315, "Category_IDs": 19332, "Last_Edited_By": "anna_nord", "Created_Date": 1481565267000, "Changed_Date": 1481663619000}}, {"type": "Feature", "id": 142, "geometry": {"type": "Point", "coordinates": [-84.404633, 33.778538]}, "properties": {"OBJECTID": 142, "Name": "ADA Building Entrance - Couch Building", "Description": "115 - Couch Building - ADA Building Entrance", "Keywords": "ADA,Wheelchair,Handicap,disabled,ADA Building Entrance", "Categories_1": "ADA - Building Entrances", "Categories_2": null, "Categories_3": null, "Categories_4": null, "Categories_5": null, "Location_1": 33.778538, "Location_2": -84.404633, "Marker_Instance_IDs": 183716, "Marker_ID": 129316, "Category_IDs": 19332, "Last_Edited_By": "anna_nord", "Created_Date": 1481565277000, "Changed_Date": 1481663487000}}, {"type": "Feature", "id": 143, "geometry": {"type": "Point", "coordinates": [-84.404572, 33.7785420000001]}, "properties": {"OBJECTID": 143, "Name": "ADA Building Entrance - Couch Building", "Description": "115 - Couch Building - ADA Building Entrance", "Keywords": "ADA,Wheelchair,Handicap,disabled,ADA Building Entrance", "Categories_1": "ADA - Building Entrances", "Categories_2": null, "Categories_3": null, "Categories_4": null, "Categories_5": null, "Location_1": 33.778542, "Location_2": -84.404572, "Marker_Instance_IDs": 183717, "Marker_ID": 129317, "Category_IDs": 19332, "Last_Edited_By": "anna_nord", "Created_Date": 1481565286000, "Changed_Date": 1481663609000}}, {"type": "Feature", "id": 144, "geometry": {"type": "Point", "coordinates": [-84.4063189999999, 33.778847]}, "properties": {"OBJECTID": 144, "Name": "ADA Building Entrance - Woodruff Residence Hall", "Description": "116 - Woodruff Residence Hall - ADA Building Entrance", "Keywords": "ADA,Wheelchair,Handicap,disabled,ADA Building Entrance", "Categories_1": "ADA - Building Entrances", "Categories_2": null, "Categories_3": null, "Categories_4": null, "Categories_5": null, "Location_1": 33.778847, "Location_2": -84.406319, "Marker_Instance_IDs": 183720, "Marker_ID": 129320, "Category_IDs": 19332, "Last_Edited_By": "anna_nord", "Created_Date": 1481565317000, "Changed_Date": 1481663526000}}, {"type": "Feature", "id": 145, "geometry": {"type": "Point", "coordinates": [-84.403656, 33.7783160000001]}, "properties": {"OBJECTID": 145, "Name": "ADA Building Entrance - Fitten Residence Hall", "Description": "119 - Fitten Residence Hall - ADA Building Entrance", "Keywords": "ADA,Wheelchair,Handicap,disabled,ADA Building Entrance", "Categories_1": "ADA - Building Entrances", "Categories_2": null, "Categories_3": null, "Categories_4": null, "Categories_5": null, "Location_1": 33.778316, "Location_2": -84.403656, "Marker_Instance_IDs": 183731, "Marker_ID": 129331, "Category_IDs": 19332, "Last_Edited_By": "anna_nord", "Created_Date": 1481565429000, "Changed_Date": 1481663894000}}, {"type": "Feature", "id": 146, "geometry": {"type": "Point", "coordinates": [-84.404007, 33.7789540000001]}, "properties": {"OBJECTID": 146, "Name": "ADA Building Entrance - Commander Building", "Description": "105 - Commander Building - ADA Building Entrance", "Keywords": "ADA,Wheelchair,Handicap,disabled,ADA Building Entrance", "Categories_1": "ADA - Building Entrances", "Categories_2": null, "Categories_3": null, "Categories_4": null, "Categories_5": null, "Location_1": 33.778954, "Location_2": -84.404007, "Marker_Instance_IDs": 183733, "Marker_ID": 129333, "Category_IDs": 19332, "Last_Edited_By": "anna_nord", "Created_Date": 1481565448000, "Changed_Date": 1481663599000}}, {"type": "Feature", "id": 147, "geometry": {"type": "Point", "coordinates": [-84.3964, 33.7794230000001]}, "properties": {"OBJECTID": 147, "Name": "ADA Building Entrance - Coffee Lab", "Description": "147 -Coffee Lab - ADA Building Entrance", "Keywords": "ADA,Wheelchair,Handicap,disabled,ADA Building Entrance", "Categories_1": "ADA - Building Entrances", "Categories_2": null, "Categories_3": null, "Categories_4": null, "Categories_5": null, "Location_1": 33.779423, "Location_2": -84.3964, "Marker_Instance_IDs": 183787, "Marker_ID": 129371, "Category_IDs": 19332, "Last_Edited_By": "anna_nord", "Created_Date": 1481637652000, "Changed_Date": 1489603865000}}, {"type": "Feature", "id": 148, "geometry": {"type": "Point", "coordinates": [-84.396599, 33.7797550000001]}, "properties": {"OBJECTID": 148, "Name": "ADA Building Entrance - Molecular Science and Engineering Building", "Description": "167 - Molecular Science and Engineering Building - ADA Building Entrance", "Keywords": "ADA,Wheelchair,Handicap,disabled,ADA Building Entrance", "Categories_1": "ADA - Building Entrances", "Categories_2": null, "Categories_3": null, "Categories_4": null, "Categories_5": null, "Location_1": 33.779755, "Location_2": -84.396599, "Marker_Instance_IDs": 183819, "Marker_ID": 129402, "Category_IDs": 19332, "Last_Edited_By": "anna_nord", "Created_Date": 1481637978000, "Changed_Date": 1489603861000}}, {"type": "Feature", "id": 149, "geometry": {"type": "Point", "coordinates": [-84.391739, 33.7748070000001]}, "properties": {"OBJECTID": 149, "Name": "ADA Building Entrance - Fourth Street Houses", "Description": "134 - Fourth Street Houses - ADA Building Entrance", "Keywords": "ADA,Wheelchair,Handicap,disabled,ADA Building Entrance", "Categories_1": "ADA - Building Entrances", "Categories_2": null, "Categories_3": null, "Categories_4": null, "Categories_5": null, "Location_1": 33.774807, "Location_2": -84.391739, "Marker_Instance_IDs": 183845, "Marker_ID": 129424, "Category_IDs": 19332, "Last_Edited_By": "anna_nord", "Created_Date": 1481642366000, "Changed_Date": 1481663134000}}, {"type": "Feature", "id": 150, "geometry": {"type": "Point", "coordinates": [-84.394447, 33.772545]}, "properties": {"OBJECTID": 150, "Name": "ADA Building Entrance - Bradley Building", "Description": "74 - Bradley Building - ADA Building Entrance", "Keywords": "ADA, Wheelchair, Handicap, disabled, ADA Building Entrance", "Categories_1": "ADA - Building Entrances", "Categories_2": null, "Categories_3": null, "Categories_4": null, "Categories_5": null, "Location_1": 33.772545, "Location_2": -84.394447, "Marker_Instance_IDs": 181784, "Marker_ID": 127951, "Category_IDs": 19332, "Last_Edited_By": "anna_nord", "Created_Date": 1479480212000, "Changed_Date": 1479480212000}}, {"type": "Feature", "id": 151, "geometry": {"type": "Point", "coordinates": [-84.394897, 33.7747570000001]}, "properties": {"OBJECTID": 151, "Name": "ADA Building Entrance - Hinman Building", "Description": "51 - Hinman Building - ADA Building Entrance", "Keywords": "ADA, Wheelchair, Handicap, disabled, ADA Building Entrance", "Categories_1": "ADA - Building Entrances", "Categories_2": null, "Categories_3": null, "Categories_4": null, "Categories_5": null, "Location_1": 33.774757, "Location_2": -84.394897, "Marker_Instance_IDs": 181916, "Marker_ID": 128073, "Category_IDs": 19332, "Last_Edited_By": "anna_nord", "Created_Date": 1479499176000, "Changed_Date": 1479499176000}}, {"type": "Feature", "id": 152, "geometry": {"type": "Point", "coordinates": [-84.3946759999999, 33.7752610000001]}, "properties": {"OBJECTID": 152, "Name": "ADA Building Entrance - Rich Computer Center", "Description": "51 - Rich Computer Center - ADA Building Entrance", "Keywords": "ADA, Wheelchair, Handicap, disabled, ADA Building Entrance", "Categories_1": "ADA - Building Entrances", "Categories_2": null, "Categories_3": null, "Categories_4": null, "Categories_5": null, "Location_1": 33.775261, "Location_2": -84.394676, "Marker_Instance_IDs": 181917, "Marker_ID": 128074, "Category_IDs": 19332, "Last_Edited_By": "anna_nord", "Created_Date": 1479499185000, "Changed_Date": 1479499185000}}, {"type": "Feature", "id": 153, "geometry": {"type": "Point", "coordinates": [-84.395477, 33.776188]}, "properties": {"OBJECTID": 153, "Name": "ADA Building Entrance - Architecture East", "Description": "76 - Architecture East - ADA Building Entrance", "Keywords": "ADA, Wheelchair, Handicap, disabled, ADA Building Entrance", "Categories_1": "ADA - Building Entrances", "Categories_2": null, "Categories_3": null, "Categories_4": null, "Categories_5": null, "Location_1": 33.776188, "Location_2": -84.395477, "Marker_Instance_IDs": 181931, "Marker_ID": 128088, "Category_IDs": 19332, "Last_Edited_By": "anna_nord", "Created_Date": 1479499259000, "Changed_Date": 1479499259000}}, {"type": "Feature", "id": 154, "geometry": {"type": "Point", "coordinates": [-84.3957599999999, 33.7761120000001]}, "properties": {"OBJECTID": 154, "Name": "ADA Building Entrance - Architecture West", "Description": "75 - Architecture West - ADA Building Entrance", "Keywords": "ADA, Wheelchair, Handicap, disabled, ADA Building Entrance", "Categories_1": "ADA - Building Entrances", "Categories_2": null, "Categories_3": null, "Categories_4": null, "Categories_5": null, "Location_1": 33.776112, "Location_2": -84.39576, "Marker_Instance_IDs": 181933, "Marker_ID": 128090, "Category_IDs": 19332, "Last_Edited_By": "anna_nord", "Created_Date": 1479499268000, "Changed_Date": 1479499268000}}, {"type": "Feature", "id": 155, "geometry": {"type": "Point", "coordinates": [-84.394897, 33.7747570000001]}, "properties": {"OBJECTID": 155, "Name": "ADA Building Entrance - Hinman Building", "Description": "51 - Hinman Building - ADA Building Entrance", "Keywords": "ADA, Wheelchair, Handicap, disabled, ADA Building Entrance", "Categories_1": "ADA - Building Entrances", "Categories_2": null, "Categories_3": null, "Categories_4": null, "Categories_5": null, "Location_1": 33.774757, "Location_2": -84.394897, "Marker_Instance_IDs": 181970, "Marker_ID": 128119, "Category_IDs": 19332, "Last_Edited_By": "anna_nord", "Created_Date": 1479505712000, "Changed_Date": 1479505712000}}, {"type": "Feature", "id": 156, "geometry": {"type": "Point", "coordinates": [-84.3946759999999, 33.7752610000001]}, "properties": {"OBJECTID": 156, "Name": "ADA Building Entrance - Rich Computer Center", "Description": "51 - Rich Computer Center - ADA Building Entrance", "Keywords": "ADA, Wheelchair, Handicap, disabled, ADA Building Entrance", "Categories_1": "ADA - Building Entrances", "Categories_2": null, "Categories_3": null, "Categories_4": null, "Categories_5": null, "Location_1": 33.775261, "Location_2": -84.394676, "Marker_Instance_IDs": 181971, "Marker_ID": 128120, "Category_IDs": 19332, "Last_Edited_By": "anna_nord", "Created_Date": 1479505722000, "Changed_Date": 1479505722000}}, {"type": "Feature", "id": 157, "geometry": {"type": "Point", "coordinates": [-84.395477, 33.776188]}, "properties": {"OBJECTID": 157, "Name": "ADA Building Entrance - Architecture East", "Description": "76 - Architecture East - ADA Building Entrance", "Keywords": "ADA, Wheelchair, Handicap, disabled, ADA Building Entrance", "Categories_1": "ADA - Building Entrances", "Categories_2": null, "Categories_3": null, "Categories_4": null, "Categories_5": null, "Location_1": 33.776188, "Location_2": -84.395477, "Marker_Instance_IDs": 181978, "Marker_ID": 128127, "Category_IDs": 19332, "Last_Edited_By": "anna_nord", "Created_Date": 1479505785000, "Changed_Date": 1479505785000}}, {"type": "Feature", "id": 158, "geometry": {"type": "Point", "coordinates": [-84.3957599999999, 33.7761120000001]}, "properties": {"OBJECTID": 158, "Name": "ADA Building Entrance - Architecture West", "Description": "75 - Architecture West - ADA Building Entrance", "Keywords": "ADA, Wheelchair, Handicap, disabled, ADA Building Entrance", "Categories_1": "ADA - Building Entrances", "Categories_2": null, "Categories_3": null, "Categories_4": null, "Categories_5": null, "Location_1": 33.776112, "Location_2": -84.39576, "Marker_Instance_IDs": 181979, "Marker_ID": 128128, "Category_IDs": 19332, "Last_Edited_By": "anna_nord", "Created_Date": 1479505794000, "Changed_Date": 1479505794000}}, {"type": "Feature", "id": 159, "geometry": {"type": "Point", "coordinates": [-84.397217, 33.777088]}, "properties": {"OBJECTID": 159, "Name": "ADA Building Entrance - College of Computing", "Description": "50 - College of Computing - ADA Building Entrance", "Keywords": "ADA, Wheelchair, Handicap, disabled, ADA Building Entrance", "Categories_1": "ADA - Building Entrances", "Categories_2": null, "Categories_3": null, "Categories_4": null, "Categories_5": null, "Location_1": 33.777088, "Location_2": -84.397217, "Marker_Instance_IDs": 182972, "Marker_ID": 128689, "Category_IDs": 19332, "Last_Edited_By": "anna_nord", "Created_Date": 1480612648000, "Changed_Date": 1480612648000}}, {"type": "Feature", "id": 160, "geometry": {"type": "Point", "coordinates": [-84.397415, 33.7756580000001]}, "properties": {"OBJECTID": 160, "Name": "ADA Building Entrance - Van Leer", "Description": "85 - Van Leer - ADA Building Entrance", "Keywords": "ADA, Wheelchair, Handicap, disabled, ADA Building Entrance", "Categories_1": "ADA - Building Entrances", "Categories_2": null, "Categories_3": null, "Categories_4": null, "Categories_5": null, "Location_1": 33.775658, "Location_2": -84.397415, "Marker_Instance_IDs": 182976, "Marker_ID": 128693, "Category_IDs": 19332, "Last_Edited_By": "anna_nord", "Created_Date": 1480612688000, "Changed_Date": 1480612688000}}, {"type": "Feature", "id": 161, "geometry": {"type": "Point", "coordinates": [-84.397865, 33.773396]}, "properties": {"OBJECTID": 161, "Name": "ADA Building Entrance - Stamps Student Center", "Description": "114 - Stamps Student Center - ADA Building Entrance", "Keywords": "ADA, Wheelchair, Handicap, disabled, ADA Building Entrance", "Categories_1": "ADA - Building Entrances", "Categories_2": null, "Categories_3": null, "Categories_4": null, "Categories_5": null, "Location_1": 33.773396, "Location_2": -84.397865, "Marker_Instance_IDs": 183005, "Marker_ID": 128722, "Category_IDs": 19332, "Last_Edited_By": "anna_nord", "Created_Date": 1480613019000, "Changed_Date": 1480613019000}}, {"type": "Feature", "id": 162, "geometry": {"type": "Point", "coordinates": [-84.4011149999999, 33.777679]}, "properties": {"OBJECTID": 162, "Name": "ADA Building Entrance - Manufacturing Research Center", "Description": "126 - Manufacturing Research Center - ADA Building Entrance", "Keywords": "ADA, Wheelchair, Handicap, disabled, ADA Building Entrance", "Categories_1": "ADA - Building Entrances", "Categories_2": null, "Categories_3": null, "Categories_4": null, "Categories_5": null, "Location_1": 33.777679, "Location_2": -84.401115, "Marker_Instance_IDs": 183008, "Marker_ID": 128725, "Category_IDs": 19332, "Last_Edited_By": "anna_nord", "Created_Date": 1480613049000, "Changed_Date": 1480613049000}}, {"type": "Feature", "id": 163, "geometry": {"type": "Point", "coordinates": [-84.401711, 33.777069]}, "properties": {"OBJECTID": 163, "Name": "ADA Building Entrance - Love Manufacturing", "Description": "144 - Love Manufacturing Building - ADA Building Entrance", "Keywords": "ADA, Wheelchair, Handicap, disabled, ADA Building Entrance", "Categories_1": "ADA - Building Entrances", "Categories_2": null, "Categories_3": null, "Categories_4": null, "Categories_5": null, "Location_1": 33.777069, "Location_2": -84.401711, "Marker_Instance_IDs": 183678, "Marker_ID": 129278, "Category_IDs": 19332, "Last_Edited_By": "anna_nord", "Created_Date": 1481564866000, "Changed_Date": 1481564866000}}, {"type": "Feature", "id": 164, "geometry": {"type": "Point", "coordinates": [-84.4005969999999, 33.7767030000001]}, "properties": {"OBJECTID": 164, "Name": "ADA Building Entrance - Manufacturing Complex", "Description": "135 - Manufacturing Complex - ADA Building Entrance", "Keywords": "ADA, Wheelchair, Handicap, disabled, ADA Building Entrance", "Categories_1": "ADA - Building Entrances", "Categories_2": null, "Categories_3": null, "Categories_4": null, "Categories_5": null, "Location_1": 33.776703, "Location_2": -84.400597, "Marker_Instance_IDs": 183685, "Marker_ID": 129285, "Category_IDs": 19332, "Last_Edited_By": "anna_nord", "Created_Date": 1481564939000, "Changed_Date": 1481564939000}}, {"type": "Feature", "id": 165, "geometry": {"type": "Point", "coordinates": [-84.402, 33.775875]}, "properties": {"OBJECTID": 165, "Name": "ADA Building Entrance - Groseclose Building", "Description": "56 - Groseclose Building - ADA Building Entrance", "Keywords": "ADA, Wheelchair, Handicap, disabled, ADA Building Entrance", "Categories_1": "ADA - Building Entrances", "Categories_2": null, "Categories_3": null, "Categories_4": null, "Categories_5": null, "Location_1": 33.775875, "Location_2": -84.402, "Marker_Instance_IDs": 183689, "Marker_ID": 129289, "Category_IDs": 19332, "Last_Edited_By": "anna_nord", "Created_Date": 1481564980000, "Changed_Date": 1481564980000}}, {"type": "Feature", "id": 166, "geometry": {"type": "Point", "coordinates": [-84.401871, 33.775589]}, "properties": {"OBJECTID": 166, "Name": "ADA Building Entrance - Groseclose", "Description": "56 - Groseclose Building - ADA Building Entrance", "Keywords": "ADA, Wheelchair, Handicap, disabled, ADA Building Entrance", "Categories_1": "ADA - Building Entrances", "Categories_2": null, "Categories_3": null, "Categories_4": null, "Categories_5": null, "Location_1": 33.775589, "Location_2": -84.401871, "Marker_Instance_IDs": 183690, "Marker_ID": 129290, "Category_IDs": 19332, "Last_Edited_By": "anna_nord", "Created_Date": 1481564990000, "Changed_Date": 1481564990000}}, {"type": "Feature", "id": 167, "geometry": {"type": "Point", "coordinates": [-84.401672, 33.775745]}, "properties": {"OBJECTID": 167, "Name": "ADA Building Entrance - Groseclose", "Description": "56 - Groseclose Building - ADA Building Entrance", "Keywords": "ADA, Wheelchair, Handicap, disabled, ADA Building Entrance", "Categories_1": "ADA - Building Entrances", "Categories_2": null, "Categories_3": null, "Categories_4": null, "Categories_5": null, "Location_1": 33.775745, "Location_2": -84.401672, "Marker_Instance_IDs": 183691, "Marker_ID": 129291, "Category_IDs": 19332, "Last_Edited_By": "anna_nord", "Created_Date": 1481565000000, "Changed_Date": 1481565000000}}, {"type": "Feature", "id": 168, "geometry": {"type": "Point", "coordinates": [-84.401886, 33.7753520000001]}, "properties": {"OBJECTID": 168, "Name": "ADA Building Entrance - ISyE Annex", "Description": "57 - Industrial and Systems Engineering - ISyE Annex - ADA Building Entrance", "Keywords": "ADA, Wheelchair, Handicap, disabled, ADA Building Entrance", "Categories_1": "ADA - Building Entrances", "Categories_2": null, "Categories_3": null, "Categories_4": null, "Categories_5": null, "Location_1": 33.775352, "Location_2": -84.401886, "Marker_Instance_IDs": 183692, "Marker_ID": 129292, "Category_IDs": 19332, "Last_Edited_By": "anna_nord", "Created_Date": 1481565011000, "Changed_Date": 1481565011000}}, {"type": "Feature", "id": 169, "geometry": {"type": "Point", "coordinates": [-84.401688, 33.7752]}, "properties": {"OBJECTID": 169, "Name": "ADA Building Entrance - ISyE Annex", "Description": "57 - Industrial and Systems Engineering - ISyE Annex - ADA Building Entrance", "Keywords": "ADA, Wheelchair, Handicap, disabled, ADA Building Entrance", "Categories_1": "ADA - Building Entrances", "Categories_2": null, "Categories_3": null, "Categories_4": null, "Categories_5": null, "Location_1": 33.7752, "Location_2": -84.401688, "Marker_Instance_IDs": 183693, "Marker_ID": 129293, "Category_IDs": 19332, "Last_Edited_By": "anna_nord", "Created_Date": 1481565022000, "Changed_Date": 1481565022000}}, {"type": "Feature", "id": 170, "geometry": {"type": "Point", "coordinates": [-84.4019699999999, 33.775089]}, "properties": {"OBJECTID": 170, "Name": "ADA Building Entrance - ISyE Annex", "Description": "57 -Industrial and Systems Engineering -  ISyE  Annex - ADA Building Entrance", "Keywords": "ADA, Wheelchair, Handicap, disabled, ADA Building Entrance", "Categories_1": "ADA - Building Entrances", "Categories_2": null, "Categories_3": null, "Categories_4": null, "Categories_5": null, "Location_1": 33.775089, "Location_2": -84.40197, "Marker_Instance_IDs": 183694, "Marker_ID": 129294, "Category_IDs": 19332, "Last_Edited_By": "anna_nord", "Created_Date": 1481565032000, "Changed_Date": 1481565032000}}, {"type": "Feature", "id": 171, "geometry": {"type": "Point", "coordinates": [-84.401535, 33.7753260000001]}, "properties": {"OBJECTID": 171, "Name": "ADA Building Entrance - Instructional Center", "Description": "55 - Instructional Center - ADA Building Entrance", "Keywords": "ADA, Wheelchair, Handicap, disabled, ADA Building Entrance", "Categories_1": "ADA - Building Entrances", "Categories_2": null, "Categories_3": null, "Categories_4": null, "Categories_5": null, "Location_1": 33.775326, "Location_2": -84.401535, "Marker_Instance_IDs": 183695, "Marker_ID": 129295, "Category_IDs": 19332, "Last_Edited_By": "anna_nord", "Created_Date": 1481565042000, "Changed_Date": 1481565042000}}, {"type": "Feature", "id": 172, "geometry": {"type": "Point", "coordinates": [-84.4013439999999, 33.7756460000001]}, "properties": {"OBJECTID": 172, "Name": "ADA Building Entrance - Instructional Center", "Description": "55 - Instructional Center - ADA Building Entrance", "Keywords": "ADA, Wheelchair, Handicap, disabled, ADA Building Entrance", "Categories_1": "ADA - Building Entrances", "Categories_2": null, "Categories_3": null, "Categories_4": null, "Categories_5": null, "Location_1": 33.775646, "Location_2": -84.401344, "Marker_Instance_IDs": 183696, "Marker_ID": 129296, "Category_IDs": 19332, "Last_Edited_By": "anna_nord", "Created_Date": 1481565052000, "Changed_Date": 1481565052000}}, {"type": "Feature", "id": 173, "geometry": {"type": "Point", "coordinates": [-84.4016109999999, 33.773113]}, "properties": {"OBJECTID": 173, "Name": "ADA Building Entrance - Business Services", "Description": "164 - Business Services - ADA Building Entrance", "Keywords": "ADA, Wheelchair, Handicap, disabled, ADA Building Entrance", "Categories_1": "ADA - Building Entrances", "Categories_2": null, "Categories_3": null, "Categories_4": null, "Categories_5": null, "Location_1": 33.773113, "Location_2": -84.401611, "Marker_Instance_IDs": 183697, "Marker_ID": 129297, "Category_IDs": 19332, "Last_Edited_By": "anna_nord", "Created_Date": 1481565062000, "Changed_Date": 1481565062000}}, {"type": "Feature", "id": 174, "geometry": {"type": "Point", "coordinates": [-84.401695, 33.772659]}, "properties": {"OBJECTID": 174, "Name": "ADA Building Entrance - Business Services", "Description": "164 - Business Services - ADA Building Entrance", "Keywords": "ADA, Wheelchair, Handicap, disabled, ADA Building Entrance", "Categories_1": "ADA - Building Entrances", "Categories_2": null, "Categories_3": null, "Categories_4": null, "Categories_5": null, "Location_1": 33.772659, "Location_2": -84.401695, "Marker_Instance_IDs": 183698, "Marker_ID": 129298, "Category_IDs": 19332, "Last_Edited_By": "anna_nord", "Created_Date": 1481565072000, "Changed_Date": 1481565072000}}, {"type": "Feature", "id": 175, "geometry": {"type": "Point", "coordinates": [-84.4025119999999, 33.7733270000001]}, "properties": {"OBJECTID": 175, "Name": "ADA Building Entrance - Office of Human Resources", "Description": "142 - Office of Human Resources - ADA Building Entrance", "Keywords": "ADA, Wheelchair, Handicap, disabled, ADA Building Entrance", "Categories_1": "ADA - Building Entrances", "Categories_2": null, "Categories_3": null, "Categories_4": null, "Categories_5": null, "Location_1": 33.773327, "Location_2": -84.402512, "Marker_Instance_IDs": 183699, "Marker_ID": 129299, "Category_IDs": 19332, "Last_Edited_By": "anna_nord", "Created_Date": 1481565082000, "Changed_Date": 1481565082000}}, {"type": "Feature", "id": 176, "geometry": {"type": "Point", "coordinates": [-84.405647, 33.774597]}, "properties": {"OBJECTID": 176, "Name": "ADA Building Entrance - Printing and Copying Services", "Description": "138 - Printing and Copying Services - ADA Building Entrance", "Keywords": "ADA, Wheelchair, Handicap, disabled, ADA Building Entrance", "Categories_1": "ADA - Building Entrances", "Categories_2": null, "Categories_3": null, "Categories_4": null, "Categories_5": null, "Location_1": 33.774597, "Location_2": -84.405647, "Marker_Instance_IDs": 183702, "Marker_ID": 129302, "Category_IDs": 19332, "Last_Edited_By": "anna_nord", "Created_Date": 1481565113000, "Changed_Date": 1481565113000}}, {"type": "Feature", "id": 177, "geometry": {"type": "Point", "coordinates": [-84.405952, 33.7750550000001]}, "properties": {"OBJECTID": 177, "Name": "ADA Building Entrance - Center for Advanced Brain Imaging", "Description": "184 - Center for Advanced Brain Imaging - ADA Building Entrance", "Keywords": "ADA, Wheelchair, Handicap, disabled, ADA Building Entrance", "Categories_1": "ADA - Building Entrances", "Categories_2": null, "Categories_3": null, "Categories_4": null, "Categories_5": null, "Location_1": 33.775055, "Location_2": -84.405952, "Marker_Instance_IDs": 183704, "Marker_ID": 129304, "Category_IDs": 19332, "Last_Edited_By": "anna_nord", "Created_Date": 1481565133000, "Changed_Date": 1481565133000}}, {"type": "Feature", "id": 178, "geometry": {"type": "Point", "coordinates": [-84.4061129999999, 33.775295]}, "properties": {"OBJECTID": 178, "Name": "ADA Building Entrance - Center for Advanced Brain Imaging", "Description": "184 - Center for Advanced Brain Imaging - ADA Building Entrance", "Keywords": "ADA, Wheelchair, Handicap, disabled, ADA Building Entrance", "Categories_1": "ADA - Building Entrances", "Categories_2": null, "Categories_3": null, "Categories_4": null, "Categories_5": null, "Location_1": 33.775295, "Location_2": -84.406113, "Marker_Instance_IDs": 183705, "Marker_ID": 129305, "Category_IDs": 19332, "Last_Edited_By": "anna_nord", "Created_Date": 1481565144000, "Changed_Date": 1481565144000}}, {"type": "Feature", "id": 179, "geometry": {"type": "Point", "coordinates": [-84.402824, 33.7748790000001]}, "properties": {"OBJECTID": 179, "Name": "ADA Building Entrance - Student Health Center", "Description": "177 - Whitehead Building Student Health Center - - ADA Building Entrance", "Keywords": "ADA, Wheelchair, Handicap, disabled, ADA Building Entrance", "Categories_1": "ADA - Building Entrances", "Categories_2": null, "Categories_3": null, "Categories_4": null, "Categories_5": null, "Location_1": 33.774879, "Location_2": -84.402824, "Marker_Instance_IDs": 183706, "Marker_ID": 129306, "Category_IDs": 19332, "Last_Edited_By": "anna_nord", "Created_Date": 1481565153000, "Changed_Date": 1481565153000}}, {"type": "Feature", "id": 180, "geometry": {"type": "Point", "coordinates": [-84.4065399999999, 33.7790910000001]}, "properties": {"OBJECTID": 180, "Name": "ADA Building Entrance - Woodruff Residence Hall", "Description": "116 - Woodruff Residence Hall  - ADA Building Entrance", "Keywords": "ADA, Wheelchair, Handicap, disabled, ADA Building Entrance", "Categories_1": "ADA - Building Entrances", "Categories_2": null, "Categories_3": null, "Categories_4": null, "Categories_5": null, "Location_1": 33.779091, "Location_2": -84.40654, "Marker_Instance_IDs": 183718, "Marker_ID": 129318, "Category_IDs": 19332, "Last_Edited_By": "anna_nord", "Created_Date": 1481565297000, "Changed_Date": 1481565297000}}, {"type": "Feature", "id": 181, "geometry": {"type": "Point", "coordinates": [-84.4063189999999, 33.7793350000001]}, "properties": {"OBJECTID": 181, "Name": "ADA Building Entrance - Woodruff Residence Hall", "Description": "116 - Woodruff Residence Hall - ADA Building Entrance", "Keywords": "ADA, Wheelchair, Handicap, disabled, ADA Building Entrance", "Categories_1": "ADA - Building Entrances", "Categories_2": null, "Categories_3": null, "Categories_4": null, "Categories_5": null, "Location_1": 33.779335, "Location_2": -84.406319, "Marker_Instance_IDs": 183719, "Marker_ID": 129319, "Category_IDs": 19332, "Last_Edited_By": "anna_nord", "Created_Date": 1481565307000, "Changed_Date": 1481565307000}}, {"type": "Feature", "id": 182, "geometry": {"type": "Point", "coordinates": [-84.4057999999999, 33.7801630000001]}, "properties": {"OBJECTID": 182, "Name": "ADA Building Entrance - Eighth Street Apartments", "Description": "130 - Eighth Street Apartments - ADA Building Entrance", "Keywords": "ADA, Wheelchair, Handicap, disabled, ADA Building Entrance", "Categories_1": "ADA - Building Entrances", "Categories_2": null, "Categories_3": null, "Categories_4": null, "Categories_5": null, "Location_1": 33.780163, "Location_2": -84.4058, "Marker_Instance_IDs": 183721, "Marker_ID": 129321, "Category_IDs": 19332, "Last_Edited_By": "anna_nord", "Created_Date": 1481565327000, "Changed_Date": 1481565327000}}, {"type": "Feature", "id": 183, "geometry": {"type": "Point", "coordinates": [-84.4052579999999, 33.7802510000001]}, "properties": {"OBJECTID": 183, "Name": "ADA Building Entrance - Eighth Street Apartments", "Description": "130 - Eighth Street Apartments - ADA Building Entrance", "Keywords": "ADA, Wheelchair, Handicap, disabled, ADA Building Entrance", "Categories_1": "ADA - Building Entrances", "Categories_2": null, "Categories_3": null, "Categories_4": null, "Categories_5": null, "Location_1": 33.780251, "Location_2": -84.405258, "Marker_Instance_IDs": 183722, "Marker_ID": 129322, "Category_IDs": 19332, "Last_Edited_By": "anna_nord", "Created_Date": 1481565337000, "Changed_Date": 1481565337000}}, {"type": "Feature", "id": 184, "geometry": {"type": "Point", "coordinates": [-84.405075, 33.7797660000001]}, "properties": {"OBJECTID": 184, "Name": "ADA Building Entrance - Eighth Street Apartments", "Description": "130 - Eighth Street Apartments - ADA Building Entrance", "Keywords": "ADA, Wheelchair, Handicap, disabled, ADA Building Entrance", "Categories_1": "ADA - Building Entrances", "Categories_2": null, "Categories_3": null, "Categories_4": null, "Categories_5": null, "Location_1": 33.779766, "Location_2": -84.405075, "Marker_Instance_IDs": 183723, "Marker_ID": 129323, "Category_IDs": 19332, "Last_Edited_By": "anna_nord", "Created_Date": 1481565348000, "Changed_Date": 1481565348000}}, {"type": "Feature", "id": 185, "geometry": {"type": "Point", "coordinates": [-84.4048309999999, 33.7802960000001]}, "properties": {"OBJECTID": 185, "Name": "ADA Building Entrance - Eighth Street Apartments", "Description": "130 - Eighth Street Apartments - ADA Building Entrance", "Keywords": "ADA, Wheelchair, Handicap, disabled, ADA Building Entrance", "Categories_1": "ADA - Building Entrances", "Categories_2": null, "Categories_3": null, "Categories_4": null, "Categories_5": null, "Location_1": 33.780296, "Location_2": -84.404831, "Marker_Instance_IDs": 183724, "Marker_ID": 129324, "Category_IDs": 19332, "Last_Edited_By": "anna_nord", "Created_Date": 1481565358000, "Changed_Date": 1481565358000}}, {"type": "Feature", "id": 186, "geometry": {"type": "Point", "coordinates": [-84.4044489999999, 33.780155]}, "properties": {"OBJECTID": 186, "Name": "ADA Building Entrance - Eighth Street Apartments", "Description": "130 - Eighth Street Apartments - ADA Building Entrance", "Keywords": "ADA, Wheelchair, Handicap, disabled, ADA Building Entrance", "Categories_1": "ADA - Building Entrances", "Categories_2": null, "Categories_3": null, "Categories_4": null, "Categories_5": null, "Location_1": 33.780155, "Location_2": -84.404449, "Marker_Instance_IDs": 183725, "Marker_ID": 129325, "Category_IDs": 19332, "Last_Edited_By": "anna_nord", "Created_Date": 1481565368000, "Changed_Date": 1481565368000}}, {"type": "Feature", "id": 187, "geometry": {"type": "Point", "coordinates": [-84.403244, 33.779934]}, "properties": {"OBJECTID": 187, "Name": "ADA Building Entrance - Crecine Residence Hall", "Description": "131 - John Patrick Crecine Residence Hall - ADA Building Entrance", "Keywords": "ADA, Wheelchair, Handicap, disabled, ADA Building Entrance", "Categories_1": "ADA - Building Entrances", "Categories_2": null, "Categories_3": null, "Categories_4": null, "Categories_5": null, "Location_1": 33.779934, "Location_2": -84.403244, "Marker_Instance_IDs": 183726, "Marker_ID": 129326, "Category_IDs": 19332, "Last_Edited_By": "anna_nord", "Created_Date": 1481565378000, "Changed_Date": 1481565378000}}, {"type": "Feature", "id": 188, "geometry": {"type": "Point", "coordinates": [-84.403137, 33.7799380000001]}, "properties": {"OBJECTID": 188, "Name": "ADA Building Entrance - Crecine Residence Hall", "Description": "131 - John Patrick Crecine Residence Hall - ADA Building Entrance", "Keywords": "ADA, Wheelchair, Handicap, disabled, ADA Building Entrance", "Categories_1": "ADA - Building Entrances", "Categories_2": null, "Categories_3": null, "Categories_4": null, "Categories_5": null, "Location_1": 33.779938, "Location_2": -84.403137, "Marker_Instance_IDs": 183727, "Marker_ID": 129327, "Category_IDs": 19332, "Last_Edited_By": "anna_nord", "Created_Date": 1481565389000, "Changed_Date": 1481565389000}}, {"type": "Feature", "id": 189, "geometry": {"type": "Point", "coordinates": [-84.403915, 33.777615]}, "properties": {"OBJECTID": 189, "Name": "ADA Building Entrance - Freeman Residence Hall (Resnet)", "Description": "117 - Freeman Residence Hall - ADA Building Entrance", "Keywords": "ADA, Wheelchair, Handicap, disabled, ADA Building Entrance", "Categories_1": "ADA - Building Entrances", "Categories_2": null, "Categories_3": null, "Categories_4": null, "Categories_5": null, "Location_1": 33.777615, "Location_2": -84.403915, "Marker_Instance_IDs": 183728, "Marker_ID": 129328, "Category_IDs": 19332, "Last_Edited_By": "anna_nord", "Created_Date": 1481565399000, "Changed_Date": 1481565399000}}, {"type": "Feature", "id": 190, "geometry": {"type": "Point", "coordinates": [-84.403923, 33.7777520000001]}, "properties": {"OBJECTID": 190, "Name": "ADA Building Entrance - Montag Residence Hall", "Description": "118 - Montag Residence Hall - ADA Building Entrance", "Keywords": "ADA, Wheelchair, Handicap, disabled, ADA Building Entrance", "Categories_1": "ADA - Building Entrances", "Categories_2": null, "Categories_3": null, "Categories_4": null, "Categories_5": null, "Location_1": 33.777752, "Location_2": -84.403923, "Marker_Instance_IDs": 183729, "Marker_ID": 129329, "Category_IDs": 19332, "Last_Edited_By": "anna_nord", "Created_Date": 1481565408000, "Changed_Date": 1481565408000}}, {"type": "Feature", "id": 191, "geometry": {"type": "Point", "coordinates": [-84.403763, 33.7781180000001]}, "properties": {"OBJECTID": 191, "Name": "ADA Building Entrance - Fitten Residence Hall", "Description": "119 - Fitten Residence Hall - ADA Building Entrance", "Keywords": "ADA, Wheelchair, Handicap, disabled, ADA Building Entrance", "Categories_1": "ADA - Building Entrances", "Categories_2": null, "Categories_3": null, "Categories_4": null, "Categories_5": null, "Location_1": 33.778118, "Location_2": -84.403763, "Marker_Instance_IDs": 183730, "Marker_ID": 129330, "Category_IDs": 19332, "Last_Edited_By": "anna_nord", "Created_Date": 1481565419000, "Changed_Date": 1481565419000}}, {"type": "Feature", "id": 192, "geometry": {"type": "Point", "coordinates": [-84.4038849999999, 33.7787510000001]}, "properties": {"OBJECTID": 192, "Name": "ADA Building Entrance - Fulmer Residence Hall", "Description": "106 - Fulmer Residence Hall - ADA Building Entrance", "Keywords": "ADA, Wheelchair, Handicap, disabled, ADA Building Entrance", "Categories_1": "ADA - Building Entrances", "Categories_2": null, "Categories_3": null, "Categories_4": null, "Categories_5": null, "Location_1": 33.778751, "Location_2": -84.403885, "Marker_Instance_IDs": 183732, "Marker_ID": 129332, "Category_IDs": 19332, "Last_Edited_By": "anna_nord", "Created_Date": 1481565439000, "Changed_Date": 1481565439000}}, {"type": "Feature", "id": 193, "geometry": {"type": "Point", "coordinates": [-84.4038619999999, 33.7789500000001]}, "properties": {"OBJECTID": 193, "Name": "ADA Building Entrance - Commander Building", "Description": "105 - Commander Building - ADA Building Entrance", "Keywords": "ADA, Wheelchair, Handicap, disabled, ADA Building Entrance", "Categories_1": "ADA - Building Entrances", "Categories_2": null, "Categories_3": null, "Categories_4": null, "Categories_5": null, "Location_1": 33.77895, "Location_2": -84.403862, "Marker_Instance_IDs": 183734, "Marker_ID": 129334, "Category_IDs": 19332, "Last_Edited_By": "anna_nord", "Created_Date": 1481565458000, "Changed_Date": 1481565458000}}, {"type": "Feature", "id": 194, "geometry": {"type": "Point", "coordinates": [-84.403847, 33.779167]}, "properties": {"OBJECTID": 194, "Name": "ADA Building Entrance - Hefner Residence Hall", "Description": "107 - Hefner Residence Hall - ADA Building Entrance", "Keywords": "ADA, Wheelchair, Handicap, disabled, ADA Building Entrance", "Categories_1": "ADA - Building Entrances", "Categories_2": null, "Categories_3": null, "Categories_4": null, "Categories_5": null, "Location_1": 33.779167, "Location_2": -84.403847, "Marker_Instance_IDs": 183735, "Marker_ID": 129335, "Category_IDs": 19332, "Last_Edited_By": "anna_nord", "Created_Date": 1481565468000, "Changed_Date": 1481565468000}}, {"type": "Feature", "id": 195, "geometry": {"type": "Point", "coordinates": [-84.4034809999999, 33.7791520000001]}, "properties": {"OBJECTID": 195, "Name": "ADA Building Entrance - Armstrong Residence Halll", "Description": "108 - Armstrong Residence Hall  - ADA Building Entrance", "Keywords": "ADA, Wheelchair, Handicap, disabled, ADA Building Entrance", "Categories_1": "ADA - Building Entrances", "Categories_2": null, "Categories_3": null, "Categories_4": null, "Categories_5": null, "Location_1": 33.779152, "Location_2": -84.403481, "Marker_Instance_IDs": 183736, "Marker_ID": 129336, "Category_IDs": 19332, "Last_Edited_By": "anna_nord", "Created_Date": 1481565478000, "Changed_Date": 1481565478000}}, {"type": "Feature", "id": 196, "geometry": {"type": "Point", "coordinates": [-84.4064099999999, 33.781143]}, "properties": {"OBJECTID": 196, "Name": "ADA Building Entrance - Southern Regional Education Board", "Description": "125 - Southern Regional Education Board - ADA Building Entrance", "Keywords": "ADA, Wheelchair, Handicap, disabled, ADA Building Entrance", "Categories_1": "ADA - Building Entrances", "Categories_2": null, "Categories_3": null, "Categories_4": null, "Categories_5": null, "Location_1": 33.781143, "Location_2": -84.40641, "Marker_Instance_IDs": 183737, "Marker_ID": 129337, "Category_IDs": 19332, "Last_Edited_By": "anna_nord", "Created_Date": 1481565488000, "Changed_Date": 1481565488000}}, {"type": "Feature", "id": 197, "geometry": {"type": "Point", "coordinates": [-84.4047389999999, 33.781036]}, "properties": {"OBJECTID": 197, "Name": "ADA Building Entrance - Paper Tricentennial Building", "Description": "129 - Paper Tricentennial Building  - ADA Building Entrance", "Keywords": "ADA, Wheelchair, Handicap, disabled, ADA Building Entrance", "Categories_1": "ADA - Building Entrances", "Categories_2": null, "Categories_3": null, "Categories_4": null, "Categories_5": null, "Location_1": 33.781036, "Location_2": -84.404739, "Marker_Instance_IDs": 183738, "Marker_ID": 129338, "Category_IDs": 19332, "Last_Edited_By": "anna_nord", "Created_Date": 1481565498000, "Changed_Date": 1481565498000}}, {"type": "Feature", "id": 198, "geometry": {"type": "Point", "coordinates": [-84.403557, 33.7812650000001]}, "properties": {"OBJECTID": 198, "Name": "ADA Building Entrance - Center for Assistive Technology", "Description": "128 - Center for Assistive Technology and Environmental Access - ADA Building Entrance", "Keywords": "ADA, Wheelchair, Handicap, disabled, ADA Building Entrance", "Categories_1": "ADA - Building Entrances", "Categories_2": null, "Categories_3": null, "Categories_4": null, "Categories_5": null, "Location_1": 33.781265, "Location_2": -84.403557, "Marker_Instance_IDs": 183770, "Marker_ID": 129354, "Category_IDs": 19332, "Last_Edited_By": "anna_nord", "Created_Date": 1481637485000, "Changed_Date": 1481637485000}}, {"type": "Feature", "id": 199, "geometry": {"type": "Point", "coordinates": [-84.4029159999999, 33.7816540000001]}, "properties": {"OBJECTID": 199, "Name": "ADA Building Entrance - Broadband Institute Residential Laboratory, Aware Home", "Description": "152 - Broadband Institute Residential Laboratory Aware Home  - ADA Building Entrance", "Keywords": "ADA, Wheelchair, Handicap, disabled, ADA Building Entrance", "Categories_1": "ADA - Building Entrances", "Categories_2": null, "Categories_3": null, "Categories_4": null, "Categories_5": null, "Location_1": 33.781654, "Location_2": -84.402916, "Marker_Instance_IDs": 183771, "Marker_ID": 129355, "Category_IDs": 19332, "Last_Edited_By": "anna_nord", "Created_Date": 1481637495000, "Changed_Date": 1481637495000}}, {"type": "Feature", "id": 200, "geometry": {"type": "Point", "coordinates": [-84.4022219999999, 33.7803690000001]}, "properties": {"OBJECTID": 200, "Name": "ADA Building Entrance - Center Street Apartments", "Description": "132 - Center Street Apartments - ADA Building Entrance", "Keywords": "ADA, Wheelchair, Handicap, disabled, ADA Building Entrance", "Categories_1": "ADA - Building Entrances", "Categories_2": null, "Categories_3": null, "Categories_4": null, "Categories_5": null, "Location_1": 33.780369, "Location_2": -84.402222, "Marker_Instance_IDs": 183772, "Marker_ID": 129356, "Category_IDs": 19332, "Last_Edited_By": "anna_nord", "Created_Date": 1481637504000, "Changed_Date": 1481637504000}}, {"type": "Feature", "id": 201, "geometry": {"type": "Point", "coordinates": [-84.4022219999999, 33.7802510000001]}, "properties": {"OBJECTID": 201, "Name": "ADA Building Entrance - Center Street Apartments", "Description": "132 - Center Street Apartments - ADA Building Entrance", "Keywords": "ADA, Wheelchair, Handicap, disabled, ADA Building Entrance", "Categories_1": "ADA - Building Entrances", "Categories_2": null, "Categories_3": null, "Categories_4": null, "Categories_5": null, "Location_1": 33.780251, "Location_2": -84.402222, "Marker_Instance_IDs": 183773, "Marker_ID": 129357, "Category_IDs": 19332, "Last_Edited_By": "anna_nord", "Created_Date": 1481637514000, "Changed_Date": 1481637514000}}, {"type": "Feature", "id": 202, "geometry": {"type": "Point", "coordinates": [-84.4021299999999, 33.780045]}, "properties": {"OBJECTID": 202, "Name": "ADA Building Entrance - Center Street Apartments", "Description": "132  - Center Street Apartments - ADA Building Entrance", "Keywords": "ADA, Wheelchair, Handicap, disabled, ADA Building Entrance", "Categories_1": "ADA - Building Entrances", "Categories_2": null, "Categories_3": null, "Categories_4": null, "Categories_5": null, "Location_1": 33.780045, "Location_2": -84.40213, "Marker_Instance_IDs": 183774, "Marker_ID": 129358, "Category_IDs": 19332, "Last_Edited_By": "anna_nord", "Created_Date": 1481637524000, "Changed_Date": 1481637524000}}, {"type": "Feature", "id": 203, "geometry": {"type": "Point", "coordinates": [-84.401901, 33.7797390000001]}, "properties": {"OBJECTID": 203, "Name": "ADA Building Entrance - Center Street Apartments", "Description": "132 - Center Street Apartments - ADA Building Entrance", "Keywords": "ADA, Wheelchair, Handicap, disabled, ADA Building Entrance", "Categories_1": "ADA - Building Entrances", "Categories_2": null, "Categories_3": null, "Categories_4": null, "Categories_5": null, "Location_1": 33.779739, "Location_2": -84.401901, "Marker_Instance_IDs": 183775, "Marker_ID": 129359, "Category_IDs": 19332, "Last_Edited_By": "anna_nord", "Created_Date": 1481637534000, "Changed_Date": 1481637534000}}, {"type": "Feature", "id": 204, "geometry": {"type": "Point", "coordinates": [-84.401733, 33.7809100000001]}, "properties": {"OBJECTID": 204, "Name": "ADA Building Entrance - GTRI Research Building (North)", "Description": "61 - GTRI Research Building (North) - ADA Building Entrance", "Keywords": "ADA, Wheelchair, Handicap, disabled, ADA Building Entrance", "Categories_1": "ADA - Building Entrances", "Categories_2": null, "Categories_3": null, "Categories_4": null, "Categories_5": null, "Location_1": 33.78091, "Location_2": -84.401733, "Marker_Instance_IDs": 183776, "Marker_ID": 129360, "Category_IDs": 19332, "Last_Edited_By": "anna_nord", "Created_Date": 1481637544000, "Changed_Date": 1481637544000}}, {"type": "Feature", "id": 205, "geometry": {"type": "Point", "coordinates": [-84.401733, 33.7804370000001]}, "properties": {"OBJECTID": 205, "Name": "ADA Building Entrance - GTRI Research Building (South)", "Description": "61A - GTRI Research Building (South) - ADA Building Entrance", "Keywords": "ADA, Wheelchair, Handicap, disabled, ADA Building Entrance", "Categories_1": "ADA - Building Entrances", "Categories_2": null, "Categories_3": null, "Categories_4": null, "Categories_5": null, "Location_1": 33.780437, "Location_2": -84.401733, "Marker_Instance_IDs": 183777, "Marker_ID": 129361, "Category_IDs": 19332, "Last_Edited_By": "anna_nord", "Created_Date": 1481637553000, "Changed_Date": 1481637553000}}, {"type": "Feature", "id": 206, "geometry": {"type": "Point", "coordinates": [-84.401131, 33.7804370000001]}, "properties": {"OBJECTID": 206, "Name": "ADA Building Entrance - GTRI Research Building (South)", "Description": "61A - GTRI Research Building (South) - ADA Building Entrance", "Keywords": "ADA, Wheelchair, Handicap, disabled, ADA Building Entrance", "Categories_1": "ADA - Building Entrances", "Categories_2": null, "Categories_3": null, "Categories_4": null, "Categories_5": null, "Location_1": 33.780437, "Location_2": -84.401131, "Marker_Instance_IDs": 183778, "Marker_ID": 129362, "Category_IDs": 19332, "Last_Edited_By": "anna_nord", "Created_Date": 1481637563000, "Changed_Date": 1481637563000}}, {"type": "Feature", "id": 207, "geometry": {"type": "Point", "coordinates": [-84.4001009999999, 33.781006]}, "properties": {"OBJECTID": 207, "Name": "ADA Building Entrance - GTRI Centennial Research Building", "Description": "790 - GTRI Centennial Research Building - ADA Building Entrance", "Keywords": "ADA, Wheelchair, Handicap, disabled, ADA Building Entrance", "Categories_1": "ADA - Building Entrances", "Categories_2": null, "Categories_3": null, "Categories_4": null, "Categories_5": null, "Location_1": 33.781006, "Location_2": -84.400101, "Marker_Instance_IDs": 183779, "Marker_ID": 129363, "Category_IDs": 19332, "Last_Edited_By": "anna_nord", "Created_Date": 1481637573000, "Changed_Date": 1481637573000}}, {"type": "Feature", "id": 208, "geometry": {"type": "Point", "coordinates": [-84.3994519999999, 33.7796900000001]}, "properties": {"OBJECTID": 208, "Name": "ADA Building Entrance - GTRI Baker Building", "Description": "99 - Baker Building GTRI - ADA Building Entrance", "Keywords": "ADA, Wheelchair, Handicap, disabled, ADA Building Entrance", "Categories_1": "ADA - Building Entrances", "Categories_2": null, "Categories_3": null, "Categories_4": null, "Categories_5": null, "Location_1": 33.77969, "Location_2": -84.399452, "Marker_Instance_IDs": 183780, "Marker_ID": 129364, "Category_IDs": 19332, "Last_Edited_By": "anna_nord", "Created_Date": 1481637583000, "Changed_Date": 1481637583000}}, {"type": "Feature", "id": 209, "geometry": {"type": "Point", "coordinates": [-84.398354, 33.7785720000001]}, "properties": {"OBJECTID": 209, "Name": "ADA Building Entrance - Marcus Nano Technology Building", "Description": "181 - Marcus Nano Technology Building - ADA Building Entrance", "Keywords": "ADA, Wheelchair, Handicap, disabled, ADA Building Entrance", "Categories_1": "ADA - Building Entrances", "Categories_2": null, "Categories_3": null, "Categories_4": null, "Categories_5": null, "Location_1": 33.778572, "Location_2": -84.398354, "Marker_Instance_IDs": 183782, "Marker_ID": 129366, "Category_IDs": 19332, "Last_Edited_By": "anna_nord", "Created_Date": 1481637602000, "Changed_Date": 1481637602000}}, {"type": "Feature", "id": 210, "geometry": {"type": "Point", "coordinates": [-84.398766, 33.7810210000001]}, "properties": {"OBJECTID": 210, "Name": "ADA Building Entrance - Engineered Biosystems Building", "Description": "195 - Engineered Biosystems Building EBB - ADA Building Entrance", "Keywords": "ADA, Wheelchair, Handicap, disabled, ADA Building Entrance", "Categories_1": "ADA - Building Entrances", "Categories_2": null, "Categories_3": null, "Categories_4": null, "Categories_5": null, "Location_1": 33.781021, "Location_2": -84.398766, "Marker_Instance_IDs": 183783, "Marker_ID": 129367, "Category_IDs": 19332, "Last_Edited_By": "anna_nord", "Created_Date": 1481637612000, "Changed_Date": 1481637612000}}, {"type": "Feature", "id": 211, "geometry": {"type": "Point", "coordinates": [-84.397888, 33.780834]}, "properties": {"OBJECTID": 211, "Name": "ADA Building Entrance - Engineered Biosystems Building", "Description": "195 - Engineered Biosystems Building - ADA Building Entrance", "Keywords": "ADA, Wheelchair, Handicap, disabled, ADA Building Entrance", "Categories_1": "ADA - Building Entrances", "Categories_2": null, "Categories_3": null, "Categories_4": null, "Categories_5": null, "Location_1": 33.780834, "Location_2": -84.397888, "Marker_Instance_IDs": 183784, "Marker_ID": 129368, "Category_IDs": 19332, "Last_Edited_By": "anna_nord", "Created_Date": 1481637622000, "Changed_Date": 1481637622000}}, {"type": "Feature", "id": 212, "geometry": {"type": "Point", "coordinates": [-84.3989559999999, 33.780361]}, "properties": {"OBJECTID": 212, "Name": "ADA Building Entrance - North Campus Parking Deck", "Description": "148 - North Campus Parking Deck - ADA Building Entrance", "Keywords": "ADA, Wheelchair, Handicap, disabled, ADA Building Entrance", "Categories_1": "ADA - Building Entrances", "Categories_2": null, "Categories_3": null, "Categories_4": null, "Categories_5": null, "Location_1": 33.780361, "Location_2": -84.398956, "Marker_Instance_IDs": 183785, "Marker_ID": 129369, "Category_IDs": 19332, "Last_Edited_By": "anna_nord", "Created_Date": 1481637632000, "Changed_Date": 1481637632000}}, {"type": "Feature", "id": 213, "geometry": {"type": "Point", "coordinates": [-84.396736, 33.7799420000001]}, "properties": {"OBJECTID": 213, "Name": "ADA Building Entrance - Molecular Science and Engineering Building", "Description": "167 - Molecular Science and Engineering Building - ADA Building Entrance", "Keywords": "ADA, Wheelchair, Handicap, disabled, ADA Building Entrance", "Categories_1": "ADA - Building Entrances", "Categories_2": null, "Categories_3": null, "Categories_4": null, "Categories_5": null, "Location_1": 33.779942, "Location_2": -84.396736, "Marker_Instance_IDs": 183786, "Marker_ID": 129370, "Category_IDs": 19332, "Last_Edited_By": "anna_nord", "Created_Date": 1481637642000, "Changed_Date": 1481637642000}}, {"type": "Feature", "id": 214, "geometry": {"type": "Point", "coordinates": [-84.397072, 33.779392]}, "properties": {"OBJECTID": 214, "Name": "ADA Building Entrance - Petit Biotechnology Building", "Description": "146 - Petit Biotechnology Building - ADA Building Entrance", "Keywords": "ADA, Wheelchair, Handicap, disabled, ADA Building Entrance", "Categories_1": "ADA - Building Entrances", "Categories_2": null, "Categories_3": null, "Categories_4": null, "Categories_5": null, "Location_1": 33.779392, "Location_2": -84.397072, "Marker_Instance_IDs": 183788, "Marker_ID": 129372, "Category_IDs": 19332, "Last_Edited_By": "anna_nord", "Created_Date": 1481637661000, "Changed_Date": 1481637661000}}, {"type": "Feature", "id": 215, "geometry": {"type": "Point", "coordinates": [-84.397141, 33.778831]}, "properties": {"OBJECTID": 215, "Name": "ADA Building Entrance - Petit Biotechnology Building", "Description": "146 - Petit Biotechnology Building - ADA Building Entrance", "Keywords": "ADA, Wheelchair, Handicap, disabled, ADA Building Entrance", "Categories_1": "ADA - Building Entrances", "Categories_2": null, "Categories_3": null, "Categories_4": null, "Categories_5": null, "Location_1": 33.778831, "Location_2": -84.397141, "Marker_Instance_IDs": 183789, "Marker_ID": 129373, "Category_IDs": 19332, "Last_Edited_By": "anna_nord", "Created_Date": 1481637671000, "Changed_Date": 1481637671000}}, {"type": "Feature", "id": 216, "geometry": {"type": "Point", "coordinates": [-84.396919, 33.7783620000001]}, "properties": {"OBJECTID": 216, "Name": "ADA Building Entrance - Whitaker Building", "Description": "165 - Whitaker Building - ADA Building Entrance", "Keywords": "ADA, Wheelchair, Handicap, disabled, ADA Building Entrance", "Categories_1": "ADA - Building Entrances", "Categories_2": null, "Categories_3": null, "Categories_4": null, "Categories_5": null, "Location_1": 33.778362, "Location_2": -84.396919, "Marker_Instance_IDs": 183790, "Marker_ID": 129374, "Category_IDs": 19332, "Last_Edited_By": "anna_nord", "Created_Date": 1481637681000, "Changed_Date": 1481637681000}}, {"type": "Feature", "id": 217, "geometry": {"type": "Point", "coordinates": [-84.396988, 33.778603]}, "properties": {"OBJECTID": 217, "Name": "ADA Building Entrance - Whitaker Building", "Description": "165 - Whitaker Building - ADA Building Entrance", "Keywords": "ADA, Wheelchair, Handicap, disabled, ADA Building Entrance", "Categories_1": "ADA - Building Entrances", "Categories_2": null, "Categories_3": null, "Categories_4": null, "Categories_5": null, "Location_1": 33.778603, "Location_2": -84.396988, "Marker_Instance_IDs": 183791, "Marker_ID": 129375, "Category_IDs": 19332, "Last_Edited_By": "anna_nord", "Created_Date": 1481637691000, "Changed_Date": 1481637691000}}, {"type": "Feature", "id": 218, "geometry": {"type": "Point", "coordinates": [-84.3961179999999, 33.7789990000001]}, "properties": {"OBJECTID": 218, "Name": "ADA Building Entrance - Ford Environmental Science and Technology Building", "Description": "147 - For Environmental Science and Technology Building - ADA Building Entrance", "Keywords": "ADA, Wheelchair, Handicap, disabled, ADA Building Entrance", "Categories_1": "ADA - Building Entrances", "Categories_2": null, "Categories_3": null, "Categories_4": null, "Categories_5": null, "Location_1": 33.778999, "Location_2": -84.396118, "Marker_Instance_IDs": 183792, "Marker_ID": 129376, "Category_IDs": 19332, "Last_Edited_By": "anna_nord", "Created_Date": 1481637700000, "Changed_Date": 1481637700000}}, {"type": "Feature", "id": 219, "geometry": {"type": "Point", "coordinates": [-84.395866, 33.779034]}, "properties": {"OBJECTID": 219, "Name": "ADA Building Entrance - Ford Environmental Science and Technology Building", "Description": "147 - For Environmental Science and Technology Building - ADA Building Entrance", "Keywords": "ADA, Wheelchair, Handicap, disabled, ADA Building Entrance", "Categories_1": "ADA - Building Entrances", "Categories_2": null, "Categories_3": null, "Categories_4": null, "Categories_5": null, "Location_1": 33.779034, "Location_2": -84.395866, "Marker_Instance_IDs": 183793, "Marker_ID": 129377, "Category_IDs": 19332, "Last_Edited_By": "anna_nord", "Created_Date": 1481637710000, "Changed_Date": 1481637710000}}, {"type": "Feature", "id": 220, "geometry": {"type": "Point", "coordinates": [-84.3960269999999, 33.778664]}, "properties": {"OBJECTID": 220, "Name": "ADA Building Entrance - Ford Envrionemental Science and Technology Building", "Description": "147 - Ford Environmental Science and Technology Building  - ADA Building Entrance", "Keywords": "ADA, Wheelchair, Handicap, disabled, ADA Building Entrance", "Categories_1": "ADA - Building Entrances", "Categories_2": null, "Categories_3": null, "Categories_4": null, "Categories_5": null, "Location_1": 33.778664, "Location_2": -84.396027, "Marker_Instance_IDs": 183794, "Marker_ID": 129378, "Category_IDs": 19332, "Last_Edited_By": "anna_nord", "Created_Date": 1481637720000, "Changed_Date": 1481637720000}}, {"type": "Feature", "id": 221, "geometry": {"type": "Point", "coordinates": [-84.395294, 33.778416]}, "properties": {"OBJECTID": 221, "Name": "ADA Building Entrance - Brock Football Practice Facility", "Description": "147 - Brock Football Practice Facility - ADA Building Entrance", "Keywords": "ADA, Wheelchair, Handicap, disabled, ADA Building Entrance", "Categories_1": "ADA - Building Entrances", "Categories_2": null, "Categories_3": null, "Categories_4": null, "Categories_5": null, "Location_1": 33.778416, "Location_2": -84.395294, "Marker_Instance_IDs": 183795, "Marker_ID": 129379, "Category_IDs": 19332, "Last_Edited_By": "anna_nord", "Created_Date": 1481637730000, "Changed_Date": 1481637730000}}, {"type": "Feature", "id": 222, "geometry": {"type": "Point", "coordinates": [-84.39534, 33.777683]}, "properties": {"OBJECTID": 222, "Name": "ADA Building Entrance - Baseball Stadium - Russ Chandler Stadium", "Description": "168 - Baseball Stadium - Russ Chandler Stadium - ADA Building Entrance", "Keywords": "ADA, Wheelchair, Handicap, disabled, ADA Building Entrance", "Categories_1": "ADA - Building Entrances", "Categories_2": null, "Categories_3": null, "Categories_4": null, "Categories_5": null, "Location_1": 33.777683, "Location_2": -84.39534, "Marker_Instance_IDs": 183798, "Marker_ID": 129381, "Category_IDs": 19332, "Last_Edited_By": "anna_nord", "Created_Date": 1481637740000, "Changed_Date": 1481637740000}}, {"type": "Feature", "id": 223, "geometry": {"type": "Point", "coordinates": [-84.394302, 33.7770810000001]}, "properties": {"OBJECTID": 223, "Name": "ADA Building Entrance - Baseball Stadium - Russ Chandler Stadium", "Description": "168 - Baseball Stadium - Russ Chandler Stadium - ADA Building Entrance", "Keywords": "ADA, Wheelchair, Handicap, disabled, ADA Building Entrance", "Categories_1": "ADA - Building Entrances", "Categories_2": null, "Categories_3": null, "Categories_4": null, "Categories_5": null, "Location_1": 33.777081, "Location_2": -84.394302, "Marker_Instance_IDs": 183799, "Marker_ID": 129382, "Category_IDs": 19332, "Last_Edited_By": "anna_nord", "Created_Date": 1481637750000, "Changed_Date": 1481637750000}}, {"type": "Feature", "id": 224, "geometry": {"type": "Point", "coordinates": [-84.3926089999999, 33.779434]}, "properties": {"OBJECTID": 224, "Name": "ADA Building Entrance - Softball Stadium - Mewborn Field", "Description": "196 - Softball Stadium - Mewborn Field - ADA Building Entrance", "Keywords": "ADA, Wheelchair, Handicap, disabled, ADA Building Entrance", "Categories_1": "ADA - Building Entrances", "Categories_2": null, "Categories_3": null, "Categories_4": null, "Categories_5": null, "Location_1": 33.779434, "Location_2": -84.392609, "Marker_Instance_IDs": 183800, "Marker_ID": 129383, "Category_IDs": 19332, "Last_Edited_By": "anna_nord", "Created_Date": 1481637760000, "Changed_Date": 1481637760000}}, {"type": "Feature", "id": 225, "geometry": {"type": "Point", "coordinates": [-84.392433, 33.7782970000001]}, "properties": {"OBJECTID": 225, "Name": "ADA Building Entrance - O'Keefe Main Building", "Description": "33 - O'Keefe Main Building - ADA Building Entrance", "Keywords": "ADA, Wheelchair, Handicap, disabled, ADA Building Entrance", "Categories_1": "ADA - Building Entrances", "Categories_2": null, "Categories_3": null, "Categories_4": null, "Categories_5": null, "Location_1": 33.778297, "Location_2": -84.392433, "Marker_Instance_IDs": 183801, "Marker_ID": 129384, "Category_IDs": 19332, "Last_Edited_By": "anna_nord", "Created_Date": 1481637769000, "Changed_Date": 1481637769000}}, {"type": "Feature", "id": 226, "geometry": {"type": "Point", "coordinates": [-84.4029159999999, 33.7816540000001]}, "properties": {"OBJECTID": 226, "Name": "ADA Building Entrance - Broadband Institute Residential Laboratory, Aware Home", "Description": "152 - Broadband Institute Residential Laboratory Aware Home  - ADA Building Entrance", "Keywords": "ADA, Wheelchair, Handicap, disabled, ADA Building Entrance", "Categories_1": "ADA - Building Entrances", "Categories_2": null, "Categories_3": null, "Categories_4": null, "Categories_5": null, "Location_1": 33.781654, "Location_2": -84.402916, "Marker_Instance_IDs": 183803, "Marker_ID": 129386, "Category_IDs": 19332, "Last_Edited_By": "anna_nord", "Created_Date": 1481637820000, "Changed_Date": 1481637820000}}, {"type": "Feature", "id": 227, "geometry": {"type": "Point", "coordinates": [-84.4022219999999, 33.7803690000001]}, "properties": {"OBJECTID": 227, "Name": "ADA Building Entrance - Center Street Apartments", "Description": "132 - Center Street Apartments - ADA Building Entrance", "Keywords": "ADA, Wheelchair, Handicap, disabled, ADA Building Entrance", "Categories_1": "ADA - Building Entrances", "Categories_2": null, "Categories_3": null, "Categories_4": null, "Categories_5": null, "Location_1": 33.780369, "Location_2": -84.402222, "Marker_Instance_IDs": 183804, "Marker_ID": 129387, "Category_IDs": 19332, "Last_Edited_By": "anna_nord", "Created_Date": 1481637830000, "Changed_Date": 1481637830000}}, {"type": "Feature", "id": 228, "geometry": {"type": "Point", "coordinates": [-84.4022219999999, 33.7802510000001]}, "properties": {"OBJECTID": 228, "Name": "ADA Building Entrance - Center Street Apartments", "Description": "132 - Center Street Apartments - ADA Building Entrance", "Keywords": "ADA, Wheelchair, Handicap, disabled, ADA Building Entrance", "Categories_1": "ADA - Building Entrances", "Categories_2": null, "Categories_3": null, "Categories_4": null, "Categories_5": null, "Location_1": 33.780251, "Location_2": -84.402222, "Marker_Instance_IDs": 183805, "Marker_ID": 129388, "Category_IDs": 19332, "Last_Edited_By": "anna_nord", "Created_Date": 1481637840000, "Changed_Date": 1481637840000}}, {"type": "Feature", "id": 229, "geometry": {"type": "Point", "coordinates": [-84.4021299999999, 33.780045]}, "properties": {"OBJECTID": 229, "Name": "ADA Building Entrance - Center Street Apartments", "Description": "132  - Center Street Apartments - ADA Building Entrance", "Keywords": "ADA, Wheelchair, Handicap, disabled, ADA Building Entrance", "Categories_1": "ADA - Building Entrances", "Categories_2": null, "Categories_3": null, "Categories_4": null, "Categories_5": null, "Location_1": 33.780045, "Location_2": -84.40213, "Marker_Instance_IDs": 183806, "Marker_ID": 129389, "Category_IDs": 19332, "Last_Edited_By": "anna_nord", "Created_Date": 1481637850000, "Changed_Date": 1481637850000}}, {"type": "Feature", "id": 230, "geometry": {"type": "Point", "coordinates": [-84.401901, 33.7797390000001]}, "properties": {"OBJECTID": 230, "Name": "ADA Building Entrance - Center Street Apartments", "Description": "132 - Center Street Apartments - ADA Building Entrance", "Keywords": "ADA, Wheelchair, Handicap, disabled, ADA Building Entrance", "Categories_1": "ADA - Building Entrances", "Categories_2": null, "Categories_3": null, "Categories_4": null, "Categories_5": null, "Location_1": 33.779739, "Location_2": -84.401901, "Marker_Instance_IDs": 183807, "Marker_ID": 129390, "Category_IDs": 19332, "Last_Edited_By": "anna_nord", "Created_Date": 1481637860000, "Changed_Date": 1481637860000}}, {"type": "Feature", "id": 231, "geometry": {"type": "Point", "coordinates": [-84.401733, 33.7809100000001]}, "properties": {"OBJECTID": 231, "Name": "ADA Building Entrance - GTRI Research Building (North)", "Description": "61 - GTRI Research Building (North) - ADA Building Entrance", "Keywords": "ADA, Wheelchair, Handicap, disabled, ADA Building Entrance", "Categories_1": "ADA - Building Entrances", "Categories_2": null, "Categories_3": null, "Categories_4": null, "Categories_5": null, "Location_1": 33.78091, "Location_2": -84.401733, "Marker_Instance_IDs": 183808, "Marker_ID": 129391, "Category_IDs": 19332, "Last_Edited_By": "anna_nord", "Created_Date": 1481637870000, "Changed_Date": 1481637870000}}, {"type": "Feature", "id": 232, "geometry": {"type": "Point", "coordinates": [-84.401733, 33.7804370000001]}, "properties": {"OBJECTID": 232, "Name": "ADA Building Entrance - GTRI Research Building (South)", "Description": "61A - GTRI Research Building (South) - ADA Building Entrance", "Keywords": "ADA, Wheelchair, Handicap, disabled, ADA Building Entrance", "Categories_1": "ADA - Building Entrances", "Categories_2": null, "Categories_3": null, "Categories_4": null, "Categories_5": null, "Location_1": 33.780437, "Location_2": -84.401733, "Marker_Instance_IDs": 183809, "Marker_ID": 129392, "Category_IDs": 19332, "Last_Edited_By": "anna_nord", "Created_Date": 1481637879000, "Changed_Date": 1481637879000}}, {"type": "Feature", "id": 233, "geometry": {"type": "Point", "coordinates": [-84.401131, 33.7804370000001]}, "properties": {"OBJECTID": 233, "Name": "ADA Building Entrance - GTRI Research Building (South)", "Description": "61A - GTRI Research Building (South) - ADA Building Entrance", "Keywords": "ADA, Wheelchair, Handicap, disabled, ADA Building Entrance", "Categories_1": "ADA - Building Entrances", "Categories_2": null, "Categories_3": null, "Categories_4": null, "Categories_5": null, "Location_1": 33.780437, "Location_2": -84.401131, "Marker_Instance_IDs": 183810, "Marker_ID": 129393, "Category_IDs": 19332, "Last_Edited_By": "anna_nord", "Created_Date": 1481637889000, "Changed_Date": 1481637889000}}, {"type": "Feature", "id": 234, "geometry": {"type": "Point", "coordinates": [-84.4001009999999, 33.781006]}, "properties": {"OBJECTID": 234, "Name": "ADA Building Entrance - GTRI Centennial Research Building", "Description": "790 - GTRI Centennial Research Building - ADA Building Entrance", "Keywords": "ADA, Wheelchair, Handicap, disabled, ADA Building Entrance", "Categories_1": "ADA - Building Entrances", "Categories_2": null, "Categories_3": null, "Categories_4": null, "Categories_5": null, "Location_1": 33.781006, "Location_2": -84.400101, "Marker_Instance_IDs": 183811, "Marker_ID": 129394, "Category_IDs": 19332, "Last_Edited_By": "anna_nord", "Created_Date": 1481637899000, "Changed_Date": 1481637899000}}, {"type": "Feature", "id": 235, "geometry": {"type": "Point", "coordinates": [-84.3994519999999, 33.7796900000001]}, "properties": {"OBJECTID": 235, "Name": "ADA Building Entrance - GTRI Baker Building", "Description": "99 - Baker Building GTRI - ADA Building Entrance", "Keywords": "ADA, Wheelchair, Handicap, disabled, ADA Building Entrance", "Categories_1": "ADA - Building Entrances", "Categories_2": null, "Categories_3": null, "Categories_4": null, "Categories_5": null, "Location_1": 33.77969, "Location_2": -84.399452, "Marker_Instance_IDs": 183812, "Marker_ID": 129395, "Category_IDs": 19332, "Last_Edited_By": "anna_nord", "Created_Date": 1481637909000, "Changed_Date": 1481637909000}}, {"type": "Feature", "id": 236, "geometry": {"type": "Point", "coordinates": [-84.398354, 33.7785720000001]}, "properties": {"OBJECTID": 236, "Name": "ADA Building Entrance - Marcus Nano Technology Building", "Description": "181 - Marcus Nano Technology Building - ADA Building Entrance", "Keywords": "ADA, Wheelchair, Handicap, disabled, ADA Building Entrance", "Categories_1": "ADA - Building Entrances", "Categories_2": null, "Categories_3": null, "Categories_4": null, "Categories_5": null, "Location_1": 33.778572, "Location_2": -84.398354, "Marker_Instance_IDs": 183814, "Marker_ID": 129397, "Category_IDs": 19332, "Last_Edited_By": "anna_nord", "Created_Date": 1481637928000, "Changed_Date": 1481637928000}}, {"type": "Feature", "id": 237, "geometry": {"type": "Point", "coordinates": [-84.398766, 33.7810210000001]}, "properties": {"OBJECTID": 237, "Name": "ADA Building Entrance - Engineered Biosystems Building", "Description": "195 - Engineered Biosystems Building EBB - ADA Building Entrance", "Keywords": "ADA, Wheelchair, Handicap, disabled, ADA Building Entrance", "Categories_1": "ADA - Building Entrances", "Categories_2": null, "Categories_3": null, "Categories_4": null, "Categories_5": null, "Location_1": 33.781021, "Location_2": -84.398766, "Marker_Instance_IDs": 183815, "Marker_ID": 129398, "Category_IDs": 19332, "Last_Edited_By": "anna_nord", "Created_Date": 1481637938000, "Changed_Date": 1481637938000}}, {"type": "Feature", "id": 238, "geometry": {"type": "Point", "coordinates": [-84.397888, 33.780834]}, "properties": {"OBJECTID": 238, "Name": "ADA Building Entrance - Engineered Biosystems Building", "Description": "195 - Engineered Biosystems Building - ADA Building Entrance", "Keywords": "ADA, Wheelchair, Handicap, disabled, ADA Building Entrance", "Categories_1": "ADA - Building Entrances", "Categories_2": null, "Categories_3": null, "Categories_4": null, "Categories_5": null, "Location_1": 33.780834, "Location_2": -84.397888, "Marker_Instance_IDs": 183816, "Marker_ID": 129399, "Category_IDs": 19332, "Last_Edited_By": "anna_nord", "Created_Date": 1481637948000, "Changed_Date": 1481637948000}}, {"type": "Feature", "id": 239, "geometry": {"type": "Point", "coordinates": [-84.3989559999999, 33.780361]}, "properties": {"OBJECTID": 239, "Name": "ADA Building Entrance - North Campus Parking Deck", "Description": "148 - North Campus Parking Deck - ADA Building Entrance", "Keywords": "ADA, Wheelchair, Handicap, disabled, ADA Building Entrance", "Categories_1": "ADA - Building Entrances", "Categories_2": null, "Categories_3": null, "Categories_4": null, "Categories_5": null, "Location_1": 33.780361, "Location_2": -84.398956, "Marker_Instance_IDs": 183817, "Marker_ID": 129400, "Category_IDs": 19332, "Last_Edited_By": "anna_nord", "Created_Date": 1481637958000, "Changed_Date": 1481637958000}}, {"type": "Feature", "id": 240, "geometry": {"type": "Point", "coordinates": [-84.396736, 33.7799420000001]}, "properties": {"OBJECTID": 240, "Name": "ADA Building Entrance - Molecular Science and Engineering Building", "Description": "167 - Molecular Science and Engineering Building - ADA Building Entrance", "Keywords": "ADA, Wheelchair, Handicap, disabled, ADA Building Entrance", "Categories_1": "ADA - Building Entrances", "Categories_2": null, "Categories_3": null, "Categories_4": null, "Categories_5": null, "Location_1": 33.779942, "Location_2": -84.396736, "Marker_Instance_IDs": 183818, "Marker_ID": 129401, "Category_IDs": 19332, "Last_Edited_By": "anna_nord", "Created_Date": 1481637968000, "Changed_Date": 1481637968000}}, {"type": "Feature", "id": 241, "geometry": {"type": "Point", "coordinates": [-84.397072, 33.779392]}, "properties": {"OBJECTID": 241, "Name": "ADA Building Entrance - Petit Biotechnology Building", "Description": "146 - Petit Biotechnology Building - ADA Building Entrance", "Keywords": "ADA, Wheelchair, Handicap, disabled, ADA Building Entrance", "Categories_1": "ADA - Building Entrances", "Categories_2": null, "Categories_3": null, "Categories_4": null, "Categories_5": null, "Location_1": 33.779392, "Location_2": -84.397072, "Marker_Instance_IDs": 183820, "Marker_ID": 129403, "Category_IDs": 19332, "Last_Edited_By": "anna_nord", "Created_Date": 1481637987000, "Changed_Date": 1481637987000}}, {"type": "Feature", "id": 242, "geometry": {"type": "Point", "coordinates": [-84.397141, 33.778831]}, "properties": {"OBJECTID": 242, "Name": "ADA Building Entrance - Petit Biotechnology Building", "Description": "146 - Petit Biotechnology Building - ADA Building Entrance", "Keywords": "ADA, Wheelchair, Handicap, disabled, ADA Building Entrance", "Categories_1": "ADA - Building Entrances", "Categories_2": null, "Categories_3": null, "Categories_4": null, "Categories_5": null, "Location_1": 33.778831, "Location_2": -84.397141, "Marker_Instance_IDs": 183821, "Marker_ID": 129404, "Category_IDs": 19332, "Last_Edited_By": "anna_nord", "Created_Date": 1481637997000, "Changed_Date": 1481637997000}}, {"type": "Feature", "id": 243, "geometry": {"type": "Point", "coordinates": [-84.396919, 33.7783620000001]}, "properties": {"OBJECTID": 243, "Name": "ADA Building Entrance - Whitaker Building", "Description": "165 - Whitaker Building - ADA Building Entrance", "Keywords": "ADA, Wheelchair, Handicap, disabled, ADA Building Entrance", "Categories_1": "ADA - Building Entrances", "Categories_2": null, "Categories_3": null, "Categories_4": null, "Categories_5": null, "Location_1": 33.778362, "Location_2": -84.396919, "Marker_Instance_IDs": 183822, "Marker_ID": 129405, "Category_IDs": 19332, "Last_Edited_By": "anna_nord", "Created_Date": 1481638007000, "Changed_Date": 1481638007000}}, {"type": "Feature", "id": 244, "geometry": {"type": "Point", "coordinates": [-84.396988, 33.778603]}, "properties": {"OBJECTID": 244, "Name": "ADA Building Entrance - Whitaker Building", "Description": "165 - Whitaker Building - ADA Building Entrance", "Keywords": "ADA, Wheelchair, Handicap, disabled, ADA Building Entrance", "Categories_1": "ADA - Building Entrances", "Categories_2": null, "Categories_3": null, "Categories_4": null, "Categories_5": null, "Location_1": 33.778603, "Location_2": -84.396988, "Marker_Instance_IDs": 183823, "Marker_ID": 129406, "Category_IDs": 19332, "Last_Edited_By": "anna_nord", "Created_Date": 1481638017000, "Changed_Date": 1481638017000}}, {"type": "Feature", "id": 245, "geometry": {"type": "Point", "coordinates": [-84.3961179999999, 33.7789990000001]}, "properties": {"OBJECTID": 245, "Name": "ADA Building Entrance - Ford Environmental Science and Technology Building", "Description": "147 - For Environmental Science and Technology Building - ADA Building Entrance", "Keywords": "ADA, Wheelchair, Handicap, disabled, ADA Building Entrance", "Categories_1": "ADA - Building Entrances", "Categories_2": null, "Categories_3": null, "Categories_4": null, "Categories_5": null, "Location_1": 33.778999, "Location_2": -84.396118, "Marker_Instance_IDs": 183824, "Marker_ID": 129407, "Category_IDs": 19332, "Last_Edited_By": "anna_nord", "Created_Date": 1481638027000, "Changed_Date": 1481638027000}}, {"type": "Feature", "id": 246, "geometry": {"type": "Point", "coordinates": [-84.395866, 33.779034]}, "properties": {"OBJECTID": 246, "Name": "ADA Building Entrance - Ford Environmental Science and Technology Building", "Description": "147 - For Environmental Science and Technology Building - ADA Building Entrance", "Keywords": "ADA, Wheelchair, Handicap, disabled, ADA Building Entrance", "Categories_1": "ADA - Building Entrances", "Categories_2": null, "Categories_3": null, "Categories_4": null, "Categories_5": null, "Location_1": 33.779034, "Location_2": -84.395866, "Marker_Instance_IDs": 183825, "Marker_ID": 129408, "Category_IDs": 19332, "Last_Edited_By": "anna_nord", "Created_Date": 1481638037000, "Changed_Date": 1481638037000}}, {"type": "Feature", "id": 247, "geometry": {"type": "Point", "coordinates": [-84.3960269999999, 33.778664]}, "properties": {"OBJECTID": 247, "Name": "ADA Building Entrance - Ford Envrionemental Science and Technology Building", "Description": "147 - Ford Environmental Science and Technology Building  - ADA Building Entrance", "Keywords": "ADA, Wheelchair, Handicap, disabled, ADA Building Entrance", "Categories_1": "ADA - Building Entrances", "Categories_2": null, "Categories_3": null, "Categories_4": null, "Categories_5": null, "Location_1": 33.778664, "Location_2": -84.396027, "Marker_Instance_IDs": 183826, "Marker_ID": 129409, "Category_IDs": 19332, "Last_Edited_By": "anna_nord", "Created_Date": 1481638047000, "Changed_Date": 1481638047000}}, {"type": "Feature", "id": 248, "geometry": {"type": "Point", "coordinates": [-84.395294, 33.778416]}, "properties": {"OBJECTID": 248, "Name": "ADA Building Entrance - Brock Football Practice Facility", "Description": "147 - Brock Football Practice Facility - ADA Building Entrance", "Keywords": "ADA, Wheelchair, Handicap, disabled, ADA Building Entrance", "Categories_1": "ADA - Building Entrances", "Categories_2": null, "Categories_3": null, "Categories_4": null, "Categories_5": null, "Location_1": 33.778416, "Location_2": -84.395294, "Marker_Instance_IDs": 183827, "Marker_ID": 129410, "Category_IDs": 19332, "Last_Edited_By": "anna_nord", "Created_Date": 1481638057000, "Changed_Date": 1481638057000}}, {"type": "Feature", "id": 249, "geometry": {"type": "Point", "coordinates": [-84.39534, 33.777683]}, "properties": {"OBJECTID": 249, "Name": "ADA Building Entrance - Baseball Stadium - Russ Chandler Stadium", "Description": "168 - Baseball Stadium - Russ Chandler Stadium - ADA Building Entrance", "Keywords": "ADA, Wheelchair, Handicap, disabled, ADA Building Entrance", "Categories_1": "ADA - Building Entrances", "Categories_2": null, "Categories_3": null, "Categories_4": null, "Categories_5": null, "Location_1": 33.777683, "Location_2": -84.39534, "Marker_Instance_IDs": 183828, "Marker_ID": 129411, "Category_IDs": 19332, "Last_Edited_By": "anna_nord", "Created_Date": 1481638067000, "Changed_Date": 1481638067000}}, {"type": "Feature", "id": 250, "geometry": {"type": "Point", "coordinates": [-84.394302, 33.7770810000001]}, "properties": {"OBJECTID": 250, "Name": "ADA Building Entrance - Baseball Stadium - Russ Chandler Stadium", "Description": "168 - Baseball Stadium - Russ Chandler Stadium - ADA Building Entrance", "Keywords": "ADA, Wheelchair, Handicap, disabled, ADA Building Entrance", "Categories_1": "ADA - Building Entrances", "Categories_2": null, "Categories_3": null, "Categories_4": null, "Categories_5": null, "Location_1": 33.777081, "Location_2": -84.394302, "Marker_Instance_IDs": 183829, "Marker_ID": 129412, "Category_IDs": 19332, "Last_Edited_By": "anna_nord", "Created_Date": 1481638076000, "Changed_Date": 1481638076000}}, {"type": "Feature", "id": 251, "geometry": {"type": "Point", "coordinates": [-84.3926089999999, 33.779434]}, "properties": {"OBJECTID": 251, "Name": "ADA Building Entrance - Softball Stadium - Mewborn Field", "Description": "196 - Softball Stadium - Mewborn Field - ADA Building Entrance", "Keywords": "ADA, Wheelchair, Handicap, disabled, ADA Building Entrance", "Categories_1": "ADA - Building Entrances", "Categories_2": null, "Categories_3": null, "Categories_4": null, "Categories_5": null, "Location_1": 33.779434, "Location_2": -84.392609, "Marker_Instance_IDs": 183830, "Marker_ID": 129413, "Category_IDs": 19332, "Last_Edited_By": "anna_nord", "Created_Date": 1481638086000, "Changed_Date": 1481638086000}}, {"type": "Feature", "id": 252, "geometry": {"type": "Point", "coordinates": [-84.392433, 33.7782970000001]}, "properties": {"OBJECTID": 252, "Name": "ADA Building Entrance - O'Keefe Main Building", "Description": "33 - O'Keefe Main Building - ADA Building Entrance", "Keywords": "ADA, Wheelchair, Handicap, disabled, ADA Building Entrance", "Categories_1": "ADA - Building Entrances", "Categories_2": null, "Categories_3": null, "Categories_4": null, "Categories_5": null, "Location_1": 33.778297, "Location_2": -84.392433, "Marker_Instance_IDs": 183831, "Marker_ID": 129414, "Category_IDs": 19332, "Last_Edited_By": "anna_nord", "Created_Date": 1481638096000, "Changed_Date": 1481638096000}}, {"type": "Feature", "id": 253, "geometry": {"type": "Point", "coordinates": [-84.3938899999999, 33.7808880000001]}, "properties": {"OBJECTID": 253, "Name": "ADA Building Entrance - Tennis Complex", "Description": "203 - Ken Byers Tennis Complex - ADA Building Entrance", "Keywords": "ADA, Wheelchair, Handicap, disabled, ADA Building Entrance", "Categories_1": "ADA - Building Entrances", "Categories_2": null, "Categories_3": null, "Categories_4": null, "Categories_5": null, "Location_1": 33.780888, "Location_2": -84.39389, "Marker_Instance_IDs": 183840, "Marker_ID": 129419, "Category_IDs": 19332, "Last_Edited_By": "anna_nord", "Created_Date": 1481642316000, "Changed_Date": 1481642316000}}, {"type": "Feature", "id": 254, "geometry": {"type": "Point", "coordinates": [-84.393188, 33.7811810000001]}, "properties": {"OBJECTID": 254, "Name": "ADA Building Entrance - McCamish Pavilion", "Description": "73 - McCamish Pavilion - ADA Building Entrance", "Keywords": "ADA, Wheelchair, Handicap, disabled, ADA Building Entrance", "Categories_1": "ADA - Building Entrances", "Categories_2": null, "Categories_3": null, "Categories_4": null, "Categories_5": null, "Location_1": 33.781181, "Location_2": -84.393188, "Marker_Instance_IDs": 183841, "Marker_ID": 129420, "Category_IDs": 19332, "Last_Edited_By": "anna_nord", "Created_Date": 1481642326000, "Changed_Date": 1481642326000}}, {"type": "Feature", "id": 255, "geometry": {"type": "Point", "coordinates": [-84.393181, 33.780422]}, "properties": {"OBJECTID": 255, "Name": "ADA Building Entrance - McCamish Pavilion", "Description": "73 - McCamish Pavilion - ADA Building Entrance", "Keywords": "ADA, Wheelchair, Handicap, disabled, ADA Building Entrance", "Categories_1": "ADA - Building Entrances", "Categories_2": null, "Categories_3": null, "Categories_4": null, "Categories_5": null, "Location_1": 33.780422, "Location_2": -84.393181, "Marker_Instance_IDs": 183842, "Marker_ID": 129421, "Category_IDs": 19332, "Last_Edited_By": "anna_nord", "Created_Date": 1481642336000, "Changed_Date": 1481642336000}}, {"type": "Feature", "id": 256, "geometry": {"type": "Point", "coordinates": [-84.3922039999999, 33.780628]}, "properties": {"OBJECTID": 256, "Name": "ADA Building Entrance - McCamish Pavilion", "Description": "73 - McCamish Pavilion - ADA Building Entrance", "Keywords": "ADA, Wheelchair, Handicap, disabled, ADA Building Entrance", "Categories_1": "ADA - Building Entrances", "Categories_2": null, "Categories_3": null, "Categories_4": null, "Categories_5": null, "Location_1": 33.780628, "Location_2": -84.392204, "Marker_Instance_IDs": 183843, "Marker_ID": 129422, "Category_IDs": 19332, "Last_Edited_By": "anna_nord", "Created_Date": 1481642346000, "Changed_Date": 1481642346000}}, {"type": "Feature", "id": 257, "geometry": {"type": "Point", "coordinates": [-84.3926089999999, 33.776714]}, "properties": {"OBJECTID": 257, "Name": "ADA Building Entrance - Heffernan House", "Description": "73 - Heffernan House - ADA Building Entrance", "Keywords": "ADA, Wheelchair, Handicap, disabled, ADA Building Entrance", "Categories_1": "ADA - Building Entrances", "Categories_2": null, "Categories_3": null, "Categories_4": null, "Categories_5": null, "Location_1": 33.776714, "Location_2": -84.392609, "Marker_Instance_IDs": 183844, "Marker_ID": 129423, "Category_IDs": 19332, "Last_Edited_By": "anna_nord", "Created_Date": 1481642356000, "Changed_Date": 1481642356000}}, {"type": "Feature", "id": 258, "geometry": {"type": "Point", "coordinates": [-84.391296, 33.774548]}, "properties": {"OBJECTID": 258, "Name": "ADA Building Entrance - Matheson and Perry Residence Halls", "Description": "91 - Matheson and Perry Residence Halls - ADA Building Entrance", "Keywords": "ADA, Wheelchair, Handicap, disabled, ADA Building Entrance", "Categories_1": "ADA - Building Entrances", "Categories_2": null, "Categories_3": null, "Categories_4": null, "Categories_5": null, "Location_1": 33.774548, "Location_2": -84.391296, "Marker_Instance_IDs": 183846, "Marker_ID": 129425, "Category_IDs": 19332, "Last_Edited_By": "anna_nord", "Created_Date": 1481642376000, "Changed_Date": 1481642376000}}, {"type": "Feature", "id": 259, "geometry": {"type": "Point", "coordinates": [-84.391655, 33.7743800000001]}, "properties": {"OBJECTID": 259, "Name": "ADA Building Entrance - Field Residence Hall", "Description": "90 - Field Residence Hall - ADA Building Entrance", "Keywords": "ADA, Wheelchair, Handicap, disabled, ADA Building Entrance", "Categories_1": "ADA - Building Entrances", "Categories_2": null, "Categories_3": null, "Categories_4": null, "Categories_5": null, "Location_1": 33.77438, "Location_2": -84.391655, "Marker_Instance_IDs": 183847, "Marker_ID": 129426, "Category_IDs": 19332, "Last_Edited_By": "anna_nord", "Created_Date": 1481642386000, "Changed_Date": 1481642386000}}, {"type": "Feature", "id": 260, "geometry": {"type": "Point", "coordinates": [-84.391724, 33.7740630000001]}, "properties": {"OBJECTID": 260, "Name": "ADA Building Entrance - Field Residence Hall", "Description": "90 - Field Residence Hall - ADA Building Entrance", "Keywords": "ADA, Wheelchair, Handicap, disabled, ADA Building Entrance", "Categories_1": "ADA - Building Entrances", "Categories_2": null, "Categories_3": null, "Categories_4": null, "Categories_5": null, "Location_1": 33.774063, "Location_2": -84.391724, "Marker_Instance_IDs": 183848, "Marker_ID": 129427, "Category_IDs": 19332, "Last_Edited_By": "anna_nord", "Created_Date": 1481642396000, "Changed_Date": 1481642396000}}, {"type": "Feature", "id": 261, "geometry": {"type": "Point", "coordinates": [-84.391609, 33.774055]}, "properties": {"OBJECTID": 261, "Name": "ADA Building Entrance - Field Residence Hall", "Description": "90 - Field Residence Hall - ADA Building Entrance", "Keywords": "ADA, Wheelchair, Handicap, disabled, ADA Building Entrance", "Categories_1": "ADA - Building Entrances", "Categories_2": null, "Categories_3": null, "Categories_4": null, "Categories_5": null, "Location_1": 33.774055, "Location_2": -84.391609, "Marker_Instance_IDs": 183849, "Marker_ID": 129428, "Category_IDs": 19332, "Last_Edited_By": "anna_nord", "Created_Date": 1481642406000, "Changed_Date": 1481642406000}}, {"type": "Feature", "id": 262, "geometry": {"type": "Point", "coordinates": [-84.391533, 33.7740630000001]}, "properties": {"OBJECTID": 262, "Name": "ADA Building Entrance - Hopkins Residence Hall", "Description": "94 - Hopkins Residence Hall - ADA Building Entrance", "Keywords": "ADA, Wheelchair, Handicap, disabled, ADA Building Entrance", "Categories_1": "ADA - Building Entrances", "Categories_2": null, "Categories_3": null, "Categories_4": null, "Categories_5": null, "Location_1": 33.774063, "Location_2": -84.391533, "Marker_Instance_IDs": 183850, "Marker_ID": 129429, "Category_IDs": 19332, "Last_Edited_By": "anna_nord", "Created_Date": 1481642417000, "Changed_Date": 1481642417000}}, {"type": "Feature", "id": 263, "geometry": {"type": "Point", "coordinates": [-84.391487, 33.7740140000001]}, "properties": {"OBJECTID": 263, "Name": "ADA Building Entrance - Hopkins Residence Hall", "Description": "94 - Hopkins Residence Hall  - ADA Building Entrance", "Keywords": "ADA, Wheelchair, Handicap, disabled, ADA Building Entrance", "Categories_1": "ADA - Building Entrances", "Categories_2": null, "Categories_3": null, "Categories_4": null, "Categories_5": null, "Location_1": 33.774014, "Location_2": -84.391487, "Marker_Instance_IDs": 183851, "Marker_ID": 129430, "Category_IDs": 19332, "Last_Edited_By": "anna_nord", "Created_Date": 1481642427000, "Changed_Date": 1481642427000}}, {"type": "Feature", "id": 264, "geometry": {"type": "Point", "coordinates": [-84.39109, 33.774055]}, "properties": {"OBJECTID": 264, "Name": "ADA Building Entrance - Hopkins Residence Hall", "Description": "94 - Hopkins Residence Hall - ADA Building Entrance", "Keywords": "ADA, Wheelchair, Handicap, disabled, ADA Building Entrance", "Categories_1": "ADA - Building Entrances", "Categories_2": null, "Categories_3": null, "Categories_4": null, "Categories_5": null, "Location_1": 33.774055, "Location_2": -84.39109, "Marker_Instance_IDs": 183852, "Marker_ID": 129431, "Category_IDs": 19332, "Last_Edited_By": "anna_nord", "Created_Date": 1481642437000, "Changed_Date": 1481642437000}}, {"type": "Feature", "id": 265, "geometry": {"type": "Point", "coordinates": [-84.390999, 33.774055]}, "properties": {"OBJECTID": 265, "Name": "ADA Building Entrance - Hanson Residence Hall", "Description": "93 - Hanson Residence Hall - ADA Building Entrance", "Keywords": "ADA, Wheelchair, Handicap, disabled, ADA Building Entrance", "Categories_1": "ADA - Building Entrances", "Categories_2": null, "Categories_3": null, "Categories_4": null, "Categories_5": null, "Location_1": 33.774055, "Location_2": -84.390999, "Marker_Instance_IDs": 183855, "Marker_ID": 129433, "Category_IDs": 19332, "Last_Edited_By": "anna_nord", "Created_Date": 1481643454000, "Changed_Date": 1481643454000}}, {"type": "Feature", "id": 266, "geometry": {"type": "Point", "coordinates": [-84.386658, 33.778446]}, "properties": {"OBJECTID": 266, "Name": "ADA Building Entrance - Academy of Medicine", "Description": "198 - Academy of Medicine - ADA Building Entrance", "Keywords": "ADA, Wheelchair, Handicap, disabled, ADA Building Entrance", "Categories_1": "ADA - Building Entrances", "Categories_2": null, "Categories_3": null, "Categories_4": null, "Categories_5": null, "Location_1": 33.778446, "Location_2": -84.386658, "Marker_Instance_IDs": 183979, "Marker_ID": 129530, "Category_IDs": 19332, "Last_Edited_By": "anna_nord", "Created_Date": 1481663095000, "Changed_Date": 1481663095000}}, {"type": "Feature", "id": 267, "geometry": {"type": "Point", "coordinates": [-84.3866199999999, 33.778309]}, "properties": {"OBJECTID": 267, "Name": "ADA Building Entrance - Academy of Medicine", "Description": "198 - Academy of Medicine - ADA Building Entrance", "Keywords": "ADA, Wheelchair, Handicap, disabled, ADA Building Entrance", "Categories_1": "ADA - Building Entrances", "Categories_2": null, "Categories_3": null, "Categories_4": null, "Categories_5": null, "Location_1": 33.778309, "Location_2": -84.38662, "Marker_Instance_IDs": 183980, "Marker_ID": 129531, "Category_IDs": 19332, "Last_Edited_By": "anna_nord", "Created_Date": 1481663104000, "Changed_Date": 1481663104000}}, {"type": "Feature", "id": 268, "geometry": {"type": "Point", "coordinates": [-84.386696, 33.778111]}, "properties": {"OBJECTID": 268, "Name": "ADA Building Entrance - Academy of Medicine", "Description": "198 - Academy of Medicine - ADA Building Entrance", "Keywords": "ADA, Wheelchair, Handicap, disabled, ADA Building Entrance", "Categories_1": "ADA - Building Entrances", "Categories_2": null, "Categories_3": null, "Categories_4": null, "Categories_5": null, "Location_1": 33.778111, "Location_2": -84.386696, "Marker_Instance_IDs": 183981, "Marker_ID": 129532, "Category_IDs": 19332, "Last_Edited_By": "anna_nord", "Created_Date": 1481663114000, "Changed_Date": 1481663114000}}, {"type": "Feature", "id": 269, "geometry": {"type": "Point", "coordinates": [-84.390862, 33.772121]}, "properties": {"OBJECTID": 269, "Name": "ADA Building Entrance - Howell Residence Hall", "Description": "10 - Howell Residence Hall - ADA Building Entrance", "Keywords": "ADA, Wheelchair, Handicap, disabled, ADA Building Entrance", "Categories_1": "ADA - Building Entrances", "Categories_2": null, "Categories_3": null, "Categories_4": null, "Categories_5": null, "Location_1": 33.772121, "Location_2": -84.390862, "Marker_Instance_IDs": 183982, "Marker_ID": 129533, "Category_IDs": 19332, "Last_Edited_By": "anna_nord", "Created_Date": 1481663144000, "Changed_Date": 1481663144000}}, {"type": "Feature", "id": 270, "geometry": {"type": "Point", "coordinates": [-84.3911209999999, 33.772167]}, "properties": {"OBJECTID": 270, "Name": "ADA Building Entrance - Howell Residence Hall", "Description": "10 - Howell Residence Hall - ADA Building Entrance", "Keywords": "ADA, Wheelchair, Handicap, disabled, ADA Building Entrance", "Categories_1": "ADA - Building Entrances", "Categories_2": null, "Categories_3": null, "Categories_4": null, "Categories_5": null, "Location_1": 33.772167, "Location_2": -84.391121, "Marker_Instance_IDs": 183983, "Marker_ID": 129534, "Category_IDs": 19332, "Last_Edited_By": "anna_nord", "Created_Date": 1481663154000, "Changed_Date": 1481663154000}}, {"type": "Feature", "id": 271, "geometry": {"type": "Point", "coordinates": [-84.3915249999999, 33.7718540000001]}, "properties": {"OBJECTID": 271, "Name": "ADA Building Entrance - Smith Residence Hall", "Description": "6 - Smith Residence Hall - ADA Building Entrance", "Keywords": "ADA, Wheelchair, Handicap, disabled, ADA Building Entrance", "Categories_1": "ADA - Building Entrances", "Categories_2": null, "Categories_3": null, "Categories_4": null, "Categories_5": null, "Location_1": 33.771854, "Location_2": -84.391525, "Marker_Instance_IDs": 183984, "Marker_ID": 129535, "Category_IDs": 19332, "Last_Edited_By": "anna_nord", "Created_Date": 1481663164000, "Changed_Date": 1481663164000}}, {"type": "Feature", "id": 272, "geometry": {"type": "Point", "coordinates": [-84.391541, 33.771622]}, "properties": {"OBJECTID": 272, "Name": "ADA Building Entrance - Smith Residence Hall", "Description": "6 - Smith Residence Hall - ADA Building Entrance", "Keywords": "ADA, Wheelchair, Handicap, disabled, ADA Building Entrance", "Categories_1": "ADA - Building Entrances", "Categories_2": null, "Categories_3": null, "Categories_4": null, "Categories_5": null, "Location_1": 33.771622, "Location_2": -84.391541, "Marker_Instance_IDs": 183985, "Marker_ID": 129536, "Category_IDs": 19332, "Last_Edited_By": "anna_nord", "Created_Date": 1481663174000, "Changed_Date": 1481663174000}}, {"type": "Feature", "id": 273, "geometry": {"type": "Point", "coordinates": [-84.3911439999999, 33.771626]}, "properties": {"OBJECTID": 273, "Name": "ADA Building Entrance - Smith Residence Hall", "Description": "6 - Smith Residence Hall - ADA Building Entrance", "Keywords": "ADA, Wheelchair, Handicap, disabled, ADA Building Entrance", "Categories_1": "ADA - Building Entrances", "Categories_2": null, "Categories_3": null, "Categories_4": null, "Categories_5": null, "Location_1": 33.771626, "Location_2": -84.391144, "Marker_Instance_IDs": 183986, "Marker_ID": 129537, "Category_IDs": 19332, "Last_Edited_By": "anna_nord", "Created_Date": 1481663183000, "Changed_Date": 1481663183000}}, {"type": "Feature", "id": 274, "geometry": {"type": "Point", "coordinates": [-84.3910289999999, 33.7716750000001]}, "properties": {"OBJECTID": 274, "Name": "ADA Building Entrance - Smith Residence Hall", "Description": "6 - Smith Residence Hall - ADA Building Entrance", "Keywords": "ADA, Wheelchair, Handicap, disabled, ADA Building Entrance", "Categories_1": "ADA - Building Entrances", "Categories_2": null, "Categories_3": null, "Categories_4": null, "Categories_5": null, "Location_1": 33.771675, "Location_2": -84.391029, "Marker_Instance_IDs": 183987, "Marker_ID": 129538, "Category_IDs": 19332, "Last_Edited_By": "anna_nord", "Created_Date": 1481663193000, "Changed_Date": 1481663193000}}, {"type": "Feature", "id": 275, "geometry": {"type": "Point", "coordinates": [-84.390968, 33.771847]}, "properties": {"OBJECTID": 275, "Name": "ADA Building Entrance - Smith Residence Hall", "Description": "6 - Smith Residence Hall - ADA Building Entrance", "Keywords": "ADA, Wheelchair, Handicap, disabled, ADA Building Entrance", "Categories_1": "ADA - Building Entrances", "Categories_2": null, "Categories_3": null, "Categories_4": null, "Categories_5": null, "Location_1": 33.771847, "Location_2": -84.390968, "Marker_Instance_IDs": 183988, "Marker_ID": 129539, "Category_IDs": 19332, "Last_Edited_By": "anna_nord", "Created_Date": 1481663203000, "Changed_Date": 1481663203000}}, {"type": "Feature", "id": 276, "geometry": {"type": "Point", "coordinates": [-84.390846, 33.7718350000001]}, "properties": {"OBJECTID": 276, "Name": "ADA Building Entrance - Smith Residence Hall", "Description": "6 - Smith Residence Hall  - ADA Building Entrance", "Keywords": "ADA, Wheelchair, Handicap, disabled, ADA Building Entrance", "Categories_1": "ADA - Building Entrances", "Categories_2": null, "Categories_3": null, "Categories_4": null, "Categories_5": null, "Location_1": 33.771835, "Location_2": -84.390846, "Marker_Instance_IDs": 183989, "Marker_ID": 129540, "Category_IDs": 19332, "Last_Edited_By": "anna_nord", "Created_Date": 1481663212000, "Changed_Date": 1481663212000}}, {"type": "Feature", "id": 277, "geometry": {"type": "Point", "coordinates": [-84.391357, 33.7707290000001]}, "properties": {"OBJECTID": 277, "Name": "ADA Building Entrance - North Avenue Dining Hall", "Description": "191 - North Avenue Dining Hall - ADA Building Entrance", "Keywords": "ADA, Wheelchair, Handicap, disabled, ADA Building Entrance", "Categories_1": "ADA - Building Entrances", "Categories_2": null, "Categories_3": null, "Categories_4": null, "Categories_5": null, "Location_1": 33.770729, "Location_2": -84.391357, "Marker_Instance_IDs": 183990, "Marker_ID": 129541, "Category_IDs": 19332, "Last_Edited_By": "anna_nord", "Created_Date": 1481663221000, "Changed_Date": 1481663221000}}, {"type": "Feature", "id": 278, "geometry": {"type": "Point", "coordinates": [-84.391174, 33.770546]}, "properties": {"OBJECTID": 278, "Name": "ADA Building Entrance - North Avenue Dining Hall", "Description": "191 - North Avenue Dining Hall - ADA Building Entrance", "Keywords": "ADA, Wheelchair, Handicap, disabled, ADA Building Entrance", "Categories_1": "ADA - Building Entrances", "Categories_2": null, "Categories_3": null, "Categories_4": null, "Categories_5": null, "Location_1": 33.770546, "Location_2": -84.391174, "Marker_Instance_IDs": 183991, "Marker_ID": 129542, "Category_IDs": 19332, "Last_Edited_By": "anna_nord", "Created_Date": 1481663231000, "Changed_Date": 1481663231000}}, {"type": "Feature", "id": 279, "geometry": {"type": "Point", "coordinates": [-84.391037, 33.7706220000001]}, "properties": {"OBJECTID": 279, "Name": "ADA Building Entrance - North Avenue Apartments", "Description": "191 - North Avenue Apartments - ADA Building Entrance", "Keywords": "ADA, Wheelchair, Handicap, disabled, ADA Building Entrance", "Categories_1": "ADA - Building Entrances", "Categories_2": null, "Categories_3": null, "Categories_4": null, "Categories_5": null, "Location_1": 33.770622, "Location_2": -84.391037, "Marker_Instance_IDs": 183992, "Marker_ID": 129543, "Category_IDs": 19332, "Last_Edited_By": "anna_nord", "Created_Date": 1481663240000, "Changed_Date": 1481663240000}}, {"type": "Feature", "id": 280, "geometry": {"type": "Point", "coordinates": [-84.3935779999999, 33.770878]}, "properties": {"OBJECTID": 280, "Name": "ADA Building Entrance - Alumni/Faculty House", "Description": "3 - Alumni/Faculty - ADA Building Entrance", "Keywords": "ADA, Wheelchair, Handicap, disabled, ADA Building Entrance", "Categories_1": "ADA - Building Entrances", "Categories_2": null, "Categories_3": null, "Categories_4": null, "Categories_5": null, "Location_1": 33.770878, "Location_2": -84.393578, "Marker_Instance_IDs": 183993, "Marker_ID": 129544, "Category_IDs": 19332, "Last_Edited_By": "anna_nord", "Created_Date": 1481663250000, "Changed_Date": 1481663250000}}, {"type": "Feature", "id": 281, "geometry": {"type": "Point", "coordinates": [-84.402954, 33.770386]}, "properties": {"OBJECTID": 281, "Name": "ADA Building Entrance - Zinn Combustion Laboratory", "Description": "151 - Zinn Combustion Laboratory - ADA Building Entrance", "Keywords": "ADA, Wheelchair, Handicap, disabled, ADA Building Entrance", "Categories_1": "ADA - Building Entrances", "Categories_2": null, "Categories_3": null, "Categories_4": null, "Categories_5": null, "Location_1": 33.770386, "Location_2": -84.402954, "Marker_Instance_IDs": 183994, "Marker_ID": 129545, "Category_IDs": 19332, "Last_Edited_By": "anna_nord", "Created_Date": 1481663260000, "Changed_Date": 1481663260000}}, {"type": "Feature", "id": 282, "geometry": {"type": "Point", "coordinates": [-84.403397, 33.7703930000001]}, "properties": {"OBJECTID": 282, "Name": "ADA Building Entrance - Food Processing Technology Building", "Description": "159 - Food Processing Technology Building - ADA Building Entrance", "Keywords": "ADA, Wheelchair, Handicap, disabled, ADA Building Entrance", "Categories_1": "ADA - Building Entrances", "Categories_2": null, "Categories_3": null, "Categories_4": null, "Categories_5": null, "Location_1": 33.770393, "Location_2": -84.403397, "Marker_Instance_IDs": 183995, "Marker_ID": 129546, "Category_IDs": 19332, "Last_Edited_By": "anna_nord", "Created_Date": 1481663270000, "Changed_Date": 1481663270000}}, {"type": "Feature", "id": 283, "geometry": {"type": "Point", "coordinates": [-84.402382, 33.770813]}, "properties": {"OBJECTID": 283, "Name": "ADA Building Entrance - Tech Way Building", "Description": "136 - Tech Way Building - ADA Building Entrance", "Keywords": "ADA, Wheelchair, Handicap, disabled, ADA Building Entrance", "Categories_1": "ADA - Building Entrances", "Categories_2": null, "Categories_3": null, "Categories_4": null, "Categories_5": null, "Location_1": 33.770813, "Location_2": -84.402382, "Marker_Instance_IDs": 183996, "Marker_ID": 129547, "Category_IDs": 19332, "Last_Edited_By": "anna_nord", "Created_Date": 1481663280000, "Changed_Date": 1481663280000}}, {"type": "Feature", "id": 284, "geometry": {"type": "Point", "coordinates": [-84.402992, 33.770966]}, "properties": {"OBJECTID": 284, "Name": "ADA Building Entrance - Tech Way Building", "Description": "136 - Tech Way Building - ADA Building Entrance", "Keywords": "ADA, Wheelchair, Handicap, disabled, ADA Building Entrance", "Categories_1": "ADA - Building Entrances", "Categories_2": null, "Categories_3": null, "Categories_4": null, "Categories_5": null, "Location_1": 33.770966, "Location_2": -84.402992, "Marker_Instance_IDs": 183997, "Marker_ID": 129548, "Category_IDs": 19332, "Last_Edited_By": "anna_nord", "Created_Date": 1481663289000, "Changed_Date": 1481663289000}}, {"type": "Feature", "id": 285, "geometry": {"type": "Point", "coordinates": [-84.404442, 33.7708630000001]}, "properties": {"OBJECTID": 285, "Name": "ADA Building Entrance - Structural Engineering and Materials Research Lab", "Description": "149 - Structural Engineering Materials Research Lab - ADA Building Entrance", "Keywords": "ADA, Wheelchair, Handicap, disabled, ADA Building Entrance", "Categories_1": "ADA - Building Entrances", "Categories_2": null, "Categories_3": null, "Categories_4": null, "Categories_5": null, "Location_1": 33.770863, "Location_2": -84.404442, "Marker_Instance_IDs": 183998, "Marker_ID": 129549, "Category_IDs": 19332, "Last_Edited_By": "anna_nord", "Created_Date": 1481663300000, "Changed_Date": 1481663300000}}, {"type": "Feature", "id": 286, "geometry": {"type": "Point", "coordinates": [-84.396576, 33.7827]}, "properties": {"OBJECTID": 286, "Name": "ADA Building Entrance - Graduate Living Center", "Description": "52 - Graduate Living Center - ADA Building Entrance", "Keywords": "ADA, Wheelchair, Handicap, disabled, ADA Building Entrance", "Categories_1": "ADA - Building Entrances", "Categories_2": null, "Categories_3": null, "Categories_4": null, "Categories_5": null, "Location_1": 33.7827, "Location_2": -84.396576, "Marker_Instance_IDs": 183999, "Marker_ID": 129550, "Category_IDs": 19332, "Last_Edited_By": "anna_nord", "Created_Date": 1481663309000, "Changed_Date": 1481663309000}}, {"type": "Feature", "id": 287, "geometry": {"type": "Point", "coordinates": [-84.396408, 33.782829]}, "properties": {"OBJECTID": 287, "Name": "ADA Building Entrance - Graduate Living Center", "Description": "52 - Graduate Living Center - ADA Building Entrance", "Keywords": "ADA, Wheelchair, Handicap, disabled, ADA Building Entrance", "Categories_1": "ADA - Building Entrances", "Categories_2": null, "Categories_3": null, "Categories_4": null, "Categories_5": null, "Location_1": 33.782829, "Location_2": -84.396408, "Marker_Instance_IDs": 184000, "Marker_ID": 129551, "Category_IDs": 19332, "Last_Edited_By": "anna_nord", "Created_Date": 1481663319000, "Changed_Date": 1481663319000}}, {"type": "Feature", "id": 288, "geometry": {"type": "Point", "coordinates": [-84.396271, 33.7826190000001]}, "properties": {"OBJECTID": 288, "Name": "ADA Building Entrance - Graduate Living Center", "Description": "52 - Graduate Living Center - ADA Building Entrance", "Keywords": "ADA, Wheelchair, Handicap, disabled, ADA Building Entrance", "Categories_1": "ADA - Building Entrances", "Categories_2": null, "Categories_3": null, "Categories_4": null, "Categories_5": null, "Location_1": 33.782619, "Location_2": -84.396271, "Marker_Instance_IDs": 184001, "Marker_ID": 129552, "Category_IDs": 19332, "Last_Edited_By": "anna_nord", "Created_Date": 1481663329000, "Changed_Date": 1481663329000}}, {"type": "Feature", "id": 289, "geometry": {"type": "Point", "coordinates": [-84.396194, 33.7826610000001]}, "properties": {"OBJECTID": 289, "Name": "ADA Building Entrance - Graduate Living Center", "Description": "52 - Graduate Living Center - ADA Building Entrance", "Keywords": "ADA, Wheelchair, Handicap, disabled, ADA Building Entrance", "Categories_1": "ADA - Building Entrances", "Categories_2": null, "Categories_3": null, "Categories_4": null, "Categories_5": null, "Location_1": 33.782661, "Location_2": -84.396194, "Marker_Instance_IDs": 184002, "Marker_ID": 129553, "Category_IDs": 19332, "Last_Edited_By": "anna_nord", "Created_Date": 1481663338000, "Changed_Date": 1481663338000}}, {"type": "Feature", "id": 290, "geometry": {"type": "Point", "coordinates": [-84.395821, 33.782696]}, "properties": {"OBJECTID": 290, "Name": "ADA Building Entrance - Tenth and Home Apartments", "Description": "52- Tenth and Home Apartments - ADA Building Entrance", "Keywords": "ADA, Wheelchair, Handicap, disabled, ADA Building Entrance", "Categories_1": "ADA - Building Entrances", "Categories_2": null, "Categories_3": null, "Categories_4": null, "Categories_5": null, "Location_1": 33.782696, "Location_2": -84.395821, "Marker_Instance_IDs": 184003, "Marker_ID": 129554, "Category_IDs": 19332, "Last_Edited_By": "anna_nord", "Created_Date": 1481663348000, "Changed_Date": 1481663348000}}, {"type": "Feature", "id": 291, "geometry": {"type": "Point", "coordinates": [-84.395187, 33.7824400000001]}, "properties": {"OBJECTID": 291, "Name": "ADA Building Entrance - Tenth and Home Apartments", "Description": "52 - Tenth and Home Apartments - ADA Building Entrance", "Keywords": "ADA, Wheelchair, Handicap, disabled, ADA Building Entrance", "Categories_1": "ADA - Building Entrances", "Categories_2": null, "Categories_3": null, "Categories_4": null, "Categories_5": null, "Location_1": 33.78244, "Location_2": -84.395187, "Marker_Instance_IDs": 184004, "Marker_ID": 129555, "Category_IDs": 19332, "Last_Edited_By": "anna_nord", "Created_Date": 1481663357000, "Changed_Date": 1481663357000}}, {"type": "Feature", "id": 292, "geometry": {"type": "Point", "coordinates": [-84.39521, 33.7817650000001]}, "properties": {"OBJECTID": 292, "Name": "ADA Building Entrance - Tenth and Home Apartments", "Description": "52 - Graduate Student Living - ADA Building Entrance", "Keywords": "ADA, Wheelchair, Handicap, disabled, ADA Building Entrance", "Categories_1": "ADA - Building Entrances", "Categories_2": null, "Categories_3": null, "Categories_4": null, "Categories_5": null, "Location_1": 33.781765, "Location_2": -84.39521, "Marker_Instance_IDs": 184005, "Marker_ID": 129556, "Category_IDs": 19332, "Last_Edited_By": "anna_nord", "Created_Date": 1481663367000, "Changed_Date": 1481663367000}}, {"type": "Feature", "id": 293, "geometry": {"type": "Point", "coordinates": [-84.395905, 33.7817460000001]}, "properties": {"OBJECTID": 293, "Name": "ADA Building Entrance - Tenth and Home Apartments", "Description": "52 - Tenth and Home Apartments - ADA Building Entrance", "Keywords": "ADA, Wheelchair, Handicap, disabled, ADA Building Entrance", "Categories_1": "ADA - Building Entrances", "Categories_2": null, "Categories_3": null, "Categories_4": null, "Categories_5": null, "Location_1": 33.781746, "Location_2": -84.395905, "Marker_Instance_IDs": 184006, "Marker_ID": 129557, "Category_IDs": 19332, "Last_Edited_By": "anna_nord", "Created_Date": 1481663377000, "Changed_Date": 1481663377000}}, {"type": "Feature", "id": 294, "geometry": {"type": "Point", "coordinates": [-84.39679, 33.782494]}, "properties": {"OBJECTID": 294, "Name": "ADA Building Entrance - Graduate Student Living Center", "Description": "52 - Graduate Student Living Center - ADA Building Entrance", "Keywords": "ADA, Wheelchair, Handicap, disabled, ADA Building Entrance", "Categories_1": "ADA - Building Entrances", "Categories_2": null, "Categories_3": null, "Categories_4": null, "Categories_5": null, "Location_1": 33.782494, "Location_2": -84.39679, "Marker_Instance_IDs": 184007, "Marker_ID": 129558, "Category_IDs": 19332, "Last_Edited_By": "anna_nord", "Created_Date": 1481663386000, "Changed_Date": 1481663386000}}, {"type": "Feature", "id": 295, "geometry": {"type": "Point", "coordinates": [-84.396385, 33.781708]}, "properties": {"OBJECTID": 295, "Name": "ADA Building Entrance - Graduate Student Living Center", "Description": "52 - Graduate Student Living Center  - ADA Building Entrance", "Keywords": "ADA, Wheelchair, Handicap, disabled, ADA Building Entrance", "Categories_1": "ADA - Building Entrances", "Categories_2": null, "Categories_3": null, "Categories_4": null, "Categories_5": null, "Location_1": 33.781708, "Location_2": -84.396385, "Marker_Instance_IDs": 184008, "Marker_ID": 129559, "Category_IDs": 19332, "Last_Edited_By": "anna_nord", "Created_Date": 1481663396000, "Changed_Date": 1481663396000}}, {"type": "Feature", "id": 296, "geometry": {"type": "Point", "coordinates": [-84.396439, 33.7818150000001]}, "properties": {"OBJECTID": 296, "Name": "ADA Building Entrance - Graduate Student Living Center", "Description": "52 - Graduate Student Living Center - ADA Building Entrance", "Keywords": "ADA, Wheelchair, Handicap, disabled, ADA Building Entrance", "Categories_1": "ADA - Building Entrances", "Categories_2": null, "Categories_3": null, "Categories_4": null, "Categories_5": null, "Location_1": 33.781815, "Location_2": -84.396439, "Marker_Instance_IDs": 184009, "Marker_ID": 129560, "Category_IDs": 19332, "Last_Edited_By": "anna_nord", "Created_Date": 1481663405000, "Changed_Date": 1481663405000}}, {"type": "Feature", "id": 297, "geometry": {"type": "Point", "coordinates": [-84.396912, 33.782024]}, "properties": {"OBJECTID": 297, "Name": "ADA Building Entrance - Graduate Student Living Center", "Description": "52 - Graduate Student Living Center - ADA Building Entrance", "Keywords": "ADA, Wheelchair, Handicap, disabled, ADA Building Entrance", "Categories_1": "ADA - Building Entrances", "Categories_2": null, "Categories_3": null, "Categories_4": null, "Categories_5": null, "Location_1": 33.782024, "Location_2": -84.396912, "Marker_Instance_IDs": 184010, "Marker_ID": 129561, "Category_IDs": 19332, "Last_Edited_By": "anna_nord", "Created_Date": 1481663414000, "Changed_Date": 1481663414000}}, {"type": "Feature", "id": 298, "geometry": {"type": "Point", "coordinates": [-84.395859, 33.7760280000001]}, "properties": {"OBJECTID": 298, "Name": "ADA Building Entrance - West Architecture", "Description": "75 - West Architecture - ADA Building Entrance", "Keywords": "ADA, Wheelchair, Handicap, disabled, ADA Building Entrance", "Categories_1": "ADA - Building Entrances", "Categories_2": null, "Categories_3": null, "Categories_4": null, "Categories_5": null, "Location_1": 33.776028, "Location_2": -84.395859, "Marker_Instance_IDs": 184011, "Marker_ID": 129562, "Category_IDs": 19332, "Last_Edited_By": "anna_nord", "Created_Date": 1481664079000, "Changed_Date": 1481664079000}}, {"type": "Feature", "id": 299, "geometry": {"type": "Point", "coordinates": [-84.389977, 33.777458]}, "properties": {"OBJECTID": 299, "Name": "ADA Building Entrance - Tech Square Research Building", "Description": "175 - Technology Square Research Building - ADA Building Entrance", "Keywords": "ADA, Wheelchair, Handicap, disabled, ADA Building Entrance", "Categories_1": "ADA - Building Entrances", "Categories_2": null, "Categories_3": null, "Categories_4": null, "Categories_5": null, "Location_1": 33.777458, "Location_2": -84.389977, "Marker_Instance_IDs": 184012, "Marker_ID": 129563, "Category_IDs": 19332, "Last_Edited_By": "anna_nord", "Created_Date": 1481664089000, "Changed_Date": 1481664089000}}, {"type": "Feature", "id": 300, "geometry": {"type": "Point", "coordinates": [-84.3895869999999, 33.7773550000001]}, "properties": {"OBJECTID": 300, "Name": "ADA Building Entrance - Centergy One", "Description": "176- Centergy One - ADA Building Entrance", "Keywords": "ADA, Wheelchair, Handicap, disabled, ADA Building Entrance", "Categories_1": "ADA - Building Entrances", "Categories_2": null, "Categories_3": null, "Categories_4": null, "Categories_5": null, "Location_1": 33.777355, "Location_2": -84.389587, "Marker_Instance_IDs": 184013, "Marker_ID": 129564, "Category_IDs": 19332, "Last_Edited_By": "anna_nord", "Created_Date": 1481664099000, "Changed_Date": 1481664099000}}, {"type": "Feature", "id": 301, "geometry": {"type": "Point", "coordinates": [-84.387894, 33.777142]}, "properties": {"OBJECTID": 301, "Name": "ADA Building Entrance - Parking Office", "Description": "178 - Parking Office - ADA Building Entrance", "Keywords": "ADA, Wheelchair, Handicap, disabled, ADA Building Entrance", "Categories_1": "ADA - Building Entrances", "Categories_2": null, "Categories_3": null, "Categories_4": null, "Categories_5": null, "Location_1": 33.777142, "Location_2": -84.387894, "Marker_Instance_IDs": 184014, "Marker_ID": 129565, "Category_IDs": 19332, "Last_Edited_By": "anna_nord", "Created_Date": 1481664108000, "Changed_Date": 1481664108000}}, {"type": "Feature", "id": 302, "geometry": {"type": "Point", "coordinates": [-84.3897479999999, 33.7763440000001]}, "properties": {"OBJECTID": 302, "Name": "ADA Building Entrance - Global Learning Center", "Description": "170 - Global Learning Center and Hotel and Conference Center", "Keywords": "ADA, Wheelchair, Handicap, disabled, ADA Building Entrance", "Categories_1": "ADA - Building Entrances", "Categories_2": null, "Categories_3": null, "Categories_4": null, "Categories_5": null, "Location_1": 33.776344, "Location_2": -84.389748, "Marker_Instance_IDs": 184015, "Marker_ID": 129566, "Category_IDs": 19332, "Last_Edited_By": "anna_nord", "Created_Date": 1481664118000, "Changed_Date": 1481664118000}}, {"type": "Feature", "id": 303, "geometry": {"type": "Point", "coordinates": [-84.3891139999999, 33.7762530000001]}, "properties": {"OBJECTID": 303, "Name": "ADA Building Entrance - Hotel and Conference Center", "Description": "171 - Hotel and Conference Center and Global Learning Center - ADA Building Entrance", "Keywords": "ADA, Wheelchair, Handicap, disabled, ADA Building Entrance", "Categories_1": "ADA - Building Entrances", "Categories_2": null, "Categories_3": null, "Categories_4": null, "Categories_5": null, "Location_1": 33.776253, "Location_2": -84.389114, "Marker_Instance_IDs": 184016, "Marker_ID": 129567, "Category_IDs": 19332, "Last_Edited_By": "anna_nord", "Created_Date": 1481664128000, "Changed_Date": 1481664128000}}, {"type": "Feature", "id": 304, "geometry": {"type": "Point", "coordinates": [-84.389008, 33.7754550000001]}, "properties": {"OBJECTID": 304, "Name": "ADA Building Entrance - Economic Development Building", "Description": "173 - Economic Development Building - ADA Building Entrance", "Keywords": "ADA, Wheelchair, Handicap, disabled, ADA Building Entrance", "Categories_1": "ADA - Building Entrances", "Categories_2": null, "Categories_3": null, "Categories_4": null, "Categories_5": null, "Location_1": 33.775455, "Location_2": -84.389008, "Marker_Instance_IDs": 184017, "Marker_ID": 129568, "Category_IDs": 19332, "Last_Edited_By": "anna_nord", "Created_Date": 1481664137000, "Changed_Date": 1481664137000}}, {"type": "Feature", "id": 305, "geometry": {"type": "Point", "coordinates": [-84.388618, 33.7760010000001]}, "properties": {"OBJECTID": 305, "Name": "ADA Building Entrance - Scheller College of Business", "Description": "172 - Scheller College of Business - ADA Building Entrance", "Keywords": "ADA, Wheelchair, Handicap, disabled, ADA Building Entrance", "Categories_1": "ADA - Building Entrances", "Categories_2": null, "Categories_3": null, "Categories_4": null, "Categories_5": null, "Location_1": 33.776001, "Location_2": -84.388618, "Marker_Instance_IDs": 184018, "Marker_ID": 129569, "Category_IDs": 19332, "Last_Edited_By": "anna_nord", "Created_Date": 1481664147000, "Changed_Date": 1481664147000}}, {"type": "Feature", "id": 306, "geometry": {"type": "Point", "coordinates": [-84.387802, 33.776398]}, "properties": {"OBJECTID": 306, "Name": "ADA Building Entrance - Scheller College of Business", "Description": "172 - Scheller College of Business - ADA Building Entrance", "Keywords": "ADA, Wheelchair, Handicap, disabled, ADA Building Entrance", "Categories_1": "ADA - Building Entrances", "Categories_2": null, "Categories_3": null, "Categories_4": null, "Categories_5": null, "Location_1": 33.776398, "Location_2": -84.387802, "Marker_Instance_IDs": 184019, "Marker_ID": 129570, "Category_IDs": 19332, "Last_Edited_By": "anna_nord", "Created_Date": 1481664157000, "Changed_Date": 1481664157000}}, {"type": "Feature", "id": 307, "geometry": {"type": "Point", "coordinates": [-84.388588, 33.776691]}, "properties": {"OBJECTID": 307, "Name": "ADA Building Entrance - Barnes and Noble Bookstore", "Description": "172 - Barnes and Noble Bookstore - ADA Building Entrance", "Keywords": "ADA, Wheelchair, Handicap, disabled, ADA Building Entrance", "Categories_1": "ADA - Building Entrances", "Categories_2": null, "Categories_3": null, "Categories_4": null, "Categories_5": null, "Location_1": 33.776691, "Location_2": -84.388588, "Marker_Instance_IDs": 184020, "Marker_ID": 129571, "Category_IDs": 19332, "Last_Edited_By": "anna_nord", "Created_Date": 1481664167000, "Changed_Date": 1481664167000}}]}