{"type":"FeatureCollection","crs":{"type":"name","properties":{"name":"EPSG:4326"}},"features":[{"type":"Feature","id":1,"geometry":{"type":"Polygon","coordinates":[[[-84.3897782776118,33.7767276415695],[-84.3897816474189,33.7765568896873],[-84.3898074554272,33.7765571369643],[-84.3898102809136,33.7763638664062],[-84.3897095889138,33.7763625823449],[-84.3897102298287,33.775994128388],[-84.3897114604842,33.7759373870169],[-84.3899252359359,33.7759406160923],[-84.3900927268811,33.7759427537483],[-84.390092560394,33.7759518219622],[-84.3900458344739,33.7759512257998],[-84.3900628164998,33.7760482885358],[-84.3901352145703,33.7760488255849],[-84.3901344210926,33.7761232998547],[-84.3901651901939,33.7761235290573],[-84.3901643585118,33.77620157574],[-84.3901676495337,33.7762015995344],[-84.3901668579549,33.776275962896],[-84.3901664828271,33.776311122585],[-84.3901655411537,33.7763996169036],[-84.3901637440935,33.7765682569872],[-84.3901631743252,33.7765966528356],[-84.3901629566205,33.7766421244285],[-84.3902039245955,33.7766426471217],[-84.390203759199,33.7766517153328],[-84.3901960260096,33.7766516166335],[-84.3901954973881,33.7766804695446],[-84.3902112164342,33.7766806700916],[-84.3902110499587,33.7766897383045],[-84.3901953319907,33.7766895377555],[-84.3901945367157,33.7767329546279],[-84.3897782776118,33.7767276415695]]]},"properties":{"OBJECTID":1,"ACCESSTYPE":"Public","Address":"84 FIFTH ST","ASF":78229,"BLDG_CODE":"170","CONDITION":null,"BLDG_TYPE":"Academic/Research","FLOORCOUNT":5,"GSF":143669,"BLDG_NAME":"Global Learning & Conference Center","OWNEDBY2":"GTF","PLANRENO":null,"BLDG_NUM":"170","Common_Name":"Global Learning Center","Heating":1,"Cooling":4,"Cistern":0,"Steam":"No","CHW":"TSQ","Electric":"GPC","Gas":"AGL","OWNEDBY":null,"UNDERGROUND":"No","GlobalID":"76db69b8-9339-4fa0-a2dd-31869432ba92","Creator":"malexander_GTFM","EditDate":1656474313000,"Editor":"malexander_GTFM","STATUS":null,"NRHP_ELIG":null,"NRHP_TRT":null,"NRHP_VAL":null,"NRHP_PHS":null,"EVENTS":"Event Space","CONSTDATE":null,"RENODATE":null,"BUILDING_TYPE_NEW":"Academic","Photos":"https://fm-gis2.ad.gatech.edu/images/building/170_small.jpg","FACUpdate":null,"DevAction":"Keep","Note":null,"PPV1":"True","Shape__Area":35092.866455078125,"Shape__Length":926.59941732291611,"WhiteRoof":"No","FloodedBldg":"No"}},{"type":"Feature","id":2,"geometry":{"type":"Polygon","coordinates":[[[-84.3891394093364,33.7757789949038],[-84.3891249309937,33.7757787766553],[-84.3891248123953,33.7757842724373],[-84.3890009296323,33.7757823993423],[-84.389001001012,33.7757791018728],[-84.3889972175742,33.7757790446716],[-84.3890027105774,33.7755255605895],[-84.3889908646951,33.7755253817635],[-84.3889915265817,33.7754948812931],[-84.3890038648253,33.7754950682486],[-84.3890042642606,33.7754766575999],[-84.3889787304643,33.7754762717074],[-84.3889838115982,33.7752418041955],[-84.3890135239259,33.7752422537894],[-84.3890140545807,33.7752177982288],[-84.3891390562204,33.7752196873286],[-84.3891388110999,33.7752309539117],[-84.3891924450907,33.7752317633757],[-84.3891748251644,33.7757941797914],[-84.3891390919728,33.7757936410074],[-84.3891394093364,33.7757789949038]]]},"properties":{"OBJECTID":2,"ACCESSTYPE":"Public","Address":"760 SPRING ST","ASF":37548,"BLDG_CODE":"173","CONDITION":null,"BLDG_TYPE":"Academic/Research","FLOORCOUNT":5,"GSF":67623,"BLDG_NAME":"Economic Development","OWNEDBY2":"GTF","PLANRENO":null,"BLDG_NUM":"173","Common_Name":"EDI","Heating":1,"Cooling":4,"Cistern":0,"Steam":"No","CHW":"TSQ","Electric":"GPC","Gas":"AGL","OWNEDBY":null,"UNDERGROUND":"No","GlobalID":"9672da9b-c7e2-4a89-9c60-066fadc5aa9a","Creator":"malexander_GTFM","EditDate":1656474313000,"Editor":"malexander_GTFM","STATUS":null,"NRHP_ELIG":null,"NRHP_TRT":null,"NRHP_VAL":null,"NRHP_PHS":null,"EVENTS":null,"CONSTDATE":null,"RENODATE":null,"BUILDING_TYPE_NEW":"Administrative","Photos":"https://fm-gis2.ad.gatech.edu/images/building/173_small.jpg","FACUpdate":null,"DevAction":"Keep","Note":null,"PPV1":"True","Shape__Area":11918.691162109375,"Shape__Length":554.11718269801884,"WhiteRoof":"No","FloodedBldg":"No"}},{"type":"Feature","id":3,"geometry":{"type":"Polygon","coordinates":[[[-84.3878431077165,33.7765696743086],[-84.3878416935923,33.7765353419425],[-84.3878139005271,33.7765361410227],[-84.3878148056453,33.7765581135568],[-84.3878051029552,33.7765583924224],[-84.3878006433713,33.776458664199],[-84.3877903771598,33.7762291085135],[-84.387676078469,33.7762218033996],[-84.3874778270966,33.7762091339171],[-84.3874779021931,33.7762047373283],[-84.3874739535654,33.7762046893925],[-84.3874790994024,33.7759622683738],[-84.3884128159055,33.7759768554867],[-84.3886125851534,33.7759799758522],[-84.3886120064012,33.7760071788281],[-84.3886072349849,33.7760071080636],[-84.388606693875,33.7760325798001],[-84.3886185398196,33.7760327559578],[-84.3886182499033,33.7760463569957],[-84.3886630001744,33.7760470212698],[-84.3886628490017,33.7760541319682],[-84.3886135126979,33.7760536914367],[-84.388613358589,33.7760609211584],[-84.3884968048798,33.7760591930681],[-84.3884954500545,33.7761229467974],[-84.388461388211,33.7761224426826],[-84.3884621007969,33.7760889170845],[-84.3884240722972,33.7761052458134],[-84.3883922962921,33.7761047745398],[-84.388346675713,33.7761246369338],[-84.388351656109,33.7761329006432],[-84.3883314758795,33.7761415332404],[-84.3883263594717,33.7761458577359],[-84.3883243597708,33.7761458279664],[-84.3883237751706,33.7761733113647],[-84.3882956239555,33.7761716695232],[-84.3882835700687,33.776171672235],[-84.388283574339,33.7761842322375],[-84.3882759869186,33.7761841196313],[-84.3879249054481,33.7761789149821],[-84.3879185612656,33.7762919691526],[-84.3879095637173,33.7764522917641],[-84.3882453063474,33.7764426440358],[-84.3882461129025,33.7764577443538],[-84.3882401955549,33.7764579650629],[-84.3882432685566,33.7765154705038],[-84.3882440591789,33.7765302534688],[-84.3882499765337,33.7765300336611],[-84.3882552457302,33.7766286513805],[-84.388249328371,33.7766288720902],[-84.3882509902473,33.7766599787974],[-84.3882411268978,33.7766603463478],[-84.3882431506619,33.7766982346298],[-84.3881905953254,33.7766973642119],[-84.3881251424421,33.776696369046],[-84.3878298063718,33.7766913922851],[-84.3878324182365,33.7765699810928],[-84.3878431077165,33.7765696743086]]]},"properties":{"OBJECTID":3,"ACCESSTYPE":"Public","Address":"800 W PEACHTREE","ASF":166579,"BLDG_CODE":"172","CONDITION":null,"BLDG_TYPE":"Academic/Research","FLOORCOUNT":6,"GSF":264432,"BLDG_NAME":"Management Building","OWNEDBY2":"GTF","PLANRENO":null,"BLDG_NUM":"172","Common_Name":"Management Bldg","Heating":1,"Cooling":4,"Cistern":0,"Steam":"No","CHW":"TSQ","Electric":"GPC","Gas":"AGL","OWNEDBY":null,"UNDERGROUND":"No","GlobalID":"e6f883f4-27e9-49dc-9527-f3cb0b603173","Creator":"malexander_GTFM","EditDate":1656474313000,"Editor":"malexander_GTFM","STATUS":null,"NRHP_ELIG":null,"NRHP_TRT":null,"NRHP_VAL":null,"NRHP_PHS":null,"EVENTS":null,"CONSTDATE":null,"RENODATE":null,"BUILDING_TYPE_NEW":"Academic","Photos":"https://fm-gis2.ad.gatech.edu/images/building/172_small.jpg","FACUpdate":null,"DevAction":"Keep","Note":null,"PPV1":"False","Shape__Area":40149.651611328125,"Shape__Length":1489.8900965661869,"WhiteRoof":"No","FloodedBldg":"No"}},{"type":"Feature","id":4,"geometry":{"type":"Polygon","coordinates":[[[-84.3939890355921,33.7736195370632],[-84.3939896153123,33.7736101092229],[-84.394022472187,33.7736105527217],[-84.3940224752998,33.7736117311753],[-84.394164544194,33.7736123088118],[-84.3941641690747,33.773667276017],[-84.3939694507615,33.7736663499437],[-84.3939697126739,33.7736195726532],[-84.3939890355921,33.7736195370632]]]},"properties":{"OBJECTID":4,"ACCESSTYPE":"Secure","Address":"200 BOBBY DODD W","ASF":2402,"BLDG_CODE":"022A","CONDITION":null,"BLDG_TYPE":"Academic/Research","FLOORCOUNT":3,"GSF":4152,"BLDG_NAME":"Daniel Lab Addition","OWNEDBY2":"GT","PLANRENO":null,"BLDG_NUM":"22A","Common_Name":"Daniel Lab Addition","Heating":2,"Cooling":2,"Cistern":0,"Steam":"Yes","CHW":"HOL","Electric":"GTME","Gas":"AGL","OWNEDBY":null,"UNDERGROUND":"No","GlobalID":"12556e52-7e69-436d-a468-b03b768eb052","Creator":"malexander_GTFM","EditDate":1656474313000,"Editor":"malexander_GTFM","STATUS":null,"NRHP_ELIG":null,"NRHP_TRT":null,"NRHP_VAL":null,"NRHP_PHS":null,"EVENTS":null,"CONSTDATE":null,"RENODATE":null,"BUILDING_TYPE_NEW":"Research","Photos":"https://fm-gis2.ad.gatech.edu/images/building/022A_small.jpg","FACUpdate":null,"DevAction":"Keep","Note":null,"PPV1":"False","Shape__Area":1169.80615234375,"Shape__Length":159.08504198133465,"WhiteRoof":"No","FloodedBldg":"No"}},{"type":"Feature","id":5,"geometry":{"type":"Polygon","coordinates":[[[-84.3891686938947,33.7759860199848],[-84.3890915544856,33.7759857478848],[-84.3890945887607,33.7759720751773],[-84.3890956370722,33.7759490649359],[-84.3891074914628,33.7759312079942],[-84.3891333998658,33.775922749783],[-84.3891658559215,33.7759231817705],[-84.3891719266124,33.7759279973678],[-84.3891748251644,33.7757941797914],[-84.3891924450907,33.7752317633757],[-84.389192486545,33.7752298400773],[-84.3892678362981,33.7752309791264],[-84.3892680774397,33.775219850503],[-84.3894288799567,33.7752218198952],[-84.3897874803853,33.7752272257831],[-84.3898149092005,33.7752281121054],[-84.38986067404,33.7752288029645],[-84.3898604300937,33.7752400695467],[-84.3899267305471,33.7752410712781],[-84.3899261288053,33.7752688234101],[-84.3899389561383,33.7752690166005],[-84.3899390122871,33.7752690183022],[-84.3899397843015,33.7752690295287],[-84.3899374822783,33.775342240617],[-84.3899373167534,33.7753475236951],[-84.3899373157836,33.7753475660745],[-84.3899319365189,33.7756051227551],[-84.3899281865543,33.7756949656243],[-84.3899281621814,33.775698056531],[-84.3899281537646,33.7756985578647],[-84.389926987923,33.7758597248342],[-84.3899252658463,33.775927173311],[-84.3899252359359,33.7759406160923],[-84.3897114604842,33.7759373870169],[-84.3897102298287,33.775994128388],[-84.3891686938947,33.7759860199848]]]},"properties":{"OBJECTID":5,"ACCESSTYPE":"Public","Address":"770 SPRING ST","ASF":243553,"BLDG_CODE":"174","CONDITION":null,"BLDG_TYPE":"Parking","FLOORCOUNT":8,"GSF":475679,"BLDG_NAME":"Technology Square Parking Deck","OWNEDBY2":"GTF","PLANRENO":null,"BLDG_NUM":"174","Common_Name":"Tech Square Parking Deck","Heating":0,"Cooling":0,"Cistern":0,"Steam":"No","CHW":"No","Electric":"GPC","Gas":"No","OWNEDBY":null,"UNDERGROUND":"No","GlobalID":"eda46342-1dcc-47c8-9233-4abab913fc95","Creator":"malexander_GTFM","EditDate":1656531100000,"Editor":"malexander_GTFM","STATUS":null,"NRHP_ELIG":null,"NRHP_TRT":null,"NRHP_VAL":null,"NRHP_PHS":null,"EVENTS":null,"CONSTDATE":null,"RENODATE":null,"BUILDING_TYPE_NEW":"Parking","Photos":"https://fm-gis2.ad.gatech.edu/images/building/174_small.jpg","FACUpdate":null,"DevAction":"Keep","Note":null,"PPV1":"False","Shape__Area":62645.740478515625,"Shape__Length":1059.4561360117034,"WhiteRoof":"No","FloodedBldg":"No"}},{"type":"Feature","id":6,"geometry":{"type":"Polygon","coordinates":[[[-84.3954763850219,33.7850422105926],[-84.3957435254583,33.7850397782034],[-84.3958273988449,33.7850399155043],[-84.3959069252759,33.785039395406],[-84.3959100599524,33.785373708906],[-84.3953440496867,33.7853774090979],[-84.3952897515648,33.7853777648796],[-84.3951268582657,33.7853788284727],[-84.3947338760462,33.7853804841389],[-84.3947304805663,33.7850470844528],[-84.3954763850219,33.7850422105926]]]},"properties":{"OBJECTID":6,"ACCESSTYPE":"Employee","Address":"250 14TH STREET","ASF":135611,"BLDG_CODE":"141B","CONDITION":null,"BLDG_TYPE":"Parking","FLOORCOUNT":7,"GSF":289317,"BLDG_NAME":"14th Street Parking Deck","OWNEDBY2":"GT","PLANRENO":null,"BLDG_NUM":"141B","Common_Name":"14th ST Parking Deck","Heating":0,"Cooling":1,"Cistern":0,"Steam":"No","CHW":"No","Electric":"GPC","Gas":"No","OWNEDBY":null,"UNDERGROUND":"No","GlobalID":"8114ff97-505e-4507-aa88-f0274d1b9905","Creator":"malexander_GTFM","EditDate":1656531100000,"Editor":"malexander_GTFM","STATUS":null,"NRHP_ELIG":null,"NRHP_TRT":null,"NRHP_VAL":null,"NRHP_PHS":null,"EVENTS":null,"CONSTDATE":null,"RENODATE":null,"BUILDING_TYPE_NEW":"Parking","Photos":"https://fm-gis2.ad.gatech.edu/images/building/141B_small.jpg","FACUpdate":null,"DevAction":"Keep","Note":null,"PPV1":"False","Shape__Area":43472.654541015625,"Shape__Length":957.79238349792411,"WhiteRoof":"No","FloodedBldg":"No"}},{"type":"Feature","id":7,"geometry":{"type":"Polygon","coordinates":[[[-84.4062666768916,33.7722166004553],[-84.4057717006677,33.7719269363135],[-84.4055592072098,33.7718025826055],[-84.4056064596505,33.7717462686186],[-84.4056073423848,33.771745338208],[-84.4056121606902,33.7717479905565],[-84.4056989443502,33.7716437619401],[-84.4056955441985,33.7716417019388],[-84.405793881695,33.7715245058581],[-84.4058870816836,33.7714134310535],[-84.4058996705724,33.7714208696265],[-84.4059560907888,33.7714538166192],[-84.4059447133327,33.7714673778857],[-84.4059839534115,33.7714903417189],[-84.4060494531243,33.7714124805608],[-84.4060514347166,33.7714099187303],[-84.4061063487777,33.771442056187],[-84.4061055589339,33.7714429981425],[-84.4066489594293,33.7717609995178],[-84.4066419518528,33.7717696861346],[-84.4065972101659,33.7718224737822],[-84.4065868523619,33.7718350178646],[-84.4065831428939,33.7718327763554],[-84.4065651271322,33.7718542472508],[-84.4065663675217,33.7718549733746],[-84.4065493144303,33.7718751476241],[-84.4065479604612,33.7718743441788],[-84.4065297332463,33.7718958785956],[-84.4065337541602,33.7718983007331],[-84.4065317843712,33.7719004477883],[-84.4064824771295,33.7719592104982],[-84.4063480647924,33.7721196040987],[-84.4063451862397,33.772118376229],[-84.4063128085616,33.7721580153135],[-84.4063144036494,33.7721597208467],[-84.4062827719824,33.7721974190211],[-84.4062666768916,33.7722166004553]]]},"properties":{"OBJECTID":7,"ACCESSTYPE":"Secure","Address":"645 NORTHSIDE DR","ASF":53167,"BLDG_CODE":"163","CONDITION":null,"BLDG_TYPE":"Academic/Research","FLOORCOUNT":2,"GSF":58202,"BLDG_NAME":"North Avenue Research Area (NARA)","OWNEDBY2":"GT","PLANRENO":null,"BLDG_NUM":"163","Common_Name":"NARA 645 Northside Dr","Heating":0,"Cooling":1,"Cistern":0,"Steam":"No","CHW":"No","Electric":"GPC","Gas":"No","OWNEDBY":null,"UNDERGROUND":"No","GlobalID":"45285d71-9f42-43e2-93c6-a5ab55c67655","Creator":"malexander_GTFM","EditDate":1656474313000,"Editor":"malexander_GTFM","STATUS":null,"NRHP_ELIG":"No","NRHP_TRT":"Extensive Rehab","NRHP_VAL":null,"NRHP_PHS":"Phase III","EVENTS":null,"CONSTDATE":null,"RENODATE":null,"BUILDING_TYPE_NEW":"Facilities Services and Campus Support","Photos":"https://fm-gis2.ad.gatech.edu/images/building/163_small.jpg","FACUpdate":null,"DevAction":"Keep","Note":null,"PPV1":"False","Shape__Area":51708.125,"Shape__Length":950.67336031317313,"WhiteRoof":"No","FloodedBldg":"No"}},{"type":"Feature","id":8,"geometry":{"type":"Polygon","coordinates":[[[-84.4039288673333,33.7711017166739],[-84.4038893400957,33.771100830592],[-84.4038886449232,33.7711427930183],[-84.4037519355002,33.7711415661795],[-84.4037524817482,33.7710992118211],[-84.4037560280426,33.77082391255],[-84.4043830681372,33.7708295445464],[-84.4044505950332,33.7708301493126],[-84.4044497798623,33.7708934513777],[-84.4044495309709,33.7709127859858],[-84.4044473262836,33.7709127667904],[-84.4044459372447,33.7711919994309],[-84.4042138622148,33.7711899144882],[-84.4042149531813,33.771105207575],[-84.4039288673333,33.7711017166739]]]},"properties":{"OBJECTID":8,"ACCESSTYPE":"Faculty","Address":"625 LAMBERT ST","ASF":23852,"BLDG_CODE":"149","CONDITION":null,"BLDG_TYPE":"Academic/Research","FLOORCOUNT":2,"GSF":29012,"BLDG_NAME":"NARA Structures Lab","OWNEDBY2":"GT","PLANRENO":null,"BLDG_NUM":"149","Common_Name":"NARA Structures Lab","Heating":1,"Cooling":1,"Cistern":0,"Steam":"No","CHW":"No","Electric":"GTME","Gas":"AGL","OWNEDBY":null,"UNDERGROUND":"No","GlobalID":"9f97a56e-7f0a-4f00-84b4-0481e0f36fdd","Creator":"malexander_GTFM","EditDate":1656474313000,"Editor":"malexander_GTFM","STATUS":null,"NRHP_ELIG":null,"NRHP_TRT":null,"NRHP_VAL":null,"NRHP_PHS":null,"EVENTS":"Maker Space","CONSTDATE":null,"RENODATE":null,"BUILDING_TYPE_NEW":"Research","Photos":"https://fm-gis2.ad.gatech.edu/images/building/149_small.jpg","FACUpdate":null,"DevAction":"Keep","Note":null,"PPV1":"False","Shape__Area":24020.022705078125,"Shape__Length":716.14455002425063,"WhiteRoof":"No","FloodedBldg":"No"}},{"type":"Feature","id":9,"geometry":{"type":"Polygon","coordinates":[[[-84.4034333613634,33.7705188835681],[-84.4034334528025,33.7704932494177],[-84.4034338219778,33.7703911708478],[-84.4034339056758,33.7703678251052],[-84.4034343527011,33.7702426298212],[-84.4039621807565,33.7702439486959],[-84.4039619263175,33.7703153582458],[-84.4040956640462,33.7703156925265],[-84.4040953975931,33.7703905346891],[-84.4041945479792,33.7703904142392],[-84.4041944755149,33.770391541444],[-84.4041941360394,33.7704891883359],[-84.4041939416295,33.7704997254187],[-84.4039351552021,33.7704989058768],[-84.4036066407433,33.770498259347],[-84.4036061158932,33.770644511061],[-84.4034329121759,33.770644077949],[-84.4034333613634,33.7705188835681]]]},"properties":{"OBJECTID":9,"ACCESSTYPE":"Private","Address":"640 STRONG ST","ASF":22048,"BLDG_CODE":"159","CONDITION":null,"BLDG_TYPE":"Academic/Research","FLOORCOUNT":2,"GSF":36921,"BLDG_NAME":"NARA Food Processing Technology Research","OWNEDBY2":"GT","PLANRENO":null,"BLDG_NUM":"159","Common_Name":"NARA FoodPac","Heating":1,"Cooling":1,"Cistern":0,"Steam":"No","CHW":"No","Electric":"GTME","Gas":"AGL","OWNEDBY":null,"UNDERGROUND":"No","GlobalID":"8014f92f-c7e0-4dc0-9555-11b2292dd54f","Creator":"malexander_GTFM","EditDate":1656474313000,"Editor":"malexander_GTFM","STATUS":null,"NRHP_ELIG":null,"NRHP_TRT":null,"NRHP_VAL":null,"NRHP_PHS":null,"EVENTS":null,"CONSTDATE":null,"RENODATE":null,"BUILDING_TYPE_NEW":"Research","Photos":"https://fm-gis2.ad.gatech.edu/images/building/159_small.jpg","FACUpdate":"Green","DevAction":"Keep","Note":"As-is, addition pending","PPV1":"False","Shape__Area":21603.272216796875,"Shape__Length":754.56136669965883,"WhiteRoof":"No","FloodedBldg":"No"}},{"type":"Feature","id":10,"geometry":{"type":"Polygon","coordinates":[[[-84.4023608638049,33.7707942244681],[-84.4023600260831,33.7709220100322],[-84.4023598876177,33.7709294029436],[-84.4023579143851,33.7710344203474],[-84.402359289904,33.7710344384586],[-84.4023600260831,33.7709220100322],[-84.4023626675459,33.7707814815783],[-84.4027664350644,33.7707867716494],[-84.4028074319764,33.7707874226531],[-84.40280809485,33.7707838706782],[-84.4028083539384,33.7707700866241],[-84.402808582218,33.7707698661841],[-84.4028084528058,33.7707648027525],[-84.4028612697479,33.7707654942381],[-84.4028611745368,33.7707705355582],[-84.4028609118038,33.7707845621638],[-84.4028608467645,33.7707880084033],[-84.4029020441834,33.770788547187],[-84.4030091183991,33.7707899507401],[-84.4030063684234,33.7708618663811],[-84.40300599389,33.770956279106],[-84.4030037321763,33.7710766603227],[-84.4030013171811,33.7712053117845],[-84.4023020460022,33.771196149993],[-84.4023039675989,33.7710939359281],[-84.4023045329551,33.7710638232702],[-84.4023573489983,33.7710645149727],[-84.4023608638049,33.7707942244681]]]},"properties":{"OBJECTID":10,"ACCESSTYPE":"Secure","Address":"505 TECH WAY","ASF":25988,"BLDG_CODE":"136","CONDITION":null,"BLDG_TYPE":"Academic/Research","FLOORCOUNT":1,"GSF":30274,"BLDG_NAME":"NARA Tech Way Building","OWNEDBY2":"GT","PLANRENO":null,"BLDG_NUM":"136","Common_Name":"NARA Tech Way Bldg","Heating":1,"Cooling":1,"Cistern":0,"Steam":"No","CHW":"No","Electric":"GTME","Gas":"AGL","OWNEDBY":null,"UNDERGROUND":"No","GlobalID":"14ee9661-13b9-4172-823f-fa3b448b93e8","Creator":"malexander_GTFM","EditDate":1656474313000,"Editor":"malexander_GTFM","STATUS":null,"NRHP_ELIG":null,"NRHP_TRT":null,"NRHP_VAL":null,"NRHP_PHS":null,"EVENTS":null,"CONSTDATE":null,"RENODATE":null,"BUILDING_TYPE_NEW":"Research","Photos":"https://fm-gis2.ad.gatech.edu/images/building/136_small.jpg","FACUpdate":null,"DevAction":"Renovate","Note":null,"PPV1":"False","Shape__Area":30592.656494140625,"Shape__Length":918.87565966759973,"WhiteRoof":"Yes","FloodedBldg":"No"}},{"type":"Feature","id":11,"geometry":{"type":"Polygon","coordinates":[[[-84.4028829930415,33.7705395887631],[-84.4027986299267,33.7705387836267],[-84.4027820090659,33.7705388550978],[-84.4026639508239,33.7705382080986],[-84.4026523587239,33.7705382059192],[-84.4026120517905,33.7705375436264],[-84.4024260857167,33.7705362679121],[-84.4024102754216,33.7705362503245],[-84.4021964826178,33.7705345450284],[-84.4021974905133,33.7704424284989],[-84.4022107336261,33.7704425249487],[-84.4023689316384,33.7704427828581],[-84.4023702062802,33.7703673220407],[-84.4022115222464,33.770366946042],[-84.4021982791453,33.7703668495923],[-84.4021992774197,33.7703154111251],[-84.4021992404682,33.7702746799516],[-84.4028857022493,33.7702796705717],[-84.4028847510061,33.7703709178063],[-84.4029675241739,33.7703715203516],[-84.4029667164449,33.7704489422753],[-84.4028839432051,33.7704483406315],[-84.4028829930415,33.7705395887631]]]},"properties":{"OBJECTID":11,"ACCESSTYPE":"Faculty","Address":"636 STRONG ST","ASF":13748,"BLDG_CODE":"151","CONDITION":null,"BLDG_TYPE":"Academic/Research","FLOORCOUNT":2,"GSF":21491,"BLDG_NAME":"NARA Combustion Laboratory","OWNEDBY2":"GT","PLANRENO":null,"BLDG_NUM":"151","Common_Name":"NARA Combustion lab","Heating":1,"Cooling":1,"Cistern":0,"Steam":"No","CHW":"No","Electric":"GTME","Gas":"AGL","OWNEDBY":null,"UNDERGROUND":"No","GlobalID":"900752c3-6d80-47ac-a006-a88227e1f1eb","Creator":"malexander_GTFM","EditDate":1656474313000,"Editor":"malexander_GTFM","STATUS":null,"NRHP_ELIG":null,"NRHP_TRT":null,"NRHP_VAL":null,"NRHP_PHS":null,"EVENTS":null,"CONSTDATE":null,"RENODATE":null,"BUILDING_TYPE_NEW":"Research","Photos":"https://fm-gis2.ad.gatech.edu/images/building/151_small.jpg","FACUpdate":null,"DevAction":"Keep","Note":null,"PPV1":"False","Shape__Area":19004.298583984375,"Shape__Length":760.99479933598082,"WhiteRoof":"No","FloodedBldg":"No"}},{"type":"Feature","id":12,"geometry":{"type":"Polygon","coordinates":[[[-84.4064811000609,33.7795428331995],[-84.4064814313218,33.779509820411],[-84.4062711368171,33.7795083507624],[-84.4062714199852,33.7794638537397],[-84.4062270987365,33.779463610684],[-84.4062254823241,33.7794636021004],[-84.4062262057232,33.7793739946265],[-84.4062262058784,33.7793721110774],[-84.4062724931995,33.7793730914732],[-84.4062730626437,33.7793162367675],[-84.4062739727539,33.779225453176],[-84.4063096613074,33.7792257030613],[-84.4063102452506,33.7791674724065],[-84.4063816244667,33.7791679712402],[-84.4063824855809,33.7791879384313],[-84.4065156538229,33.7791901339729],[-84.406517554557,33.7790302774799],[-84.4063845878876,33.7790298091115],[-84.4063834462074,33.7790498252761],[-84.4063119684538,33.7790495781952],[-84.4063120064056,33.7789918652452],[-84.4062763168694,33.7789916153622],[-84.4062772269749,33.7789008317659],[-84.4062777974946,33.7788439770537],[-84.4062316753308,33.7788436545437],[-84.4062325854829,33.7787528709454],[-84.4062787065182,33.7787531934573],[-84.4062791527854,33.7787087186537],[-84.4064894453359,33.7787101882974],[-84.4064897765949,33.778677176406],[-84.4065957456095,33.7786779162561],[-84.4065960768251,33.7786449034629],[-84.4067344408394,33.7786458705382],[-84.4067339761697,33.7786921793373],[-84.4067191521036,33.7786920765332],[-84.4067190133958,33.7787058314894],[-84.4067234058717,33.778705861716],[-84.4067229433579,33.7787521714121],[-84.4066175227679,33.7787514342117],[-84.4066171915579,33.7787844461028],[-84.4065084765695,33.7787836863621],[-84.4065085448617,33.7787768093371],[-84.4064920730593,33.7787766943801],[-84.4064916735124,33.7788165850992],[-84.406357152107,33.7788156445517],[-84.4063568570093,33.7788449884555],[-84.4063804671522,33.7788451535818],[-84.4063803277149,33.7788590537046],[-84.4063801835473,33.7788735813857],[-84.4063565733965,33.7788734162594],[-84.4063563798049,33.7788926849174],[-84.406356170627,33.7789051948297],[-84.4063560764309,33.7789229340945],[-84.4063805763229,33.7789231056074],[-84.406457090704,33.778923640407],[-84.406458202863,33.7789236481641],[-84.4064764224288,33.7789232421815],[-84.4065542478197,33.7789238483086],[-84.4065667364221,33.7789239457544],[-84.4067205034415,33.7789252976593],[-84.4067327826025,33.7789254054138],[-84.4068222351937,33.7789261916239],[-84.4068217960079,33.7789700082082],[-84.4068217705706,33.7789725004211],[-84.4068173780811,33.778972470198],[-84.4068170909238,33.7789856447793],[-84.4068313508623,33.7789863239227],[-84.4068310794033,33.7790298832096],[-84.4068487460665,33.7790298307935],[-84.4068496145222,33.7789862378852],[-84.4069238366374,33.7789867642336],[-84.4069403711128,33.7789868817157],[-84.407035770161,33.7789877508662],[-84.407034024998,33.7791619829856],[-84.4070735575036,33.7791622594255],[-84.4070745363246,33.7792273936844],[-84.407074279621,33.7792398604104],[-84.4070894815113,33.7792402843248],[-84.4070893404773,33.7792574367053],[-84.4070743612513,33.7792574848222],[-84.4070744114003,33.7792684785543],[-84.4070745966822,33.7793085178062],[-84.4070385292488,33.7793079343677],[-84.4070392611059,33.7792730688057],[-84.4070397756566,33.7792485410947],[-84.4069886865389,33.7792478714891],[-84.4069887693034,33.7792396176153],[-84.4069521085614,33.7792388351404],[-84.4068471307488,33.7792379539131],[-84.4068478728943,33.7791947543718],[-84.4068294259233,33.7791949444557],[-84.4068289903373,33.7792385022573],[-84.4068147146991,33.7792384029059],[-84.4068145770861,33.7792521578589],[-84.4068189695924,33.7792521889836],[-84.4068180861851,33.779298168589],[-84.4063850347857,33.7792956627354],[-84.406352345267,33.7792952402416],[-84.4063526299825,33.7793129508181],[-84.4063521744557,33.7793436213597],[-84.4063766172988,33.7793438137219],[-84.4063751738911,33.7793733510037],[-84.4063515636032,33.779373185877],[-84.4063514647144,33.7794004826494],[-84.4064859162481,33.7794027568783],[-84.4064853923548,33.7794433610408],[-84.4065013157589,33.7794434716542],[-84.406501933655,33.7794365980701],[-84.406610648386,33.7794373569132],[-84.4066103961532,33.7794692641247],[-84.4067155902011,33.7794701469354],[-84.4067152750438,33.7795174156956],[-84.406710882524,33.7795173845673],[-84.4067107448942,33.7795311395195],[-84.4067255701871,33.7795312432235],[-84.4067251055108,33.779577552016],[-84.4065867399983,33.7795765849369],[-84.4065870712212,33.7795435730501],[-84.4064811000609,33.7795428331995]]]},"properties":{"OBJECTID":12,"ACCESSTYPE":"Student","Address":"890 CURRAN ST","ASF":86119,"BLDG_CODE":"116","CONDITION":null,"BLDG_TYPE":"Residence Halls","FLOORCOUNT":5,"GSF":137751,"BLDG_NAME":"Woodruff Residence Hall","OWNEDBY2":"GT","PLANRENO":null,"BLDG_NUM":"116","Common_Name":"Woodruff Dorm","Heating":1,"Cooling":3,"Cistern":0,"Steam":"No","CHW":"TEN","Electric":"GPC","Gas":"WCGS","OWNEDBY":null,"UNDERGROUND":"No","GlobalID":"e7d09336-440e-442f-b983-a5befbf63d76","Creator":"malexander_GTFM","EditDate":1656474313000,"Editor":"malexander_GTFM","STATUS":"Proposed Demolished","NRHP_ELIG":null,"NRHP_TRT":null,"NRHP_VAL":null,"NRHP_PHS":null,"EVENTS":null,"CONSTDATE":null,"RENODATE":null,"BUILDING_TYPE_NEW":"Housing","Photos":"https://fm-gis2.ad.gatech.edu/images/building/116_small.jpg","FACUpdate":null,"DevAction":"Demo","Note":null,"PPV1":"False","Shape__Area":38405.329833984375,"Shape__Length":2023.252894026072,"WhiteRoof":"No","FloodedBldg":"No"}},{"type":"Feature","id":13,"geometry":{"type":"Polygon","coordinates":[[[-84.4036088654817,33.7783364884693],[-84.4036097072894,33.7783022304206],[-84.4036103500522,33.7782913660933],[-84.4035677042188,33.7782903876251],[-84.4035721332765,33.778155849161],[-84.4036148099205,33.7781558853433],[-84.403616295565,33.7781107629638],[-84.4036700568044,33.7781119968758],[-84.4036929790964,33.7781126065485],[-84.4038168042224,33.7781153657459],[-84.4038158904429,33.7781403243049],[-84.4038540443776,33.7781412563204],[-84.4039090009816,33.7781425175852],[-84.4039070532698,33.7781973976232],[-84.4039037873583,33.7782644777316],[-84.4039032185384,33.7783182091191],[-84.403850284109,33.7783173172491],[-84.4038101292365,33.7783163467001],[-84.4038092710031,33.7783410887553],[-84.4036549224502,33.7783375469312],[-84.4036088654817,33.7783364884693]]]},"properties":{"OBJECTID":13,"ACCESSTYPE":"Student","Address":"855 MCMILLAN ST","ASF":17618,"BLDG_CODE":"119","CONDITION":null,"BLDG_TYPE":"Residence Halls","FLOORCOUNT":5,"GSF":29500,"BLDG_NAME":"Fitten Residence Hall","OWNEDBY2":"GT","PLANRENO":null,"BLDG_NUM":"119","Common_Name":"Fitten Dorm","Heating":1,"Cooling":3,"Cistern":1,"Steam":"No","CHW":"TEN","Electric":"GTME","Gas":"WCGS","OWNEDBY":null,"UNDERGROUND":"No","GlobalID":"703030db-589a-4854-a361-407563426053","Creator":"malexander_GTFM","EditDate":1656474313000,"Editor":"malexander_GTFM","STATUS":null,"NRHP_ELIG":null,"NRHP_TRT":null,"NRHP_VAL":null,"NRHP_PHS":null,"EVENTS":null,"CONSTDATE":null,"RENODATE":null,"BUILDING_TYPE_NEW":"Housing","Photos":"https://fm-gis2.ad.gatech.edu/images/building/119_small.jpg","FACUpdate":null,"DevAction":"Keep","Note":null,"PPV1":"False","Shape__Area":7446.407958984375,"Shape__Length":368.26976884107182,"WhiteRoof":"No","FloodedBldg":"No"}},{"type":"Feature","id":14,"geometry":{"type":"Polygon","coordinates":[[[-84.4038242031558,33.7789026958308],[-84.4038263243843,33.7787936082039],[-84.4039056034027,33.7787939760739],[-84.403944684134,33.7787941561051],[-84.4040239631529,33.7787945238991],[-84.4040249058168,33.7788626553493],[-84.4040249186505,33.7788712228131],[-84.4040239745866,33.7789607342346],[-84.4040194385175,33.7789607132047],[-84.4040091797254,33.7789606662134],[-84.4038452744854,33.7789599318169],[-84.4038388975196,33.778959935958],[-84.4038241035743,33.7789598084038],[-84.4038238386519,33.7789577098693],[-84.4038242031558,33.7789026958308]]]},"properties":{"OBJECTID":14,"ACCESSTYPE":"Public","Address":"873 MCMILLAN ST","ASF":4855,"BLDG_CODE":"105","CONDITION":null,"BLDG_TYPE":"Residence Halls","FLOORCOUNT":2,"GSF":7198,"BLDG_NAME":"Commander Building","OWNEDBY2":"GT","PLANRENO":null,"BLDG_NUM":"105","Common_Name":"Commander Commons","Heating":1,"Cooling":3,"Cistern":0,"Steam":"No","CHW":"TEN","Electric":"GTME","Gas":"WCGS","OWNEDBY":null,"UNDERGROUND":"No","GlobalID":"678c3eff-9e65-42ae-9d4a-d1ca108df92f","Creator":"malexander_GTFM","EditDate":1656474313000,"Editor":"malexander_GTFM","STATUS":null,"NRHP_ELIG":null,"NRHP_TRT":null,"NRHP_VAL":null,"NRHP_PHS":null,"EVENTS":null,"CONSTDATE":null,"RENODATE":null,"BUILDING_TYPE_NEW":"Housing","Photos":"https://fm-gis2.ad.gatech.edu/images/building/105_small.jpg","FACUpdate":null,"DevAction":"Keep","Note":null,"PPV1":"False","Shape__Area":3668.860595703125,"Shape__Length":241.75377745575423,"WhiteRoof":"No","FloodedBldg":"No"}},{"type":"Feature","id":15,"geometry":{"type":"Polygon","coordinates":[[[-84.4035726648618,33.780459777469],[-84.403563662548,33.7804498567555],[-84.4035479275558,33.7804598123335],[-84.4035234977067,33.7804570009928],[-84.4034825162137,33.7804118393134],[-84.4034450413198,33.7804355534107],[-84.4033599506442,33.7803417835631],[-84.4032884880978,33.7802630333725],[-84.40326992148,33.780242572644],[-84.403201872839,33.7801675820519],[-84.4031735448161,33.7801363643885],[-84.4031075649508,33.7800636545611],[-84.4031119228412,33.7800608970777],[-84.4031450419389,33.7800399414627],[-84.4031291916654,33.7800224743978],[-84.4031562099184,33.7800053787159],[-84.4031258306905,33.7799719000243],[-84.4031223448135,33.7799741058303],[-84.4030957627406,33.7799448125321],[-84.4031221795175,33.7799280976049],[-84.4031144568721,33.779920552059],[-84.4031139175642,33.7799191879929],[-84.4031070631222,33.7799018461488],[-84.403106452053,33.7799003009882],[-84.4031077290865,33.7798880027276],[-84.4031085029673,33.7798867127856],[-84.403118175397,33.7798705889638],[-84.4031190051669,33.779869205143],[-84.4031302508183,33.7798613401333],[-84.4031317785493,33.7798609017085],[-84.4031524644356,33.7798549733864],[-84.4031540968204,33.7798545050063],[-84.4031663126723,33.7798551028332],[-84.403166195575,33.7798372476639],[-84.4031665497689,33.7798278310443],[-84.4031777842312,33.7798276841838],[-84.4031779566109,33.7798295096966],[-84.4031995559911,33.7798298776477],[-84.4031994483936,33.7798280511092],[-84.4032107298131,33.7798280962073],[-84.4032107160991,33.7798317488216],[-84.4032595075539,33.779832322509],[-84.403259501552,33.7798046129836],[-84.4032857454624,33.7798047718485],[-84.4032860888366,33.7797655087994],[-84.4033918829138,33.7797661543545],[-84.4033915385082,33.7798054174058],[-84.4034366450017,33.7798056933339],[-84.4034369883045,33.7797664293831],[-84.4035430555649,33.7797670760877],[-84.4035427112307,33.7798063400408],[-84.4035878177224,33.779806615012],[-84.4035881609587,33.7797673519627],[-84.4036942282181,33.7797679976357],[-84.4036938839529,33.7798072615889],[-84.4037389904452,33.7798075365049],[-84.40373933361,33.7797682725538],[-84.4038453997961,33.7797689199022],[-84.4038450555974,33.7798081829539],[-84.4038901620903,33.7798084578146],[-84.4038905051886,33.779769194765],[-84.4039982126285,33.7797698505486],[-84.4039981247954,33.7797798942073],[-84.4040295613363,33.7797800862067],[-84.4040292100233,33.7798202626446],[-84.404015815421,33.7798201811113],[-84.4040157636217,33.7798260635816],[-84.4040279767645,33.779836247681],[-84.4040279852156,33.7798393114746],[-84.4040279590056,33.7798419443458],[-84.4040277781262,33.7798597477911],[-84.4040277214913,33.7798654427273],[-84.4040153319655,33.7798754775874],[-84.4040152801636,33.779881359156],[-84.4040286758551,33.7798814406872],[-84.4040283245441,33.7799216180261],[-84.4039968868717,33.7799214260287],[-84.4039967990409,33.7799314705888],[-84.4038890924785,33.7799308148028],[-84.4038894366548,33.7798915508503],[-84.4038443301183,33.7798912759895],[-84.4038439869987,33.7799305390383],[-84.4037379195362,33.7799298925932],[-84.4037382637814,33.7798906286408],[-84.4036955316514,33.7798919288565],[-84.403695635295,33.7799295554521],[-84.4035867465984,33.7799289710999],[-84.4035870909151,33.7798897080493],[-84.403542257562,33.7798894343569],[-84.4035419143046,33.7799286974055],[-84.4034355736628,33.7799280494215],[-84.4034359180459,33.7798887854694],[-84.4033910846935,33.779888511722],[-84.4033907424493,33.77992777567],[-84.4032846760685,33.7799271279316],[-84.4032847794796,33.7799152584004],[-84.4032560204031,33.7799145696785],[-84.4032324630118,33.7799533362396],[-84.4032504999476,33.7799732119171],[-84.4032618295754,33.7799660428091],[-84.4033240740835,33.7800346355673],[-84.4033546180341,33.780068296027],[-84.4033750019799,33.7800907594307],[-84.4034166980665,33.7801367069189],[-84.4033792211141,33.780160421001],[-84.4034069589592,33.7801909878555],[-84.4034444359171,33.7801672737651],[-84.4035081666633,33.7802375063836],[-84.4034706896927,33.7802612204932],[-84.4034977669437,33.7802910591586],[-84.4035352439223,33.7802673459426],[-84.4035993051434,33.7803379412436],[-84.403561828152,33.7803616544788],[-84.4036019550203,33.7804070089231],[-84.4035983532383,33.7804279052855],[-84.4035837080007,33.7804371726194],[-84.4035927113952,33.7804470933295],[-84.4035902824806,33.7804618048198],[-84.4035726648618,33.780459777469]]]},"properties":{"OBJECTID":15,"ACCESSTYPE":"Student","Address":"900 HEMPHILL AVE","ASF":76982,"BLDG_CODE":"131","CONDITION":null,"BLDG_TYPE":"Residence Halls","FLOORCOUNT":6,"GSF":132885,"BLDG_NAME":"Hemphill Avenue Apartments","OWNEDBY2":"GT","PLANRENO":null,"BLDG_NUM":"131","Common_Name":"Hemphill Apts (HAA)","Heating":1,"Cooling":3,"Cistern":0,"Steam":"No","CHW":"TEN","Electric":"GTME","Gas":"WCGS","OWNEDBY":null,"UNDERGROUND":"No","GlobalID":"ce03fee5-2ab0-478f-80cd-52df07f94650","Creator":"malexander_GTFM","EditDate":1656474313000,"Editor":"malexander_GTFM","STATUS":null,"NRHP_ELIG":null,"NRHP_TRT":null,"NRHP_VAL":null,"NRHP_PHS":null,"EVENTS":null,"CONSTDATE":null,"RENODATE":null,"BUILDING_TYPE_NEW":"Housing","Photos":"https://fm-gis2.ad.gatech.edu/images/building/131_small.jpg","FACUpdate":null,"DevAction":"Keep","Note":null,"PPV1":"False","Shape__Area":24819.26220703125,"Shape__Length":1490.5597454438191,"WhiteRoof":"No","FloodedBldg":"No"}},{"type":"Feature","id":16,"geometry":{"type":"Polygon","coordinates":[[[-84.4047565016635,33.7790437239728],[-84.4047568732972,33.7790246740746],[-84.4047120084699,33.7790237895474],[-84.40470611467,33.7790239830497],[-84.4047075275636,33.7789515921728],[-84.4047077091867,33.7789423057184],[-84.4047079407879,33.7789303989697],[-84.4047081224108,33.7789211125152],[-84.4047102038269,33.7788144314596],[-84.4047609612483,33.7788151215838],[-84.4047613328803,33.7787960716849],[-84.4049301484904,33.7787983678644],[-84.4049297768958,33.7788174177636],[-84.4049805354023,33.7788181086971],[-84.4049764479834,33.779027660291],[-84.4049441213389,33.7790272277067],[-84.4049244281962,33.7790269645782],[-84.4049240349724,33.779046002797],[-84.4047565016635,33.7790437239728]]]},"properties":{"OBJECTID":16,"ACCESSTYPE":"Student","Address":"531 TURNER PLACE","ASF":18673,"BLDG_CODE":"110","CONDITION":null,"BLDG_TYPE":"Residence Halls","FLOORCOUNT":5,"GSF":28974,"BLDG_NAME":"Folk Residence Hall","OWNEDBY2":"GT","PLANRENO":null,"BLDG_NUM":"110","Common_Name":"Folk Dorm","Heating":1,"Cooling":3,"Cistern":0,"Steam":"No","CHW":"TEN","Electric":"GTME","Gas":"WCGS","OWNEDBY":null,"UNDERGROUND":"No","GlobalID":"6da22e75-dfc2-4c4e-9468-ea0575938bcd","Creator":"malexander_GTFM","EditDate":1656474313000,"Editor":"malexander_GTFM","STATUS":null,"NRHP_ELIG":null,"NRHP_TRT":null,"NRHP_VAL":null,"NRHP_PHS":null,"EVENTS":null,"CONSTDATE":null,"RENODATE":null,"BUILDING_TYPE_NEW":"Housing","Photos":"https://fm-gis2.ad.gatech.edu/images/building/110_small.jpg","FACUpdate":null,"DevAction":"Keep","Note":null,"PPV1":"False","Shape__Area":6972.8349609375,"Shape__Length":344.54700183059413,"WhiteRoof":"No","FloodedBldg":"No"}},{"type":"Feature","id":17,"geometry":{"type":"Polygon","coordinates":[[[-84.3899084554969,33.7777522234175],[-84.3899084558759,33.7777490396851],[-84.3899084633849,33.7776653591916],[-84.3899059930928,33.7774726933362],[-84.3899066564683,33.7774412226914],[-84.3899069455205,33.7773366269732],[-84.3898724224383,33.7773366515496],[-84.3898600271425,33.7773124871628],[-84.3898411881302,33.7773125004951],[-84.3898411605733,33.7772864689604],[-84.3898494293331,33.7772869724564],[-84.3898433267944,33.7772661805858],[-84.3898423856674,33.7772630012608],[-84.3898071184637,33.7772633571691],[-84.3897951918481,33.7772633661104],[-84.3897951903908,33.7772615546949],[-84.3897930212295,33.7772615568135],[-84.3897929411614,33.7771827832598],[-84.3897929277306,33.7771701069633],[-84.3897928583692,33.7771012930335],[-84.3897928449385,33.7770886167369],[-84.3897928846051,33.7770322868783],[-84.3897927717757,33.7770170870382],[-84.3897927594249,33.7770044107395],[-84.3898052280245,33.7770044017202],[-84.3898862750049,33.7770043444144],[-84.3899005357815,33.7770042735365],[-84.3899008516687,33.7770090868834],[-84.3901782164848,33.7770088887047],[-84.3903008736948,33.7770088008402],[-84.3903002044988,33.7770217705089],[-84.3903002719711,33.7770867929966],[-84.3902908179378,33.7770867993084],[-84.3902908215965,33.7770898694257],[-84.390292689449,33.7770898434997],[-84.3902926961907,33.7770961775904],[-84.390295529003,33.7772156990068],[-84.3902955761631,33.777262102423],[-84.3902951069445,33.7773325015277],[-84.390295275149,33.7774957073783],[-84.3904088514759,33.7774956241386],[-84.3904072165784,33.7777509604042],[-84.3903962735258,33.7777509676205],[-84.390388876311,33.777750975621],[-84.3903494791607,33.7777510010523],[-84.3902571085602,33.7777519736188],[-84.3901724599828,33.777752034086],[-84.3901239229345,33.7777520687852],[-84.3900453467525,33.7777521253828],[-84.3899084554969,33.7777522234175]]]},"properties":{"OBJECTID":17,"ACCESSTYPE":"Employee","Address":"85 FIFTH ST","ASF":147869,"BLDG_CODE":"175","CONDITION":null,"BLDG_TYPE":"Academic/Research","FLOORCOUNT":6,"GSF":215248,"BLDG_NAME":"Technology Square Research Building","OWNEDBY2":"GT","PLANRENO":null,"BLDG_NUM":"175","Common_Name":"Tech Square Reasearch","Heating":0,"Cooling":1,"Cistern":0,"Steam":"No","CHW":"No","Electric":"GPC","Gas":"No","OWNEDBY":-2,"UNDERGROUND":"No","GlobalID":"dcf71983-9723-40d3-b3c3-fda2e766c2e0","Creator":"malexander_GTFM","EditDate":1656474313000,"Editor":"malexander_GTFM","STATUS":null,"NRHP_ELIG":null,"NRHP_TRT":null,"NRHP_VAL":null,"NRHP_PHS":null,"EVENTS":"Maker Space","CONSTDATE":null,"RENODATE":null,"BUILDING_TYPE_NEW":"Research","Photos":"https://fm-gis2.ad.gatech.edu/images/building/175_small.jpg","FACUpdate":null,"DevAction":"Keep","Note":null,"PPV1":"True","Shape__Area":38814.606201171875,"Shape__Length":922.87019289377054,"WhiteRoof":"No","FloodedBldg":"No"}},{"type":"Feature","id":18,"geometry":{"type":"Polygon","coordinates":[[[-84.4037847171252,33.7817373645541],[-84.4037844831016,33.7816402959985],[-84.4038135452243,33.7816402473647],[-84.4038135070858,33.7816244505183],[-84.4038957567092,33.7816243122633],[-84.4038957522918,33.7816227100386],[-84.4039845831334,33.7816225599739],[-84.4039845871043,33.7816243912188],[-84.4040668367267,33.7816242528498],[-84.404066878071,33.7816411947862],[-84.4040942946163,33.7816411483504],[-84.4040956157502,33.7817340942694],[-84.4040920514117,33.7817341002257],[-84.4040920528597,33.7817350163],[-84.4040671046493,33.7817350579867],[-84.4040671086245,33.7817368901332],[-84.4040562115312,33.7817369083918],[-84.4037847171252,33.7817373645541]]]},"properties":{"OBJECTID":18,"ACCESSTYPE":"Secure","Address":"505 TENTH ST","ASF":9884,"BLDG_CODE":"155","CONDITION":null,"BLDG_TYPE":"Admin/Services","FLOORCOUNT":4,"GSF":12345,"BLDG_NAME":"Georgia Tech Research Corporation","OWNEDBY2":"GT","PLANRENO":null,"BLDG_NUM":"155","Common_Name":"Research Administration","Heating":0,"Cooling":1,"Cistern":0,"Steam":"No","CHW":"No","Electric":"GTME","Gas":"No","OWNEDBY":null,"UNDERGROUND":"No","GlobalID":"712d0b5a-f51f-4894-b129-ddb01ffaee97","Creator":"malexander_GTFM","EditDate":1656474313000,"Editor":"malexander_GTFM","STATUS":null,"NRHP_ELIG":null,"NRHP_TRT":null,"NRHP_VAL":null,"NRHP_PHS":null,"EVENTS":null,"CONSTDATE":null,"RENODATE":null,"BUILDING_TYPE_NEW":"Administrative","Photos":"https://fm-gis2.ad.gatech.edu/images/building/155_small.jpg","FACUpdate":null,"DevAction":"Keep","Note":"As-is","PPV1":"False","Shape__Area":3776.61181640625,"Shape__Length":271.90521278688777,"WhiteRoof":"No","FloodedBldg":"No"}},{"type":"Feature","id":19,"geometry":{"type":"Polygon","coordinates":[[[-84.4036550841139,33.7817812823239],[-84.4035506994874,33.7817812672537],[-84.4035508996704,33.781784951014],[-84.4034546703565,33.7817844459389],[-84.4034543879198,33.7817387075462],[-84.4034500029323,33.7817387078454],[-84.4034499974959,33.7816782675067],[-84.4034543846398,33.7816782672034],[-84.4034543815531,33.7816320224478],[-84.4035508900351,33.7816320175551],[-84.4035508893228,33.7816356809632],[-84.4036550750372,33.7816356756776],[-84.4036550739407,33.7816301810206],[-84.4037844822051,33.7816301749715],[-84.4037844831016,33.7816402959985],[-84.4037847171252,33.7817373645541],[-84.4037844937353,33.7817922655898],[-84.4036550852247,33.7817922707383],[-84.4036550841139,33.7817812823239]]]},"properties":{"OBJECTID":19,"ACCESSTYPE":"Secure","Address":"505 TENTH ST","ASF":15786,"BLDG_CODE":"155B","CONDITION":null,"BLDG_TYPE":"Admin/Services","FLOORCOUNT":4,"GSF":22975,"BLDG_NAME":"Grants and Contracts","OWNEDBY2":"GT","PLANRENO":null,"BLDG_NUM":"155B","Common_Name":"Research Administration","Heating":0,"Cooling":1,"Cistern":0,"Steam":"No","CHW":"No","Electric":"GTME","Gas":"No","OWNEDBY":null,"UNDERGROUND":"No","GlobalID":"31cf8142-21a4-488c-99af-24cb09546544","Creator":"malexander_GTFM","EditDate":1656474313000,"Editor":"malexander_GTFM","STATUS":null,"NRHP_ELIG":null,"NRHP_TRT":null,"NRHP_VAL":null,"NRHP_PHS":null,"EVENTS":null,"CONSTDATE":null,"RENODATE":null,"BUILDING_TYPE_NEW":"Administrative","Photos":"https://fm-gis2.ad.gatech.edu/images/building/155B_small.jpg","FACUpdate":null,"DevAction":"Keep","Note":null,"PPV1":"False","Shape__Area":5655.6904296875,"Shape__Length":326.35598701984037,"WhiteRoof":"No","FloodedBldg":"No"}},{"type":"Feature","id":20,"geometry":{"type":"Polygon","coordinates":[[[-84.4022849736299,33.7812335104322],[-84.4022875428449,33.7810491251555],[-84.4024520472201,33.7810507233464],[-84.402454803881,33.7808529139262],[-84.402617114816,33.7808544917444],[-84.4026170642116,33.7808580885263],[-84.402613899325,33.7810852691021],[-84.402599147084,33.7810851259942],[-84.4024515879547,33.7810836912816],[-84.4024492001388,33.7812549436699],[-84.402284696453,33.7812533454749],[-84.4022849736299,33.7812335104322]]]},"properties":{"OBJECTID":20,"ACCESSTYPE":"Employee","Address":"460 TENTH STREET","ASF":0,"BLDG_CODE":"133A","CONDITION":null,"BLDG_TYPE":"Admin/Services","FLOORCOUNT":1,"GSF":7861,"BLDG_NAME":"10th Street Chiller Plant Addition","OWNEDBY2":"GT","PLANRENO":null,"BLDG_NUM":"133A","Common_Name":"Tenth St Chiller Addition","Heating":0,"Cooling":5,"Cistern":0,"Steam":"No","CHW":"TEN","Electric":"GTME","Gas":"No","OWNEDBY":null,"UNDERGROUND":"No","GlobalID":"a6854070-deb7-4647-a0e0-40ab82dbaaff","Creator":"malexander_GTFM","EditDate":1656474313000,"Editor":"malexander_GTFM","STATUS":null,"NRHP_ELIG":null,"NRHP_TRT":null,"NRHP_VAL":null,"NRHP_PHS":null,"EVENTS":null,"CONSTDATE":null,"RENODATE":null,"BUILDING_TYPE_NEW":"Facilities Services and Campus Support","Photos":"https://fm-gis2.ad.gatech.edu/images/building/133A_small.jpg","FACUpdate":null,"DevAction":"Keep","Note":null,"PPV1":"False","Shape__Area":7856.696044921875,"Shape__Length":491.20970349827678,"WhiteRoof":"No","FloodedBldg":"No"}},{"type":"Feature","id":21,"geometry":{"type":"Polygon","coordinates":[[[-84.4028563653338,33.7817024351103],[-84.4028561131951,33.7816904337207],[-84.4028516927531,33.7816904980837],[-84.4028513723574,33.7816752653086],[-84.4028557949582,33.7816752009415],[-84.4028555141833,33.7816618146711],[-84.4028958671663,33.7816612261931],[-84.4028969728151,33.7816612096501],[-84.4029616490147,33.781660266221],[-84.4029645335728,33.7817980518554],[-84.4028583996513,33.7817996003066],[-84.4028573794732,33.7817509014015],[-84.4028568748339,33.7817267669821],[-84.4028563653338,33.7817024351103]]]},"properties":{"OBJECTID":21,"ACCESSTYPE":"Private","Address":"479 TENTH STREET","ASF":3715,"BLDG_CODE":"152","CONDITION":null,"BLDG_TYPE":"Academic/Research","FLOORCOUNT":3,"GSF":6401,"BLDG_NAME":"Broadband Institute Residential Laboratory","OWNEDBY2":"GT","PLANRENO":null,"BLDG_NUM":"152","Common_Name":"AWARE House","Heating":1,"Cooling":1,"Cistern":0,"Steam":"No","CHW":"No","Electric":"GTME","Gas":"AGL","OWNEDBY":null,"UNDERGROUND":"No","GlobalID":"25f6156b-d68f-4c4f-9693-29dbddfd8317","Creator":"malexander_GTFM","EditDate":1656474313000,"Editor":"malexander_GTFM","STATUS":null,"NRHP_ELIG":null,"NRHP_TRT":null,"NRHP_VAL":null,"NRHP_PHS":null,"EVENTS":null,"CONSTDATE":null,"RENODATE":null,"BUILDING_TYPE_NEW":"Research","Photos":"https://fm-gis2.ad.gatech.edu/images/building/152_small.jpg","FACUpdate":null,"DevAction":"Keep","Note":null,"PPV1":"False","Shape__Area":1624.744140625,"Shape__Length":167.48125237023055,"WhiteRoof":"No","FloodedBldg":"No"}},{"type":"Feature","id":22,"geometry":{"type":"Polygon","coordinates":[[[-84.4002025762367,33.7812919845213],[-84.4002029421323,33.7812310601851],[-84.4001952994028,33.7812310277628],[-84.4001536642237,33.7812572291748],[-84.4001381099342,33.7812273319116],[-84.4001189856723,33.7811905762307],[-84.4001059973705,33.7811656106471],[-84.4001111982221,33.7811638651306],[-84.4001085260941,33.7811568156695],[-84.4000733804247,33.7811651268455],[-84.4000635950324,33.7811334992127],[-84.4000990587101,33.7811249989928],[-84.4000968699275,33.781118201981],[-84.4000910870213,33.7811195275268],[-84.4000875992034,33.7810928028819],[-84.4000824057687,33.7810538938484],[-84.4000824588461,33.7810300730342],[-84.4000827195195,33.7809868510059],[-84.4000829518526,33.7809630352623],[-84.4000840161303,33.7809557316806],[-84.4000855457589,33.7809452326696],[-84.4000924359634,33.7808979361633],[-84.4000981894612,33.7808993084124],[-84.400100777754,33.7808921750645],[-84.4000647111554,33.7808837695698],[-84.4000756390375,33.7808517520162],[-84.4001116560818,33.7808602044874],[-84.400113667299,33.7808528955073],[-84.4001078911168,33.7808515187936],[-84.4001566575824,33.780760305694],[-84.4001979757041,33.780786855063],[-84.400206169083,33.7807868900497],[-84.4002065701245,33.7807202176176],[-84.4005468649725,33.780721646936],[-84.4005464631125,33.7807883184685],[-84.40055436819,33.7807883521752],[-84.400594246527,33.7807634487279],[-84.4006071048054,33.7807798785793],[-84.4006046016466,33.7807809761255],[-84.4006246087033,33.7808203015679],[-84.4006350768695,33.7808408799349],[-84.4006376571047,33.7808399337193],[-84.4006432983436,33.7808548191973],[-84.4006382891517,33.7808559584634],[-84.4006412792701,33.7808647817593],[-84.4006756789442,33.780857376192],[-84.4006849015191,33.780887250232],[-84.4006508344136,33.7808946596796],[-84.4006526150776,33.7809006612979],[-84.4006589005295,33.7809003049491],[-84.4006678550596,33.780975744424],[-84.4006674287368,33.7810464887572],[-84.4006625297888,33.7810845982042],[-84.4006575680437,33.7811214553768],[-84.4006516782671,33.7811204053017],[-84.4006491782723,33.7811274348035],[-84.4006852656389,33.7811366687044],[-84.4006742598815,33.7811673763591],[-84.4006393577957,33.781159223992],[-84.4006365934203,33.7811671087598],[-84.4006415827951,33.7811686023518],[-84.4006123393355,33.7812234240655],[-84.4005933309194,33.7812591429309],[-84.4005519852684,33.7812325252239],[-84.4005443393019,33.781232493731],[-84.4005439725683,33.7812934180693],[-84.4002025762367,33.7812919845213]]]},"properties":{"OBJECTID":22,"ACCESSTYPE":"Secure","Address":"400 TENTH STREET","ASF":122580,"BLDG_CODE":"790","CONDITION":null,"BLDG_TYPE":"Academic/Research","FLOORCOUNT":7,"GSF":197981,"BLDG_NAME":"Centennial Research Building","OWNEDBY2":"UFF","PLANRENO":null,"BLDG_NUM":"790","Common_Name":"CRB","Heating":2,"Cooling":3,"Cistern":0,"Steam":"Yes","CHW":"TEN","Electric":"GTME","Gas":"AGL","OWNEDBY":null,"UNDERGROUND":"No","GlobalID":"b5401a67-a232-4670-9a5c-7d9ee8b10f76","Creator":"malexander_GTFM","EditDate":1656474313000,"Editor":"malexander_GTFM","STATUS":null,"NRHP_ELIG":null,"NRHP_TRT":null,"NRHP_VAL":null,"NRHP_PHS":null,"EVENTS":null,"CONSTDATE":null,"RENODATE":null,"BUILDING_TYPE_NEW":"Research","Photos":"https://fm-gis2.ad.gatech.edu/images/building/790_small.jpg","FACUpdate":null,"DevAction":"Keep","Note":null,"PPV1":"False","Shape__Area":32558.830078125,"Shape__Length":852.84958872086054,"WhiteRoof":"Yes","FloodedBldg":"No"}},{"type":"Feature","id":23,"geometry":{"type":"Polygon","coordinates":[[[-84.3948211542089,33.78260792319],[-84.3948211746237,33.7826009624085],[-84.3948211306363,33.7825941469118],[-84.3948210785474,33.7825859050186],[-84.3948208905202,33.7825667119267],[-84.3947746227398,33.7825675972272],[-84.3947695193118,33.7817793285202],[-84.3948066091184,33.7817774440303],[-84.394805922779,33.7817523460439],[-84.3951067409199,33.7817530969285],[-84.395106916134,33.7818174663607],[-84.3951136027102,33.7818172736521],[-84.3951135221217,33.7818450780087],[-84.3951699934522,33.7818458201027],[-84.3951692611945,33.7818811319091],[-84.3951702352128,33.7819258781352],[-84.3951736492878,33.7824828287243],[-84.3951741211973,33.7825564359128],[-84.3951264133593,33.7825566486754],[-84.3951267293125,33.7826061018305],[-84.3950208199514,33.7826068532813],[-84.3949304730416,33.7826069780604],[-84.3949205456888,33.7826074797084],[-84.3948792430084,33.782607640855],[-84.3948211542089,33.78260792319]]]},"properties":{"OBJECTID":23,"ACCESSTYPE":"Student","Address":"251 TENTH ST","ASF":117000,"BLDG_CODE":"182","CONDITION":null,"BLDG_TYPE":"Parking","FLOORCOUNT":7,"GSF":214903,"BLDG_NAME":"Family Housing Deck","OWNEDBY2":"GT","PLANRENO":null,"BLDG_NUM":"182","Common_Name":"Family Apts Parking Deck","Heating":0,"Cooling":1,"Cistern":0,"Steam":"No","CHW":"No","Electric":"GTME","Gas":"No","OWNEDBY":null,"UNDERGROUND":"No","GlobalID":"fdf917be-0bc8-494f-a783-5091a8ee06cc","Creator":"malexander_GTFM","EditDate":1656531100000,"Editor":"malexander_GTFM","STATUS":null,"NRHP_ELIG":null,"NRHP_TRT":null,"NRHP_VAL":null,"NRHP_PHS":null,"EVENTS":null,"CONSTDATE":null,"RENODATE":null,"BUILDING_TYPE_NEW":"Parking","Photos":"https://fm-gis2.ad.gatech.edu/images/building/182_small.jpg","FACUpdate":null,"DevAction":"Keep","Note":null,"PPV1":"True","Shape__Area":36551.60693359375,"Shape__Length":864.37298844768156,"WhiteRoof":"No","FloodedBldg":"No"}},{"type":"Feature","id":24,"geometry":{"type":"Polygon","coordinates":[[[-84.3969678618024,33.7812128496572],[-84.3969717337805,33.7810163474507],[-84.3970753621878,33.7810177706658],[-84.3970714893666,33.7812142728766],[-84.3969678618024,33.7812128496572]]]},"properties":{"OBJECTID":24,"ACCESSTYPE":"Employee","Address":"957 ATLANTIC DR","ASF":1986,"BLDG_CODE":"161","CONDITION":null,"BLDG_TYPE":"Admin/Services","FLOORCOUNT":1,"GSF":2325,"BLDG_NAME":"Facilities Waste Storage","OWNEDBY2":"GT","PLANRENO":null,"BLDG_NUM":"161","Common_Name":"Facilities Waste Storage","Heating":1,"Cooling":1,"Cistern":0,"Steam":"No","CHW":"No","Electric":"GPC","Gas":"AGL","OWNEDBY":null,"UNDERGROUND":"No","GlobalID":"bc4303c6-c8c3-45bd-b8e9-fc3347d38c2f","Creator":"malexander_GTFM","EditDate":1656536807000,"Editor":"malexander_GTFM","STATUS":null,"NRHP_ELIG":null,"NRHP_TRT":null,"NRHP_VAL":null,"NRHP_PHS":null,"EVENTS":null,"CONSTDATE":null,"RENODATE":null,"BUILDING_TYPE_NEW":"Facilities Services and Campus Support","Photos":"https://fm-gis2.ad.gatech.edu/images/building/161_small.jpg","FACUpdate":null,"DevAction":"Keep","Note":null,"PPV1":"False","Shape__Area":2251.965087890625,"Shape__Length":206.00438822958529,"WhiteRoof":"No","FloodedBldg":"No"}},{"type":"Feature","id":25,"geometry":{"type":"MultiPolygon","coordinates":[[[[-84.3944506901434,33.777209944275],[-84.394449794113,33.7771463596582],[-84.3944486993054,33.7771463715971],[-84.394448249559,33.7771147406873],[-84.3944471311698,33.7771148175887],[-84.3944469462377,33.7771024662053],[-84.3944600936562,33.7771023292315],[-84.3944600386283,33.7771035673007],[-84.3945258593435,33.7771034728381],[-84.3945258318257,33.7771016434379],[-84.3945389792439,33.7771015064557],[-84.3945390067621,33.7771033358559],[-84.394604744929,33.7771026491186],[-84.3946047174071,33.7771008188168],[-84.3946178648251,33.7771006818262],[-84.3946178923472,33.777102512128],[-84.3946836294353,33.7771018262523],[-84.3946836019117,33.7770999959505],[-84.3946967493294,33.7770998589515],[-84.3946967768533,33.7771016892533],[-84.3947625139422,33.7771010042373],[-84.3947624864146,33.7770991730338],[-84.3947756338319,33.7770990360264],[-84.3947756613575,33.7771008663282],[-84.3948413995223,33.7771001803665],[-84.3948413719954,33.7770983500648],[-84.3948545194124,33.7770982130489],[-84.3948545469396,33.7771000433507],[-84.3949202840208,33.7770993564473],[-84.3949202564922,33.7770975261456],[-84.3949334049887,33.7770973891194],[-84.3949334314378,33.7770992194231],[-84.3949591788671,33.7770989508914],[-84.3949602345722,33.777173743639],[-84.3948816252983,33.7771745535501],[-84.3948701201137,33.7771746848271],[-84.3947819253439,33.777175604368],[-84.3947698716454,33.777175730338],[-84.3947693263997,33.7771757358541],[-84.3946956383932,33.7771765049926],[-84.3946961002749,33.7772073839012],[-84.3946262645878,33.777208112519],[-84.3946147615266,33.7772082320468],[-84.3944668510038,33.7772097755904],[-84.3944506901434,33.777209944275]]],[[[-84.394709209256,33.7772049594818],[-84.3949437436167,33.7772025160904],[-84.3949439836765,33.7772185271743],[-84.3949428229933,33.7772185347312],[-84.394943289981,33.7772407217083],[-84.3947100911093,33.777243155418],[-84.394709209256,33.7772049594818]]],[[[-84.3937789434974,33.7780741583939],[-84.3938245582121,33.7780431622207],[-84.393848855412,33.778063997938],[-84.3938051733092,33.7780978154369],[-84.3937789434974,33.7780741583939]]],[[[-84.395052037014,33.7776807004522],[-84.3951357267119,33.7774980314487],[-84.39517967977,33.7775120798498],[-84.3951835848176,33.777501791087],[-84.3951734724362,33.7774982618132],[-84.3952058265786,33.7774287774412],[-84.3950254334288,33.77721149508],[-84.3949838211579,33.777212010276],[-84.394982187116,33.7770987108649],[-84.3950958064016,33.7770975250218],[-84.3951205420353,33.7771273193917],[-84.3951693194572,33.7770992093623],[-84.3951781864915,33.777094056235],[-84.3954577654509,33.7774299164616],[-84.3953786433416,33.7775998350803],[-84.3953739223747,33.7775980621662],[-84.3952583949631,33.7775607864479],[-84.3951771652391,33.7777309053989],[-84.3953567948829,33.7777919642971],[-84.3953375169262,33.7778332469666],[-84.3951824890682,33.7781715578357],[-84.3949964600025,33.7781095944517],[-84.3950907490929,33.7779123586345],[-84.394963511354,33.7778708881955],[-84.395052037014,33.7776807004522]]],[[[-84.393786355495,33.7781321083169],[-84.393858900511,33.7780755737813],[-84.3939943601076,33.7781987540943],[-84.3939202313075,33.7782549571124],[-84.393786355495,33.7781321083169]]],[[[-84.3937616663143,33.7783035648997],[-84.3937594869131,33.7782608261254],[-84.3938127887121,33.7783011337326],[-84.3938129702148,33.7783040376177],[-84.3938274066578,33.778304170637],[-84.3938263844455,33.7783480513838],[-84.3937612246245,33.7783473156417],[-84.3937616663143,33.7783035648997]]],[[[-84.3937363174237,33.7783846285291],[-84.3937366254183,33.7783515851438],[-84.3937624724521,33.7783520929995],[-84.3937621666245,33.7783851354792],[-84.3937363174237,33.7783846285291]]]]},"properties":{"OBJECTID":25,"ACCESSTYPE":"Private","Address":"255 FERST DRIVE","ASF":18034,"BLDG_CODE":"168","CONDITION":null,"BLDG_TYPE":"Athletic","FLOORCOUNT":3,"GSF":27462,"BLDG_NAME":"Russ Chandler Baseball Stadium","OWNEDBY2":"GT","PLANRENO":"Future","BLDG_NUM":"168","Common_Name":"Chandler Stadium","Heating":1,"Cooling":1,"Cistern":0,"Steam":"No","CHW":"No","Electric":"GTME","Gas":"AGL","OWNEDBY":null,"UNDERGROUND":"No","GlobalID":"57f754a5-9c5f-4191-abe3-d7ad83366773","Creator":"malexander_GTFM","EditDate":1656474313000,"Editor":"malexander_GTFM","STATUS":null,"NRHP_ELIG":null,"NRHP_TRT":null,"NRHP_VAL":null,"NRHP_PHS":null,"EVENTS":null,"CONSTDATE":null,"RENODATE":null,"BUILDING_TYPE_NEW":"Athletics","Photos":"https://fm-gis2.ad.gatech.edu/images/building/168_small.jpg","FACUpdate":null,"DevAction":"Keep","Note":null,"PPV1":"False","Shape__Area":36145.7138671875,"Shape__Length":2062.8271640452904,"WhiteRoof":"No","FloodedBldg":"No"}},{"type":"Feature","id":26,"geometry":{"type":"Polygon","coordinates":[[[-84.397938038011,33.7803914128905],[-84.3979378955756,33.7803637270619],[-84.3979612390402,33.7803440660907],[-84.3979742770557,33.7803440200132],[-84.3979742402227,33.7803367446603],[-84.3979625335445,33.7803367864392],[-84.3979614039103,33.7801169768578],[-84.3979605627591,33.7799530717987],[-84.3979605148869,33.7799436974224],[-84.3979604602662,33.7799330174679],[-84.397953653538,33.7799330419469],[-84.3979535812819,33.7799190141951],[-84.3979534066656,33.7798849808012],[-84.397953336163,33.779871203705],[-84.3980273884356,33.7798709386612],[-84.3980274780809,33.7798882168326],[-84.3980340116307,33.7798881937633],[-84.3980339846153,33.7798829651394],[-84.3980938814112,33.779882749136],[-84.3980939084328,33.7798879786615],[-84.398099353595,33.7798879585316],[-84.3980993265756,33.7798827299077],[-84.3981592222961,33.7798825156778],[-84.3981592493191,33.7798877443017],[-84.3981646944838,33.7798877250705],[-84.3981646674604,33.7798824964467],[-84.3982245642577,33.7798822812814],[-84.3982245912872,33.7798875108069],[-84.3982300364493,33.7798874906712],[-84.398230009422,33.7798822620474],[-84.3982899051414,33.7798820477541],[-84.3982899321725,33.7798872763779],[-84.398295377337,33.7798872571409],[-84.3982953503056,33.7798820285172],[-84.3983552471019,33.7798818132885],[-84.3983552741393,33.7798870428139],[-84.3983607193014,33.7798870226724],[-84.3983606922661,33.7798817940487],[-84.3984205879821,33.7798815787903],[-84.3984206150211,33.779886807414],[-84.3984260601855,33.7798867881713],[-84.3984260331462,33.7798815595476],[-84.3984859299415,33.7798813442555],[-84.3984859569868,33.7798865737809],[-84.3984914021512,33.7798865545353],[-84.3984913751055,33.7798813250099],[-84.3985512697432,33.7798811105918],[-84.3985512967901,33.7798863392155],[-84.3985567419545,33.779886319967],[-84.3985567149072,33.7798810913434],[-84.3986166117014,33.7798808759878],[-84.3986166387547,33.7798861055131],[-84.398622083919,33.7798860862617],[-84.3986220568654,33.7798808567365],[-84.3986819525818,33.7798806422529],[-84.3986819796366,33.7798858708765],[-84.3986874248009,33.7798858516223],[-84.3986873977457,33.7798806229987],[-84.3987472945364,33.7798804066781],[-84.3987473215977,33.7798856362033],[-84.3987624240161,33.779885581652],[-84.3988658598156,33.7798853473962],[-84.3988795344418,33.7798851620728],[-84.3988864437421,33.7798851373497],[-84.3988865249464,33.7799008241218],[-84.3988867301057,33.7799408372056],[-84.3989520721098,33.7799406033254],[-84.3989541437329,33.7803432352899],[-84.3989609504929,33.7803432107556],[-84.3989609869631,33.7803459210497],[-84.3989612126536,33.7803943257574],[-84.3989612675159,33.7804050489891],[-84.3988872137103,33.7804053145972],[-84.398887119743,33.7803868994546],[-84.3981699940981,33.7803894704004],[-84.3981700003962,33.7803906073705],[-84.3981591100033,33.7803906458333],[-84.3980342592138,33.7803910936694],[-84.3980267938017,33.7803911211908],[-84.3980267374645,33.7803802077128],[-84.3980180249376,33.7803802393751],[-84.3980180812034,33.7803911267054],[-84.3979947377391,33.7804107876872],[-84.3979615828277,33.780410906638],[-84.397938038011,33.7803914128905]]]},"properties":{"OBJECTID":26,"ACCESSTYPE":"Private","Address":"352 PEACHTREE PL","ASF":143239,"BLDG_CODE":"148","CONDITION":null,"BLDG_TYPE":"Parking","FLOORCOUNT":5,"GSF":268459,"BLDG_NAME":"North Campus Parking Deck","OWNEDBY2":"GT","PLANRENO":null,"BLDG_NUM":"148","Common_Name":"North Campus Parking Deck","Heating":0,"Cooling":0,"Cistern":0,"Steam":"No","CHW":"No","Electric":"GTME","Gas":"No","OWNEDBY":null,"UNDERGROUND":"No","GlobalID":"1b015638-e57a-45a7-9107-2e43b71b5dc5","Creator":"malexander_GTFM","EditDate":1656531100000,"Editor":"malexander_GTFM","STATUS":null,"NRHP_ELIG":null,"NRHP_TRT":null,"NRHP_VAL":null,"NRHP_PHS":null,"EVENTS":null,"CONSTDATE":null,"RENODATE":null,"BUILDING_TYPE_NEW":"Parking","Photos":"https://fm-gis2.ad.gatech.edu/images/building/148_small.jpg","FACUpdate":null,"DevAction":"Keep","Note":null,"PPV1":"False","Shape__Area":55576.250732421875,"Shape__Length":1076.4814446455696,"WhiteRoof":"No","FloodedBldg":"No"}},{"type":"Feature","id":27,"geometry":{"type":"Polygon","coordinates":[[[-84.4042388713466,33.7812042006665],[-84.4042254773995,33.7812040434167],[-84.4042250519664,33.7812177312936],[-84.4041708887561,33.7812170961967],[-84.4041180381208,33.7811716988051],[-84.4041197201371,33.7810722155412],[-84.4041593533804,33.781072682967],[-84.404159319098,33.7810747369934],[-84.4042167257889,33.7810749574041],[-84.4042175851428,33.7810240593686],[-84.4042185431993,33.7809674554967],[-84.4041871174295,33.7809666287637],[-84.404190634718,33.780758700424],[-84.4042316337688,33.7807591841328],[-84.4042469447495,33.7807591366233],[-84.4043836126587,33.7807605189408],[-84.4044175007572,33.7807611470251],[-84.4045763052735,33.7807630193537],[-84.4045790393366,33.780763051952],[-84.4046481910209,33.7807638662474],[-84.404663497234,33.7807640468131],[-84.4048679482902,33.7807664573703],[-84.4048832508165,33.7807668660335],[-84.4049242487889,33.7807673477108],[-84.4049239993364,33.7807821569046],[-84.4049210711929,33.780923003111],[-84.4049218804291,33.7809688054062],[-84.4049010460623,33.7809687365301],[-84.4048994569089,33.780988723785],[-84.4049369192364,33.7809882159594],[-84.4049361742568,33.7810323018071],[-84.4049525743607,33.781032494651],[-84.4049527820982,33.7810201695861],[-84.4049691822023,33.7810203633295],[-84.4049970942646,33.7810281501799],[-84.4050048692113,33.7810342113879],[-84.405010773357,33.7810416016353],[-84.4050144849119,33.7810499248176],[-84.4050158147725,33.7810587394915],[-84.4050146882028,33.7810675724346],[-84.4050111632855,33.7810759528731],[-84.4050054288275,33.7810834359282],[-84.4049977957696,33.7810896197647],[-84.404988662724,33.7810941781164],[-84.4049785278612,33.7810968638703],[-84.4049350859116,33.7810966655404],[-84.4049348549697,33.7811103602574],[-84.4049284452298,33.7811102842716],[-84.4048971351279,33.7811099164365],[-84.4048503350174,33.7811096957069],[-84.4048230709326,33.7811085870014],[-84.4048234215996,33.7810878168003],[-84.4047526134908,33.7810862971021],[-84.4047283192415,33.7810857425709],[-84.4046665215025,33.7810852738967],[-84.4046653459369,33.7811568248537],[-84.4046649781277,33.7811792189603],[-84.4045742175215,33.7811775645227],[-84.4045735149843,33.7812191040238],[-84.404238369712,33.7812176641792],[-84.4042388713466,33.7812042006665]]]},"properties":{"OBJECTID":27,"ACCESSTYPE":"Public","Address":"500 TENTH STREET","ASF":97011,"BLDG_CODE":"129","CONDITION":null,"BLDG_TYPE":"Academic/Research","FLOORCOUNT":5,"GSF":162923,"BLDG_NAME":"Institute of Paper Science and Technology","OWNEDBY2":"GT","PLANRENO":null,"BLDG_NUM":"129","Common_Name":"IPST","Heating":1,"Cooling":1,"Cistern":0,"Steam":"No","CHW":"No","Electric":"GTME","Gas":"AGL","OWNEDBY":null,"UNDERGROUND":"No","GlobalID":"02f8c891-cfb1-4940-8d29-b733cc9317a4","Creator":"malexander_GTFM","EditDate":1656474313000,"Editor":"malexander_GTFM","STATUS":null,"NRHP_ELIG":null,"NRHP_TRT":null,"NRHP_VAL":null,"NRHP_PHS":null,"EVENTS":null,"CONSTDATE":null,"RENODATE":null,"BUILDING_TYPE_NEW":"Research","Photos":"https://fm-gis2.ad.gatech.edu/images/building/129_small.jpg","FACUpdate":null,"DevAction":"Renovate/Downcycle","Note":"Downcycle","PPV1":"False","Shape__Area":34367.732666015625,"Shape__Length":923.35776473592568,"WhiteRoof":"No","FloodedBldg":"Yes"}},{"type":"Feature","id":28,"geometry":{"type":"Polygon","coordinates":[[[-84.4054420910651,33.7795585467329],[-84.4054419320099,33.7795420837963],[-84.4053816937245,33.7795424888648],[-84.4053815357631,33.7795260268276],[-84.4053775418322,33.779526053488],[-84.4053278687401,33.7795263876003],[-84.405328027771,33.7795428496355],[-84.405296266355,33.7795430634362],[-84.4052960785713,33.7795236287133],[-84.4051408230216,33.7795239874429],[-84.4051397073645,33.7794081707308],[-84.4051395228706,33.7793891309239],[-84.405138584471,33.7792916895137],[-84.4051338977357,33.7788055869514],[-84.4051445762025,33.7788055158236],[-84.4051445397368,33.7788017082217],[-84.4051613879932,33.7787868813714],[-84.405210819878,33.7787865477934],[-84.4052856932853,33.7787860450847],[-84.40542870325,33.7787853104376],[-84.4056382315302,33.7787836732156],[-84.4059006463494,33.7787819078775],[-84.4059011226869,33.7788312948892],[-84.4059306941591,33.7788310959993],[-84.4059329723861,33.7790671934067],[-84.4059337230178,33.7791449350042],[-84.4059373286378,33.77951862807],[-84.4058776388765,33.779519029612],[-84.4058778330178,33.7795391504777],[-84.4057737884647,33.7795400797491],[-84.4057739447876,33.7795563136711],[-84.4056337555199,33.7795572569505],[-84.4056335981437,33.7795410230303],[-84.4056215487714,33.779540875049],[-84.4056214863971,33.7795343553319],[-84.4055987186162,33.7795156477818],[-84.4055851614973,33.7795157389488],[-84.4055852221458,33.779522026945],[-84.4055786519744,33.7795220712228],[-84.405578029295,33.779514414707],[-84.4055583166232,33.7795145475425],[-84.4055578422907,33.7795222106903],[-84.4055512710396,33.7795222549688],[-84.4055512103937,33.7795159669726],[-84.4055378607411,33.7795161136351],[-84.405515252149,33.7795352994452],[-84.4055153128023,33.779541591048],[-84.4055032651455,33.7795416720712],[-84.4055034231302,33.7795581341081],[-84.4054420910651,33.7795585467329]]]},"properties":{"OBJECTID":28,"ACCESSTYPE":"Secure","Address":"875 CURRAN ST","ASF":89882,"BLDG_CODE":"139","CONDITION":null,"BLDG_TYPE":"Parking","FLOORCOUNT":4,"GSF":177178,"BLDG_NAME":"Curran Street Parking Deck","OWNEDBY2":"GT","PLANRENO":null,"BLDG_NUM":"139","Common_Name":"Curran Parking Deck","Heating":0,"Cooling":0,"Cistern":0,"Steam":"No","CHW":"No","Electric":"GTME","Gas":"No","OWNEDBY":null,"UNDERGROUND":"No","GlobalID":"17ea1392-a418-4ce7-b80e-8c7ed755f4f3","Creator":"malexander_GTFM","EditDate":1656531100000,"Editor":"malexander_GTFM","STATUS":null,"NRHP_ELIG":null,"NRHP_TRT":null,"NRHP_VAL":null,"NRHP_PHS":null,"EVENTS":null,"CONSTDATE":null,"RENODATE":null,"BUILDING_TYPE_NEW":"Parking","Photos":"https://fm-gis2.ad.gatech.edu/images/building/139_small.jpg","FACUpdate":null,"DevAction":"Keep","Note":null,"PPV1":"False","Shape__Area":66024.81689453125,"Shape__Length":1087.6507171030967,"WhiteRoof":"No","FloodedBldg":"No"}},{"type":"Feature","id":29,"geometry":{"type":"Polygon","coordinates":[[[-84.396002320786,33.7722732099059],[-84.3960026768132,33.7722492036553],[-84.3959403544804,33.7722480075437],[-84.3959422356695,33.772180069061],[-84.3959433814254,33.771968169635],[-84.3959450085149,33.7719681864487],[-84.3959453179394,33.771947350493],[-84.3959247077858,33.7719471381202],[-84.3959246813005,33.7719489495889],[-84.395922512209,33.7719489274702],[-84.3959229286553,33.7719208438347],[-84.3959457078957,33.7719210792278],[-84.3959461720921,33.7718898478352],[-84.3959491343294,33.7716903003663],[-84.3959494098384,33.7716717294234],[-84.3959231044174,33.7716714582033],[-84.3959246414966,33.7715679582842],[-84.3959436244798,33.7715681547453],[-84.3959436509647,33.7715663432765],[-84.3959544985356,33.7715664547656],[-84.3959540746667,33.7715949901444],[-84.3960689443198,33.771596179657],[-84.396129531823,33.7715968072828],[-84.3961280903426,33.7716939557868],[-84.3961261095905,33.771827359829],[-84.3962809570897,33.7718289617025],[-84.3962794919618,33.7719277052711],[-84.3961246432053,33.7719261033986],[-84.3961203991816,33.7722120874334],[-84.3961198372359,33.7722499632818],[-84.3960580065502,33.7722493235366],[-84.3960576431075,33.7722737824305],[-84.396002320786,33.7722732099059]]]},"properties":{"OBJECTID":29,"ACCESSTYPE":"Student","Address":"270 FERST DRIVE","ASF":34785,"BLDG_CODE":"101","CONDITION":null,"BLDG_TYPE":"Academic/Research","FLOORCOUNT":5,"GSF":55409,"BLDG_NAME":"Montgomery Knight Aerospace Engineering","OWNEDBY2":"GT","PLANRENO":"Future","BLDG_NUM":"101","Common_Name":"Knight (SST 2)","Heating":2,"Cooling":2,"Cistern":0,"Steam":"Yes","CHW":"HOL","Electric":"GTME","Gas":"AGL","OWNEDBY":null,"UNDERGROUND":"No","GlobalID":"479c5a9a-7c04-4fd4-8666-0d4c1ed7e7d7","Creator":"malexander_GTFM","EditDate":1656474313000,"Editor":"malexander_GTFM","STATUS":"Proposed Demolished","NRHP_ELIG":"Maybe","NRHP_TRT":"Extensive Rehab","NRHP_VAL":"2","NRHP_PHS":"Phase IV","EVENTS":"Maker Space","CONSTDATE":null,"RENODATE":null,"BUILDING_TYPE_NEW":"Academic","Photos":"https://fm-gis2.ad.gatech.edu/images/building/101_small.jpg","FACUpdate":null,"DevAction":"Demo","Note":null,"PPV1":"False","Shape__Area":15165.56396484375,"Shape__Length":748.44051877595109,"WhiteRoof":"No","FloodedBldg":"No"}},{"type":"Feature","id":30,"geometry":{"type":"MultiPolygon","coordinates":[[[[-84.4045656964407,33.7782860260978],[-84.4045820858266,33.7782864372126],[-84.4045820419483,33.7783029816939],[-84.4045652411517,33.7783025605524],[-84.4045620834374,33.7783835980268],[-84.4045930438397,33.7783843741701],[-84.4046280675778,33.7783852515702],[-84.4046291814627,33.7783542578698],[-84.4046935156262,33.7783558694774],[-84.404692261398,33.7783907666966],[-84.4046545953545,33.7783898231799],[-84.4046492496098,33.7785385942008],[-84.404679812048,33.7785395162554],[-84.4046869146412,33.7785395386226],[-84.4046856614879,33.7785744358386],[-84.4046213260789,33.7785728233283],[-84.4046224399657,33.7785418287272],[-84.4045303382228,33.7785395222373],[-84.4045084754186,33.7785386600195],[-84.4044731512178,33.7785380888243],[-84.4044740295692,33.7785136623049],[-84.4044370910004,33.7785126397781],[-84.4044371758419,33.7785054399305],[-84.4044404585369,33.7784141008558],[-84.4044013600609,33.7784132979744],[-84.4043579780673,33.7784120335709],[-84.4043602025911,33.7783781190889],[-84.404363639247,33.7782545375743],[-84.4043515421198,33.7782542344765],[-84.4043546193021,33.7781685978379],[-84.4043667244225,33.7781686719006],[-84.404370783184,33.7780557151425],[-84.4043730080224,33.7780258283336],[-84.4043754296342,33.7779264581015],[-84.4044683556935,33.7779287865633],[-84.4044903302453,33.7779295079158],[-84.4045781562943,33.7779316775145],[-84.4045655906196,33.7782860235969],[-84.4045649960327,33.7783025538118],[-84.4045656964407,33.7782860260978]]],[[[-84.4045656964407,33.7782860260978],[-84.4045655906196,33.7782860235969],[-84.4045680146176,33.7782313391921],[-84.4045656964407,33.7782860260978]]]]},"properties":{"OBJECTID":30,"ACCESSTYPE":"Public","Address":"840 MCMILLAN ST","ASF":18842,"BLDG_CODE":"115","CONDITION":null,"BLDG_TYPE":"Academic/Research","FLOORCOUNT":3,"GSF":31479,"BLDG_NAME":"Couch Building","OWNEDBY2":"GT","PLANRENO":null,"BLDG_NUM":"115","Common_Name":"Couch","Heating":1,"Cooling":3,"Cistern":0,"Steam":"No","CHW":"TEN","Electric":"GTME","Gas":"WCGS","OWNEDBY":null,"UNDERGROUND":"No","GlobalID":"eee0a3e8-368d-4de2-af94-1ea5c900fec1","Creator":"malexander_GTFM","EditDate":1656474313000,"Editor":"malexander_GTFM","STATUS":null,"NRHP_ELIG":"Yes","NRHP_TRT":"Extensive Rehab","NRHP_VAL":"2","NRHP_PHS":"Phase II","EVENTS":null,"CONSTDATE":1935,"RENODATE":null,"BUILDING_TYPE_NEW":"Academic","Photos":"https://fm-gis2.ad.gatech.edu/images/building/115_small.jpg","FACUpdate":null,"DevAction":"Renovate","Note":"Keep","PPV1":"False","Shape__Area":14645.881103515625,"Shape__Length":782.83133991946181,"WhiteRoof":"No","FloodedBldg":"No"}},{"type":"Feature","id":31,"geometry":{"type":"Polygon","coordinates":[[[-84.4038295947529,33.777989205574],[-84.403830255284,33.777966385316],[-84.4037762170338,33.777965293565],[-84.4037818123733,33.777763930572],[-84.403836088218,33.7777650876848],[-84.403836814813,33.7777423412343],[-84.4038767265555,33.7777429479755],[-84.403918438843,33.7777437847699],[-84.4039986167065,33.7777450795553],[-84.4039983408093,33.7777683652289],[-84.4040523523846,33.7777703991598],[-84.4040465486694,33.7779707545181],[-84.4039925093345,33.777969662864],[-84.4039918488463,33.7779924831227],[-84.4038295947529,33.777989205574]]]},"properties":{"OBJECTID":31,"ACCESSTYPE":"Student","Address":"845 MCMILLAN ST","ASF":16117,"BLDG_CODE":"118","CONDITION":null,"BLDG_TYPE":"Residence Halls","FLOORCOUNT":4,"GSF":23926,"BLDG_NAME":"Montag Residence Hall","OWNEDBY2":"GT","PLANRENO":null,"BLDG_NUM":"118","Common_Name":"Montag Dorm","Heating":1,"Cooling":3,"Cistern":0,"Steam":"No","CHW":"TEN","Electric":"GTME","Gas":"WCGS","OWNEDBY":null,"UNDERGROUND":"No","GlobalID":"4f11de20-7afe-4515-b5e3-a1645815941e","Creator":"malexander_GTFM","EditDate":1656474313000,"Editor":"malexander_GTFM","STATUS":null,"NRHP_ELIG":null,"NRHP_TRT":null,"NRHP_VAL":null,"NRHP_PHS":null,"EVENTS":null,"CONSTDATE":null,"RENODATE":null,"BUILDING_TYPE_NEW":"Housing","Photos":"https://fm-gis2.ad.gatech.edu/images/building/118_small.jpg","FACUpdate":null,"DevAction":"Keep","Note":null,"PPV1":"False","Shape__Area":6842.140869140625,"Shape__Length":343.84671214145925,"WhiteRoof":"No","FloodedBldg":"No"}},{"type":"Feature","id":32,"geometry":{"type":"Polygon","coordinates":[[[-84.4038767265555,33.7777429479755],[-84.403877129239,33.7777319596795],[-84.4038529491833,33.777731357868],[-84.4038547566705,33.7776451790764],[-84.4038393000172,33.7776446668905],[-84.4038401157604,33.7776217507578],[-84.4037858502716,33.7776204006733],[-84.4037930597538,33.7774182510322],[-84.4038473261949,33.7774196011121],[-84.4038481440936,33.7773966849743],[-84.4038900468106,33.7773977269893],[-84.4038923824169,33.7773977847136],[-84.403902136248,33.7773980265408],[-84.4039175233997,33.7773984099165],[-84.4039272783107,33.7773986517397],[-84.4039278279306,33.777398666011],[-84.4040110837515,33.7774007366032],[-84.4040102658986,33.7774236536435],[-84.4040647207795,33.7774252070385],[-84.4040573234986,33.7776271523801],[-84.4040030410737,33.7776259277532],[-84.4040022988572,33.7776488662867],[-84.4039218671588,33.777646719931],[-84.4039215073712,33.7776568164117],[-84.4039329446475,33.7776571009842],[-84.4039326950743,33.7776640937695],[-84.403930438724,33.7777284237104],[-84.4039302286074,33.7777332795062],[-84.4039187913211,33.7777329949336],[-84.403918438843,33.7777437847699],[-84.4038767265555,33.7777429479755]]]},"properties":{"OBJECTID":32,"ACCESSTYPE":"Student","Address":"835 MCMILLAN ST","ASF":16753,"BLDG_CODE":"117","CONDITION":null,"BLDG_TYPE":"Residence Halls","FLOORCOUNT":4,"GSF":25276,"BLDG_NAME":"Freeman Residence Hall","OWNEDBY2":"GT","PLANRENO":null,"BLDG_NUM":"117","Common_Name":"Freeman Dorm","Heating":1,"Cooling":3,"Cistern":0,"Steam":"No","CHW":"TEN","Electric":"GTME","Gas":"WCGS","OWNEDBY":null,"UNDERGROUND":"No","GlobalID":"45d5009a-a08f-442d-85ce-527c422c6218","Creator":"malexander_GTFM","EditDate":1656474313000,"Editor":"malexander_GTFM","STATUS":null,"NRHP_ELIG":null,"NRHP_TRT":null,"NRHP_VAL":null,"NRHP_PHS":null,"EVENTS":null,"CONSTDATE":null,"RENODATE":null,"BUILDING_TYPE_NEW":"Housing","Photos":"https://fm-gis2.ad.gatech.edu/images/building/117_small.jpg","FACUpdate":null,"DevAction":"Keep","Note":null,"PPV1":"False","Shape__Area":7683.65771484375,"Shape__Length":422.8962177527772,"WhiteRoof":"No","FloodedBldg":"No"}},{"type":"Feature","id":33,"geometry":{"type":"Polygon","coordinates":[[[-84.4061717506617,33.7759967773625],[-84.4061999957252,33.775967644285],[-84.4062109786674,33.7759750697065],[-84.4062287633043,33.7759567262506],[-84.4062455014629,33.7759394622972],[-84.4062632850055,33.7759211188384],[-84.4062523020657,33.7759136934215],[-84.4062805481544,33.7758845603233],[-84.4062988523356,33.7758969369165],[-84.4063928410386,33.7757997168469],[-84.406403463664,33.7757890359868],[-84.4064146618679,33.7757966070398],[-84.4064481380392,33.7757620781782],[-84.4064369398394,33.7757545080299],[-84.4064624888973,33.775728154511],[-84.4065052863116,33.775684011245],[-84.406719772424,33.7758290297028],[-84.4065133386328,33.7760419548256],[-84.4065307818062,33.7760537478855],[-84.4064219855109,33.7761659660413],[-84.4061717506617,33.7759967773625]]]},"properties":{"OBJECTID":33,"ACCESSTYPE":"Secure","Address":"845 MARIETTA ST","ASF":11323,"BLDG_CODE":"156","CONDITION":null,"BLDG_TYPE":"Admin/Services","FLOORCOUNT":1,"GSF":13225,"BLDG_NAME":"OIT Planning and Programming","OWNEDBY2":"GT","PLANRENO":null,"BLDG_NUM":"156","Common_Name":"845 Marietta St","Heating":1,"Cooling":1,"Cistern":0,"Steam":"No","CHW":"No","Electric":"GPC","Gas":"AGL","OWNEDBY":null,"UNDERGROUND":"No","GlobalID":"5e94877f-d3b5-4cdc-8fc8-926d69dbb2bc","Creator":"malexander_GTFM","EditDate":1656482009000,"Editor":"malexander_GTFM","STATUS":null,"NRHP_ELIG":null,"NRHP_TRT":null,"NRHP_VAL":null,"NRHP_PHS":null,"EVENTS":null,"CONSTDATE":null,"RENODATE":null,"BUILDING_TYPE_NEW":"Administrative","Photos":"https://fm-gis2.ad.gatech.edu/images/building/156_small.jpg","FACUpdate":null,"DevAction":"Demo","Note":null,"PPV1":"False","Shape__Area":13321.93310546875,"Shape__Length":517.46370197637032,"WhiteRoof":null,"FloodedBldg":"No"}},{"type":"Feature","id":34,"geometry":{"type":"Polygon","coordinates":[[[-84.4036305419858,33.77634907484],[-84.4036068484264,33.7763477741668],[-84.4036029739185,33.7763970081677],[-84.4033649443221,33.7763839446698],[-84.403369351597,33.7763364020539],[-84.4030645592349,33.77631939866],[-84.4030781868137,33.7761462536683],[-84.4030864799774,33.7760408852138],[-84.4030879228545,33.7760225527762],[-84.4030915034472,33.7759770621063],[-84.4032072854656,33.7759839569777],[-84.4032239316007,33.7759848420506],[-84.4033268655125,33.7759903124827],[-84.4033422147313,33.7759911287963],[-84.4034444510679,33.7759965635003],[-84.4034609816621,33.7759974424514],[-84.4036344967568,33.7760066641987],[-84.4036575432696,33.776007889469],[-84.4037892967192,33.7760148919768],[-84.4038063704927,33.7760157995924],[-84.4038905828049,33.7760202677263],[-84.4039763442027,33.776025016844],[-84.4042378831955,33.7760395144229],[-84.4043210841335,33.7760440797848],[-84.4047655601421,33.7760689796246],[-84.4047505168627,33.7762443338689],[-84.4047432358719,33.7763542204529],[-84.404737385975,33.7764112016809],[-84.4046646540713,33.7764072105999],[-84.4046625595931,33.7764057088813],[-84.4041473772742,33.776377439137],[-84.4036603627624,33.7763507117796],[-84.4036305419858,33.77634907484]]]},"properties":{"OBJECTID":34,"ACCESSTYPE":"Secure","Address":"750 FERST DR","ASF":86524,"BLDG_CODE":"162","CONDITION":null,"BLDG_TYPE":"Parking","FLOORCOUNT":3,"GSF":163364,"BLDG_NAME":"Campus Recreation Parking Deck","OWNEDBY2":"GT","PLANRENO":null,"BLDG_NUM":"162","Common_Name":"CRC Parking Deck","Heating":0,"Cooling":0,"Cistern":0,"Steam":"No","CHW":"No","Electric":"GTME","Gas":"No","OWNEDBY":null,"UNDERGROUND":"No","GlobalID":"ebd423e8-76e4-41d2-9d85-51a020186ebd","Creator":"malexander_GTFM","EditDate":1656531100000,"Editor":"malexander_GTFM","STATUS":null,"NRHP_ELIG":null,"NRHP_TRT":null,"NRHP_VAL":null,"NRHP_PHS":null,"EVENTS":null,"CONSTDATE":null,"RENODATE":null,"BUILDING_TYPE_NEW":"Parking","Photos":"https://fm-gis2.ad.gatech.edu/images/building/162_small.jpg","FACUpdate":null,"DevAction":"Keep","Note":null,"PPV1":"False","Shape__Area":64758.308837890625,"Shape__Length":1304.5245215923819,"WhiteRoof":"No","FloodedBldg":"No"}},{"type":"Feature","id":35,"geometry":{"type":"Polygon","coordinates":[[[-84.4042401102708,33.7760112208206],[-84.4042417512635,33.7759873022577],[-84.4039802667919,33.7759729416326],[-84.4039786477003,33.7759946483991],[-84.4039768702635,33.7760157071825],[-84.4039763442027,33.776025016844],[-84.4038905828049,33.7760202677263],[-84.4038912344463,33.7760118594752],[-84.4038926245921,33.7759952195297],[-84.403894457673,33.7759680961325],[-84.4037229727656,33.7759601539008],[-84.4037212467231,33.7759814704544],[-84.4037067742237,33.7759806534057],[-84.4035772290525,33.775973337304],[-84.4035824960579,33.7759082973813],[-84.403591205967,33.7758278623616],[-84.4035698903327,33.7758266590023],[-84.4035834900558,33.7756586948869],[-84.4036058995619,33.7756599610626],[-84.4036257721953,33.7754009938241],[-84.4037236133955,33.7754064033768],[-84.4037286063422,33.7754057680397],[-84.4037327736806,33.7753543072869],[-84.4038202944831,33.775358332716],[-84.4038239975366,33.7752990510245],[-84.4039489274313,33.775306104347],[-84.4039491964257,33.7753124244074],[-84.4039945595185,33.7753149862325],[-84.4039947996681,33.775312019337],[-84.4040784224839,33.7753167409408],[-84.4040740434185,33.7753708277218],[-84.4042478461439,33.7753806404423],[-84.4042522251029,33.7753265545574],[-84.4043358468686,33.7753312768904],[-84.4043314679619,33.775385362778],[-84.4044194621787,33.7753903318011],[-84.4044238421075,33.7753362450069],[-84.4045074273628,33.7753414235296],[-84.4045030850921,33.7753950531167],[-84.4045667585068,33.7753986478999],[-84.4045970920375,33.7754003602661],[-84.4045927686213,33.7754537607998],[-84.4046895077102,33.7754592231053],[-84.4046887077324,33.7754826766049],[-84.4047179754652,33.7754843296847],[-84.4048270792978,33.7755799061349],[-84.4048026152836,33.775599380327],[-84.4047861159197,33.7755984491994],[-84.4047842326962,33.7756116376832],[-84.4047916470748,33.7756362420704],[-84.4048012104115,33.7756679942103],[-84.4048051223569,33.7756840567967],[-84.4048135922146,33.7757455547252],[-84.4048123238446,33.7757827259526],[-84.4048113230726,33.7758120324591],[-84.4048003700469,33.7758739005751],[-84.4048318991731,33.7758756809049],[-84.4048260234046,33.7759482517453],[-84.404771127887,33.7759451522998],[-84.4047646433795,33.7759553778169],[-84.4047591704676,33.7759640099671],[-84.4047419368551,33.775991189235],[-84.4047114530099,33.7759894681784],[-84.4046468731349,33.7759858220218],[-84.4046430111794,33.7760335178152],[-84.4045670385678,33.7760292281666],[-84.404538673431,33.7760276265094],[-84.4044989944233,33.7760253866408],[-84.4045008612473,33.7760023377332],[-84.4043251939523,33.7759918482169],[-84.4043234797186,33.7760197332867],[-84.404321718359,33.7760360268158],[-84.4043210841335,33.7760440797848],[-84.4042378831955,33.7760395144229],[-84.4042384652755,33.7760321251702],[-84.4042401102708,33.7760112208206]]]},"properties":{"OBJECTID":35,"ACCESSTYPE":"Private","Address":"750 FERST DR","ASF":157643,"BLDG_CODE":"140","CONDITION":null,"BLDG_TYPE":"Athletic","FLOORCOUNT":6,"GSF":236473,"BLDG_NAME":"Aquatics Center","OWNEDBY2":"GT","PLANRENO":null,"BLDG_NUM":"140","Common_Name":"Aquatic Ctr","Heating":2,"Cooling":1,"Cistern":0,"Steam":"Yes","CHW":"No","Electric":"GTME","Gas":"No","OWNEDBY":null,"UNDERGROUND":"No","GlobalID":"59aff47d-4606-456d-9177-aea5bb582336","Creator":"malexander_GTFM","EditDate":1656474313000,"Editor":"malexander_GTFM","STATUS":null,"NRHP_ELIG":null,"NRHP_TRT":null,"NRHP_VAL":null,"NRHP_PHS":null,"EVENTS":"Athletic","CONSTDATE":null,"RENODATE":null,"BUILDING_TYPE_NEW":"Recreation","Photos":"https://fm-gis2.ad.gatech.edu/images/building/140_small.jpg","FACUpdate":null,"DevAction":"Keep","Note":null,"PPV1":"True","Shape__Area":82207.911376953125,"Shape__Length":1424.9377500397663,"WhiteRoof":"Yes","FloodedBldg":"No"}},{"type":"Feature","id":36,"geometry":{"type":"Polygon","coordinates":[[[-84.403476828463,33.7759181496637],[-84.4031882491487,33.7759018530098],[-84.4031900964339,33.775879032276],[-84.4031201378452,33.7758750809521],[-84.4031225407417,33.7758454138162],[-84.4030840086751,33.7758432371154],[-84.4030959834222,33.7756953568466],[-84.4031012352941,33.7756966045889],[-84.4031054849227,33.7756702402707],[-84.4031192739489,33.7756195888219],[-84.4031418195375,33.7755670406492],[-84.4031450677897,33.7755672246735],[-84.4031498735431,33.7755078885943],[-84.403114894401,33.775505913376],[-84.4031210482984,33.7754299185045],[-84.4031560274123,33.7754318946229],[-84.403161220557,33.7753677682264],[-84.403204945495,33.7753702370042],[-84.4032311798122,33.7753717186253],[-84.403233396742,33.7753443330199],[-84.4032444846123,33.7752074058862],[-84.4035243190108,33.7752232097666],[-84.4035402849326,33.7750260347984],[-84.4035443840978,33.7750262667698],[-84.4039663194838,33.7750500920148],[-84.4039704186512,33.7750503239722],[-84.4039521429828,33.7752760244772],[-84.4039489274313,33.775306104347],[-84.4038239975366,33.7752990510245],[-84.4038202944831,33.775358332716],[-84.4037327736806,33.7753543072869],[-84.4037286063422,33.7754057680397],[-84.4037236133955,33.7754064033768],[-84.4036257721953,33.7754009938241],[-84.4036058995619,33.7756599610626],[-84.4035834900558,33.7756586948869],[-84.4035698903327,33.7758266590023],[-84.403591205967,33.7758278623616],[-84.4035824960579,33.7759082973813],[-84.4034781034562,33.7759024025784],[-84.403476828463,33.7759181496637]]]},"properties":{"OBJECTID":36,"ACCESSTYPE":"Public","Address":"750 FERST DR","ASF":47784,"BLDG_CODE":"160","CONDITION":null,"BLDG_TYPE":"Athletic","FLOORCOUNT":6,"GSF":72041,"BLDG_NAME":"Campus Recreation Center","OWNEDBY2":"GT","PLANRENO":null,"BLDG_NUM":"160","Common_Name":"CRC","Heating":2,"Cooling":1,"Cistern":1,"Steam":"Yes","CHW":"No","Electric":"GTME","Gas":"AGL","OWNEDBY":null,"UNDERGROUND":"No","GlobalID":"e0949724-6f55-41c0-be99-6f6af6f82f40","Creator":"malexander_GTFM","EditDate":1656474313000,"Editor":"malexander_GTFM","STATUS":null,"NRHP_ELIG":null,"NRHP_TRT":null,"NRHP_VAL":null,"NRHP_PHS":null,"EVENTS":"Athletic","CONSTDATE":null,"RENODATE":null,"BUILDING_TYPE_NEW":"Recreation","Photos":"https://fm-gis2.ad.gatech.edu/images/building/160_small.jpg","FACUpdate":null,"DevAction":"Keep","Note":null,"PPV1":"True","Shape__Area":48416.36083984375,"Shape__Length":1174.569596406109,"WhiteRoof":"No","FloodedBldg":"No"}},{"type":"Feature","id":37,"geometry":{"type":"Polygon","coordinates":[[[-84.4011546046649,33.7779859500243],[-84.4011514302013,33.7779859326132],[-84.4011513230732,33.7779993196331],[-84.4011512836051,33.7780042517405],[-84.4011495420873,33.7780050782571],[-84.4011516860996,33.7780093128459],[-84.4011526237879,33.7780134514468],[-84.4011526378001,33.7780166126095],[-84.4011520600179,33.7780197370274],[-84.4011503951018,33.7780237119647],[-84.4011477757584,33.7780273118252],[-84.4011452534467,33.7780296699275],[-84.4011423209351,33.7780316681486],[-84.4011378973822,33.7780336926456],[-84.4011330667127,33.7780349037248],[-84.401125720249,33.7780353171139],[-84.4011206141803,33.7780341258152],[-84.4011160538835,33.7780323275698],[-84.4011120400402,33.778029776309],[-84.4011087500306,33.7780265835005],[-84.401106326762,33.7780228895306],[-84.4011046728234,33.7780178154744],[-84.4011044571494,33.7780147448599],[-84.4011069783482,33.7777052085932],[-84.4011074731539,33.7776379363502],[-84.4011077091801,33.7776084473954],[-84.4011078074689,33.7775961730292],[-84.401108578942,33.7774996660181],[-84.4011094553876,33.7773901678134],[-84.4011096205797,33.7773695557495],[-84.4011110497952,33.7771910765552],[-84.4011119127968,33.7771856388595],[-84.4011137516783,33.7771817167892],[-84.4011173516001,33.7771774027614],[-84.4011211219297,33.7771746049875],[-84.4011266757523,33.7771721266163],[-84.4011328085646,33.777170931998],[-84.401139102742,33.777171104878],[-84.4011451295978,33.7771726316443],[-84.4011514327497,33.7771760982391],[-84.4011547819923,33.7771792467535],[-84.401157749832,33.7771838846189],[-84.4011591793038,33.7771890059875],[-84.401158973362,33.7771942621048],[-84.4011576358523,33.7771983229791],[-84.4011577022694,33.7772020926573],[-84.401158452718,33.7772068627705],[-84.4011582413082,33.7772204149924],[-84.4011674061431,33.7772204661033],[-84.4013212446631,33.7772206686908],[-84.4013773484956,33.7772207801995],[-84.4015284236629,33.7772216495964],[-84.4015410775301,33.7772218635499],[-84.4015412183601,33.7772042314893],[-84.4015429587782,33.7772034049691],[-84.4015412116005,33.7772001722677],[-84.4015400148958,33.7771960801464],[-84.4015398630431,33.7771918706251],[-84.4015411489772,33.7771867215517],[-84.4015433034292,33.7771829133841],[-84.4015472483451,33.7771788132803],[-84.4015523296785,33.7771757055349],[-84.4015582003362,33.7771738017948],[-84.4015631979103,33.7771732359636],[-84.4015694649905,33.7771737659272],[-84.4015753524161,33.7771756319588],[-84.4015795201453,33.7771780043851],[-84.4015830062422,33.7771810480357],[-84.401585080053,33.7771836931398],[-84.4015866330076,33.7771865763697],[-84.4015880373612,33.7771927707463],[-84.4015842864625,33.7776413377068],[-84.4015838354623,33.7777075125577],[-84.40158157316,33.7780028842976],[-84.4015814154719,33.7780186887409],[-84.4015805943406,33.7780228442114],[-84.4015793067741,33.7780258167015],[-84.4015767566423,33.7780294498004],[-84.4015723919078,33.7780332405358],[-84.4015670006592,33.7780359593583],[-84.4015609505769,33.7780374198277],[-84.401554654929,33.7780375228775],[-84.4015485412709,33.7780362613823],[-84.4015462412217,33.7780353911583],[-84.4015420293355,33.7780330747177],[-84.401538487185,33.7780300771573],[-84.401535231377,33.7780255750975],[-84.4015337044757,33.7780215611472],[-84.401533210397,33.7780173703108],[-84.4015340729228,33.7780121607316],[-84.4015365299145,33.7780072366462],[-84.4015348032707,33.7780063905769],[-84.4015348320369,33.7780026883421],[-84.4015349497877,33.7779880723511],[-84.4015234051017,33.7779880077638],[-84.4013708774767,33.7779871564545],[-84.4013178909141,33.7779868613915],[-84.401166656835,33.77798601819],[-84.4011546046649,33.7779859500243]]]},"properties":{"OBJECTID":37,"ACCESSTYPE":"Faculty","Address":"775 FERST DRIVE","ASF":62478,"BLDG_CODE":"126","CONDITION":null,"BLDG_TYPE":"Academic/Research","FLOORCOUNT":4,"GSF":118250,"BLDG_NAME":"Manufacturing Research Center","OWNEDBY2":"GT","PLANRENO":null,"BLDG_NUM":"126","Common_Name":"Callaway Manu Research Ctr","Heating":2,"Cooling":2,"Cistern":0,"Steam":"Yes","CHW":"HOL","Electric":"GTME","Gas":"AGL","OWNEDBY":null,"UNDERGROUND":"No","GlobalID":"7feeb853-ca50-45a2-bc2a-a33f7783c755","Creator":"malexander_GTFM","EditDate":1656474313000,"Editor":"malexander_GTFM","STATUS":null,"NRHP_ELIG":null,"NRHP_TRT":null,"NRHP_VAL":null,"NRHP_PHS":null,"EVENTS":null,"CONSTDATE":null,"RENODATE":null,"BUILDING_TYPE_NEW":"Research","Photos":"https://fm-gis2.ad.gatech.edu/images/building/126_small.jpg","FACUpdate":null,"DevAction":"Keep","Note":null,"PPV1":"False","Shape__Area":41335.101806640625,"Shape__Length":968.43105183091313,"WhiteRoof":"Yes","FloodedBldg":"Yes"}},{"type":"Feature","id":38,"geometry":{"type":"Polygon","coordinates":[[[-84.4019070328241,33.7770398354048],[-84.4018216873858,33.7770386753368],[-84.4018215908126,33.7770436373084],[-84.4018178094872,33.7770435859063],[-84.4018178823069,33.7770386239799],[-84.4017268906448,33.7770373312423],[-84.4017264901339,33.7770579112965],[-84.4017178477191,33.7770577934115],[-84.4017187928428,33.7770093035044],[-84.4016893542328,33.7770089033358],[-84.4016889589296,33.7770341611475],[-84.4016877809202,33.7770341489645],[-84.4016876047285,33.7770431703222],[-84.4016519553174,33.7770426854957],[-84.4016521219468,33.7770341149819],[-84.4016510506706,33.7770336490647],[-84.4016520839283,33.776980648028],[-84.4016388521114,33.77698031166],[-84.4016385462773,33.7769960298296],[-84.4016320644752,33.7769959429891],[-84.4016326450644,33.776966172961],[-84.4016339947647,33.7769661911292],[-84.4016346038306,33.7769488286717],[-84.4015859934808,33.7769479429232],[-84.4015858961303,33.7769407587501],[-84.4015877957696,33.7768554724348],[-84.4016345201929,33.7768561075078],[-84.4016361993076,33.7767699524186],[-84.4015894760107,33.7767693173439],[-84.4015912782931,33.7766768468528],[-84.4016396211733,33.7766775031878],[-84.4016399942398,33.776658332466],[-84.4016386445443,33.7766583142978],[-84.4016390839542,33.7766357604535],[-84.4016455657341,33.7766358490969],[-84.4016455439781,33.7766369762027],[-84.401693077021,33.7766376223373],[-84.4016936841233,33.7766064988779],[-84.4015837712752,33.7766045541063],[-84.4015838498109,33.776600494722],[-84.4015935730141,33.7766006267887],[-84.4016067558195,33.7765897548258],[-84.4016324304214,33.7765723680894],[-84.4016549181753,33.7765599032197],[-84.4016746097793,33.7765507184687],[-84.4016938429445,33.7765428825566],[-84.4016939878161,33.7765354400495],[-84.4016920971634,33.7765354138956],[-84.4016922998899,33.7765250391077],[-84.4016490870113,33.7765244523707],[-84.4016499053446,33.7764825023794],[-84.4015691515806,33.7764814055244],[-84.4015046038507,33.7764805275365],[-84.4015048803557,33.7764663187863],[-84.4014373611563,33.776465401335],[-84.4014370846402,33.7764796100851],[-84.401290420192,33.7764782939852],[-84.4012906977439,33.7764363369088],[-84.4012777342171,33.7764361604857],[-84.4012778403893,33.7764307476699],[-84.4012908039153,33.776430924093],[-84.4012913769345,33.7764153650071],[-84.4012335809584,33.7764145795341],[-84.4012337210854,33.7764073624492],[-84.4012588420635,33.7764074950292],[-84.4012618596261,33.7762525341699],[-84.4012367456836,33.7762521932955],[-84.4012368858102,33.7762449762104],[-84.4012946827521,33.7762457616804],[-84.401294715897,33.7762301964072],[-84.4012817524013,33.7762300199844],[-84.4012818574934,33.7762246071705],[-84.4012956318793,33.7762247937731],[-84.4012963492593,33.7761829792214],[-84.4014071677172,33.776185025316],[-84.4014063625364,33.7762262981427],[-84.4014379614624,33.7762267285326],[-84.4014387069667,33.7762023735068],[-84.4014400566575,33.7762023925788],[-84.4014401580357,33.7761972051848],[-84.4015128090808,33.7761981922148],[-84.401512707707,33.7762033796089],[-84.4015137874592,33.7762033946855],[-84.4015133129921,33.7762277528025],[-84.4015451818528,33.7762281853563],[-84.4015459869669,33.776186912529],[-84.4015767739036,33.776187330904],[-84.4015902783478,33.776187514381],[-84.4016480741712,33.7761882987859],[-84.4016482475272,33.7761932647524],[-84.4016801163781,33.7761936981731],[-84.4017344019389,33.7761944360248],[-84.4017355136641,33.7761373746941],[-84.401735843203,33.7761204599855],[-84.401744486601,33.7761205769659],[-84.4017437999142,33.7761557607163],[-84.4018540000503,33.7761567598685],[-84.4018542318914,33.7761444031943],[-84.4018596435979,33.7761444758329],[-84.4018575471173,33.7762520576734],[-84.4019018431407,33.7762523699745],[-84.4019022123194,33.7762329837635],[-84.4019076231021,33.7762331114024],[-84.4019034482962,33.7764473706889],[-84.401903106604,33.7764649625604],[-84.4018976947616,33.7764648475464],[-84.4018980547707,33.7764468462902],[-84.4018551055439,33.7764467144567],[-84.4018543934444,33.7764832507314],[-84.4018165730335,33.7764831884555],[-84.4018160788688,33.7765224355806],[-84.4018311652659,33.7765226620009],[-84.4018634826537,33.7765255875854],[-84.4018798667762,33.7765281504104],[-84.4019114535744,33.7765351627576],[-84.401926982286,33.7765395981337],[-84.4019419899602,33.7765449929568],[-84.4019567794658,33.776550757871],[-84.4019742470512,33.776559032383],[-84.4019862431202,33.7765651127881],[-84.4019888672275,33.7765664431302],[-84.4019989252233,33.7765658162378],[-84.401999207002,33.7765689651689],[-84.4019566810099,33.7765716150602],[-84.4019560201504,33.7766055517759],[-84.4020121933854,33.7766063147586],[-84.4020121137901,33.7766103741452],[-84.4019559320701,33.776610062906],[-84.4019553335474,33.7766407355244],[-84.4020093605566,33.7766407920989],[-84.4020089201641,33.7766633459463],[-84.4020075609041,33.7766637786261],[-84.4020072048862,33.7766820467631],[-84.4020555403693,33.7766831546767],[-84.4020537385857,33.7767756251724],[-84.4020070152836,33.7767749902558],[-84.4020053450247,33.7768606945066],[-84.4020520598889,33.7768617802654],[-84.402050258099,33.7769542507584],[-84.402001913979,33.7769535936854],[-84.4020015797081,33.7769707338142],[-84.4020031919447,33.7769712068117],[-84.4020029144412,33.7769854155636],[-84.4020026125659,33.7770009777406],[-84.4019961307582,33.777000889116],[-84.4019964459016,33.7769846506751],[-84.4019829302242,33.7769851435029],[-84.4019818971703,33.7770381445414],[-84.4019808163303,33.7770381303727],[-84.401980641249,33.7770471517286],[-84.4019723691948,33.7770470394668],[-84.4019449907579,33.7770466678905],[-84.401945165843,33.7770376465346],[-84.4019440860828,33.7770376323634],[-84.4019445784781,33.777012371661],[-84.4019218916136,33.7770120632671],[-84.4019209418244,33.7770607794988],[-84.4019122994091,33.7770606616275],[-84.4019127038148,33.777039942711],[-84.4019070328241,33.7770398354048]]]},"properties":{"OBJECTID":38,"ACCESSTYPE":"Faculty","Address":"771 FERST DRIVE","ASF":80473,"BLDG_CODE":"144","CONDITION":null,"BLDG_TYPE":"Academic/Research","FLOORCOUNT":6,"GSF":158133,"BLDG_NAME":"Love / MRDC II","OWNEDBY2":"GT","PLANRENO":null,"BLDG_NUM":"144","Common_Name":"Love Manufacturing","Heating":2,"Cooling":2,"Cistern":1,"Steam":"Yes","CHW":"HOL","Electric":"GTME","Gas":"AGL","OWNEDBY":null,"UNDERGROUND":"No","GlobalID":"e4ee9c0d-c8a8-4a68-8ba7-e4301ee3109b","Creator":"malexander_GTFM","EditDate":1656474313000,"Editor":"malexander_GTFM","STATUS":null,"NRHP_ELIG":null,"NRHP_TRT":null,"NRHP_VAL":null,"NRHP_PHS":null,"EVENTS":null,"CONSTDATE":null,"RENODATE":null,"BUILDING_TYPE_NEW":"Research","Photos":"https://fm-gis2.ad.gatech.edu/images/building/144_small.jpg","FACUpdate":null,"DevAction":"Keep","Note":null,"PPV1":"False","Shape__Area":42495.155517578125,"Shape__Length":1681.8840653266188,"WhiteRoof":"Yes","FloodedBldg":"Yes"}},{"type":"Feature","id":39,"geometry":{"type":"Polygon","coordinates":[[[-84.4005771097068,33.7772420827095],[-84.4005982537915,33.7772173995967],[-84.4006022847469,33.7772191159131],[-84.4006026204942,33.7771646816801],[-84.4005685159619,33.7771645353381],[-84.4005683411672,33.7771927853094],[-84.400463551695,33.7771923328843],[-84.4004636979726,33.7771686759793],[-84.4004603983016,33.7771686623942],[-84.4004603809537,33.7771714178737],[-84.4004394783469,33.7771713276334],[-84.4004396312307,33.7771465229136],[-84.4004605349111,33.7771466131519],[-84.4004605175656,33.7771493695331],[-84.4004638183155,33.7771493831162],[-84.4004640379617,33.7771137836991],[-84.4004607372107,33.7771137692144],[-84.4004607209449,33.7771165255936],[-84.4004398172718,33.7771164353553],[-84.4004399712327,33.7770916297316],[-84.4004608738201,33.7770917199719],[-84.4004608575543,33.7770944763511],[-84.4004641572249,33.7770944908379],[-84.4004643810154,33.7770584297671],[-84.4004610802689,33.777058416184],[-84.400461062921,33.7770611716636],[-84.400440160341,33.7770610814233],[-84.4004403132246,33.7770362767031],[-84.4004612168782,33.7770363669413],[-84.4004611995328,33.7770391233225],[-84.4004645002784,33.7770391369057],[-84.4004647203794,33.777003307566],[-84.4004614196327,33.7770032930812],[-84.4004614033669,33.7770060494605],[-84.4004404997206,33.7770059592222],[-84.4004406536813,33.776981153598],[-84.4004615562419,33.7769812438383],[-84.4004615399762,33.7769840002176],[-84.4004648396424,33.7769840147044],[-84.4004650619027,33.7769481853603],[-84.4004617611605,33.7769481717772],[-84.4004617438126,33.7769509272568],[-84.4004408412594,33.7769508370165],[-84.4004409952225,33.7769260322938],[-84.4004618977697,33.7769261225341],[-84.4004618804242,33.7769288789154],[-84.4004651811657,33.7769288924985],[-84.4004654023461,33.7768930631562],[-84.4004621026833,33.7768930486693],[-84.4004620853378,33.7768958050506],[-84.400441182798,33.7768957148104],[-84.4004413356788,33.7768709091878],[-84.4004622382126,33.7768709994281],[-84.4004622219469,33.7768737558074],[-84.4004655216089,33.7768737702942],[-84.4004656281309,33.7768565440415],[-84.4004656949001,33.7768457493438],[-84.4004658569876,33.7768195659802],[-84.4004659411021,33.7768060149011],[-84.4004362367681,33.7768059431379],[-84.4003800208459,33.7768058061667],[-84.4003972664266,33.7768250048297],[-84.4004115960996,33.7768542912797],[-84.4004162514606,33.7768859502643],[-84.4004115027371,33.7769173123844],[-84.400396793745,33.7769467439984],[-84.4003735783806,33.7769720810909],[-84.4003432476784,33.776991467228],[-84.4003078642597,33.7770034414306],[-84.4002699631889,33.77700755889],[-84.400232091776,33.7770031114947],[-84.4001971417907,33.7769905950906],[-84.4001670679401,33.7769709545192],[-84.4001434563149,33.7769441813732],[-84.4001298311983,33.7769158763595],[-84.4001251841617,33.7768844616958],[-84.4001305024481,33.7768528667844],[-84.4001452207405,33.7768236515802],[-84.4001632655097,33.7768047368584],[-84.4000701645289,33.7768043079666],[-84.4000702793803,33.7767857445489],[-84.4000558517542,33.7767839937782],[-84.4000354308464,33.7767815330182],[-84.4000005118887,33.7767692662565],[-84.3999701678394,33.776749879511],[-84.3999472339846,33.7767245467856],[-84.399932900575,33.7766950105303],[-84.399927968574,33.7766635945932],[-84.3999333502438,33.7766318598132],[-84.3999479895393,33.7766025681404],[-84.399971234635,33.7765774348434],[-84.40000181756,33.7765583107004],[-84.4000369190252,33.7765463335115],[-84.4000620628809,33.7765437396977],[-84.4000745333424,33.7765424528989],[-84.4000900675722,33.7765441799348],[-84.4001123671766,33.7765466578703],[-84.4001476013716,33.7765589375293],[-84.4001776808811,33.7765783310439],[-84.4002006045861,33.776603891864],[-84.4002149222171,33.7766331558196],[-84.4002195894534,33.7766648454466],[-84.4002145212783,33.7766962830021],[-84.4001998562844,33.7767256261486],[-84.4001820764353,33.7767450732508],[-84.4002184180045,33.7767452298929],[-84.4005655988753,33.7767467273143],[-84.4005659403339,33.7766916051063],[-84.4006055437432,33.7766917752886],[-84.400605716534,33.7766639842593],[-84.4007102300292,33.7766644343837],[-84.400710103148,33.7766848759648],[-84.4007134038825,33.776684890443],[-84.4007134212199,33.7766821340616],[-84.4007277233187,33.7766821952986],[-84.4007275694407,33.776707000924],[-84.4007132673354,33.7767069387853],[-84.4007132846752,33.7767041833055],[-84.4007099839399,33.7767041688273],[-84.4007097628614,33.7767399981708],[-84.4007130625183,33.776740012651],[-84.4007130798557,33.7767372562696],[-84.4007273819661,33.7767373184084],[-84.4007272280856,33.7767621231318],[-84.4007129270532,33.7767620618928],[-84.4007129433109,33.7767593055134],[-84.4007096436533,33.7767592910332],[-84.400709422577,33.776795121278],[-84.4007127233157,33.7767951357562],[-84.4007127395735,33.7767923793769],[-84.4007270406108,33.7767924406159],[-84.4007268888921,33.7768172462368],[-84.4007125867684,33.7768171840981],[-84.4007126041083,33.7768144286183],[-84.4007093033688,33.7768144141402],[-84.4007090822899,33.776850243483],[-84.4007123819511,33.7768502579632],[-84.4007123992885,33.7768475015819],[-84.4007267014172,33.7768475637206],[-84.4007265475365,33.7768723684436],[-84.4007122454062,33.7768723072066],[-84.4007122627436,33.7768695508253],[-84.400708962002,33.7768695363471],[-84.4007087409254,33.7769053665912],[-84.4007120416684,33.7769053810694],[-84.4007120579261,33.7769026246901],[-84.4007263600615,33.7769026859272],[-84.4007262072629,33.7769274915496],[-84.4007119051209,33.7769274294109],[-84.4007119224608,33.7769246739313],[-84.4007086217171,33.7769246594531],[-84.4007083995582,33.7769604887973],[-84.4007117003033,33.7769605032755],[-84.4007117176408,33.7769577468942],[-84.4007260197878,33.7769578090329],[-84.4007258659044,33.7769826128539],[-84.4007115637557,33.7769825516168],[-84.4007115810932,33.7769797952355],[-84.4007082803473,33.7769797807573],[-84.4007081850725,33.7769951694229],[-84.4007520276578,33.7769953585678],[-84.4008071988087,33.7769955965331],[-84.4008043035918,33.7769922433745],[-84.4008343494239,33.7769741506331],[-84.4008694436038,33.7769626510972],[-84.4009071504996,33.7769590125992],[-84.4009430578665,33.7769638386029],[-84.4009668158891,33.7769721121351],[-84.4009861803988,33.7769811297524],[-84.4010073828507,33.7769953950944],[-84.4010305903069,33.7770211418608],[-84.4010446160568,33.7770501456944],[-84.4010495756505,33.7770816237455],[-84.401044214592,33.777112856312],[-84.4010298454004,33.7771417093962],[-84.4010063434841,33.7771672373992],[-84.4009771588073,33.7771859642112],[-84.4009426225646,33.7771981822362],[-84.4009029128607,33.7772030778419],[-84.4008679991856,33.77719881167],[-84.4008330401727,33.7771870086703],[-84.4008061159587,33.7771706524052],[-84.4008058072243,33.7772206811184],[-84.4008098453652,33.7772182903923],[-84.4008309709005,33.7772431647402],[-84.4008439013654,33.7772720164915],[-84.4008477215305,33.7773026058803],[-84.4008418096035,33.7773333967715],[-84.4008268242811,33.7773616387792],[-84.4008038983135,33.7773857906319],[-84.4007938178492,33.7773920879552],[-84.4007741189389,33.77740424893],[-84.4007395892749,33.7774157527776],[-84.4007028081716,33.7774196392263],[-84.4006663559828,33.7774154372277],[-84.4006319724099,33.777403636687],[-84.4006270663603,33.7774005425041],[-84.4006024223403,33.7773849221281],[-84.400579811527,33.7773605897444],[-84.4005651624031,33.7773322046719],[-84.4005596627437,33.777301386733],[-84.4005638025941,33.7772708652006],[-84.4005720389015,33.7772530509916],[-84.4005771097068,33.7772420827095]]]},"properties":{"OBJECTID":39,"ACCESSTYPE":"Faculty","Address":"801 FERST DRIVE","ASF":65134,"BLDG_CODE":"135","CONDITION":null,"BLDG_TYPE":"Academic/Research","FLOORCOUNT":4,"GSF":121973,"BLDG_NAME":"MRDC","OWNEDBY2":"GT","PLANRENO":null,"BLDG_NUM":"135","Common_Name":"MRDC","Heating":2,"Cooling":2,"Cistern":0,"Steam":"Yes","CHW":"HOL","Electric":"GTME","Gas":"AGL","OWNEDBY":null,"UNDERGROUND":"No","GlobalID":"bdba98a4-c7c1-48f9-a64e-4db9cb8281a3","Creator":"malexander_GTFM","EditDate":1656474313000,"Editor":"malexander_GTFM","STATUS":null,"NRHP_ELIG":null,"NRHP_TRT":null,"NRHP_VAL":null,"NRHP_PHS":null,"EVENTS":"Maker Space","CONSTDATE":null,"RENODATE":null,"BUILDING_TYPE_NEW":"Academic","Photos":"https://fm-gis2.ad.gatech.edu/images/building/135_small.jpg","FACUpdate":null,"DevAction":"Keep","Note":null,"PPV1":"False","Shape__Area":41032.067138671875,"Shape__Length":1686.9003201301985,"WhiteRoof":"No","FloodedBldg":"No"}},{"type":"Feature","id":40,"geometry":{"type":"Polygon","coordinates":[[[-84.3994107019865,33.7759436944825],[-84.3994117280687,33.7759094920001],[-84.3994564812316,33.7759104273585],[-84.3994957675305,33.7759112494884],[-84.3995240196729,33.7759118399635],[-84.3995229936354,33.7759460424466],[-84.3994107019865,33.7759436944825]]]},"properties":{"OBJECTID":40,"ACCESSTYPE":"Employee","Address":"770 STATE STREET","ASF":366,"BLDG_CODE":"103A","CONDITION":null,"BLDG_TYPE":" ","FLOORCOUNT":1,"GSF":434,"BLDG_NAME":"Boggs Storage Facility","OWNEDBY2":"GT","PLANRENO":null,"BLDG_NUM":"103A","Common_Name":"Boggs Storage","Heating":0,"Cooling":0,"Cistern":0,"Steam":"No","CHW":"No","Electric":"GTME","Gas":"No","OWNEDBY":null,"UNDERGROUND":"No","GlobalID":"16a82f96-2ddf-4331-bf45-b756556f91ef","Creator":"malexander_GTFM","EditDate":1656474313000,"Editor":"malexander_GTFM","STATUS":null,"NRHP_ELIG":null,"NRHP_TRT":null,"NRHP_VAL":null,"NRHP_PHS":null,"EVENTS":null,"CONSTDATE":null,"RENODATE":null,"BUILDING_TYPE_NEW":"Facilities Services and Campus Support","Photos":"https://fm-gis2.ad.gatech.edu/images/building/103A_small.jpg","FACUpdate":null,"DevAction":"Keep","Note":null,"PPV1":"False","Shape__Area":424.917236328125,"Shape__Length":93.162470671618109,"WhiteRoof":"No","FloodedBldg":"No"}},{"type":"Feature","id":41,"geometry":{"type":"Polygon","coordinates":[[[-84.3989937141828,33.7754080163839],[-84.3989944197493,33.7753530134001],[-84.39899422984,33.7753290586751],[-84.3989964187614,33.7751972051218],[-84.3989976827869,33.7750987008967],[-84.3989982555147,33.7750540851884],[-84.3989985820005,33.7750286417646],[-84.39899999511,33.7749185717689],[-84.3990003055997,33.7748944024087],[-84.3990017255983,33.7747836859132],[-84.3991690443118,33.7747851822273],[-84.3991903342197,33.7747853729395],[-84.3991902084648,33.774795175033],[-84.3992325161946,33.7747955533525],[-84.3992326419472,33.7747857521606],[-84.3992536586846,33.7747859397701],[-84.3994212494959,33.7747874388359],[-84.3994196816882,33.774888414168],[-84.3994194045736,33.7749312692971],[-84.3994391129262,33.7749315197532],[-84.3994365900943,33.775315319783],[-84.3994335847541,33.7753155211098],[-84.3994325584009,33.7753955284038],[-84.3993572263082,33.7753946272528],[-84.3993568979999,33.7754201563361],[-84.3993568017284,33.775427678096],[-84.3992331599746,33.7754265713031],[-84.3992050432571,33.7754260923106],[-84.3991613704404,33.775425701226],[-84.3991324948256,33.7754256708659],[-84.399068018903,33.7754250944212],[-84.3990682293994,33.775408683964],[-84.3989937141828,33.7754080163839]]]},"properties":{"OBJECTID":41,"ACCESSTYPE":"Public","Address":"349 FERST DRIVE","ASF":28199,"BLDG_CODE":"124","CONDITION":null,"BLDG_TYPE":"Admin/Services","FLOORCOUNT":3,"GSF":38213,"BLDG_NAME":"Ferst Center for the Arts","OWNEDBY2":"GT","PLANRENO":"Future","BLDG_NUM":"124","Common_Name":"Ferst Center for Arts","Heating":2,"Cooling":2,"Cistern":0,"Steam":"Yes","CHW":"HOL","Electric":"GTME","Gas":"No","OWNEDBY":null,"UNDERGROUND":"No","GlobalID":"47a04f5f-9e85-45e6-9d90-fa6fbac3facb","Creator":"malexander_GTFM","EditDate":1656474313000,"Editor":"malexander_GTFM","STATUS":"Proposed Demolished","NRHP_ELIG":null,"NRHP_TRT":null,"NRHP_VAL":null,"NRHP_PHS":null,"EVENTS":"Event Space","CONSTDATE":null,"RENODATE":null,"BUILDING_TYPE_NEW":"Campus Life","Photos":"https://fm-gis2.ad.gatech.edu/images/building/124_small.jpg","FACUpdate":null,"DevAction":"Demo","Note":"Repurpose/remove, install State Street Promenade","PPV1":"False","Shape__Area":30396.131591796875,"Shape__Length":741.11703318427533,"WhiteRoof":"No","FloodedBldg":"Yes"}},{"type":"Feature","id":42,"geometry":{"type":"MultiPolygon","coordinates":[[[[-84.3994443686224,33.7753074724632],[-84.3994366420566,33.7753073860517],[-84.3994391129262,33.7749315197532],[-84.399447710354,33.7749318506729],[-84.3994474038623,33.7749434798537],[-84.3994919607847,33.7749442992576],[-84.399493199465,33.7749180570514],[-84.3996227671538,33.7749204408602],[-84.3996212533927,33.7749882434208],[-84.3996781097683,33.7749892892978],[-84.3996784476545,33.7749765059431],[-84.3996839144261,33.7749766065245],[-84.3997221839847,33.7749773096818],[-84.3997186600748,33.7751109654679],[-84.3997175418484,33.7751533569319],[-84.3997168417579,33.7751799073887],[-84.3997148158526,33.7752567193167],[-84.3997057955984,33.7752565542164],[-84.3997048213261,33.7752934967262],[-84.3997043366399,33.775311876008],[-84.3997133471284,33.7753124198206],[-84.3997131424859,33.7753201807231],[-84.3998349873026,33.7753224211018],[-84.3999359259308,33.7753242771017],[-84.3999352571724,33.7753496156798],[-84.3999761269479,33.7753503670405],[-84.3999816131805,33.7753504684735],[-84.4000566269426,33.7753518468192],[-84.4000565182386,33.7753559558515],[-84.4000417569178,33.7753556844181],[-84.4000399103155,33.7754403809534],[-84.4000280427268,33.7754401635552],[-84.4000259720785,33.7755186905106],[-84.4000467476668,33.7755190713939],[-84.4000465968677,33.7755247782324],[-84.4000342962844,33.7755245526372],[-84.4000320433843,33.7755788687862],[-84.4000451645897,33.7755791090595],[-84.40004501965,33.775584587769],[-84.4000318995235,33.7755843474936],[-84.4000304661508,33.7756386765188],[-84.4000435873677,33.7756389176939],[-84.4000434435075,33.7756443964013],[-84.4000303222898,33.7756441552262],[-84.4000288889177,33.7756984851525],[-84.4000420101413,33.7756987254261],[-84.400041866281,33.7757042041335],[-84.4000287450566,33.7757039638598],[-84.4000273127625,33.7757582937836],[-84.4000404329155,33.7757585340593],[-84.400040289055,33.7757640127666],[-84.4000279902546,33.7757636609363],[-84.4000264600597,33.7758197141008],[-84.4000388157524,33.7758199404942],[-84.4000387070471,33.7758240495261],[-84.4000179324623,33.775823667738],[-84.4000158617976,33.7759021946885],[-84.4000421032321,33.775902677042],[-84.4000419956066,33.7759067860719],[-84.4000272341938,33.7759065155388],[-84.4000251086419,33.7759870965543],[-84.4000398700686,33.7759873670877],[-84.4000397624429,33.7759914761175],[-84.3999460012908,33.7759897527049],[-84.3999469940199,33.7759520870381],[-84.3999180186153,33.7759515548309],[-84.3999174409792,33.7759734687613],[-84.3997701020577,33.7759707590754],[-84.3997700716787,33.7759719006237],[-84.3996891597191,33.7759704133225],[-84.3996897795146,33.7759469015867],[-84.3996635380657,33.7759464182566],[-84.3996625020311,33.7759856817299],[-84.3995804951803,33.7759841738834],[-84.3995808810457,33.7759695636942],[-84.3995813137978,33.7759531284738],[-84.3995816026574,33.7759421710583],[-84.3995820364866,33.775925734934],[-84.3995824399341,33.775910440358],[-84.3995827229351,33.775899711973],[-84.3995696016794,33.7758994707491],[-84.3995697466497,33.7758939920403],[-84.3995828679045,33.7758942332642],[-84.3995959880798,33.7758944744888],[-84.3995980580477,33.7758159475458],[-84.3995772834665,33.7758155656835],[-84.3995774284362,33.7758100869746],[-84.3995883620852,33.7758102881457],[-84.3995897888597,33.7757562097981],[-84.399578861015,33.7757557570554],[-84.3995790049049,33.7757502783485],[-84.3995899366529,33.775750577803],[-84.3995913829649,33.7756957402273],[-84.3995804385616,33.7756959484267],[-84.3995805824513,33.7756904697197],[-84.3995915259987,33.7756903444739],[-84.3995927876136,33.7756358814317],[-84.399582027828,33.7756356835395],[-84.3995821717175,33.7756302048325],[-84.399593116254,33.7756300489286],[-84.3995944623289,33.7755760753232],[-84.3995836053731,33.7755758758112],[-84.3995837492625,33.7755703971042],[-84.3995942196639,33.7755705892309],[-84.3995961096802,33.7755165316464],[-84.3995851818318,33.7755160662811],[-84.3995853268006,33.775510587572],[-84.3996061013083,33.7755109694332],[-84.3996081723397,33.7754324424832],[-84.3995819310504,33.7754319600367],[-84.3995820749397,33.7754264813295],[-84.3995951961233,33.7754267225524],[-84.3995972778074,33.7753477402473],[-84.3995841577155,33.7753474990225],[-84.3995843016045,33.7753420203152],[-84.3996594740817,33.7753434031111],[-84.3996603171858,33.7753114442784],[-84.3996682505359,33.7753113391353],[-84.3996697124126,33.7752558902057],[-84.3996700503007,33.7752431068516],[-84.3996145596455,33.7752420863446],[-84.3996122311228,33.7753096460919],[-84.3995398325642,33.775308314837],[-84.3994823651494,33.7753081707996],[-84.3994824424695,33.7753052222527],[-84.3994830798475,33.7752810062921],[-84.3994450854894,33.7752803070502],[-84.3994444371412,33.7753048620523],[-84.3994443686224,33.7753074724632]]],[[[-84.3994366420566,33.7753073860517],[-84.3994365900943,33.775315319783],[-84.3994359337527,33.7753073783711],[-84.3994366420566,33.7753073860517]]]]},"properties":{"OBJECTID":42,"ACCESSTYPE":"Faculty","Address":"770 STATE STREET","ASF":87284,"BLDG_CODE":"103","CONDITION":null,"BLDG_TYPE":"Academic/Research","FLOORCOUNT":4,"GSF":152751,"BLDG_NAME":"Boggs Chemistry","OWNEDBY2":"GT","PLANRENO":null,"BLDG_NUM":"103","Common_Name":"Boggs Chemistry","Heating":2,"Cooling":2,"Cistern":0,"Steam":"Yes","CHW":"HOL","Electric":"GTME","Gas":"AGL","OWNEDBY":null,"UNDERGROUND":"No","GlobalID":"32068a44-5b4c-4b93-bb3a-a0485f228ec7","Creator":"malexander_GTFM","EditDate":1656474313000,"Editor":"malexander_GTFM","STATUS":null,"NRHP_ELIG":null,"NRHP_TRT":null,"NRHP_VAL":null,"NRHP_PHS":null,"EVENTS":null,"CONSTDATE":null,"RENODATE":null,"BUILDING_TYPE_NEW":"Academic","Photos":"https://fm-gis2.ad.gatech.edu/images/building/103_small.jpg","FACUpdate":null,"DevAction":"Keep","Note":"As-is","PPV1":"False","Shape__Area":41810.021240234375,"Shape__Length":1493.4234278384909,"WhiteRoof":"Yes","FloodedBldg":"No"}},{"type":"Feature","id":43,"geometry":{"type":"Polygon","coordinates":[[[-84.4054510396203,33.7750054718536],[-84.4054133097935,33.7749794465437],[-84.4053970005833,33.774996036925],[-84.4051149954776,33.7748006306772],[-84.4055187480838,33.7743937541296],[-84.4055592959188,33.7744218134916],[-84.4055994208082,33.7744495797204],[-84.4056708001665,33.7744989746431],[-84.4056172660639,33.7745530827325],[-84.4056076625866,33.7745625488323],[-84.4056136620192,33.774566680306],[-84.4056606763386,33.7745990541396],[-84.4058356457236,33.774720312823],[-84.4058294085354,33.774726599504],[-84.405744883439,33.774812002716],[-84.4057330564182,33.7748038187939],[-84.4055741608594,33.7749639532566],[-84.4055859878872,33.7749721371937],[-84.4054949676098,33.7750636488727],[-84.4054628891998,33.7750416322043],[-84.4054709384981,33.7750335188962],[-84.4054430622912,33.7750142297021],[-84.4054510396203,33.7750054718536]]]},"properties":{"OBJECTID":43,"ACCESSTYPE":"Private","Address":"811 MARIETTA ST","ASF":36231,"BLDG_CODE":"138","CONDITION":null,"BLDG_TYPE":"Admin/Services","FLOORCOUNT":2,"GSF":44856,"BLDG_NAME":"Printing and Copying Services","OWNEDBY2":"GT","PLANRENO":null,"BLDG_NUM":"138","Common_Name":"811 Marietta St (PCS)","Heating":1,"Cooling":1,"Cistern":0,"Steam":"No","CHW":"No","Electric":"GTME","Gas":"AGL","OWNEDBY":null,"UNDERGROUND":"No","GlobalID":"f5371005-ec0c-434a-b5a4-53cebdb50c1d","Creator":"malexander_GTFM","EditDate":1656482009000,"Editor":"malexander_GTFM","STATUS":null,"NRHP_ELIG":null,"NRHP_TRT":null,"NRHP_VAL":null,"NRHP_PHS":null,"EVENTS":null,"CONSTDATE":null,"RENODATE":null,"BUILDING_TYPE_NEW":"Administrative","Photos":"https://fm-gis2.ad.gatech.edu/images/building/138_small.jpg","FACUpdate":null,"DevAction":"Demo","Note":null,"PPV1":"False","Shape__Area":25634.483642578125,"Shape__Length":709.376089847238,"WhiteRoof":"Yes","FloodedBldg":"No"}},{"type":"Feature","id":44,"geometry":{"type":"Polygon","coordinates":[[[-84.4057892432111,33.7756119639215],[-84.4054906306189,33.7753944335511],[-84.4059030649671,33.774999598572],[-84.4061011024628,33.7751438628706],[-84.4062141178969,33.7752261906569],[-84.4061899501874,33.7752495632902],[-84.4061260792063,33.7753107651122],[-84.406126057953,33.7753170965506],[-84.4061260878882,33.7753220348379],[-84.4061243448163,33.7753265347562],[-84.4061099014054,33.7753411866663],[-84.4061059219298,33.7753443988567],[-84.4061008124949,33.7753462337124],[-84.4060953351619,33.775346616721],[-84.4060899721592,33.7753450167759],[-84.4060003180474,33.7754311640499],[-84.4059972290607,33.7754338957329],[-84.4059835269112,33.7754239220874],[-84.4059687910698,33.7754382607731],[-84.4059374273016,33.7754683357609],[-84.405823178335,33.7755793413316],[-84.4058167154073,33.7755856212354],[-84.4058077456974,33.7755943368489],[-84.4057892432111,33.7756119639215]]]},"properties":{"OBJECTID":44,"ACCESSTYPE":"Secure","Address":"831 MARIETTA ST","ASF":21728,"BLDG_CODE":"184","CONDITION":null,"BLDG_TYPE":"Admin/Services","FLOORCOUNT":1,"GSF":23300,"BLDG_NAME":"831 Marieta St NW","OWNEDBY2":"GT","PLANRENO":null,"BLDG_NUM":"184","Common_Name":"831 Marietta St","Heating":1,"Cooling":1,"Cistern":0,"Steam":"No","CHW":"No","Electric":"GTME","Gas":"AGL","OWNEDBY":null,"UNDERGROUND":"No","GlobalID":"e27bc21d-4866-470b-9c1e-ff85307b6622","Creator":"malexander_GTFM","EditDate":1656482009000,"Editor":"malexander_GTFM","STATUS":null,"NRHP_ELIG":null,"NRHP_TRT":null,"NRHP_VAL":null,"NRHP_PHS":null,"EVENTS":null,"CONSTDATE":null,"RENODATE":null,"BUILDING_TYPE_NEW":"Research","Photos":"https://fm-gis2.ad.gatech.edu/images/building/184_small.jpg","FACUpdate":null,"DevAction":"Demo","Note":null,"PPV1":"False","Shape__Area":23488.831787109375,"Shape__Length":635.55417439128189,"WhiteRoof":"No","FloodedBldg":"No"}},{"type":"Feature","id":45,"geometry":{"type":"Polygon","coordinates":[[[-84.4028975771118,33.7749826565968],[-84.402885072716,33.7749777755465],[-84.402873163874,33.7749719475224],[-84.4028619543724,33.774965221917],[-84.4028515404622,33.7749576562519],[-84.402842010861,33.7749493170798],[-84.4028334489029,33.7749402763735],[-84.402825928217,33.7749306106327],[-84.4028195138169,33.7749204044886],[-84.4028142599269,33.7749097452976],[-84.402815458619,33.7749090424206],[-84.4028114866907,33.7748981220024],[-84.4028076010686,33.7748785185133],[-84.4028067474529,33.7748645057745],[-84.4028052177816,33.7748645988666],[-84.4028049512352,33.7748477276703],[-84.402805192488,33.7748364908253],[-84.4028062319201,33.7748190617127],[-84.4028074057187,33.7748077121801],[-84.4028089466973,33.7747963935029],[-84.4028108537961,33.774785112896],[-84.4028131248826,33.7747738802819],[-84.4028157578196,33.7747627037793],[-84.4028187526243,33.7747515896998],[-84.4028221060847,33.7747405479677],[-84.4028259103041,33.7747293052063],[-84.4028304029574,33.7747187003984],[-84.4028363418071,33.7747082740548],[-84.4028435616649,33.774698421415],[-84.4028519710985,33.7746892670814],[-84.4028615087562,33.7746808805986],[-84.4028720356998,33.7746733866601],[-84.4028835584298,33.7746667933681],[-84.4028959206189,33.7746615770937],[-84.4029093395435,33.7746582252142],[-84.4029232563801,33.7746569038014],[-84.4029372339682,33.7746576542663],[-84.4029508349691,33.7746604531017],[-84.4029636294263,33.7746652127691],[-84.4029752185227,33.7746717834564],[-84.4029852367556,33.774679958484],[-84.4029922795915,33.7746901841546],[-84.4029916714385,33.7746975509119],[-84.4030082332928,33.7746985038],[-84.4030094119801,33.774684226593],[-84.4030601393302,33.7746866522585],[-84.4030601115383,33.7746871473185],[-84.4030603818328,33.7747851644549],[-84.4032624140358,33.7747847764018],[-84.403262177618,33.7746987737102],[-84.4032621566876,33.7746986222729],[-84.4034310286268,33.774708629538],[-84.4034243302067,33.7747918350844],[-84.4034229760429,33.774808236923],[-84.4034102276692,33.7749627314405],[-84.4034083738187,33.7749831375703],[-84.4033623543515,33.774980535312],[-84.4033613474735,33.7749913092754],[-84.4033608459549,33.7749973945826],[-84.4029522873637,33.7749920633843],[-84.4029375159137,33.7749912287841],[-84.4029239380802,33.7749894154084],[-84.4029105689709,33.7749865466993],[-84.4028975771118,33.7749826565968]]]},"properties":{"OBJECTID":45,"ACCESSTYPE":"Public","Address":"740 FERST DR","ASF":25551,"BLDG_CODE":"177","CONDITION":null,"BLDG_TYPE":"Admin/Services","FLOORCOUNT":2,"GSF":38750,"BLDG_NAME":"Whitehead Student Health Center","OWNEDBY2":"GT","PLANRENO":null,"BLDG_NUM":"177","Common_Name":"Student Health Center","Heating":2,"Cooling":2,"Cistern":0,"Steam":"Yes","CHW":"HOL","Electric":"GTME","Gas":"AGL","OWNEDBY":null,"UNDERGROUND":"No","GlobalID":"8aa495b8-9bc4-48f3-919f-55d7818b3df6","Creator":"malexander_GTFM","EditDate":1656474313000,"Editor":"malexander_GTFM","STATUS":null,"NRHP_ELIG":null,"NRHP_TRT":null,"NRHP_VAL":null,"NRHP_PHS":null,"EVENTS":null,"CONSTDATE":null,"RENODATE":null,"BUILDING_TYPE_NEW":"Student Services","Photos":"https://fm-gis2.ad.gatech.edu/images/building/177_small.jpg","FACUpdate":null,"DevAction":"Keep","Note":null,"PPV1":"False","Shape__Area":17921.739990234375,"Shape__Length":642.56727218399146,"WhiteRoof":"No","FloodedBldg":"No"}},{"type":"Feature","id":46,"geometry":{"type":"Polygon","coordinates":[[[-84.4026798519382,33.7735288927882],[-84.4024656554834,33.7734456181054],[-84.4024603761202,33.7734425580674],[-84.402457229918,33.7734386076299],[-84.402456570917,33.7734337327555],[-84.4024580320232,33.7734291144079],[-84.402505197975,33.7733445043379],[-84.4025083399367,33.773345725482],[-84.4025096915324,33.7733433037671],[-84.4024948349558,33.7733373028103],[-84.4024909228199,33.7733355538678],[-84.4024883780003,33.7733335741946],[-84.4024863805634,33.7733311958469],[-84.4024850978084,33.7733287944939],[-84.4024844520633,33.7733263937271],[-84.4024842615009,33.7733250145638],[-84.4024843285843,33.7733234906439],[-84.4024847135181,33.7733213340586],[-84.4024854970621,33.7733192542538],[-84.4024870903014,33.7733167581419],[-84.4024887524489,33.7733149805149],[-84.4024913762331,33.7733130739175],[-84.4024944170511,33.7733116633333],[-84.4024977433585,33.773310813031],[-84.4024999236798,33.7733105861567],[-84.402502078719,33.7733105892518],[-84.4025046610996,33.7733109098135],[-84.4025079372478,33.7733118493858],[-84.4025207292464,33.7733169760777],[-84.4025307470596,33.7733207375592],[-84.4025318240355,33.7733189646565],[-84.4025329545802,33.7733194043054],[-84.4025452219121,33.7732973661268],[-84.4025441065004,33.7732969327607],[-84.4025451013887,33.7732951482934],[-84.402542191441,33.7732934903072],[-84.402540649923,33.7732920082327],[-84.4025395115588,33.7732902909581],[-84.4025387287982,33.7732879283228],[-84.4025387920088,33.7732849915217],[-84.4025394411214,33.773283104927],[-84.4025888791735,33.7731943906696],[-84.4025923027021,33.7731904096434],[-84.4025970643671,33.7731877641105],[-84.4026028650322,33.7731872174402],[-84.4026079069151,33.7731883294564],[-84.4026186046882,33.7731924034058],[-84.4028231088866,33.7732719121412],[-84.4028278000762,33.7732746685309],[-84.4028310977636,33.7732791290042],[-84.4028316994889,33.7732835838165],[-84.4028302694335,33.7732880993208],[-84.4028170696592,33.7733118290074],[-84.4028122743458,33.7733207059295],[-84.4027680389849,33.7734006056904],[-84.4027438604977,33.7734434299155],[-84.4027412243344,33.7734423971568],[-84.4027394256042,33.7734447629254],[-84.4027470165352,33.7734478122181],[-84.4027509758933,33.7734506349295],[-84.4027541500866,33.7734553381853],[-84.4027546872711,33.7734571260351],[-84.4027549573996,33.7734591704648],[-84.4027548446109,33.7734613490715],[-84.402754283969,33.7734636051754],[-84.4027534125464,33.7734655282626],[-84.4027521286203,33.7734674268925],[-84.4027505040709,33.7734691341222],[-84.4027485808917,33.7734706083953],[-84.4027464043275,33.7734718126576],[-84.4027445504132,33.7734725600667],[-84.4027414504719,33.7734732783014],[-84.4027387693133,33.7734735548273],[-84.4027370276926,33.7734735175843],[-84.4027337527573,33.7734730234318],[-84.4027319698707,33.7734725056873],[-84.4027253444246,33.7734699432423],[-84.4027238677816,33.7734724346259],[-84.4027268843756,33.773473607315],[-84.402699320765,33.7735230173595],[-84.4026959596489,33.7735269252353],[-84.4026911979659,33.7735295698703],[-84.4026853972783,33.7735301165449],[-84.4026798519382,33.7735288927882]]]},"properties":{"OBJECTID":46,"ACCESSTYPE":"Employee","Address":"500 TECH PARKWAY","ASF":13200,"BLDG_CODE":"142","CONDITION":null,"BLDG_TYPE":"Admin/Services","FLOORCOUNT":2,"GSF":16261,"BLDG_NAME":"Human Resources","OWNEDBY2":"GT","PLANRENO":null,"BLDG_NUM":"142","Common_Name":"OHR","Heating":3,"Cooling":1,"Cistern":0,"Steam":"No","CHW":"No","Electric":"GPC","Gas":"No","OWNEDBY":null,"UNDERGROUND":"No","GlobalID":"834a1f82-fb0b-4544-bc0e-aeb0b8f58f97","Creator":"malexander_GTFM","EditDate":1656482009000,"Editor":"malexander_GTFM","STATUS":null,"NRHP_ELIG":null,"NRHP_TRT":null,"NRHP_VAL":null,"NRHP_PHS":null,"EVENTS":null,"CONSTDATE":null,"RENODATE":null,"BUILDING_TYPE_NEW":"Administrative","Photos":"https://fm-gis2.ad.gatech.edu/images/building/142_small.jpg","FACUpdate":null,"DevAction":"Demo","Note":null,"PPV1":"False","Shape__Area":8419.193603515625,"Shape__Length":394.51875220711355,"WhiteRoof":"Yes","FloodedBldg":"No"}},{"type":"Feature","id":47,"geometry":{"type":"Polygon","coordinates":[[[-84.399464388532,33.7745646593943],[-84.399465095662,33.7745255155519],[-84.3993856871541,33.7745245157108],[-84.3993868855311,33.7744582014678],[-84.399363172589,33.7744579026515],[-84.3993630233292,33.7744661918181],[-84.3992775489745,33.7744651149824],[-84.3992788204475,33.7743946557083],[-84.3992300190292,33.7743940407853],[-84.3992305394062,33.7743652590779],[-84.3992481882041,33.774365339427],[-84.3992515954698,33.7741766704693],[-84.3994754823978,33.7741794897699],[-84.3994756740056,33.7741688986056],[-84.3994829178621,33.7741689895322],[-84.3995098634139,33.7741693291127],[-84.3995101217056,33.7741550527714],[-84.399763785165,33.7741582472578],[-84.3997633364251,33.7741831156637],[-84.399846052893,33.7741841577017],[-84.3998441744029,33.7742882335139],[-84.3998640262068,33.7742884836313],[-84.3998635605553,33.7743142726555],[-84.3998437087455,33.7743140225379],[-84.3998393336419,33.7745562532538],[-84.3997158096091,33.774554698598],[-84.3997154822482,33.7745422582246],[-84.3996961810448,33.774542014257],[-84.3996959566644,33.774554448459],[-84.3995120414973,33.7745525919535],[-84.3995118133936,33.7745652560836],[-84.399464388532,33.7745646593943]]]},"properties":{"OBJECTID":47,"ACCESSTYPE":"Public","Address":"353 FERST DRIVE","ASF":29001,"BLDG_CODE":"123","CONDITION":null,"BLDG_TYPE":"Admin/Services","FLOORCOUNT":2,"GSF":42598,"BLDG_NAME":"Smithgall Student Services Building","OWNEDBY2":"GT","PLANRENO":null,"BLDG_NUM":"123","Common_Name":"Smithgall Stu Srvcs Bldg","Heating":2,"Cooling":2,"Cistern":0,"Steam":"Yes","CHW":"HOL","Electric":"GTME","Gas":"No","OWNEDBY":null,"UNDERGROUND":"No","GlobalID":"fbe9f2de-96d7-4bd2-adfe-cd646de75e39","Creator":"malexander_GTFM","EditDate":1656474313000,"Editor":"malexander_GTFM","STATUS":null,"NRHP_ELIG":null,"NRHP_TRT":null,"NRHP_VAL":null,"NRHP_PHS":null,"EVENTS":null,"CONSTDATE":null,"RENODATE":null,"BUILDING_TYPE_NEW":"Student Services","Photos":"https://fm-gis2.ad.gatech.edu/images/building/123_small.jpg","FACUpdate":null,"DevAction":"Keep","Note":null,"PPV1":"False","Shape__Area":23562.7314453125,"Shape__Length":697.27912930855382,"WhiteRoof":"Yes","FloodedBldg":"Yes"}},{"type":"Feature","id":48,"geometry":{"type":"Polygon","coordinates":[[[-84.3946647257001,33.7748598446685],[-84.3946660261452,33.7747438727013],[-84.3948264394479,33.7747451270831],[-84.3948265984103,33.7747309654446],[-84.3948457439185,33.7747311148865],[-84.3948455849592,33.7747452765251],[-84.3949051003531,33.7747475233906],[-84.395169477206,33.7747495551915],[-84.3951682389726,33.7748618636356],[-84.3949115079932,33.7748585436584],[-84.3949104914645,33.774985367382],[-84.3948212927957,33.7749847082071],[-84.3948226887815,33.7748600540585],[-84.3946647257001,33.7748598446685]]]},"properties":{"OBJECTID":48,"ACCESSTYPE":"Employee","Address":"723 CHERRY ST","ASF":10606,"BLDG_CODE":"051A","CONDITION":null,"BLDG_TYPE":"Academic/Research","FLOORCOUNT":2,"GSF":18346,"BLDG_NAME":"Thomas Hinman building","OWNEDBY2":"GT","PLANRENO":null,"BLDG_NUM":"051A","Common_Name":"Hinman","Heating":2,"Cooling":2,"Cistern":0,"Steam":"Yes","CHW":"HOL","Electric":"GTME","Gas":"AGL","OWNEDBY":null,"UNDERGROUND":"No","GlobalID":"d5375d8d-91ce-4b12-a658-145edac8333b","Creator":"malexander_GTFM","EditDate":1656474313000,"Editor":"malexander_GTFM","STATUS":null,"NRHP_ELIG":null,"NRHP_TRT":null,"NRHP_VAL":null,"NRHP_PHS":"Phase III","EVENTS":null,"CONSTDATE":null,"RENODATE":null,"BUILDING_TYPE_NEW":"Research","Photos":"https://fm-gis2.ad.gatech.edu/images/building/051A_small.jpg","FACUpdate":null,"DevAction":"Keep","Note":"As-is","PPV1":"False","Shape__Area":7563.665283203125,"Shape__Length":491.01676794600331,"WhiteRoof":"No","FloodedBldg":"No"}},{"type":"Feature","id":50,"geometry":{"type":"Polygon","coordinates":[[[-84.3952230918462,33.774987119622],[-84.3949836208877,33.7749859768766],[-84.3949452132601,33.7749861263695],[-84.3949104914645,33.774985367382],[-84.3949115079932,33.7748585436584],[-84.3951682389726,33.7748618636356],[-84.3951679919107,33.7748843016998],[-84.3952242515502,33.7748847042496],[-84.3952239629998,33.7748943596721],[-84.3952233989006,33.7749246652359],[-84.3952231914756,33.7749408818288],[-84.3952230918462,33.774987119622]]]},"properties":{"OBJECTID":50,"ACCESSTYPE":"Employee","Address":"725 CHERRY ST","ASF":0,"BLDG_CODE":"051F","CONDITION":null,"BLDG_TYPE":"Academic/Research","FLOORCOUNT":2,"GSF":4388,"BLDG_NAME":"Rich Chiller Plant","OWNEDBY2":"GT","PLANRENO":null,"BLDG_NUM":"051F","Common_Name":"Rich Chiller Plant","Heating":0,"Cooling":5,"Cistern":0,"Steam":"No","CHW":"Rich","Electric":"GTME","Gas":"No","OWNEDBY":null,"UNDERGROUND":"No","GlobalID":"c73da767-aca5-4ae4-927f-7b34cc74df2b","Creator":"malexander_GTFM","EditDate":1656474313000,"Editor":"malexander_GTFM","STATUS":null,"NRHP_ELIG":null,"NRHP_TRT":null,"NRHP_VAL":null,"NRHP_PHS":null,"EVENTS":null,"CONSTDATE":null,"RENODATE":null,"BUILDING_TYPE_NEW":"Facilities Services and Campus Support","Photos":"https://fm-gis2.ad.gatech.edu/images/building/051F_small.jpg","FACUpdate":null,"DevAction":"Re-Evaluate","Note":"Functions","PPV1":"False","Shape__Area":4210.8232421875,"Shape__Length":281.69355980763112,"WhiteRoof":"No","FloodedBldg":"No"}},{"type":"Feature","id":51,"geometry":{"type":"Polygon","coordinates":[[[-84.3946620327784,33.7750986232873],[-84.3946632070913,33.7749831294331],[-84.3947501837999,33.7749838099602],[-84.3947676889701,33.7749838326078],[-84.3948212927957,33.7749847082071],[-84.3949104914645,33.774985367382],[-84.3949452132601,33.7749861263695],[-84.3949434423607,33.7750564756211],[-84.3949055604145,33.7750561805167],[-84.3949050688426,33.7751000350666],[-84.3946620327784,33.7750986232873]]]},"properties":{"OBJECTID":51,"ACCESSTYPE":"Secure","Address":"240 FOURTH ST","ASF":3944,"BLDG_CODE":"051B","CONDITION":null,"BLDG_TYPE":"Admin/Services","FLOORCOUNT":2,"GSF":6782,"BLDG_NAME":"Calculator","OWNEDBY2":"GT","PLANRENO":"Future","BLDG_NUM":"051B","Common_Name":"Calculator","Heating":2,"Cooling":2,"Cistern":0,"Steam":"Yes","CHW":"HOL","Electric":"GTME","Gas":"AGL","OWNEDBY":null,"UNDERGROUND":"No","GlobalID":"430df26c-a141-4f3f-b984-1c66cd457a4d","Creator":"malexander_GTFM","EditDate":1656474313000,"Editor":"malexander_GTFM","STATUS":null,"NRHP_ELIG":"Yes","NRHP_TRT":"Extensive Rehab","NRHP_VAL":"1","NRHP_PHS":"Phase III","EVENTS":null,"CONSTDATE":1947,"RENODATE":null,"BUILDING_TYPE_NEW":"Academic","Photos":"https://fm-gis2.ad.gatech.edu/images/building/051B_small.jpg","FACUpdate":null,"DevAction":"Re-Evaluate","Note":"After adjacent demolition","PPV1":"False","Shape__Area":3394.014404296875,"Shape__Length":254.653282576621,"WhiteRoof":"No","FloodedBldg":"No"}},{"type":"Feature","id":52,"geometry":{"type":"Polygon","coordinates":[[[-84.3949053608168,33.7750741499055],[-84.3949055604145,33.7750561805167],[-84.3949434423607,33.7750564756211],[-84.3949452132601,33.7749861263695],[-84.3949836208877,33.7749859768766],[-84.3952230918462,33.774987119622],[-84.3952313754268,33.7749871773147],[-84.3952314227411,33.7750127183189],[-84.3952303069536,33.7751028017159],[-84.394982644607,33.775100663388],[-84.3949828645271,33.7750748946732],[-84.3949053608168,33.7750741499055]]]},"properties":{"OBJECTID":52,"ACCESSTYPE":"Secure","Address":"240 FOURTH ST","ASF":3863,"BLDG_CODE":"051C","CONDITION":null,"BLDG_TYPE":"Admin/Services","FLOORCOUNT":2,"GSF":7063,"BLDG_NAME":"Old Rich Building","OWNEDBY2":"GT","PLANRENO":"Future","BLDG_NUM":"051C","Common_Name":"Rich (old)","Heating":2,"Cooling":2,"Cistern":0,"Steam":"Yes","CHW":"HOL","Electric":"GTME","Gas":"AGL","OWNEDBY":null,"UNDERGROUND":"No","GlobalID":"9f633933-2ae1-4206-9e37-a92863fcc074","Creator":"malexander_GTFM","EditDate":1656474313000,"Editor":"malexander_GTFM","STATUS":null,"NRHP_ELIG":"No","NRHP_TRT":"Demolition","NRHP_VAL":null,"NRHP_PHS":"Phase III","EVENTS":null,"CONSTDATE":1955,"RENODATE":null,"BUILDING_TYPE_NEW":"Academic","Photos":"https://fm-gis2.ad.gatech.edu/images/building/051C_small.jpg","FACUpdate":null,"DevAction":"Re-Evaluate","Note":"After adjacent demolition","PPV1":"False","Shape__Area":3615.041748046875,"Shape__Length":280.87417503662675,"WhiteRoof":"No","FloodedBldg":"No"}},{"type":"Feature","id":53,"geometry":{"type":"Polygon","coordinates":[[[-84.3946369074955,33.7755198276596],[-84.3946334123673,33.775509587745],[-84.3946318792624,33.7754990169064],[-84.3946317753935,33.7754540959042],[-84.394610310429,33.7754539101392],[-84.3946113441108,33.775370492815],[-84.3946399633128,33.7753707392998],[-84.3946415901867,33.7752393998873],[-84.3946428514007,33.7751281697869],[-84.3946775289369,33.7751285033518],[-84.3946778686724,33.7751039110716],[-84.3946431911461,33.7751035775069],[-84.3946432545488,33.7750989807686],[-84.3946620327784,33.7750986232873],[-84.3949050688426,33.7751000350666],[-84.3949053597371,33.7750741499075],[-84.3949828645271,33.7750748946732],[-84.394982644607,33.775100663388],[-84.3952303069536,33.7751028017159],[-84.3952314227411,33.7750127183189],[-84.3952550880663,33.7750129224419],[-84.3952556517449,33.7749674213405],[-84.3953781082428,33.7749684784143],[-84.3953774130382,33.7750245931036],[-84.3953763607605,33.7751125151242],[-84.3953757179045,33.7751615138791],[-84.3953658114473,33.7751614285475],[-84.3953548036723,33.7751613335344],[-84.3953543459368,33.7751983318617],[-84.3953653537165,33.7751984268748],[-84.395375260178,33.7751985122065],[-84.3953749869624,33.7752090566291],[-84.3953749325744,33.7752332832125],[-84.395374697462,33.7752354133498],[-84.3953742901247,33.775242617401],[-84.3953736684088,33.7752463459817],[-84.3953718146303,33.7752532777096],[-84.3953691030376,33.7752600090571],[-84.3953655636681,33.7752664669348],[-84.3953634945761,33.7752695715496],[-84.3953587909255,33.7752754860853],[-84.39535441174,33.7752799844262],[-84.395350758417,33.7752829720567],[-84.3953467522197,33.7752856240249],[-84.3953424341072,33.7752879141069],[-84.3953378558256,33.7752898124523],[-84.3953306035934,33.7752918861642],[-84.3953246180848,33.7752928295622],[-84.3953179874637,33.7752931664419],[-84.3952844026303,33.7752928761156],[-84.3952565478962,33.7752926355775],[-84.3952298810035,33.7752928662003],[-84.3952297050617,33.7753071144279],[-84.3952418130929,33.7753072182341],[-84.3952416194444,33.7753139854896],[-84.3952406426988,33.7753210409207],[-84.395238788908,33.7753279726466],[-84.395236077305,33.7753347048928],[-84.3952335224669,33.7753394829692],[-84.3952304688238,33.7753442673792],[-84.3952268113266,33.7753489383977],[-84.3952211020135,33.7753546843784],[-84.3952157733696,33.7753590357001],[-84.3952094093855,33.7753626090101],[-84.395202456792,33.7753653042993],[-84.3951950860158,33.775367059038],[-84.3951859915475,33.7753678161345],[-84.3950968603538,33.7753671011323],[-84.3950966780502,33.7753818083123],[-84.3951087860942,33.7753819130331],[-84.3951082944034,33.775393955503],[-84.3951067968009,33.7753992221183],[-84.3951045108775,33.7754060635752],[-84.3951013810746,33.7754126667546],[-84.3950974417581,33.7754189621658],[-84.3950942965658,33.7754230218139],[-84.3950895395606,33.7754279635556],[-84.3950847055307,33.7754323608421],[-84.3950827441113,33.7754337313765],[-84.3950763822684,33.7754373019707],[-84.3950718028957,33.7754392012099],[-84.3950670108135,33.775440690591],[-84.3950595387526,33.7754421200127],[-84.3950500529655,33.7754427047062],[-84.3948977905913,33.7754412254597],[-84.3948976082535,33.7754559326393],[-84.3949097163078,33.7754560373797],[-84.3949091444047,33.7754663434157],[-84.3949066909581,33.7754767917858],[-84.3949039793221,33.7754835231231],[-84.3949004399109,33.775489981889],[-84.3948961113998,33.7754960949781],[-84.3948926571961,33.7755000776504],[-84.3948892878783,33.7755034984366],[-84.394883674185,33.7755078565826],[-84.3948773123284,33.7755114271666],[-84.3948703597147,33.7755141233387],[-84.3948604687867,33.7755162451815],[-84.3948528645153,33.7755166803133],[-84.3948082415438,33.775516294855],[-84.3948077630056,33.7755549026656],[-84.3946981090893,33.775553955719],[-84.3946846728067,33.7755537830832],[-84.3946721525165,33.775551725203],[-84.3946650986267,33.7755492082],[-84.3946606963077,33.7755470307292],[-84.3946528259697,33.7755415875706],[-84.3946493892644,33.7755383227266],[-84.3946422765234,33.7755294843505],[-84.3946369074955,33.7755198276596]]]},"properties":{"OBJECTID":53,"ACCESSTYPE":"Secure","Address":"258 FOURTH ST","ASF":26216,"BLDG_CODE":"051D","CONDITION":null,"BLDG_TYPE":"Admin/Services","FLOORCOUNT":2,"GSF":41522,"BLDG_NAME":"Rich Computer Center","OWNEDBY2":"GT","PLANRENO":"Future","BLDG_NUM":"051D","Common_Name":"Rich Comp. Ctr","Heating":2,"Cooling":2,"Cistern":0,"Steam":"Yes","CHW":"Rich","Electric":"GTME","Gas":"AGL","OWNEDBY":null,"UNDERGROUND":"No","GlobalID":"2e6be1f0-a738-452a-9be6-ecf6d39698da","Creator":"malexander_GTFM","EditDate":1656474313000,"Editor":"malexander_GTFM","STATUS":null,"NRHP_ELIG":null,"NRHP_TRT":null,"NRHP_VAL":null,"NRHP_PHS":null,"EVENTS":null,"CONSTDATE":null,"RENODATE":null,"BUILDING_TYPE_NEW":"Academic","Photos":"https://fm-gis2.ad.gatech.edu/images/building/051D_small.jpg","FACUpdate":null,"DevAction":"Demo","Note":null,"PPV1":"False","Shape__Area":29330.39404296875,"Shape__Length":926.64942595484536,"WhiteRoof":"No","FloodedBldg":"No"}},{"type":"Feature","id":54,"geometry":{"type":"Polygon","coordinates":[[[-84.3985907654819,33.7762041671944],[-84.3985937282007,33.776116019773],[-84.3986333107127,33.7761169480154],[-84.3986353478213,33.7760563468868],[-84.3987573950719,33.7760592064792],[-84.3988739441057,33.7760619383437],[-84.3989959913732,33.7760647986017],[-84.398993955598,33.7761253997331],[-84.3990335381154,33.7761263269454],[-84.3990310487063,33.7762184533752],[-84.399029802319,33.7762375004065],[-84.3990276766378,33.7763007859227],[-84.3988955428025,33.7762976886088],[-84.3988784153228,33.776297287143],[-84.3988339704753,33.7762962455023],[-84.3987803939258,33.7762949901982],[-84.3987343769228,33.7762939127075],[-84.3987173995335,33.7762935145437],[-84.3985878636727,33.7762904787375],[-84.3985897078965,33.7762356160844],[-84.3985907654819,33.7762041671944]]]},"properties":{"OBJECTID":54,"ACCESSTYPE":"Faculty","Address":"788 ATLANTIC DR","ASF":17383,"BLDG_CODE":"145","CONDITION":null,"BLDG_TYPE":"Academic/Research","FLOORCOUNT":3,"GSF":33030,"BLDG_NAME":"Allen Building","OWNEDBY2":"GT","PLANRENO":null,"BLDG_NUM":"145","Common_Name":"SEB","Heating":1,"Cooling":1,"Cistern":0,"Steam":"No","CHW":"No","Electric":"GTME","Gas":"AGL","OWNEDBY":null,"UNDERGROUND":"No","GlobalID":"afe41c29-b77f-448e-b43c-62258a6264d7","Creator":"malexander_GTFM","EditDate":1656474313000,"Editor":"malexander_GTFM","STATUS":"Proposed Demolished","NRHP_ELIG":null,"NRHP_TRT":null,"NRHP_VAL":null,"NRHP_PHS":null,"EVENTS":null,"CONSTDATE":null,"RENODATE":null,"BUILDING_TYPE_NEW":"Academic","Photos":"https://fm-gis2.ad.gatech.edu/images/building/145_small.jpg","FACUpdate":null,"DevAction":"Demo","Note":null,"PPV1":"False","Shape__Area":10912.436279296875,"Shape__Length":438.52270188459011,"WhiteRoof":"No","FloodedBldg":"No"}},{"type":"Feature","id":55,"geometry":{"type":"Polygon","coordinates":[[[-84.4042627868604,33.7741520977664],[-84.4043117255242,33.7741003984039],[-84.4043141574384,33.7740978294234],[-84.4043206343956,33.7741021052069],[-84.4043363347146,33.7740855188428],[-84.4043218104852,33.7740764112769],[-84.4043009537437,33.7740633324052],[-84.4042921090231,33.7740645242877],[-84.4042754623456,33.7740535345474],[-84.4042741611395,33.7740456448947],[-84.4042718929076,33.7740441471098],[-84.4042377428997,33.7740216021314],[-84.4042195040427,33.7740095614175],[-84.4041532846549,33.7740795154793],[-84.4041415093917,33.774091955686],[-84.4040643672136,33.7741734475146],[-84.4040106111414,33.7741379591059],[-84.4039749342659,33.7741196403283],[-84.4039907649159,33.7740899942333],[-84.4039391668241,33.7740559307611],[-84.4040455105888,33.773944464236],[-84.4040979661951,33.7738874321347],[-84.4041866323593,33.7737945067987],[-84.4042440594138,33.7738324180179],[-84.4042481556575,33.7738280912203],[-84.4043049348507,33.7738655744718],[-84.4043008386081,33.7738699012713],[-84.4043425049859,33.7738974088756],[-84.4043361910714,33.7739040797334],[-84.4043867097356,33.7739374301097],[-84.4043930236486,33.7739307592493],[-84.4044338269264,33.7739576977394],[-84.4044379231614,33.7739533691323],[-84.4044949188538,33.7739909961424],[-84.4044908226148,33.7739953229481],[-84.404548681521,33.7740335199168],[-84.4043053115903,33.7742906177961],[-84.4043008497474,33.7742876716748],[-84.4042929032924,33.7742826025613],[-84.4042342834389,33.7742437270938],[-84.4041984459743,33.7742200673056],[-84.4042508404295,33.7741647177416],[-84.4042627868604,33.7741520977664]]]},"properties":{"OBJECTID":55,"ACCESSTYPE":"Public","Address":"781 MARIETTA ST","ASF":16653,"BLDG_CODE":"137","CONDITION":null,"BLDG_TYPE":"Academic/Research","FLOORCOUNT":4,"GSF":29160,"BLDG_NAME":"Habersham","OWNEDBY2":"GT","PLANRENO":null,"BLDG_NUM":"137","Common_Name":"Habersham Bldg (Ivan Alan College)","Heating":3,"Cooling":1,"Cistern":0,"Steam":"No","CHW":"No","Electric":"GPC","Gas":"No","OWNEDBY":null,"UNDERGROUND":"No","GlobalID":"50323672-693c-4682-9625-93b9825e881a","Creator":"malexander_GTFM","EditDate":1656482297000,"Editor":"malexander_GTFM","STATUS":null,"NRHP_ELIG":null,"NRHP_TRT":null,"NRHP_VAL":null,"NRHP_PHS":null,"EVENTS":null,"CONSTDATE":null,"RENODATE":null,"BUILDING_TYPE_NEW":"Administrative","Photos":"https://fm-gis2.ad.gatech.edu/images/building/137_small.jpg","FACUpdate":null,"DevAction":"Demo","Note":null,"PPV1":"False","Shape__Area":14497.514404296875,"Shape__Length":691.31135897041065,"WhiteRoof":"No","FloodedBldg":"No"}},{"type":"Feature","id":56,"geometry":{"type":"Polygon","coordinates":[[[-84.3964473615321,33.7784540868008],[-84.3964481283541,33.7784040220852],[-84.3964511345486,33.7784040976363],[-84.3964808147728,33.7784046383594],[-84.3964818749476,33.7783629458311],[-84.3965795908044,33.7783643913009],[-84.3965797941425,33.7783544177568],[-84.3965830977448,33.7783538652013],[-84.3966960147456,33.7783555347195],[-84.3968854255682,33.7783583273751],[-84.3969410564319,33.7783597590939],[-84.3969609026729,33.778359599435],[-84.397014401611,33.7783604318944],[-84.3970437197553,33.7783620497297],[-84.3970538740074,33.7783634066931],[-84.3970881118417,33.7783700131864],[-84.3971063883789,33.7783747794512],[-84.397120959086,33.778379482305],[-84.3971384590872,33.7783861867621],[-84.3971560531575,33.7783941488447],[-84.3971805500637,33.7784073744944],[-84.3971959278404,33.7784170989312],[-84.3972117244268,33.778428789085],[-84.3972313050824,33.7784447550106],[-84.3972429053329,33.7784578785112],[-84.3972480273186,33.7784746919509],[-84.397202543316,33.778496064915],[-84.3972260340339,33.7785157735045],[-84.39714821604,33.7785528477984],[-84.3970977439459,33.778575974735],[-84.3969841253753,33.7786281697387],[-84.3969413507995,33.7786275372584],[-84.3969015164761,33.778626947967],[-84.3968415301397,33.7786260608373],[-84.3968028457896,33.7786254892054],[-84.3967430019897,33.7786246053686],[-84.3967041049206,33.7786240295941],[-84.3966450072515,33.7786231560403],[-84.3966047496557,33.7786225602287],[-84.3965449123353,33.778621675382],[-84.3965065378849,33.7786211075883],[-84.3964438369808,33.77862018114],[-84.3964448708196,33.7785714485692],[-84.3964468290669,33.7784791005013],[-84.3964468942333,33.7784743910552],[-84.3964472692436,33.7784583436685],[-84.3964473615321,33.7784540868008]]]},"properties":{"OBJECTID":56,"ACCESSTYPE":"Faculty","Address":"313 FERST DR","ASF":63406,"BLDG_CODE":"165","CONDITION":null,"BLDG_TYPE":"Academic/Research","FLOORCOUNT":6,"GSF":99822,"BLDG_NAME":"Whitaker Building","OWNEDBY2":"GT","PLANRENO":null,"BLDG_NUM":"165","Common_Name":"BME","Heating":1,"Cooling":3,"Cistern":0,"Steam":"No","CHW":"TEN","Electric":"GTME","Gas":"WCGS","OWNEDBY":null,"UNDERGROUND":"No","GlobalID":"441f47de-8613-4529-b96c-12798a7ef008","Creator":"malexander_GTFM","EditDate":1656474313000,"Editor":"malexander_GTFM","STATUS":null,"NRHP_ELIG":null,"NRHP_TRT":null,"NRHP_VAL":null,"NRHP_PHS":null,"EVENTS":"Maker Space","CONSTDATE":null,"RENODATE":null,"BUILDING_TYPE_NEW":"Academic","Photos":"https://fm-gis2.ad.gatech.edu/images/building/165_small.jpg","FACUpdate":null,"DevAction":"Keep","Note":null,"PPV1":"False","Shape__Area":20734.69677734375,"Shape__Length":630.42014649253349,"WhiteRoof":"No","FloodedBldg":"No"}},{"type":"Feature","id":57,"geometry":{"type":"MultiPolygon","coordinates":[[[[-84.3932551122341,33.7791165115162],[-84.3932826707584,33.7790070833959],[-84.393296295265,33.7790096443117],[-84.3933146796536,33.779013161251],[-84.3932883808442,33.7791126012769],[-84.3932861346607,33.7791210944487],[-84.3932623471991,33.7791175802132],[-84.3932551122341,33.7791165115162]]],[[[-84.392939700331,33.7792124912691],[-84.3929464870699,33.7791872289821],[-84.3930946527973,33.7792144828224],[-84.3930879483905,33.7792398324264],[-84.392939700331,33.7792124912691]]],[[[-84.3932528955027,33.7794015041114],[-84.3932229357496,33.7793621740888],[-84.3932077872554,33.7793705331563],[-84.3932244200914,33.7793924028288],[-84.3931948278361,33.779408174738],[-84.3931771226359,33.7793850077505],[-84.3930378665081,33.7793593254753],[-84.3930654565152,33.7792613194676],[-84.3930785121305,33.779263509069],[-84.3930775445814,33.7792671670401],[-84.3930907790294,33.7792696123811],[-84.3931042963849,33.7792162567088],[-84.3931759335498,33.7792294336131],[-84.3932333687763,33.7791987234284],[-84.3932512099997,33.7791312642864],[-84.393300618876,33.7791397248178],[-84.3933105055345,33.7791415487342],[-84.3933136412732,33.7791284870644],[-84.3933880116507,33.7791426398226],[-84.3933884628124,33.7791409348728],[-84.3933991737206,33.7791429105485],[-84.3933968078205,33.7791518610794],[-84.3933665298722,33.7792663461702],[-84.3933913145909,33.7792987763126],[-84.3933721230764,33.779308598995],[-84.3933720022447,33.7793086370863],[-84.393387914507,33.7793295315724],[-84.3933912819951,33.7793269764174],[-84.3933975016221,33.779335272805],[-84.3933562914114,33.7793572351959],[-84.393372138151,33.7793770279863],[-84.3933702329052,33.7793780431391],[-84.393371061956,33.779379197533],[-84.3933674606428,33.7793811165511],[-84.3933696688113,33.77938401491],[-84.3933678196362,33.7793850011069],[-84.3933656125451,33.7793821018444],[-84.3933193636984,33.7794067495798],[-84.3933215826491,33.7794096425098],[-84.3933197323907,33.7794106278063],[-84.3933175145197,33.7794077348743],[-84.3933139132042,33.7794096538909],[-84.3933129418268,33.7794085754967],[-84.3933111045086,33.7794095544578],[-84.3932957688619,33.779389489324],[-84.39329211696,33.7793914697451],[-84.3932909923012,33.7793899976107],[-84.3932632341384,33.7794047905814],[-84.3932643403771,33.7794062384054],[-84.3932551129026,33.7794111900859],[-84.3932491927444,33.7794034440503],[-84.3932528955027,33.7794015041114]]]]},"properties":{"OBJECTID":57,"ACCESSTYPE":"Public","Address":"165 Sixth St","ASF":4602,"BLDG_CODE":"196","CONDITION":null,"BLDG_TYPE":"Athletic","FLOORCOUNT":2,"GSF":6425,"BLDG_NAME":"Softball Stadium","OWNEDBY2":"GT","PLANRENO":null,"BLDG_NUM":"196","Common_Name":"Women's Softball Field","Heating":3,"Cooling":1,"Cistern":0,"Steam":"No","CHW":"No","Electric":"GTME","Gas":"No","OWNEDBY":null,"UNDERGROUND":"No","GlobalID":"0740aa5f-b13c-4a39-ae68-8612a816f71d","Creator":"malexander_GTFM","EditDate":1656474313000,"Editor":"malexander_GTFM","STATUS":null,"NRHP_ELIG":null,"NRHP_TRT":null,"NRHP_VAL":null,"NRHP_PHS":null,"EVENTS":null,"CONSTDATE":null,"RENODATE":null,"BUILDING_TYPE_NEW":"Athletics","Photos":"https://fm-gis2.ad.gatech.edu/images/building/196_small.jpg","FACUpdate":null,"DevAction":"Keep","Note":null,"PPV1":"False","Shape__Area":7964.09619140625,"Shape__Length":653.5398179804298,"WhiteRoof":"No","FloodedBldg":"No"}},{"type":"Feature","id":58,"geometry":{"type":"Polygon","coordinates":[[[-84.3947965643297,33.7862161187236],[-84.3947771344397,33.7862098647323],[-84.3947604885565,33.7861996076745],[-84.3947477105775,33.7861860641632],[-84.3947392385229,33.7861699006111],[-84.3947353768359,33.7859466122622],[-84.3947255088208,33.7859464249247],[-84.3947248961052,33.7858448253998],[-84.3947347607372,33.785844555607],[-84.3947336664777,33.7856635522355],[-84.3947388733611,33.7856635308901],[-84.3947386169114,33.7856209689614],[-84.3947383933781,33.7855838989237],[-84.3947331854197,33.785583920271],[-84.3947329908261,33.7855516559757],[-84.3947381977004,33.7855516337288],[-84.3947373001973,33.7854028955426],[-84.3947320933321,33.7854029177895],[-84.3947319582959,33.7853804921917],[-84.3947338760462,33.7853804841389],[-84.3947615549284,33.7853803680587],[-84.3951268582657,33.7853788284727],[-84.3951575519875,33.7853786995085],[-84.3951580343197,33.7854586641797],[-84.3951565280057,33.7854814498692],[-84.395153580734,33.7854926754633],[-84.3951495368407,33.7855036767735],[-84.3951405882247,33.7855195037812],[-84.3951288904598,33.7855337408588],[-84.3951193557589,33.7855431627245],[-84.395113103429,33.7855516561245],[-84.3951084990326,33.7855606000033],[-84.3951055420986,33.7855702233814],[-84.3951047595749,33.7855768627796],[-84.3951064097146,33.7858497991847],[-84.3951069452021,33.7859384114792],[-84.3951075137606,33.786032564352],[-84.3951086267609,33.786216665743],[-84.3950360042231,33.7862169714841],[-84.394950774732,33.7862173311627],[-84.3949507531401,33.7862136705028],[-84.3949417085262,33.7862137079734],[-84.3949417311999,33.786217369533],[-84.3948171766443,33.7862178938322],[-84.3947965643297,33.7862161187236]]]},"properties":{"OBJECTID":58,"ACCESSTYPE":"Secure","Address":"250 14TH STREET","ASF":92418,"BLDG_CODE":"141","CONDITION":null,"BLDG_TYPE":"Academic/Research","FLOORCOUNT":6,"GSF":157463,"BLDG_NAME":"Georgia Tech Research Institute","OWNEDBY2":"GT","PLANRENO":null,"BLDG_NUM":"141","Common_Name":"GCATT","Heating":1,"Cooling":1,"Cistern":0,"Steam":"No","CHW":"No","Electric":"GPC","Gas":"AGL","OWNEDBY":null,"UNDERGROUND":"No","GlobalID":"07e102a5-542a-491a-b10f-ae83b97daf83","Creator":"malexander_GTFM","EditDate":1656474313000,"Editor":"malexander_GTFM","STATUS":null,"NRHP_ELIG":null,"NRHP_TRT":null,"NRHP_VAL":null,"NRHP_PHS":null,"EVENTS":"Event Space","CONSTDATE":null,"RENODATE":null,"BUILDING_TYPE_NEW":"Research","Photos":"https://fm-gis2.ad.gatech.edu/images/building/141_small.jpg","FACUpdate":null,"DevAction":"Keep","Note":"As-is","PPV1":"False","Shape__Area":35129.1787109375,"Shape__Length":860.47202988949357,"WhiteRoof":"No","FloodedBldg":"No"}},{"type":"Feature","id":59,"geometry":{"type":"Polygon","coordinates":[[[-84.3963852527573,33.7795514326399],[-84.3963651485262,33.7795209798269],[-84.3963369122388,33.7795328349948],[-84.3963051311972,33.7795402705469],[-84.3962756958969,33.779544260124],[-84.3962421328655,33.7795462890686],[-84.3962091383876,33.7795404491385],[-84.3961767321458,33.7795341167057],[-84.3961496148163,33.7795238396235],[-84.3961106831313,33.7795003085903],[-84.3961375998031,33.7794353432637],[-84.3961618415091,33.7794354181036],[-84.3961596534604,33.7794182367012],[-84.3961527354041,33.7794182035821],[-84.3961527845669,33.7794200383508],[-84.3961374076344,33.7794199668618],[-84.3961373660301,33.7794181320791],[-84.3961110575554,33.7794180087813],[-84.3960868740597,33.7794178959539],[-84.3960868800289,33.7794197299013],[-84.3960715020167,33.7794196584061],[-84.3960715046834,33.779417823541],[-84.3960211444423,33.7794175871441],[-84.3960209754911,33.7794194214166],[-84.3960105406413,33.7794193722844],[-84.3960055974766,33.7794193490115],[-84.396005653219,33.7794110942913],[-84.3960088665986,33.7794111090575],[-84.3960090838351,33.7793909297002],[-84.3959927005655,33.7793908528501],[-84.3959921006581,33.7793938519551],[-84.3959898831075,33.7793984058079],[-84.3959860146885,33.77940258133],[-84.3959809710146,33.7794057645146],[-84.39597507318,33.7794077032042],[-84.3959688729783,33.7794084126031],[-84.3959626828778,33.7794076450783],[-84.395956810197,33.7794056516195],[-84.3959521560137,33.7794026442438],[-84.3959479979501,33.7793982086324],[-84.3959456773993,33.7793932836168],[-84.3959448959406,33.7793885261537],[-84.3959450427538,33.7793585252408],[-84.3959451794938,33.7793381170135],[-84.3959015181465,33.7793379086957],[-84.3959015135079,33.7793385993691],[-84.3958861355103,33.7793385278508],[-84.3958861463516,33.7793369228915],[-84.3958356403898,33.7793366857878],[-84.3958356079526,33.7793382907872],[-84.3958202299527,33.7793382183589],[-84.3958202408144,33.7793366206128],[-84.395769798541,33.7793363770524],[-84.3957696910841,33.7793398161495],[-84.3957620020864,33.7793397808332],[-84.3957620081967,33.7793388313831],[-84.3957543192807,33.7793388267223],[-84.3957543317655,33.7793370270033],[-84.3957510373141,33.7793369772167],[-84.3957509912131,33.7793362893424],[-84.3957455502812,33.7793362633766],[-84.3957037694961,33.7793367295396],[-84.3957037928026,33.7793385896027],[-84.3956961038818,33.779338583135],[-84.3956960986873,33.7793394712711],[-84.3956886839474,33.7793394363428],[-84.3956887048072,33.7793363201976],[-84.3956887397201,33.7793311816225],[-84.3956920350829,33.7793311682935],[-84.3956922184348,33.779303909234],[-84.3956782139004,33.7793038432555],[-84.3956783150705,33.7792887088522],[-84.3956475599929,33.7792884981324],[-84.3956475431267,33.7792910868043],[-84.3956376568122,33.7792910402293],[-84.3956377435753,33.7792781987517],[-84.3956399406465,33.7792781162315],[-84.3956399795456,33.7792493156162],[-84.3956379377135,33.7792493058799],[-84.3956380233968,33.7792364644043],[-84.3956402930593,33.7792364755211],[-84.3956404109786,33.779208155339],[-84.3956382144372,33.7792080304785],[-84.3956383012001,33.7791951890008],[-84.3956404984156,33.779195161481],[-84.3956408050883,33.7791667652099],[-84.3956384933177,33.7791667541712],[-84.3956385790032,33.779153913597],[-84.3956405387702,33.7791539225839],[-84.3956410164142,33.7791252600082],[-84.3956387726708,33.7791252497449],[-84.3956388583539,33.779112408269],[-84.3956487446479,33.779112454844],[-84.3956487251279,33.7791152635238],[-84.3956794819743,33.7791153507141],[-84.3956795846942,33.779099987288],[-84.3956930406768,33.7791000506778],[-84.395693209985,33.7790748176536],[-84.3956899161267,33.7790745812224],[-84.3956899718993,33.7790663265018],[-84.3957053498483,33.7790663980448],[-84.3957053374248,33.7790682212066],[-84.3957152237449,33.7790682794977],[-84.395756111041,33.7790684713919],[-84.3957561515078,33.7790666373582],[-84.3957715294569,33.779066708893],[-84.3957715084281,33.7790685437923],[-84.3958220973702,33.7790687798669],[-84.3958220557729,33.7790669450838],[-84.3958374337244,33.7790670175121],[-84.3958374008175,33.7790688515318],[-84.3958456599066,33.779068890293],[-84.3958882229936,33.7790690907527],[-84.3958882353819,33.7790672558695],[-84.3959036134536,33.7790673733717],[-84.3959036505,33.7790618245412],[-84.3959059611881,33.779061835577],[-84.3959062142127,33.7790194133176],[-84.395903935918,33.7790194022217],[-84.3959040262073,33.779005872777],[-84.3959136371503,33.779005918039],[-84.3959137708132,33.779008670532],[-84.3959262495992,33.7790087294001],[-84.395926435429,33.7789812124621],[-84.3959250619748,33.7789812059971],[-84.3959251292008,33.7789711795103],[-84.3958436145102,33.7789552355418],[-84.3957751210712,33.7789090890777],[-84.3957373366468,33.7788426335863],[-84.3957378312053,33.7787692292375],[-84.3957382493177,33.7787685125503],[-84.3957764581891,33.7787032152634],[-84.3958456131378,33.7786576553505],[-84.3959273415583,33.7786424757226],[-84.3959274071722,33.7786326548147],[-84.3959287806209,33.7786326612797],[-84.395928966917,33.778604914418],[-84.3959163359589,33.7786048603409],[-84.3959163173617,33.7786076068054],[-84.3959067064632,33.7786075615434],[-84.3959067967545,33.7785940329995],[-84.3959090242879,33.778594043288],[-84.3959092783908,33.7785516210235],[-84.395907081091,33.7785516106788],[-84.3959071182572,33.7785461069301],[-84.3958917403988,33.7785460345102],[-84.3958917529624,33.778544265447],[-84.3958497406415,33.778544004456],[-84.395840952775,33.7785440577437],[-84.3958409412084,33.7785457961489],[-84.3958261118676,33.7785457272104],[-84.395826238714,33.7785438939178],[-84.3957752127781,33.7785436550488],[-84.3957750362604,33.778545487532],[-84.3957596584045,33.7785454159973],[-84.3957596699751,33.7785436784937],[-84.3957088702558,33.7785432408141],[-84.395708857055,33.7785451775856],[-84.3956934802765,33.778545105139],[-84.3956935349714,33.7785368513213],[-84.3956969059621,33.7785368667048],[-84.395697002339,33.778511412909],[-84.3956835464484,33.7785113495193],[-84.3956836502472,33.7784959860897],[-84.3956528936437,33.7784959070144],[-84.3956528759571,33.7784985930665],[-84.3956429908158,33.7784985473912],[-84.3956441923452,33.778319915408],[-84.3956540774659,33.7783199610834],[-84.3956540598345,33.7783226678734],[-84.3956848160593,33.7783226279313],[-84.3956849175328,33.7783076080347],[-84.3956989251444,33.778307674007],[-84.3956990913068,33.7782800425928],[-84.3956958121033,33.7782800270391],[-84.3956958678729,33.7782717714157],[-84.3957032825209,33.778271806344],[-84.3957032739363,33.7782730434255],[-84.3957109636808,33.7782729894809],[-84.3957109510799,33.7782747459211],[-84.3957142466855,33.7782748389861],[-84.3957142395718,33.778275817291],[-84.3957581756326,33.7782759954119],[-84.3957581817405,33.77827504506],[-84.3957617515717,33.7782751276964],[-84.3957617648696,33.7782732278924],[-84.3957695552692,33.7782732639223],[-84.3957694588889,33.7782723462202],[-84.395776873537,33.778272381144],[-84.3957768497249,33.7782760094332],[-84.3958273929628,33.7782762870676],[-84.3958273880767,33.7782744522161],[-84.3958427658866,33.7782745246443],[-84.3958427524487,33.7782763712512],[-84.395845039328,33.7782763697092],[-84.3958933527734,33.7782765964568],[-84.3958932917399,33.7782747617096],[-84.3959086695474,33.7782748332279],[-84.3959086572555,33.7782767041773],[-84.3959591840505,33.7782768889181],[-84.3959591964806,33.7782750702642],[-84.3959745732109,33.7782751426779],[-84.3959745185478,33.7782833982993],[-84.3959711637605,33.7782833819917],[-84.3959710879637,33.7783035619914],[-84.3959875628035,33.7783036386746],[-84.3959879001814,33.7783009898976],[-84.3959902873695,33.7782960858882],[-84.395994155739,33.7782919103655],[-84.3959988856715,33.7782889252246],[-84.3960051025011,33.7782867875776],[-84.3960110425673,33.7782861390709],[-84.3960177625845,33.7782868488047],[-84.3960230948315,33.7782886584271],[-84.396028634346,33.7782920726034],[-84.396032447327,33.7782962843432],[-84.3960346017165,33.7783008580229],[-84.3960356019937,33.7783062895148],[-84.396035264726,33.7783563759722],[-84.3960786826234,33.7783565801882],[-84.3960786575021,33.7783556623538],[-84.3960940353265,33.7783557347505],[-84.3960940229425,33.778357569634],[-84.3961445498739,33.7783577876597],[-84.3961445623049,33.7783559708091],[-84.3961599401293,33.7783560431977],[-84.3961599269051,33.7783579673462],[-84.3962104806425,33.7783581149662],[-84.3962104773323,33.7783544452515],[-84.3962181662444,33.7783544814419],[-84.3962181601247,33.7783554254822],[-84.3962258489648,33.7783554346227],[-84.3962258357396,33.7783573578696],[-84.396229131986,33.7783572850158],[-84.3962291250465,33.778358326436],[-84.3962730997671,33.7783584096281],[-84.396273068163,33.7783574909042],[-84.3962763625819,33.7783575424804],[-84.3962763759454,33.778355671529],[-84.3962840011534,33.7783557078338],[-84.3962840710488,33.7783547907244],[-84.3962917599609,33.7783548269102],[-84.3962917351991,33.7783584957755],[-84.3962980506672,33.7783585255],[-84.3963260594262,33.7783586564143],[-84.3963413001227,33.7783587281338],[-84.3963409978971,33.7784036724084],[-84.3963431951931,33.7784036827453],[-84.3963431100837,33.7784162952025],[-84.3963431277048,33.7784196610341],[-84.396342033563,33.7785764926929],[-84.3963395002299,33.7786265606943],[-84.3961582633363,33.7786257103884],[-84.3961577266043,33.7787054344921],[-84.3961574072804,33.7787529106325],[-84.3961571649935,33.7787891908255],[-84.3961644224823,33.7787873659115],[-84.396168861073,33.7788002332372],[-84.3961753546666,33.7788249345203],[-84.3961796354411,33.7788498806593],[-84.3961809356827,33.7788625166869],[-84.3961809856754,33.7788630431582],[-84.3961819880922,33.7788757482651],[-84.3961821556998,33.7788875812245],[-84.3961821684475,33.7788879075986],[-84.3961821611659,33.7788884161434],[-84.3961817879756,33.7789011165955],[-84.3961805961716,33.7789137545527],[-84.396179123077,33.77892618385],[-84.3961770956111,33.778938845001],[-84.3961746705021,33.7789505854038],[-84.3961713236715,33.7789636836043],[-84.396163107662,33.7789887016728],[-84.3961558358945,33.7789867982853],[-84.3961558133393,33.7789900821411],[-84.3961555753011,33.779025526494],[-84.3961547356347,33.7791503715864],[-84.3963359736309,33.7791512209911],[-84.3963376575175,33.7792274876315],[-84.3963366878132,33.7794135514711],[-84.3964471557563,33.7794142294468],[-84.3964516475441,33.7794227290635],[-84.3964881766145,33.7794918609633],[-84.3964575731555,33.7795080214432],[-84.3964623090423,33.7795173555338],[-84.3963852527573,33.7795514326399]]]},"properties":{"OBJECTID":59,"ACCESSTYPE":"Faculty","Address":"311 FERST DR","ASF":160768,"BLDG_CODE":"147","CONDITION":null,"BLDG_TYPE":"Academic/Research","FLOORCOUNT":6,"GSF":292144,"BLDG_NAME":"Ford ES&T","OWNEDBY2":"GT","PLANRENO":null,"BLDG_NUM":"147","Common_Name":"ES&T","Heating":1,"Cooling":3,"Cistern":1,"Steam":"No","CHW":"TEN","Electric":"GTME","Gas":"WCGS","OWNEDBY":null,"UNDERGROUND":"No","GlobalID":"771c047a-bc55-4f15-bdd3-0996048b9bbf","Creator":"malexander_GTFM","EditDate":1656474313000,"Editor":"malexander_GTFM","STATUS":null,"NRHP_ELIG":null,"NRHP_TRT":null,"NRHP_VAL":null,"NRHP_PHS":null,"EVENTS":null,"CONSTDATE":null,"RENODATE":null,"BUILDING_TYPE_NEW":"Research","Photos":"https://fm-gis2.ad.gatech.edu/images/building/147_small.jpg","FACUpdate":null,"DevAction":"Keep","Note":null,"PPV1":"False","Shape__Area":64785.087158203125,"Shape__Length":1876.7343116383947,"WhiteRoof":"No","FloodedBldg":"No"}},{"type":"Feature","id":60,"geometry":{"type":"Polygon","coordinates":[[[-84.3969205323584,33.7794261577693],[-84.3969230908862,33.7793355866439],[-84.3969239008918,33.7791653696181],[-84.3969246485489,33.779143351704],[-84.396974842001,33.7791438612442],[-84.396975529778,33.7790966504052],[-84.397085843016,33.779097769908],[-84.3970862964033,33.7790666801278],[-84.3970863729177,33.7790613827841],[-84.3970864395298,33.7790568230095],[-84.3970472079036,33.7790523492286],[-84.3970046218582,33.7790395351109],[-84.3969669860643,33.7790189061458],[-84.3969354128206,33.7789921337269],[-84.3969124847463,33.7789599749354],[-84.3968978927771,33.7789243535749],[-84.396893588065,33.7788869070135],[-84.3968989818834,33.778849558671],[-84.3969146191962,33.7788142163251],[-84.3969390413957,33.7787825453386],[-84.3969713573651,33.7787564426404],[-84.3970096005183,33.7787365755104],[-84.3970526076792,33.7787248495004],[-84.3970918676646,33.7787218241938],[-84.3970929912572,33.77868255338],[-84.3971502045052,33.7786554925741],[-84.3971310372445,33.778625776584],[-84.397196894267,33.7785956763769],[-84.3972161941144,33.7786257067855],[-84.3972737752846,33.7785985740044],[-84.3972742631884,33.7785650794527],[-84.3973332875899,33.7785652179964],[-84.3974534924685,33.7785666405723],[-84.3975320870231,33.7785671256223],[-84.3976167878874,33.778568554945],[-84.3976155670892,33.7786523837476],[-84.3976149532653,33.778675923404],[-84.3976168816002,33.7786758918441],[-84.3976167639448,33.7786839519248],[-84.3976123519972,33.7786839069841],[-84.397612194252,33.7786947316026],[-84.3976122612948,33.7787004010602],[-84.3976115615311,33.7787297375931],[-84.3976104161653,33.7787346555392],[-84.3976063696516,33.7787392164506],[-84.3976022779806,33.7787414349564],[-84.3975996524593,33.7787423938167],[-84.3975938368197,33.7787431449552],[-84.3975767386233,33.778742971373],[-84.3975742237005,33.7788088894894],[-84.3974241005284,33.7788069107588],[-84.3972462517874,33.778806979007],[-84.3972456140405,33.7788587016188],[-84.3972452377493,33.7789261990314],[-84.3974898836298,33.778927967855],[-84.3975740337151,33.7789288220812],[-84.3975730455671,33.7789967597425],[-84.3975898684728,33.7789969311352],[-84.3975961205942,33.7789978814976],[-84.3976026116151,33.7790017509592],[-84.3976060244855,33.7790065016842],[-84.3976070315767,33.7790116157685],[-84.3976068663366,33.7790429836215],[-84.3976064024718,33.7790536032357],[-84.3976773345291,33.7790540962198],[-84.3976761204913,33.7791709912575],[-84.3972962774273,33.7791663585378],[-84.397279871475,33.7791662629663],[-84.3972562202954,33.7791661241269],[-84.3972562251094,33.7791578469599],[-84.3972621162225,33.7791578494767],[-84.3972623250509,33.7791265834296],[-84.3972137725556,33.7791263766005],[-84.397213823767,33.7791914360483],[-84.3972131918127,33.7792142958899],[-84.3972128079085,33.779228180232],[-84.3972116110611,33.7794017025308],[-84.3971339219224,33.7794009135345],[-84.3971310810193,33.7794008845773],[-84.3971308686304,33.7794155187723],[-84.3971291387271,33.7794215134749],[-84.3971255442848,33.779425564093],[-84.3971200088797,33.7794285661088],[-84.3971137196686,33.7794295002426],[-84.3970775334078,33.7794280873005],[-84.3970595092655,33.7794289504714],[-84.3970594554266,33.7794326356202],[-84.397048147959,33.779432520581],[-84.3970482218546,33.7794274540652],[-84.3969205323584,33.7794261577693]]]},"properties":{"OBJECTID":60,"ACCESSTYPE":"Faculty","Address":"315 FERST DRIVE","ASF":98602,"BLDG_CODE":"146","CONDITION":null,"BLDG_TYPE":"Academic/Research","FLOORCOUNT":5,"GSF":156748,"BLDG_NAME":"Petit Biotechnology Building","OWNEDBY2":"GT","PLANRENO":null,"BLDG_NUM":"146","Common_Name":"IBB","Heating":2,"Cooling":3,"Cistern":0,"Steam":"Yes","CHW":"TEN","Electric":"GTME","Gas":"WCGS","OWNEDBY":null,"UNDERGROUND":"No","GlobalID":"bbfe9ea7-1355-4b6f-a830-dbe26b4f0cb8","Creator":"malexander_GTFM","EditDate":1656474313000,"Editor":"malexander_GTFM","STATUS":null,"NRHP_ELIG":null,"NRHP_TRT":null,"NRHP_VAL":null,"NRHP_PHS":null,"EVENTS":null,"CONSTDATE":null,"RENODATE":null,"BUILDING_TYPE_NEW":"Research","Photos":"https://fm-gis2.ad.gatech.edu/images/building/146_small.jpg","FACUpdate":null,"DevAction":"Keep","Note":null,"PPV1":"False","Shape__Area":43459.164306640625,"Shape__Length":1406.93170331215,"WhiteRoof":"No","FloodedBldg":"Yes"}},{"type":"Feature","id":61,"geometry":{"type":"Polygon","coordinates":[[[-84.3983862631621,33.7792679272107],[-84.3983862812257,33.7792573931864],[-84.3983877075796,33.7792573950164],[-84.3983877634486,33.7792256144133],[-84.3983811823556,33.7792256060326],[-84.398381193412,33.7792192863389],[-84.3983194445232,33.7792192102159],[-84.3983203423316,33.7791568386147],[-84.3983256964598,33.7787849010531],[-84.3981565399287,33.7788019107487],[-84.3979072392286,33.778801602725],[-84.3979072497345,33.7787954669687],[-84.3978999009756,33.7787954581975],[-84.3978999860535,33.7787475578163],[-84.3978934049969,33.7787475494094],[-84.3978934137368,33.7787427652316],[-84.3978936329667,33.7786194153237],[-84.3978936418584,33.778614285813],[-84.3978952884678,33.778614287236],[-84.3978953913343,33.7785561287336],[-84.3983896803163,33.7785564954555],[-84.3983891111755,33.7784818686528],[-84.3988321865872,33.7784794318501],[-84.3988321633683,33.7784924373114],[-84.3989248408935,33.7784929175206],[-84.3989248749243,33.7785363310624],[-84.3989632706209,33.7785363787131],[-84.3989626115625,33.7788430189102],[-84.3989627917756,33.778944577856],[-84.3989628871832,33.778998720928],[-84.3988442134614,33.7789987585198],[-84.3988439500505,33.7791480481039],[-84.3988438196564,33.779221778167],[-84.3988140973064,33.7792217412136],[-84.3988140149289,33.7792684523076],[-84.3988132472236,33.7792684510469],[-84.3987143083657,33.779268330567],[-84.3984141218707,33.7792679605537],[-84.3983862631621,33.7792679272107]]]},"properties":{"OBJECTID":61,"ACCESSTYPE":"Faculty","Address":"345 Ferst Dr","ASF":112035,"BLDG_CODE":"181","CONDITION":null,"BLDG_TYPE":"Academic/Research","FLOORCOUNT":5,"GSF":194850,"BLDG_NAME":"Nanotechnology Building","OWNEDBY2":"GT","PLANRENO":null,"BLDG_NUM":"181","Common_Name":"Nanotech Bldg","Heating":2,"Cooling":3,"Cistern":0,"Steam":"Yes","CHW":"TEN","Electric":"GTME","Gas":"WCGS","OWNEDBY":null,"UNDERGROUND":"No","GlobalID":"1a465448-bb8b-4b85-989f-cf52ea3073cd","Creator":"malexander_GTFM","EditDate":1656474313000,"Editor":"malexander_GTFM","STATUS":null,"NRHP_ELIG":null,"NRHP_TRT":null,"NRHP_VAL":null,"NRHP_PHS":null,"EVENTS":null,"CONSTDATE":null,"RENODATE":null,"BUILDING_TYPE_NEW":"Research","Photos":"https://fm-gis2.ad.gatech.edu/images/building/181_small.jpg","FACUpdate":null,"DevAction":"Keep","Note":null,"PPV1":"False","Shape__Area":62233.510986328125,"Shape__Length":1232.2867531339557,"WhiteRoof":"Yes","FloodedBldg":"No"}},{"type":"Feature","id":62,"geometry":{"type":"Polygon","coordinates":[[[-84.3924668951,33.773816032376],[-84.3924295384081,33.7737885615584],[-84.3923863806658,33.7737886936968],[-84.3923866386587,33.7735877645607],[-84.3923669821264,33.7735878005099],[-84.3923660142533,33.7735188565482],[-84.3923738757864,33.7735181857682],[-84.3923753746314,33.7732037246239],[-84.3924372091106,33.7732039108712],[-84.3924523060303,33.7732166100732],[-84.3924522256911,33.7732349624486],[-84.3926029234729,33.7732354178994],[-84.3926036533976,33.7735714812526],[-84.3926046686949,33.7736185221915],[-84.3926047079334,33.7736820038381],[-84.3926047354592,33.7737204583482],[-84.3926049428243,33.7738167282641],[-84.3924668951,33.773816032376]]]},"properties":{"OBJECTID":62,"ACCESSTYPE":"Private","Address":"154 BOBBY DODD W","ASF":26497,"BLDG_CODE":"018A","CONDITION":null,"BLDG_TYPE":"Athletic","FLOORCOUNT":3,"GSF":38897,"BLDG_NAME":"Rice Center for Sports Performance","OWNEDBY2":"GT","PLANRENO":null,"BLDG_NUM":"18A","Common_Name":"Rice Bldg","Heating":2,"Cooling":2,"Cistern":1,"Steam":"Yes","CHW":"HOL","Electric":"GTME","Gas":"AGL","OWNEDBY":null,"UNDERGROUND":"No","GlobalID":"75a35018-ea4b-4c06-8590-c7a8e7ad9a33","Creator":"malexander_GTFM","EditDate":1656474313000,"Editor":"malexander_GTFM","STATUS":null,"NRHP_ELIG":null,"NRHP_TRT":null,"NRHP_VAL":null,"NRHP_PHS":null,"EVENTS":"Athletic","CONSTDATE":null,"RENODATE":null,"BUILDING_TYPE_NEW":"Athletics","Photos":"https://fm-gis2.ad.gatech.edu/images/building/018A_small.jpg","FACUpdate":null,"DevAction":"Keep","Note":null,"PPV1":"False","Shape__Area":14561.608642578125,"Shape__Length":580.48510926189419,"WhiteRoof":"No","FloodedBldg":"No"}},{"type":"Feature","id":63,"geometry":{"type":"Polygon","coordinates":[[[-84.4043289337714,33.7790370328898],[-84.4043293054972,33.7790179820908],[-84.4042785468788,33.7790172917916],[-84.4042826359946,33.7788077393115],[-84.4043333944919,33.7788084305111],[-84.4043337662185,33.778789380613],[-84.4045025818102,33.7787916782792],[-84.404502210121,33.7788107281776],[-84.4045518283682,33.7788114034519],[-84.4045497447608,33.7789181440186],[-84.4045491507728,33.7789485641649],[-84.4045488790815,33.7790209708735],[-84.4045423542413,33.7790213855873],[-84.4044981204576,33.7790202797631],[-84.4044977487667,33.7790393296608],[-84.4043289337714,33.7790370328898]]]},"properties":{"OBJECTID":63,"ACCESSTYPE":"Student","Address":"521 TURNER PLACE","ASF":18810,"BLDG_CODE":"109","CONDITION":null,"BLDG_TYPE":"Residence Halls","FLOORCOUNT":5,"GSF":28974,"BLDG_NAME":"Caldwell Residence Hall","OWNEDBY2":"GT","PLANRENO":null,"BLDG_NUM":"109","Common_Name":"Caldwell Dorm","Heating":1,"Cooling":3,"Cistern":0,"Steam":"No","CHW":"TEN","Electric":"GTME","Gas":"WCGS","OWNEDBY":null,"UNDERGROUND":"No","GlobalID":"fdcaa47b-53ad-449a-97b4-9ac3a9f440ee","Creator":"malexander_GTFM","EditDate":1656474313000,"Editor":"malexander_GTFM","STATUS":null,"NRHP_ELIG":null,"NRHP_TRT":null,"NRHP_VAL":null,"NRHP_PHS":null,"EVENTS":null,"CONSTDATE":null,"RENODATE":null,"BUILDING_TYPE_NEW":"Housing","Photos":"https://fm-gis2.ad.gatech.edu/images/building/109_small.jpg","FACUpdate":null,"DevAction":"Keep","Note":null,"PPV1":"False","Shape__Area":6955.78662109375,"Shape__Length":344.22090120322468,"WhiteRoof":"No","FloodedBldg":"No"}},{"type":"Feature","id":64,"geometry":{"type":"Polygon","coordinates":[[[-84.3981623431044,33.7767033008757],[-84.3981658936769,33.7765950969326],[-84.3981471359476,33.7765947615392],[-84.3981466797171,33.7766085919263],[-84.3981463285122,33.7766108899932],[-84.3981426335436,33.7766140346712],[-84.3981403415131,33.7766165203153],[-84.3981388477612,33.7766199457863],[-84.3981184657752,33.7766194772857],[-84.3981178728099,33.7766165922111],[-84.3981138919845,33.776611807399],[-84.3981129296423,33.7766100843444],[-84.3981144928797,33.7765626383116],[-84.3981324356219,33.7765630500756],[-84.3981325114864,33.7765607471153],[-84.3981330889651,33.7765582755069],[-84.3981362749093,33.7765557566285],[-84.3981671825978,33.7765564668608],[-84.3981707452932,33.7764483584673],[-84.398418619828,33.776454056021],[-84.3984165077137,33.7765181376583],[-84.398436105752,33.776518586844],[-84.3984377596265,33.7764767985001],[-84.398441023542,33.776465950912],[-84.3984484286359,33.7764532751115],[-84.3984566313926,33.7764429141553],[-84.3984628758725,33.7764370840692],[-84.3984687717543,33.7764285036986],[-84.3984703178327,33.7764192570628],[-84.3985735535047,33.7764216292105],[-84.3985751359064,33.7764322774468],[-84.3985834725659,33.7764391585133],[-84.3985943416101,33.776453019013],[-84.3985989683738,33.7764635055418],[-84.3986027928628,33.7764815863859],[-84.3986014484438,33.7765223868419],[-84.3986116540846,33.776522851848],[-84.3986166301797,33.7765227361006],[-84.3986167359316,33.776519508891],[-84.3986633857517,33.7765205807273],[-84.3986632789218,33.776523807939],[-84.3986829709069,33.7765242605156],[-84.3986783231629,33.7766545840479],[-84.3986609269696,33.7766538584627],[-84.3986608201395,33.7766570856744],[-84.3986049112574,33.7766554586905],[-84.398553720716,33.7766546243838],[-84.3985078990187,33.7766535716884],[-84.3985080058546,33.7766503444769],[-84.398488683127,33.7766499001954],[-84.3984882639131,33.7766626214826],[-84.3984871761716,33.7766684608179],[-84.3984852966554,33.7766709664315],[-84.3984810479438,33.7766753663569],[-84.3984796960506,33.7766801440428],[-84.3984490258667,33.7766794388527],[-84.3984488931086,33.7766774518621],[-84.3984458970479,33.7766722973375],[-84.3984427946525,33.7766685522938],[-84.3984417668452,33.7766653759024],[-84.3984423107437,33.7766488349853],[-84.3984122236566,33.776648144019],[-84.3984102183732,33.7767089984429],[-84.3981623431044,33.7767033008757]]]},"properties":{"OBJECTID":64,"ACCESSTYPE":"Faculty","Address":"790 ATLANTIC DR","ASF":57582,"BLDG_CODE":"111","CONDITION":null,"BLDG_TYPE":"Academic/Research","FLOORCOUNT":6,"GSF":93576,"BLDG_NAME":"Mason Building","OWNEDBY2":"GT","PLANRENO":null,"BLDG_NUM":"111","Common_Name":"Mason CE","Heating":2,"Cooling":2,"Cistern":0,"Steam":"Yes","CHW":"HOL","Electric":"GTME","Gas":"No","OWNEDBY":null,"UNDERGROUND":"No","GlobalID":"1cf74f9e-4b06-4bd5-ad1e-62075b2dec7c","Creator":"malexander_GTFM","EditDate":1656474313000,"Editor":"malexander_GTFM","STATUS":null,"NRHP_ELIG":null,"NRHP_TRT":null,"NRHP_VAL":null,"NRHP_PHS":null,"EVENTS":null,"CONSTDATE":null,"RENODATE":null,"BUILDING_TYPE_NEW":"Academic","Photos":"https://fm-gis2.ad.gatech.edu/images/building/111_small.jpg","FACUpdate":null,"DevAction":"Keep","Note":null,"PPV1":"False","Shape__Area":12972.60888671875,"Shape__Length":627.48384861509578,"WhiteRoof":"Yes","FloodedBldg":"No"}},{"type":"Feature","id":65,"geometry":{"type":"Polygon","coordinates":[[[-84.4016087986161,33.77317911449],[-84.4014640800095,33.7731560470327],[-84.4014544397371,33.7731545100232],[-84.4014440313443,33.7731417164477],[-84.4012094436217,33.7731041885123],[-84.4012914468705,33.7727457296625],[-84.4012808458042,33.7727327281569],[-84.4012825926335,33.7727247794784],[-84.4013023276072,33.7726387351758],[-84.4013041680854,33.7726306844322],[-84.4013194864436,33.7726219913338],[-84.4013321519346,33.7725673145148],[-84.401409211614,33.7725794547817],[-84.4014245299548,33.772570762572],[-84.4014344574762,33.7725723450219],[-84.401524217795,33.7725866520712],[-84.4015338612464,33.7725881899712],[-84.4015442004548,33.7726009719506],[-84.4017211504922,33.7726291759598],[-84.4017141429758,33.7726598382617],[-84.4017334385393,33.7726629140146],[-84.4017273005601,33.7726897705911],[-84.4017080167243,33.7726866425191],[-84.4016759077576,33.7728271422785],[-84.4016447068114,33.7729657089591],[-84.4016393119386,33.7729887357008],[-84.4016214794743,33.7730648438318],[-84.4016319680426,33.7730777337166],[-84.4016301318626,33.7730857691281],[-84.4016087986161,33.77317911449]]]},"properties":{"OBJECTID":65,"ACCESSTYPE":"Employee","Address":"711 MARIETTA ST","ASF":24200,"BLDG_CODE":"164","CONDITION":null,"BLDG_TYPE":"Admin/Services","FLOORCOUNT":2,"GSF":28074,"BLDG_NAME":"Central Receiving","OWNEDBY2":"GT","PLANRENO":null,"BLDG_NUM":"164","Common_Name":"Business Services","Heating":1,"Cooling":1,"Cistern":0,"Steam":"No","CHW":"No","Electric":"GPC","Gas":"AGL","OWNEDBY":null,"UNDERGROUND":"No","GlobalID":"cb76db4a-4b8a-4ea0-a3c8-7201a7875a2a","Creator":"malexander_GTFM","EditDate":1656482009000,"Editor":"malexander_GTFM","STATUS":null,"NRHP_ELIG":null,"NRHP_TRT":null,"NRHP_VAL":null,"NRHP_PHS":null,"EVENTS":null,"CONSTDATE":null,"RENODATE":null,"BUILDING_TYPE_NEW":"Administrative","Photos":"https://fm-gis2.ad.gatech.edu/images/building/164_small.jpg","FACUpdate":null,"DevAction":"Demo","Note":null,"PPV1":"False","Shape__Area":24663.99072265625,"Shape__Length":668.38240915910546,"WhiteRoof":"Yes","FloodedBldg":"No"}},{"type":"Feature","id":66,"geometry":{"type":"Polygon","coordinates":[[[-84.403501823807,33.7792679723874],[-84.4035021638626,33.7792495095284],[-84.4034529698316,33.7792488781012],[-84.4034536668582,33.7792110290602],[-84.4034541758745,33.779183333872],[-84.4034567073087,33.7790457857543],[-84.4035059012236,33.7790464171805],[-84.4035062412776,33.7790279543208],[-84.403620150989,33.779029415429],[-84.4036698534756,33.7790300539282],[-84.4036695134566,33.7790485167881],[-84.4037187073741,33.7790491481295],[-84.4037169017107,33.7791521165403],[-84.4037149694331,33.779252239582],[-84.4036657753995,33.7792516082397],[-84.4036654364589,33.7792700710969],[-84.403501823807,33.7792679723874]]]},"properties":{"OBJECTID":66,"ACCESSTYPE":"Student","Address":"498 EIGHTH ST","ASF":14512,"BLDG_CODE":"108","CONDITION":null,"BLDG_TYPE":"Residence Halls","FLOORCOUNT":4,"GSF":22460,"BLDG_NAME":"Armstrong Residence Hall","OWNEDBY2":"GT","PLANRENO":null,"BLDG_NUM":"108","Common_Name":"Armstrong Dorm","Heating":1,"Cooling":3,"Cistern":0,"Steam":"No","CHW":"TEN","Electric":"GTME","Gas":"WCGS","OWNEDBY":null,"UNDERGROUND":"No","GlobalID":"27e599a2-f41c-47ed-a4d6-42b050a78cda","Creator":"malexander_GTFM","EditDate":1656474313000,"Editor":"malexander_GTFM","STATUS":null,"NRHP_ELIG":null,"NRHP_TRT":null,"NRHP_VAL":null,"NRHP_PHS":null,"EVENTS":null,"CONSTDATE":null,"RENODATE":null,"BUILDING_TYPE_NEW":"Housing","Photos":"https://fm-gis2.ad.gatech.edu/images/building/108_small.jpg","FACUpdate":null,"DevAction":"Keep","Note":null,"PPV1":"False","Shape__Area":6553.58447265625,"Shape__Length":333.92907830073113,"WhiteRoof":"No","FloodedBldg":"No"}},{"type":"Feature","id":67,"geometry":{"type":"Polygon","coordinates":[[[-84.4038629728109,33.7792726066092],[-84.403863312789,33.7792541437496],[-84.4038141176738,33.7792535124684],[-84.403814195686,33.7792493007066],[-84.4038141807549,33.7792344793959],[-84.4038149929573,33.7792071370712],[-84.4038155661474,33.7791537951965],[-84.4038178564581,33.7790504201103],[-84.4038670503774,33.7790510513925],[-84.403867390354,33.7790325885322],[-84.4040310014869,33.7790346876627],[-84.4040306615454,33.7790531505233],[-84.4040798554673,33.7790537817207],[-84.4040771767156,33.7791994080235],[-84.4040772363828,33.7792186870107],[-84.4040761194608,33.7792568740799],[-84.4040269254228,33.7792562428815],[-84.4040265854799,33.7792747057414],[-84.4038629728109,33.7792726066092]]]},"properties":{"OBJECTID":67,"ACCESSTYPE":"Student","Address":"510 EIGHTH ST","ASF":14661,"BLDG_CODE":"107","CONDITION":null,"BLDG_TYPE":"Residence Halls","FLOORCOUNT":4,"GSF":22460,"BLDG_NAME":"Hefner Residence Hall","OWNEDBY2":"GT","PLANRENO":null,"BLDG_NUM":"107","Common_Name":"Hefner Dorm","Heating":1,"Cooling":3,"Cistern":0,"Steam":"No","CHW":"TEN","Electric":"GTME","Gas":"WCGS","OWNEDBY":null,"UNDERGROUND":"No","GlobalID":"c4e662a2-ec95-4099-b778-4a608a748164","Creator":"malexander_GTFM","EditDate":1656474313000,"Editor":"malexander_GTFM","STATUS":null,"NRHP_ELIG":null,"NRHP_TRT":null,"NRHP_VAL":null,"NRHP_PHS":null,"EVENTS":null,"CONSTDATE":null,"RENODATE":null,"BUILDING_TYPE_NEW":"Housing","Photos":"https://fm-gis2.ad.gatech.edu/images/building/107_small.jpg","FACUpdate":null,"DevAction":"Keep","Note":null,"PPV1":"False","Shape__Area":6557.844482421875,"Shape__Length":333.93283595403483,"WhiteRoof":"No","FloodedBldg":"No"}},{"type":"Feature","id":68,"geometry":{"type":"Polygon","coordinates":[[[-84.3951102984874,33.7743551018692],[-84.3951103034339,33.7743492366141],[-84.3950924622432,33.7743490757824],[-84.3950923889165,33.7743548059162],[-84.3950603451689,33.7743545171839],[-84.3949798546583,33.774353790612],[-84.3949809654655,33.7742674310376],[-84.3949810570437,33.7742608452023],[-84.3949892890764,33.7742610337462],[-84.3949894816869,33.7742461353944],[-84.3949562708086,33.7742458352695],[-84.3949573696307,33.7741895485143],[-84.394957471363,33.7741530043715],[-84.3949906822031,33.7741533035946],[-84.3949908748133,33.7741384052426],[-84.3949840132482,33.7741383430996],[-84.3949852126922,33.7740455122019],[-84.3950963731551,33.7740465147169],[-84.3950962998288,33.774052244851],[-84.3951141398783,33.7740524056845],[-84.395114499218,33.7740246711057],[-84.3952256596548,33.7740256735044],[-84.3952253014306,33.7740534080814],[-84.3952431414805,33.7740535688962],[-84.3952432158767,33.77404783876],[-84.395249723288,33.7740478970363],[-84.3953543763418,33.774048840141],[-84.3953530439852,33.7741402602023],[-84.395353021961,33.7741417236243],[-84.3953457910899,33.7741416414477],[-84.3953455602893,33.7741559592071],[-84.3953795033773,33.7741563408224],[-84.3953787092791,33.7742459358429],[-84.3953786958763,33.7742486119707],[-84.3953787202445,33.7742496560385],[-84.3953742901512,33.7742496038377],[-84.395345546554,33.7742491305364],[-84.3953447294229,33.7742642383274],[-84.3953515909957,33.7742642995486],[-84.3953506443483,33.774337533474],[-84.395350390868,33.7743571313486],[-84.39530803731,33.7743568924403],[-84.3952441373303,33.7743561839926],[-84.3952392310843,33.7743561299638],[-84.3952393054809,33.7743503998279],[-84.3952214642898,33.7743502390148],[-84.3952214052035,33.7743548231227],[-84.3952212735747,33.7743650228533],[-84.3952211060635,33.7743779735903],[-84.3951154268803,33.7743770205515],[-84.3951099451717,33.7743769711895],[-84.3951099944145,33.774373150799],[-84.3951102984874,33.7743551018692]]]},"properties":{"OBJECTID":68,"ACCESSTYPE":"Public","Address":"241 BOBBY DODD W","ASF":91701,"BLDG_CODE":"100","CONDITION":null,"BLDG_TYPE":"Academic/Research","FLOORCOUNT":10,"GSF":130464,"BLDG_NAME":"Crosland Tower","OWNEDBY2":"GT","PLANRENO":null,"BLDG_NUM":"100","Common_Name":"Crosland Tower","Heating":2,"Cooling":2,"Cistern":0,"Steam":"Yes","CHW":"HOL","Electric":"GTME","Gas":"AGL","OWNEDBY":null,"UNDERGROUND":"No","GlobalID":"e9538dbd-b8d2-4f7b-859c-2ee8b44ee3b3","Creator":"malexander_GTFM","EditDate":1656474313000,"Editor":"malexander_GTFM","STATUS":null,"NRHP_ELIG":"No","NRHP_TRT":"Extensive Rehab","NRHP_VAL":"2","NRHP_PHS":"Phase IV","EVENTS":null,"CONSTDATE":1968,"RENODATE":2005,"BUILDING_TYPE_NEW":"Academic","Photos":"https://fm-gis2.ad.gatech.edu/images/building/100_small.jpg","FACUpdate":null,"DevAction":"Keep","Note":null,"PPV1":"False","Shape__Area":13593.953857421875,"Shape__Length":547.423823336795,"WhiteRoof":"Yes","FloodedBldg":"No"}},{"type":"Feature","id":69,"geometry":{"type":"MultiPolygon","coordinates":[[[[-84.3957798673043,33.7761158604921],[-84.3957801791298,33.7760825240474],[-84.3958806702581,33.7760834807379],[-84.3958819062458,33.7760221607182],[-84.3958819140013,33.7760214240543],[-84.3958806738687,33.7760025403615],[-84.3958818115556,33.7759193112889],[-84.3958872576988,33.7759193480593],[-84.396278018497,33.7759219902223],[-84.3963815286993,33.7759226902291],[-84.3963788903403,33.7760672713797],[-84.3963788622924,33.7760697076947],[-84.3963786537372,33.776088251451],[-84.3963787187044,33.7761198731555],[-84.3963769715299,33.7762565253214],[-84.3963442565477,33.7762562282555],[-84.3962747710836,33.7762555956587],[-84.3958182405832,33.7762514436399],[-84.395777881457,33.7762508206948],[-84.3957779057772,33.7762490056248],[-84.3957788625824,33.7761655244296],[-84.3957798673043,33.7761158604921]]],[[[-84.3958292972769,33.7759446550616],[-84.3958349859436,33.7759441314583],[-84.3958403130273,33.7759448690353],[-84.395844704805,33.7759467182823],[-84.3958487628988,33.7759493579956],[-84.3958522429756,33.7759534792942],[-84.3958541412713,33.7759575972188],[-84.3958555600019,33.7760009775552],[-84.395855518136,33.7760010686998],[-84.395855535007,33.7760017277758],[-84.3958558962393,33.7760173635485],[-84.3958352327772,33.7760173658553],[-84.3958294737652,33.7760170185937],[-84.3958241619429,33.7760155263054],[-84.3958204534889,33.7760132231599],[-84.3958159860089,33.7760080848273],[-84.3958146834874,33.7760042876856],[-84.3958147447676,33.7760017557339],[-84.3958137663969,33.7759603347701],[-84.3958144911013,33.7759559568072],[-84.3958169673794,33.7759520922383],[-84.3958200998001,33.7759485131763],[-84.3958243101403,33.7759462900002],[-84.3958292972769,33.7759446550616]]]]},"properties":{"OBJECTID":69,"ACCESSTYPE":"Student","Address":"247 FOURTH ST","ASF":35211,"BLDG_CODE":"075","CONDITION":null,"BLDG_TYPE":"Academic/Research","FLOORCOUNT":3,"GSF":52724,"BLDG_NAME":"Architecture West","OWNEDBY2":"GT","PLANRENO":null,"BLDG_NUM":"075","Common_Name":"Arch West","Heating":2,"Cooling":2,"Cistern":0,"Steam":"Yes","CHW":"HOL","Electric":"GTME","Gas":"No","OWNEDBY":null,"UNDERGROUND":"No","GlobalID":"a69a535d-32dc-4388-aa8a-1a4ae2f3acd3","Creator":"malexander_GTFM","EditDate":1656474313000,"Editor":"malexander_GTFM","STATUS":null,"NRHP_ELIG":null,"NRHP_TRT":null,"NRHP_VAL":null,"NRHP_PHS":null,"EVENTS":null,"CONSTDATE":null,"RENODATE":null,"BUILDING_TYPE_NEW":"Academic","Photos":"https://fm-gis2.ad.gatech.edu/images/building/075_small.jpg","FACUpdate":null,"DevAction":"Renovate","Note":"Keep","PPV1":"False","Shape__Area":20553.616455078125,"Shape__Length":677.39508739301016,"WhiteRoof":"No","FloodedBldg":"No"}},{"type":"Feature","id":70,"geometry":{"type":"Polygon","coordinates":[[[-84.3970210292124,33.7769079393312],[-84.3970209840111,33.7766405501411],[-84.3970453672438,33.7766405470031],[-84.3970453584542,33.7765868455537],[-84.3970595876147,33.776586690054],[-84.3970767079981,33.7765868420278],[-84.3970766875443,33.7764666843697],[-84.3970766829624,33.776439162365],[-84.3970766773638,33.7764044046081],[-84.3970766747004,33.7763880847191],[-84.3970766590918,33.776301999561],[-84.3970905647034,33.7763019979427],[-84.3971195722494,33.7763019951724],[-84.3973277234558,33.7763019696671],[-84.3973277222617,33.7762934670947],[-84.3973874951147,33.7762934599529],[-84.3974196262615,33.7762934557807],[-84.3974196267434,33.7762992732359],[-84.3976162984428,33.7762992488714],[-84.3976163075875,33.7763529503218],[-84.3976481936624,33.7763529465486],[-84.3976482268816,33.7765411256792],[-84.3976482354205,33.7765897661584],[-84.3976482371525,33.7766028824804],[-84.3976482560869,33.7767105098853],[-84.3976163709593,33.7767105136571],[-84.3976163801056,33.7767642151039],[-84.3974197073437,33.776764239473],[-84.3974197101698,33.7767797902518],[-84.3974197188334,33.7768281223643],[-84.3974165025301,33.7768277866522],[-84.3974165051735,33.7768376317803],[-84.3974998367861,33.7768376211054],[-84.3974998608548,33.7769729941174],[-84.3973931549632,33.776971665362],[-84.3973386463555,33.7769716716845],[-84.3973299819599,33.7769710017226],[-84.3973299715565,33.7769079023657],[-84.3971052559829,33.776907929055],[-84.3970318663586,33.7769079380369],[-84.3970210292124,33.7769079393312]]]},"properties":{"OBJECTID":70,"ACCESSTYPE":"Private","Address":"791 ATLANTIC DR","ASF":55353,"BLDG_CODE":"095","CONDITION":null,"BLDG_TYPE":"Academic/Research","FLOORCOUNT":3,"GSF":98420,"BLDG_NAME":"Pettit Building","OWNEDBY2":"GT","PLANRENO":null,"BLDG_NUM":"95","Common_Name":"Petit MiRC","Heating":2,"Cooling":2,"Cistern":0,"Steam":"Yes","CHW":"HOL","Electric":"GTME","Gas":"No","OWNEDBY":null,"UNDERGROUND":"No","GlobalID":"ff71e112-acf6-4ae0-a135-bd1dec7e5e7e","Creator":"malexander_GTFM","EditDate":1656474313000,"Editor":"malexander_GTFM","STATUS":null,"NRHP_ELIG":null,"NRHP_TRT":null,"NRHP_VAL":null,"NRHP_PHS":null,"EVENTS":null,"CONSTDATE":null,"RENODATE":null,"BUILDING_TYPE_NEW":"Research","Photos":"https://fm-gis2.ad.gatech.edu/images/building/095_small.jpg","FACUpdate":null,"DevAction":"Keep","Note":null,"PPV1":"False","Shape__Area":38093.650634765625,"Shape__Length":925.79130253813389,"WhiteRoof":"No","FloodedBldg":"No"}},{"type":"Feature","id":71,"geometry":{"type":"Polygon","coordinates":[[[-84.3923728535538,33.771816975402],[-84.392372924047,33.7717866265555],[-84.3923733389271,33.7717249762161],[-84.3923467230953,33.7716800243184],[-84.3923584020273,33.7716752007614],[-84.3923450447745,33.7716526405971],[-84.3923607384944,33.7716464130389],[-84.3923301392873,33.7715950684924],[-84.3923739193336,33.7715769887484],[-84.3923739733549,33.771566709812],[-84.3925118539525,33.7715672185747],[-84.3925893640803,33.7715675040971],[-84.3926404645586,33.7715676927624],[-84.3926734428834,33.77156781451],[-84.3927018854012,33.7715649880378],[-84.3927305617179,33.7715627995007],[-84.3927881667377,33.7715603830381],[-84.3928458445189,33.7715605947321],[-84.3929034223277,33.7715634367024],[-84.3929320912709,33.7715658384444],[-84.3929604854874,33.7715688727418],[-84.3929953003198,33.7715690009543],[-84.3930645186343,33.7715692563011],[-84.3931622357486,33.7715696161995],[-84.3932597509667,33.7715699754896],[-84.3932596969207,33.7715802048353],[-84.3933031590851,33.7715985214462],[-84.3932959326459,33.771611112767],[-84.3932728018462,33.7716499596529],[-84.3932884025358,33.771656402167],[-84.3932743336379,33.7716785770903],[-84.3932859582365,33.7716834823746],[-84.3932589161093,33.7717281800484],[-84.3932586615256,33.7718148004556],[-84.3932586377529,33.7718193042528],[-84.3926058553499,33.7718178348271],[-84.3923728535538,33.771816975402]]]},"properties":{"OBJECTID":71,"ACCESSTYPE":"Private","Address":"177 NORTH AVENUE","ASF":68567,"BLDG_CODE":"047","CONDITION":null,"BLDG_TYPE":"Admin/Services","FLOORCOUNT":6,"GSF":119403,"BLDG_NAME":"Wardlaw Center","OWNEDBY2":"GT","PLANRENO":null,"BLDG_NUM":"047","Common_Name":"Wardlaw Bldg","Heating":1,"Cooling":1,"Cistern":0,"Steam":"No","CHW":"No","Electric":"GTME","Gas":"AGL","OWNEDBY":null,"UNDERGROUND":"No","GlobalID":"8901f28e-75e9-477e-87fd-5c95cff6108d","Creator":"malexander_GTFM","EditDate":1656474313000,"Editor":"malexander_GTFM","STATUS":null,"NRHP_ELIG":null,"NRHP_TRT":null,"NRHP_VAL":null,"NRHP_PHS":null,"EVENTS":"Event Space","CONSTDATE":null,"RENODATE":null,"BUILDING_TYPE_NEW":"Athletics","Photos":"https://fm-gis2.ad.gatech.edu/images/building/047_small.jpg","FACUpdate":null,"DevAction":"Keep","Note":null,"PPV1":"False","Shape__Area":25349.453857421875,"Shape__Length":757.318389181611,"WhiteRoof":"No","FloodedBldg":"No"}},{"type":"Feature","id":72,"geometry":{"type":"Polygon","coordinates":[[[-84.3967693795024,33.7765839035039],[-84.3967698099917,33.7765555169061],[-84.3967894911282,33.7765559508704],[-84.3967905579995,33.776530957804],[-84.3968971688926,33.7765333070269],[-84.3969341416041,33.7765341216645],[-84.3969229926184,33.7768868883926],[-84.3969196658062,33.7768868152544],[-84.3967794084255,33.7768837245217],[-84.3967886640025,33.7765882306377],[-84.3967884728295,33.7765841690538],[-84.3967693795024,33.7765839035039]]]},"properties":{"OBJECTID":72,"ACCESSTYPE":"Student","Address":"280 FERST DRIVE","ASF":7091,"BLDG_CODE":"060A","CONDITION":null,"BLDG_TYPE":"Academic/Research","FLOORCOUNT":2,"GSF":11024,"BLDG_NAME":"Caddell Arch Annex","OWNEDBY2":"GT","PLANRENO":null,"BLDG_NUM":"60A","Common_Name":"Arch Annex","Heating":3,"Cooling":1,"Cistern":0,"Steam":"No","CHW":"No","Electric":"GTME","Gas":"No","OWNEDBY":null,"UNDERGROUND":"No","GlobalID":"ab3328a4-b544-4f9f-87da-99c22e28900a","Creator":"malexander_GTFM","EditDate":1656474313000,"Editor":"malexander_GTFM","STATUS":null,"NRHP_ELIG":"No","NRHP_TRT":"Corrective Maintenance","NRHP_VAL":"NA","NRHP_PHS":"Phase III","EVENTS":null,"CONSTDATE":1955,"RENODATE":1998,"BUILDING_TYPE_NEW":"Academic","Photos":"https://fm-gis2.ad.gatech.edu/images/building/060A_small.jpg","FACUpdate":null,"DevAction":"Keep","Note":null,"PPV1":"False","Shape__Area":5667.86767578125,"Shape__Length":355.94756369264167,"WhiteRoof":"Yes","FloodedBldg":"No"}},{"type":"Feature","id":73,"geometry":{"type":"Polygon","coordinates":[[[-84.3949705231639,33.776219680728],[-84.3949717994616,33.7761061541082],[-84.394972115612,33.7760779931375],[-84.3949721672166,33.7760734324878],[-84.3949748816721,33.7760734572206],[-84.3950125741554,33.7760737968342],[-84.3950552548866,33.7760745392597],[-84.395054422945,33.7761174540101],[-84.3953450630894,33.7761188723843],[-84.3953449289052,33.7760797499662],[-84.395402496031,33.7760806549351],[-84.3954415637179,33.7760812686758],[-84.395443054828,33.7760150738576],[-84.3954433996589,33.7759997911238],[-84.3954459907387,33.7758847617106],[-84.3954463509577,33.775868769348],[-84.3954466864806,33.7758491731292],[-84.3951843154274,33.7758450508925],[-84.3951851876538,33.7758063539918],[-84.3951863835037,33.7757533166223],[-84.3951588074562,33.7757531783347],[-84.3951572017241,33.7757530992573],[-84.3951572000053,33.7757528585195],[-84.3951673997405,33.7757157601084],[-84.3951872228732,33.7757160714412],[-84.3951874247236,33.7757071050424],[-84.3953842933951,33.7757101981785],[-84.3954583297032,33.7757113620287],[-84.3954583510248,33.7757226317343],[-84.3955249770165,33.7757236785428],[-84.3955257806151,33.7757124217339],[-84.3956185613871,33.7757138789274],[-84.3956154527817,33.7758518247853],[-84.3955661718224,33.7758510497127],[-84.3955658020134,33.7758674875094],[-84.395561804673,33.7760618450458],[-84.3955613236411,33.776083150164],[-84.3956042633297,33.7760838242955],[-84.3956686955422,33.7760848372259],[-84.3956680138802,33.7761151330855],[-84.3957752918876,33.7761160087423],[-84.3957798673043,33.7761158604921],[-84.3957788625824,33.7761655244296],[-84.3957485826404,33.77616532367],[-84.3957162409651,33.7761653160763],[-84.3956673384757,33.7761652292041],[-84.3956656913801,33.7762181844594],[-84.3956640393531,33.776218158672],[-84.3956574450266,33.7762183656648],[-84.3954864956989,33.7762168532951],[-84.3954866106511,33.7762077022192],[-84.3954619300327,33.7762074846957],[-84.3954618150803,33.7762166366732],[-84.3950533572146,33.7762130463888],[-84.394973735283,33.7762123461609],[-84.3949738763365,33.7762195257523],[-84.3949705231639,33.776219680728]]]},"properties":{"OBJECTID":73,"ACCESSTYPE":"Student","Address":"245 FOURTH ST","ASF":36543,"BLDG_CODE":"076","CONDITION":null,"BLDG_TYPE":"Academic/Research","FLOORCOUNT":4,"GSF":61962,"BLDG_NAME":"Architecture East","OWNEDBY2":"GT","PLANRENO":null,"BLDG_NUM":"076","Common_Name":"Arch East","Heating":2,"Cooling":2,"Cistern":0,"Steam":"Yes","CHW":"HOL","Electric":"GTME","Gas":"No","OWNEDBY":null,"UNDERGROUND":"No","GlobalID":"416da533-a3bb-4543-b4b1-84ef8ba3ceea","Creator":"malexander_GTFM","EditDate":1656474313000,"Editor":"malexander_GTFM","STATUS":null,"NRHP_ELIG":"Yes","NRHP_TRT":"Extensive Rehab","NRHP_VAL":"1","NRHP_PHS":"Phase III","EVENTS":"Maker Space","CONSTDATE":1952,"RENODATE":1992,"BUILDING_TYPE_NEW":"Academic","Photos":"https://fm-gis2.ad.gatech.edu/images/building/076_small.jpg","FACUpdate":null,"DevAction":"Renovate","Note":"Keep","PPV1":"False","Shape__Area":19426.37890625,"Shape__Length":1113.7763822455145,"WhiteRoof":"Yes","FloodedBldg":"No"}},{"type":"Feature","id":74,"geometry":{"type":"Polygon","coordinates":[[[-84.3974875126286,33.7771785044902],[-84.3974779453616,33.7771858113347],[-84.397478035346,33.7773043071038],[-84.3976120836924,33.7773069046371],[-84.3976208202019,33.7773070740276],[-84.3976207316051,33.7773102705478],[-84.3976131903963,33.7775816997753],[-84.3976235942885,33.7775888033511],[-84.3976314515637,33.7775976879455],[-84.3976318161752,33.7775983671083],[-84.3976366591512,33.7776085710498],[-84.3976367541616,33.7776089712052],[-84.3976379444641,33.7776139632246],[-84.39763821856,33.7776151123172],[-84.3976392120171,33.7776195772389],[-84.3976369078757,33.777630037101],[-84.3976363477156,33.7776313257076],[-84.3976340072875,33.7776367138485],[-84.3976304641089,33.7776429319563],[-84.3976301804677,33.7776434563466],[-84.3976278706632,33.7776469789133],[-84.3976196166762,33.7776540209299],[-84.3976110535992,33.7776589446437],[-84.3976101410127,33.7776914544911],[-84.3974573124321,33.7776884935505],[-84.3972330938273,33.7776841510468],[-84.3971533505677,33.7776826058045],[-84.3969166770078,33.7776777467996],[-84.3969193909285,33.7775694002024],[-84.3969914425057,33.7775719057843],[-84.3969914663075,33.7775711167948],[-84.3969946715173,33.7774632146933],[-84.3969962949439,33.7774085724871],[-84.3971300702527,33.7774111638399],[-84.3971380697552,33.7771232263396],[-84.3971492512421,33.7771143115668],[-84.3971970206501,33.7771152376015],[-84.3972756468916,33.7771167605596],[-84.397336254872,33.7771179357492],[-84.3973863820451,33.7771187301706],[-84.3973931574942,33.7771240363455],[-84.3974433316535,33.7770839678105],[-84.3974586763817,33.7770842646109],[-84.3974713395645,33.7770952095187],[-84.3975206090245,33.7771385201606],[-84.3975202536204,33.7771513350962],[-84.3974875126286,33.7771785044902]]]},"properties":{"OBJECTID":74,"ACCESSTYPE":"Student","Address":"801 ATLANTIC DR","ASF":74818,"BLDG_CODE":"050","CONDITION":null,"BLDG_TYPE":"Academic/Research","FLOORCOUNT":4,"GSF":118217,"BLDG_NAME":"College of Computing","OWNEDBY2":"GT","PLANRENO":null,"BLDG_NUM":"50","Common_Name":"CoC","Heating":2,"Cooling":2,"Cistern":0,"Steam":"Yes","CHW":"HOL","Electric":"GTME","Gas":"AGL","OWNEDBY":null,"UNDERGROUND":"No","GlobalID":"ea25a9c1-b925-4c31-8c25-51cd1e65e7d6","Creator":"malexander_GTFM","EditDate":1656474313000,"Editor":"malexander_GTFM","STATUS":null,"NRHP_ELIG":null,"NRHP_TRT":null,"NRHP_VAL":null,"NRHP_PHS":null,"EVENTS":null,"CONSTDATE":null,"RENODATE":null,"BUILDING_TYPE_NEW":"Academic","Photos":"https://fm-gis2.ad.gatech.edu/images/building/050_small.jpg","FACUpdate":null,"DevAction":"Keep","Note":null,"PPV1":"False","Shape__Area":33139.90869140625,"Shape__Length":864.40876398025841,"WhiteRoof":"No","FloodedBldg":"Yes"}},{"type":"Feature","id":75,"geometry":{"type":"Polygon","coordinates":[[[-84.4062120520556,33.77820247086],[-84.4062694014408,33.7781812455617],[-84.4062873382106,33.7782135024678],[-84.4062629713086,33.7782222434989],[-84.4062716433064,33.7782383716264],[-84.4062261796839,33.7782553514213],[-84.406212725808,33.7782307859052],[-84.4062249096098,33.7782265398224],[-84.4062120520556,33.77820247086]]]},"properties":{"OBJECTID":75,"ACCESSTYPE":"Secure","Address":"850 CURRAN ST","ASF":328,"BLDG_CODE":"020","CONDITION":null,"BLDG_TYPE":"Admin/Services","FLOORCOUNT":1,"GSF":384,"BLDG_NAME":"Wrek Transmitter & Tower","OWNEDBY2":"GT","PLANRENO":null,"BLDG_NUM":"20","Common_Name":"WREK Radio Tower","Heating":1,"Cooling":1,"Cistern":0,"Steam":"No","CHW":"No","Electric":"GTME","Gas":"AGL","OWNEDBY":null,"UNDERGROUND":"No","GlobalID":"5e989bee-abf9-4a6e-9134-e8b9c426b072","Creator":"malexander_GTFM","EditDate":1656474313000,"Editor":"malexander_GTFM","STATUS":null,"NRHP_ELIG":null,"NRHP_TRT":null,"NRHP_VAL":null,"NRHP_PHS":null,"EVENTS":null,"CONSTDATE":null,"RENODATE":null,"BUILDING_TYPE_NEW":"Facilities Services and Campus Support","Photos":"https://fm-gis2.ad.gatech.edu/images/building/020_small.jpg","FACUpdate":null,"DevAction":"Keep","Note":null,"PPV1":"False","Shape__Area":357.55615234375,"Shape__Length":85.056713923201457,"WhiteRoof":"No","FloodedBldg":"No"}},{"type":"Feature","id":76,"geometry":{"type":"Polygon","coordinates":[[[-84.393865471949,33.7727406167851],[-84.3938652549662,33.7726588220002],[-84.3938497715399,33.7726588505028],[-84.39385176394,33.7723223529207],[-84.3938692655042,33.7723224415243],[-84.3938695474615,33.7722836465143],[-84.3938525547425,33.7722836777956],[-84.3938531771605,33.7721677070342],[-84.3938688710336,33.7721676790457],[-84.3938690441588,33.7721514616088],[-84.3940447990731,33.7721519584362],[-84.3940435631964,33.7723842353563],[-84.3940272899934,33.7723844483714],[-84.3940262490589,33.7723987018046],[-84.3940694602194,33.7723986212917],[-84.3940693554367,33.7724954544282],[-84.3940268664562,33.7724951008177],[-84.3940269067091,33.7725111573667],[-84.3940434257976,33.7725112387388],[-84.394043358305,33.7727411340326],[-84.393865471949,33.7727406167851]]]},"properties":{"OBJECTID":76,"ACCESSTYPE":"Public","Address":"219 UNCLE HEINIE","ASF":26467,"BLDG_CODE":"031","CONDITION":null,"BLDG_TYPE":"Admin/Services","FLOORCOUNT":4,"GSF":48666,"BLDG_NAME":"Moore Student Success Center","OWNEDBY2":"GT","PLANRENO":null,"BLDG_NUM":"31","Common_Name":"Success Center","Heating":2,"Cooling":1,"Cistern":0,"Steam":"Yes","CHW":"No","Electric":"GTME","Gas":"No","OWNEDBY":null,"UNDERGROUND":"No","GlobalID":"f4c19de0-5ba5-4faa-8a35-89141cfdb32a","Creator":"malexander_GTFM","EditDate":1656474313000,"Editor":"malexander_GTFM","STATUS":null,"NRHP_ELIG":null,"NRHP_TRT":null,"NRHP_VAL":null,"NRHP_PHS":null,"EVENTS":"Event Space","CONSTDATE":null,"RENODATE":null,"BUILDING_TYPE_NEW":"Student Services","Photos":"https://fm-gis2.ad.gatech.edu/images/building/031_small.jpg","FACUpdate":null,"DevAction":"Keep","Note":null,"PPV1":"False","Shape__Area":12520.06689453125,"Shape__Length":592.295095761404,"WhiteRoof":"No","FloodedBldg":"No"}},{"type":"Feature","id":77,"geometry":{"type":"Polygon","coordinates":[[[-84.3923647958538,33.7803360817977],[-84.3923203722626,33.7803010924153],[-84.3923801816109,33.780252599532],[-84.3924078132292,33.7802527924346],[-84.3924359335456,33.7802293620784],[-84.3924373632884,33.780228180103],[-84.3924867028409,33.7801873847834],[-84.3925375773474,33.7802953401397],[-84.3925396468983,33.7802997300978],[-84.3925403863384,33.7803013003222],[-84.3925697612608,33.7802901868989],[-84.3926099155312,33.7802749944993],[-84.3926121353589,33.7801162015521],[-84.3926293015793,33.7801162738103],[-84.3926293051683,33.7801192853187],[-84.3926293115582,33.7801237746281],[-84.3926337149258,33.7801238143526],[-84.3927187599336,33.7801245728699],[-84.3927193941755,33.780091851689],[-84.3927199653658,33.7800918506427],[-84.3928741963587,33.7800915247438],[-84.3930088535699,33.7800912408667],[-84.3930088516191,33.7800913202155],[-84.3930108004699,33.7800912760667],[-84.3930126499879,33.7800912339034],[-84.3930108407167,33.7801250491403],[-84.3930097148072,33.780146091235],[-84.3930096800196,33.7801464122866],[-84.3930056198703,33.7802226714693],[-84.3930050785351,33.7802327916929],[-84.393007890239,33.7802336142515],[-84.3931816227494,33.7802844425388],[-84.3931078746552,33.7803598206723],[-84.3931156375831,33.7803661684776],[-84.3931201745842,33.780369388063],[-84.3931251848849,33.7803739763877],[-84.39318922964,33.7804263475595],[-84.3932135262842,33.780462768433],[-84.3932483338357,33.7805149434869],[-84.3932486155107,33.7805148888707],[-84.3933482960599,33.7804955673595],[-84.3933831104241,33.7804888194638],[-84.3933858203303,33.7804882942324],[-84.3933871219878,33.7805171861518],[-84.3933925653482,33.780638176824],[-84.3933897950466,33.7807063485376],[-84.3933740238629,33.7808132781629],[-84.393348980363,33.7808930463503],[-84.3933412921261,33.7809175357901],[-84.3933009299106,33.7810047067079],[-84.3932847679562,33.7809973518672],[-84.3932352298455,33.7810673397185],[-84.3932185104868,33.7810873726404],[-84.3932143804308,33.7810923221718],[-84.3932023151868,33.7811067283598],[-84.393185216338,33.7811191980235],[-84.3931343637722,33.7811562815912],[-84.3930795569205,33.7811810125612],[-84.3930781684091,33.7811814524095],[-84.393024860529,33.7811919227977],[-84.3930240397074,33.7811922597175],[-84.3930270185499,33.7812028351278],[-84.3928972846617,33.781214288672],[-84.3929009441439,33.781229532488],[-84.3927880230264,33.7812277080367],[-84.3926600714061,33.781213531341],[-84.392535621208,33.7811852444785],[-84.392455656121,33.7811600372922],[-84.3924657617617,33.7811374216236],[-84.3924382025628,33.7811246081929],[-84.3924324075482,33.7811332989895],[-84.3922490652808,33.7810801582601],[-84.3921390284377,33.7809374025883],[-84.3921583099931,33.7807656163531],[-84.3921701810178,33.780764811126],[-84.3921674068167,33.7807362762338],[-84.3922351210801,33.7807316847959],[-84.3922365737163,33.7806609710556],[-84.3922394218329,33.7806398464758],[-84.3922528355775,33.7805903456548],[-84.3922563169472,33.7805747722843],[-84.392264202394,33.7805545590807],[-84.3922953252679,33.7804947353343],[-84.3923075783766,33.7804761803931],[-84.3923201363262,33.7804610538725],[-84.392267153154,33.7804152639165],[-84.3923387792253,33.7803571802271],[-84.3923482038696,33.7803495368262],[-84.3923647958538,33.7803360817977]]]},"properties":{"OBJECTID":77,"ACCESSTYPE":"Public","Address":"965 FOWLER ST","ASF":117789,"BLDG_CODE":"073","CONDITION":null,"BLDG_TYPE":"Athletic","FLOORCOUNT":3,"GSF":182186,"BLDG_NAME":"McCamish Pavilion","OWNEDBY2":"GT","PLANRENO":null,"BLDG_NUM":"073","Common_Name":"Coliseum","Heating":1,"Cooling":1,"Cistern":1,"Steam":"No","CHW":"No","Electric":"GTME","Gas":"AGL","OWNEDBY":null,"UNDERGROUND":"No","GlobalID":"7776eaee-7f9a-489b-afe7-a876c0da5eae","Creator":"malexander_GTFM","EditDate":1656474313000,"Editor":"malexander_GTFM","STATUS":null,"NRHP_ELIG":"No","NRHP_TRT":"Extensive Rehab","NRHP_VAL":"NA","NRHP_PHS":"Phase IV","EVENTS":"Athletic","CONSTDATE":null,"RENODATE":null,"BUILDING_TYPE_NEW":"Athletics","Photos":"https://fm-gis2.ad.gatech.edu/images/building/073_small.jpg","FACUpdate":null,"DevAction":"Keep","Note":null,"PPV1":"False","Shape__Area":114062.6123046875,"Shape__Length":1510.3850200073966,"WhiteRoof":"No","FloodedBldg":"No"}},{"type":"Feature","id":78,"geometry":{"type":"Polygon","coordinates":[[[-84.3930623161506,33.7800056265932],[-84.393062687069,33.7799808052592],[-84.3930748530451,33.7799809326131],[-84.3930765226177,33.7798694106269],[-84.3930769441118,33.7798412422704],[-84.3930773656034,33.779813073012],[-84.3932139564003,33.7798144976001],[-84.3932105922351,33.7800393873013],[-84.3930740000014,33.780037962713],[-84.3930744783663,33.7800059649404],[-84.3930623161506,33.7800056265932]]]},"properties":{"OBJECTID":78,"ACCESSTYPE":"Employee","Address":"955 FOWLER ST","ASF":4773,"BLDG_CODE":"032","CONDITION":null,"BLDG_TYPE":"Admin/Services","FLOORCOUNT":2,"GSF":7281,"BLDG_NAME":"NCAA Broadcasting Center","OWNEDBY2":"GT","PLANRENO":null,"BLDG_NUM":"032","Common_Name":"NCAA Broadcast Center","Heating":1,"Cooling":1,"Cistern":0,"Steam":"No","CHW":"No","Electric":"GTME","Gas":"AGL","OWNEDBY":null,"UNDERGROUND":"No","GlobalID":"05792f47-d12d-456c-9a88-152348753581","Creator":"malexander_GTFM","EditDate":1656474313000,"Editor":"malexander_GTFM","STATUS":null,"NRHP_ELIG":null,"NRHP_TRT":null,"NRHP_VAL":null,"NRHP_PHS":null,"EVENTS":"Athletic","CONSTDATE":null,"RENODATE":null,"BUILDING_TYPE_NEW":"Athletics","Photos":"https://fm-gis2.ad.gatech.edu/images/building/032_small.jpg","FACUpdate":null,"DevAction":"Keep","Note":null,"PPV1":"False","Shape__Area":3430.31005859375,"Shape__Length":254.00487794243014,"WhiteRoof":"Yes","FloodedBldg":"No"}},{"type":"Feature","id":79,"geometry":{"type":"Polygon","coordinates":[[[-84.3923543639263,33.7801585161741],[-84.3923830127539,33.7801830355736],[-84.3924164389407,33.7802106181524],[-84.3924373632884,33.780228180103],[-84.3924318156981,33.7802327931814],[-84.3924078132292,33.7802527924346],[-84.3923801816109,33.780252599532],[-84.3923203722626,33.7803010924153],[-84.3923647958538,33.7803360817977],[-84.3923482060243,33.780349535019],[-84.3923472966405,33.7803502733311],[-84.3923387792253,33.7803571802271],[-84.3923235204624,33.7803441774682],[-84.3922961153082,33.7803208261248],[-84.3922369073516,33.7803689292561],[-84.3922375481078,33.7803917578916],[-84.392212652962,33.7804114891445],[-84.392209002306,33.7804143829037],[-84.3921152240744,33.7803337455853],[-84.3921165895875,33.7801592699851],[-84.3921166940201,33.7801459659313],[-84.3922744968341,33.780146826239],[-84.3922783224815,33.780146847196],[-84.3923408544821,33.7801471881904],[-84.3923540151604,33.7801585150087],[-84.3923543639263,33.7801585161741]]]},"properties":{"OBJECTID":79,"ACCESSTYPE":"Private","Address":"175 EIGHTH ST","ASF":9172,"BLDG_CODE":"073A","CONDITION":null,"BLDG_TYPE":"Athletic","FLOORCOUNT":2,"GSF":12580,"BLDG_NAME":"Luck Building","OWNEDBY2":"GT","PLANRENO":null,"BLDG_NUM":"73A","Common_Name":"Luck Bldg","Heating":1,"Cooling":1,"Cistern":1,"Steam":"No","CHW":"No","Electric":"GTME","Gas":"AGL","OWNEDBY":null,"UNDERGROUND":"No","GlobalID":"d314955a-0412-4daa-b67d-6a64050163c1","Creator":"malexander_GTFM","EditDate":1656474313000,"Editor":"malexander_GTFM","STATUS":null,"NRHP_ELIG":null,"NRHP_TRT":null,"NRHP_VAL":null,"NRHP_PHS":null,"EVENTS":"Athletic","CONSTDATE":null,"RENODATE":null,"BUILDING_TYPE_NEW":"Athletics","Photos":"https://fm-gis2.ad.gatech.edu/images/building/073A_small.jpg","FACUpdate":null,"DevAction":"Keep","Note":null,"PPV1":"False","Shape__Area":6124.811767578125,"Shape__Length":358.81939338243694,"WhiteRoof":"No","FloodedBldg":"No"}},{"type":"Feature","id":80,"geometry":{"type":"Polygon","coordinates":[[[-84.3922184102084,33.7794743050701],[-84.39221991188,33.7793860486987],[-84.3922772851638,33.7793867282581],[-84.3922780442167,33.779358306822],[-84.3923043974361,33.7793586193002],[-84.3923100328324,33.7793586865382],[-84.3923513399872,33.7793591763374],[-84.3923536956679,33.7792207171619],[-84.3923568950628,33.77922075459],[-84.3924927500917,33.7792223661628],[-84.3925068229015,33.7792225333628],[-84.3925555189449,33.7792231105564],[-84.392570013949,33.7792232823862],[-84.3925683185482,33.7792984777975],[-84.3925679006238,33.7793284801073],[-84.3925664352606,33.7794337217231],[-84.3924986290581,33.7794329189301],[-84.3924500225151,33.7794323415506],[-84.3924179701666,33.7794319619873],[-84.3923534097959,33.7794311955544],[-84.3923526491952,33.7794758972086],[-84.3922184102084,33.7794743050701]]]},"properties":{"OBJECTID":80,"ACCESSTYPE":"Reserved","Address":"151 SIXTH STREET","ASF":4180,"BLDG_CODE":"033B","CONDITION":null,"BLDG_TYPE":"Admin/Services","FLOORCOUNT":1,"GSF":7566,"BLDG_NAME":"O'Keefe Custodial Services Building","OWNEDBY2":"GT","PLANRENO":null,"BLDG_NUM":"033B","Common_Name":"Softball Annex","Heating":1,"Cooling":1,"Cistern":0,"Steam":"No","CHW":"No","Electric":"GTME","Gas":"AGL","OWNEDBY":null,"UNDERGROUND":"No","GlobalID":"60b82a90-576b-49d9-9314-d3796d522d67","Creator":"malexander_GTFM","EditDate":1656474313000,"Editor":"malexander_GTFM","STATUS":null,"NRHP_ELIG":"Yes","NRHP_TRT":"Corrective Maintenance","NRHP_VAL":"2","NRHP_PHS":"Phase II","EVENTS":null,"CONSTDATE":1924,"RENODATE":1989,"BUILDING_TYPE_NEW":"Athletics","Photos":"https://fm-gis2.ad.gatech.edu/images/building/033B_small.jpg","FACUpdate":null,"DevAction":"Keep","Note":null,"PPV1":"False","Shape__Area":6554.337890625,"Shape__Length":396.6665415460032,"WhiteRoof":"No","FloodedBldg":"No"}},{"type":"Feature","id":81,"geometry":{"type":"Polygon","coordinates":[[[-84.3924767215195,33.7789982269434],[-84.3924785073116,33.7788858526726],[-84.3925452450474,33.7788865916128],[-84.3925444722387,33.7789352416255],[-84.3925437504228,33.7789806942889],[-84.3925436197611,33.7789889166866],[-84.3925434593449,33.7789989667859],[-84.3924767215195,33.7789982269434]]]},"properties":{"OBJECTID":81,"ACCESSTYPE":"Employee","Address":"151 SIXTH STREET","ASF":744,"BLDG_CODE":"033C","CONDITION":null,"BLDG_TYPE":"Academic/Research","FLOORCOUNT":1,"GSF":834,"BLDG_NAME":"O'Keefe Storage Facility","OWNEDBY2":"GT","PLANRENO":null,"BLDG_NUM":"033C","Common_Name":"O'Keefe Storeroom","Heating":1,"Cooling":5,"Cistern":0,"Steam":"No","CHW":"No","Electric":"GTME","Gas":"AGL","OWNEDBY":null,"UNDERGROUND":"No","GlobalID":"1a01f7f9-0e24-47cc-b76c-358a5dac3338","Creator":"malexander_GTFM","EditDate":1656474313000,"Editor":"malexander_GTFM","STATUS":null,"NRHP_ELIG":null,"NRHP_TRT":null,"NRHP_VAL":null,"NRHP_PHS":null,"EVENTS":null,"CONSTDATE":null,"RENODATE":null,"BUILDING_TYPE_NEW":"Facilities Services and Campus Support","Photos":"https://fm-gis2.ad.gatech.edu/images/building/033C_small.jpg","FACUpdate":null,"DevAction":"Keep","Note":null,"PPV1":"False","Shape__Area":829.33349609375,"Shape__Length":122.34738129092906,"WhiteRoof":"No","FloodedBldg":"No"}},{"type":"Feature","id":82,"geometry":{"type":"Polygon","coordinates":[[[-84.3956839222394,33.7810255372096],[-84.3956619819007,33.7809563906409],[-84.3956542984573,33.7809580909859],[-84.3956488702712,33.7809409823132],[-84.3956565526359,33.7809392828721],[-84.3956505135796,33.780920250308],[-84.3956484773354,33.7809138343315],[-84.3956450853968,33.780903141635],[-84.3956430491533,33.7808967256584],[-84.395642845529,33.7808960840607],[-84.3956382307688,33.7808815426815],[-84.3956456584528,33.780879899616],[-84.3956713472478,33.7808742157263],[-84.3956789778062,33.7808725271997],[-84.3957080928496,33.7808660858685],[-84.3957156446293,33.7808644146173],[-84.395741264351,33.7808587461692],[-84.3957488657697,33.780857064004],[-84.3957536155782,33.7808720334125],[-84.3957557193437,33.7808786629532],[-84.3957687811819,33.7808757723556],[-84.3957804520921,33.7809125542769],[-84.3958782299592,33.7808916067762],[-84.3959565944951,33.780874267612],[-84.3959805506107,33.7809497580058],[-84.3957915487537,33.7809915760042],[-84.3957979275832,33.7810116781898],[-84.3958007358875,33.7810205307943],[-84.3958068849554,33.7810399066754],[-84.3956962497413,33.7810643872084],[-84.3956900734624,33.7810449212073],[-84.3956839222394,33.7810255372096]]]},"properties":{"OBJECTID":82,"ACCESSTYPE":"Private","Address":"292 TENTH STREET","ASF":8360,"BLDG_CODE":"071","CONDITION":null,"BLDG_TYPE":"Admin/Services","FLOORCOUNT":3,"GSF":9637,"BLDG_NAME":"President's House","OWNEDBY2":"GT","PLANRENO":"Future","BLDG_NUM":"71","Common_Name":"Presidents House","Heating":1,"Cooling":1,"Cistern":0,"Steam":"No","CHW":"No","Electric":"GTME","Gas":"AGL","OWNEDBY":null,"UNDERGROUND":"No","GlobalID":"809c804a-3dc8-4cb5-9d0b-7f2ac8dd79d9","Creator":"malexander_GTFM","EditDate":1656474313000,"Editor":"malexander_GTFM","STATUS":null,"NRHP_ELIG":"Yes","NRHP_TRT":"Moderate Rehab","NRHP_VAL":"1","NRHP_PHS":"Phase III","EVENTS":null,"CONSTDATE":1949,"RENODATE":1994,"BUILDING_TYPE_NEW":"Administrative","Photos":"https://fm-gis2.ad.gatech.edu/images/building/071_small.jpg","FACUpdate":null,"DevAction":"Keep","Note":null,"PPV1":"False","Shape__Area":4158.831787109375,"Shape__Length":330.61511434391974,"WhiteRoof":"No","FloodedBldg":"No"}},{"type":"Feature","id":83,"geometry":{"type":"Polygon","coordinates":[[[-84.3967138151034,33.7810486117297],[-84.3967166425937,33.7809458660393],[-84.3968396855339,33.7809482252376],[-84.3968368592728,33.7810509718298],[-84.3968254152623,33.7810507524339],[-84.3968067634023,33.7810503941005],[-84.3967138151034,33.7810486117297]]]},"properties":{"OBJECTID":83,"ACCESSTYPE":"Employee","Address":"294 TENTH STREET","ASF":1415,"BLDG_CODE":"071A","CONDITION":null,"BLDG_TYPE":"Admin/Services","FLOORCOUNT":2,"GSF":1601,"BLDG_NAME":"President's Cottage","OWNEDBY2":"GT","PLANRENO":null,"BLDG_NUM":"71A","Common_Name":"President's House","Heating":0,"Cooling":1,"Cistern":0,"Steam":"No","CHW":"No","Electric":"GTME","Gas":"No","OWNEDBY":null,"UNDERGROUND":"No","GlobalID":"31c41b0f-37ad-4d5a-9410-77134172bd61","Creator":"malexander_GTFM","EditDate":1656536795000,"Editor":"malexander_GTFM","STATUS":null,"NRHP_ELIG":null,"NRHP_TRT":null,"NRHP_VAL":null,"NRHP_PHS":null,"EVENTS":null,"CONSTDATE":null,"RENODATE":null,"BUILDING_TYPE_NEW":"Administrative","Photos":"https://fm-gis2.ad.gatech.edu/images/building/071A_small.jpg","FACUpdate":null,"DevAction":"Keep","Note":null,"PPV1":"False","Shape__Area":1398.46923828125,"Shape__Length":149.58459329027971,"WhiteRoof":"No","FloodedBldg":"No"}},{"type":"Feature","id":84,"geometry":{"type":"Polygon","coordinates":[[[-84.3970268073313,33.7809561775714],[-84.3970293416251,33.7808339964326],[-84.3971054920599,33.7808350967295],[-84.3971057932638,33.7808205624554],[-84.3971819447696,33.7808216636048],[-84.3971822459606,33.7808071293304],[-84.3972578521504,33.7808082224352],[-84.3972547147464,33.7809594730298],[-84.3970757735921,33.780956885017],[-84.3970268073313,33.7809561775714]]]},"properties":{"OBJECTID":84,"ACCESSTYPE":"Employee","Address":"947 ATLANTIC DR","ASF":6009,"BLDG_CODE":"067A","CONDITION":null,"BLDG_TYPE":"Admin/Services","FLOORCOUNT":2,"GSF":6943,"BLDG_NAME":"Old Area 2","OWNEDBY2":"GT","PLANRENO":null,"BLDG_NUM":"67A","Common_Name":"Facilities Operations Storage","Heating":1,"Cooling":1,"Cistern":0,"Steam":"No","CHW":"No","Electric":"GPC","Gas":"AGL","OWNEDBY":null,"UNDERGROUND":"No","GlobalID":"7a0e66c2-fbf2-44cc-bec0-33692969de9c","Creator":"malexander_GTFM","EditDate":1656536839000,"Editor":"malexander_GTFM","STATUS":"Proposed Demolished","NRHP_ELIG":null,"NRHP_TRT":null,"NRHP_VAL":null,"NRHP_PHS":null,"EVENTS":null,"CONSTDATE":null,"RENODATE":null,"BUILDING_TYPE_NEW":"Facilities Services and Campus Support","Photos":"https://fm-gis2.ad.gatech.edu/images/building/067A_small.jpg","FACUpdate":null,"DevAction":"Demo","Note":null,"PPV1":"False","Shape__Area":3445.070556640625,"Shape__Length":248.60607104218423,"WhiteRoof":"No","FloodedBldg":"No"}},{"type":"Feature","id":85,"geometry":{"type":"Polygon","coordinates":[[[-84.3966739782226,33.7806782742494],[-84.3966749831299,33.7806005825205],[-84.3967777534492,33.7806015089731],[-84.3967759423432,33.7807414918621],[-84.3968379991933,33.7807420514654],[-84.3970130664088,33.7807428924426],[-84.3970114914243,33.7808333931878],[-84.3970108241118,33.7808850175569],[-84.396837573006,33.7808834536723],[-84.3966713405814,33.7808819540048],[-84.3966739782226,33.7806782742494]]]},"properties":{"OBJECTID":85,"ACCESSTYPE":"Employee","Address":"422 Ferst Dr NW","ASF":0,"BLDG_CODE":"083C","CONDITION":null,"BLDG_TYPE":"Academic/Research","FLOORCOUNT":2,"GSF":9415,"BLDG_NAME":"Storeroom Annex","OWNEDBY2":"GT","PLANRENO":"Current","BLDG_NUM":"083C","Common_Name":"Storeroom Annex","Heating":3,"Cooling":null,"Cistern":1,"Steam":"No","CHW":"TEN","Electric":"GTME","Gas":"No","OWNEDBY":null,"UNDERGROUND":"No","GlobalID":"fe5564c8-3ac5-48ce-afa6-62db32615a15","Creator":"malexander_GTFM","EditDate":1656536801000,"Editor":"malexander_GTFM","STATUS":"Proposed Demolished","NRHP_ELIG":null,"NRHP_TRT":null,"NRHP_VAL":null,"NRHP_PHS":null,"EVENTS":null,"CONSTDATE":null,"RENODATE":null,"BUILDING_TYPE_NEW":"Facilities Services and Campus Support","Photos":"https://fm-gis2.ad.gatech.edu/images/building/083C_small.jpg","FACUpdate":null,"DevAction":"Demo","Note":null,"PPV1":"False","Shape__Area":6907.31396484375,"Shape__Length":411.48361438287975,"WhiteRoof":"No","FloodedBldg":"No"}},{"type":"Feature","id":86,"geometry":{"type":"Polygon","coordinates":[[[-84.3972764659248,33.7807408036694],[-84.3972769706186,33.7807232412704],[-84.3974336004383,33.7807263774455],[-84.3975141090189,33.7807279895931],[-84.397518673354,33.7805690704813],[-84.3975203610134,33.7805103040246],[-84.3976019621754,33.7805119384161],[-84.3975931231786,33.7808197172838],[-84.3975114560698,33.7808181614543],[-84.3974731580734,33.7808174802125],[-84.3972743830764,33.7808133345612],[-84.3972744837689,33.7808098107212],[-84.3972745993796,33.7808058098798],[-84.3972758595503,33.7807619241729],[-84.3972761449438,33.7807519766262],[-84.3972764659248,33.7807408036694]]]},"properties":{"OBJECTID":86,"ACCESSTYPE":"Employee","Address":"947 ATLANTIC DR","ASF":7331,"BLDG_CODE":"067","CONDITION":null,"BLDG_TYPE":"Admin/Services","FLOORCOUNT":2,"GSF":9752,"BLDG_NAME":"Landscape & Construction","OWNEDBY2":"GT","PLANRENO":null,"BLDG_NUM":"67X","Common_Name":"Facilities Garage/Warehouse","Heating":1,"Cooling":1,"Cistern":0,"Steam":"No","CHW":"No","Electric":"GPC","Gas":"AGL","OWNEDBY":null,"UNDERGROUND":"No","GlobalID":"bbb53fd6-f12c-4635-a84e-9d11f12bb7ee","Creator":"malexander_GTFM","EditDate":1656536845000,"Editor":"malexander_GTFM","STATUS":"Proposed Demolished","NRHP_ELIG":"No","NRHP_TRT":"Demolition","NRHP_VAL":null,"NRHP_PHS":"Phase III","EVENTS":null,"CONSTDATE":1948,"RENODATE":null,"BUILDING_TYPE_NEW":"Facilities Services and Campus Support","Photos":"https://fm-gis2.ad.gatech.edu/images/building/067_small.jpg","FACUpdate":null,"DevAction":"Demo","Note":null,"PPV1":"False","Shape__Area":5144.502197265625,"Shape__Length":417.79964922761587,"WhiteRoof":"No","FloodedBldg":"Yes"}},{"type":"Feature","id":87,"geometry":{"type":"Polygon","coordinates":[[[-84.3983579862566,33.7776323317039],[-84.3983593774437,33.7775775727046],[-84.3982139598628,33.7775744500141],[-84.398210167977,33.7777237796153],[-84.3981770521544,33.7777231934569],[-84.3981769126323,33.7777287244482],[-84.3979649752496,33.7777249724561],[-84.3979655014789,33.7777042316846],[-84.3979588780996,33.7777041142606],[-84.3979619321864,33.777583821027],[-84.3979685555564,33.7775839384509],[-84.3979689646058,33.7775678071406],[-84.3979521308401,33.7775675086863],[-84.3979533835932,33.7775181932195],[-84.3979702173492,33.7775184916736],[-84.3979720549069,33.777446130703],[-84.3979552211675,33.7774458331507],[-84.3979562981443,33.7774034300722],[-84.3979731318779,33.777403728526],[-84.3979749800698,33.7773309067902],[-84.3979581474326,33.7773306092362],[-84.3979593873816,33.7772817545353],[-84.3979762210889,33.7772820520872],[-84.3979766312155,33.777265920774],[-84.39797000787,33.7772658033504],[-84.3979730608496,33.7771455101102],[-84.3979796841859,33.7771456275337],[-84.397980211491,33.7771248876598],[-84.3981921473962,33.7771286396324],[-84.3981920078734,33.7771341697226],[-84.3982251223897,33.77713475588],[-84.3982213305404,33.7772840863937],[-84.3982198622393,33.7773017894682],[-84.3982204880245,33.7773172705509],[-84.3982148023807,33.7775412649567],[-84.3983598914315,33.7775438986665],[-84.3983701743419,33.777543743211],[-84.3983703139654,33.7775382545967],[-84.3983349911443,33.777537629345],[-84.3983353894882,33.7775219587975],[-84.3983422999138,33.7775216203285],[-84.3983424990863,33.7775137855055],[-84.3983356003776,33.7775136632086],[-84.3983359976417,33.7774979926631],[-84.3983713204465,33.7774986179146],[-84.3983715302527,33.7774903223277],[-84.3983604927538,33.7774901266543],[-84.3983633822515,33.7773762859346],[-84.3983744208132,33.7773764807041],[-84.3983746306189,33.7773681851171],[-84.3983393078676,33.7773675598663],[-84.3983397062101,33.7773518893183],[-84.3983466049058,33.777352011615],[-84.3983468157915,33.7773437151243],[-84.3983399170964,33.7773435928276],[-84.398340314359,33.7773279222816],[-84.3983756370941,33.7773285475322],[-84.3983758723456,33.7773192763104],[-84.3983657412753,33.7773192727906],[-84.3982204880245,33.7773172705509],[-84.3982213305404,33.7772840863937],[-84.398273968984,33.7772863842052],[-84.3982766787727,33.7771707215832],[-84.3982562106276,33.7771703831052],[-84.398256882992,33.7771417832624],[-84.3982778942569,33.7771409278361],[-84.3986749843807,33.7771442943792],[-84.3987029721965,33.7771440118379],[-84.3987023673151,33.777177562524],[-84.3986745676004,33.7771775336418],[-84.3986741038671,33.7772145833715],[-84.3989316844259,33.7772191949874],[-84.3989315671333,33.7772233428047],[-84.398929373518,33.7772962968454],[-84.3989295314312,33.7773039993563],[-84.3989140776715,33.7773037263871],[-84.398913610234,33.7773221615301],[-84.3989522446454,33.7773228453021],[-84.3989939143099,33.777323582857],[-84.3989938206099,33.777327269886],[-84.3990004439612,33.7773273872546],[-84.3990004908123,33.7773255441909],[-84.3990184280628,33.7773258611627],[-84.3990166733734,33.7773949958834],[-84.3990100500169,33.7773948785157],[-84.3990098402724,33.7774031741036],[-84.3990097114372,33.777408244332],[-84.3990014327802,33.7774080976208],[-84.398999584376,33.7774809193694],[-84.39900786304,33.7774810660807],[-84.3990077342022,33.7774861354074],[-84.39900752338,33.7774944318987],[-84.3990140622532,33.7774944484407],[-84.3990130782029,33.7775454828604],[-84.3990123920463,33.7775636830838],[-84.3989944547437,33.7775633652097],[-84.398994501595,33.7775615221461],[-84.3989878782257,33.7775614047772],[-84.3989877845252,33.7775650918062],[-84.3989210033865,33.7775639101119],[-84.3989074813038,33.7775636704743],[-84.3989070127866,33.7775821065202],[-84.3989224665963,33.77758237949],[-84.3989220108751,33.777600354768],[-84.3989209460831,33.777642296184],[-84.3983579862566,33.7776323317039]],[[-84.3983667622875,33.7772866374032],[-84.3983687273665,33.7772092305438],[-84.3986276316727,33.7772138556372],[-84.3986285147145,33.777176537329],[-84.3983168516639,33.7771713855356],[-84.3983139142056,33.7772870846517],[-84.3983667212749,33.7772882478297],[-84.3983667622875,33.7772866374032]]]},"properties":{"OBJECTID":87,"ACCESSTYPE":"Student","Address":"800 ATLANTIC DR","ASF":80169,"BLDG_CODE":"081","CONDITION":null,"BLDG_TYPE":"Academic/Research","FLOORCOUNT":7,"GSF":136092,"BLDG_NAME":"Howey Building","OWNEDBY2":"GT","PLANRENO":null,"BLDG_NUM":"81","Common_Name":"Howey Physics","Heating":2,"Cooling":2,"Cistern":0,"Steam":"Yes","CHW":"HOL","Electric":"GTME","Gas":"AGL","OWNEDBY":null,"UNDERGROUND":"No","GlobalID":"c2bdf962-ab3f-46f6-86f8-1b0794d8fabe","Creator":"malexander_GTFM","EditDate":1656474313000,"Editor":"malexander_GTFM","STATUS":null,"NRHP_ELIG":"Maybe","NRHP_TRT":"Extensive Rehab","NRHP_VAL":"2","NRHP_PHS":"Phase IV","EVENTS":null,"CONSTDATE":1967,"RENODATE":0,"BUILDING_TYPE_NEW":"Academic","Photos":"https://fm-gis2.ad.gatech.edu/images/building/081_small.jpg","FACUpdate":null,"DevAction":"Keep","Note":null,"PPV1":"False","Shape__Area":48672.910400390625,"Shape__Length":1929.2850683556071,"WhiteRoof":"No","FloodedBldg":"No"}},{"type":"Feature","id":88,"geometry":{"type":"Polygon","coordinates":[[[-84.396827429586,33.7757264679048],[-84.3971757285908,33.7757281359865],[-84.3973229565691,33.7757291123974],[-84.397323126463,33.7757115280685],[-84.3973241441857,33.7756066189909],[-84.3973252433427,33.775606625953],[-84.397314154363,33.7756016334945],[-84.3973019797387,33.7755956323123],[-84.3972903106773,33.7755885193493],[-84.3972796117053,33.7755803893125],[-84.3972701218176,33.7755713842167],[-84.3972617637496,33.7755616809302],[-84.3972548073819,33.7755512627192],[-84.3972489823575,33.7755403717319],[-84.3972448544761,33.7755290213376],[-84.3972410755543,33.7755113028267],[-84.3972403480636,33.7754992977915],[-84.397241279263,33.7754886015606],[-84.3972436885857,33.7754754915512],[-84.397247453002,33.7754640191145],[-84.3972526695244,33.775452915445],[-84.3972592409267,33.7754421608879],[-84.3972672765478,33.7754322664751],[-84.3972763674675,33.7754229363273],[-84.3972863262996,33.7754147532611],[-84.3972976884958,33.7754072843847],[-84.3973099191189,33.775400751602],[-84.3973226226772,33.7753954378691],[-84.3973359771202,33.775391268016],[-84.3973498001467,33.7753883045973],[-84.3973639804446,33.7753865090497],[-84.3973783571929,33.7753859015104],[-84.3973927193643,33.7753867032782],[-84.3974068633771,33.7753886911243],[-84.397420600203,33.775391834746],[-84.3974338824713,33.7753961847246],[-84.3974429870081,33.7753999943097],[-84.3974501272072,33.7754028635382],[-84.3974671200592,33.7754131214095],[-84.3974775400081,33.7754214836766],[-84.397486753501,33.7754304901753],[-84.3974932193854,33.7754383747477],[-84.3975017889783,33.7754508547104],[-84.397504021686,33.7754552397748],[-84.3975073144122,33.7754619473146],[-84.3975114505962,33.7754735636719],[-84.3975138796381,33.7754851300248],[-84.397515170771,33.7754971349057],[-84.3975147701593,33.7755091952468],[-84.3975114877165,33.7755268521208],[-84.3975074426018,33.7755383214838],[-84.3975019453665,33.7755494184757],[-84.3974950797404,33.7755599617077],[-84.3974868344282,33.7755697654604],[-84.3974776610551,33.7755789452019],[-84.3974671558516,33.7755871130754],[-84.3974557768418,33.7755943547824],[-84.3974436296766,33.7756006106162],[-84.3974310937599,33.7756056373227],[-84.3974307310269,33.7756431043343],[-84.3974302546897,33.7756921613889],[-84.3974294483384,33.7757300836619],[-84.397461338475,33.7757300700118],[-84.3974564150554,33.7762373998323],[-84.3973858805362,33.7762369222021],[-84.3973181651956,33.7762364636073],[-84.3971240616136,33.7762358389214],[-84.3968225092249,33.7762331088416],[-84.39682330595,33.7759682183307],[-84.396827429586,33.7757264679048]]]},"properties":{"OBJECTID":88,"ACCESSTYPE":"Student","Address":"777 ATLANTIC DR","ASF":94450,"BLDG_CODE":"085","CONDITION":null,"BLDG_TYPE":"Academic/Research","FLOORCOUNT":5,"GSF":162230,"BLDG_NAME":"Van Leer Building","OWNEDBY2":"GT","PLANRENO":"Future","BLDG_NUM":"85","Common_Name":"Van Leer","Heating":2,"Cooling":2,"Cistern":0,"Steam":"Yes","CHW":"HOL","Electric":"GTME","Gas":"No","OWNEDBY":null,"UNDERGROUND":"No","GlobalID":"f05e5c20-8505-4084-b724-73ad8657297a","Creator":"malexander_GTFM","EditDate":1656474313000,"Editor":"malexander_GTFM","STATUS":null,"NRHP_ELIG":"Maybe","NRHP_TRT":"Extensive Rehab","NRHP_VAL":"1","NRHP_PHS":"Phase IV","EVENTS":null,"CONSTDATE":1961,"RENODATE":null,"BUILDING_TYPE_NEW":"Academic","Photos":"https://fm-gis2.ad.gatech.edu/images/building/085_small.jpg","FACUpdate":null,"DevAction":"Renovate","Note":"","PPV1":"False","Shape__Area":42457.85546875,"Shape__Length":1040.9682622628357,"WhiteRoof":"No","FloodedBldg":"No"}},{"type":"Feature","id":89,"geometry":{"type":"Polygon","coordinates":[[[-84.3996620378465,33.7803577328479],[-84.3993432809058,33.780354922428],[-84.3993430815963,33.7803706611215],[-84.3993081180244,33.7803703528551],[-84.399308498764,33.7803402451098],[-84.3993259816248,33.780340399693],[-84.3993276949242,33.7802049152884],[-84.399310212091,33.7802047607053],[-84.399310573392,33.7801762498198],[-84.3993280551397,33.7801764044049],[-84.3993297826311,33.7800397811847],[-84.3993123009136,33.7800396275014],[-84.3993122688065,33.7800337424857],[-84.3993126598697,33.7800134446825],[-84.3993126611338,33.7800111166171],[-84.3993301428456,33.7800112703004],[-84.3993318650846,33.7798751024202],[-84.3993143834006,33.779874948737],[-84.399314747322,33.7798462097274],[-84.3993322279205,33.7798463634126],[-84.3993339501569,33.7797101964303],[-84.3993164695837,33.7797100418436],[-84.3993168350469,33.7796810747126],[-84.3994291848165,33.7796827491062],[-84.3994634451729,33.7796830514524],[-84.3995493233555,33.7796838081997],[-84.399556643188,33.7796838728295],[-84.3995569260551,33.7796615203659],[-84.3996265762007,33.7796621345671],[-84.3996262970532,33.7796842589061],[-84.3996325830742,33.7796845427809],[-84.3996820153156,33.7796849372448],[-84.3996820232925,33.7796842943525],[-84.3997019625158,33.7796844685892],[-84.3997015961025,33.7797134357229],[-84.3996873926685,33.7797133119679],[-84.3996844796973,33.7798501574403],[-84.3996988976577,33.7798505440726],[-84.3996989752339,33.779879190281],[-84.3996850573264,33.7798800478846],[-84.3996839326367,33.7800149766731],[-84.3996973550053,33.7800145356665],[-84.3996975021109,33.780037357979],[-84.3996974310671,33.7800430213831],[-84.3996831683924,33.780042971675],[-84.3996832030307,33.7800441996583],[-84.3996826664689,33.7800745331128],[-84.3996815006459,33.780179519949],[-84.3996957041569,33.7801796437043],[-84.3996953429835,33.7802081545904],[-84.3996811394653,33.7802080299334],[-84.3996794267224,33.7803435143405],[-84.3996974548739,33.7803436723496],[-84.3996970742704,33.7803737800955],[-84.3996618385927,33.7803734706399],[-84.3996620378465,33.7803577328479]]]},"properties":{"OBJECTID":89,"ACCESSTYPE":"Secure","Address":"925 DALNEY ST","ASF":62609,"BLDG_CODE":"099","CONDITION":null,"BLDG_TYPE":"Academic/Research","FLOORCOUNT":4,"GSF":102840,"BLDG_NAME":"Baker Building","OWNEDBY2":"GT","PLANRENO":null,"BLDG_NUM":"99","Common_Name":"Baker Bldg","Heating":2,"Cooling":3,"Cistern":0,"Steam":"Yes","CHW":"TEN","Electric":"GTME","Gas":"AGL","OWNEDBY":null,"UNDERGROUND":"No","GlobalID":"64439894-bb12-4bc0-8bb5-43f6b67857f3","Creator":"malexander_GTFM","EditDate":1656474313000,"Editor":"malexander_GTFM","STATUS":"Proposed Demolished","NRHP_ELIG":null,"NRHP_TRT":null,"NRHP_VAL":null,"NRHP_PHS":null,"EVENTS":null,"CONSTDATE":null,"RENODATE":null,"BUILDING_TYPE_NEW":"Research","Photos":"https://fm-gis2.ad.gatech.edu/images/building/099_small.jpg","FACUpdate":null,"DevAction":"Demo","Note":null,"PPV1":"False","Shape__Area":27040.940673828125,"Shape__Length":842.4278025854112,"WhiteRoof":"No","FloodedBldg":"No"}},{"type":"Feature","id":90,"geometry":{"type":"Polygon","coordinates":[[[-84.3964597808973,33.7727099082658],[-84.3964613186909,33.7726554429072],[-84.396466321851,33.7726554371982],[-84.3965292079309,33.7726553678771],[-84.3965292007774,33.7726567320902],[-84.3967378555192,33.7726561178835],[-84.396789726446,33.7726563051963],[-84.3967897208461,33.7726574412885],[-84.396789500418,33.7727001818147],[-84.3967894442977,33.7727110937137],[-84.3967893696257,33.7727255662715],[-84.3967985112445,33.7727389198253],[-84.396789277838,33.7727433289898],[-84.3967892287875,33.7727528469213],[-84.3967983714889,33.772766200473],[-84.3967891369998,33.7727706096396],[-84.3967890879493,33.772780127571],[-84.3967982296053,33.7727934928461],[-84.3967889961616,33.7727978902892],[-84.3967889471135,33.7728074091222],[-84.3967980876903,33.7728207734976],[-84.3967888553523,33.7728251817584],[-84.3967888062753,33.7728346897716],[-84.3967979489853,33.7728480433232],[-84.3967887144875,33.7728524524897],[-84.396788665437,33.772861970421],[-84.39679780815,33.7728753239725],[-84.3967885736492,33.7728797331389],[-84.3967885245986,33.7728892510702],[-84.3967976662662,33.772902616345],[-84.3967884338905,33.772907013786],[-84.3967883837627,33.7729165326209],[-84.3967975243487,33.7729298960945],[-84.3967882930786,33.7729343043532],[-84.3967882440039,33.7729438132679],[-84.3967973845976,33.7729571785446],[-84.3967922842376,33.7729596026794],[-84.3967881522136,33.772961575084],[-84.3967881042451,33.7729710939147],[-84.3967929741023,33.7729781619017],[-84.3967971312406,33.7729843710413],[-84.3967880124573,33.7729888566323],[-84.3967879634067,33.7729983745634],[-84.3967971050545,33.7730117281166],[-84.3967878716187,33.773016137281],[-84.3967878225682,33.773025655212],[-84.3967969642189,33.7730390087652],[-84.3967877307802,33.7730434179295],[-84.3967876817296,33.7730529358605],[-84.3967968169149,33.7730662930323],[-84.3967875899416,33.7730706985779],[-84.3967875408934,33.7730802174105],[-84.3967966814992,33.7730935817854],[-84.3967874491319,33.773097990046],[-84.3967874000548,33.7731074980588],[-84.3967965417142,33.7731208516117],[-84.3967870354557,33.7731253902209],[-84.3967868990483,33.7731519053581],[-84.3967465674803,33.7731517605503],[-84.3964575060381,33.7731507203057],[-84.3964576425662,33.7731242123816],[-84.3964481842218,33.773119609025],[-84.3964574619755,33.7731063113172],[-84.3964575110867,33.7730968024027],[-84.396448325168,33.7730923283767],[-84.3964576029187,33.7730790306689],[-84.3964576520034,33.7730695118363],[-84.3964484639259,33.7730650369126],[-84.3964577438595,33.7730517491188],[-84.3964583454857,33.7729879452921],[-84.3964597368,33.7728256335975],[-84.3964597808973,33.7727099082658]]]},"properties":{"OBJECTID":90,"ACCESSTYPE":"Student","Address":"281 FERST DRIVE","ASF":29673,"BLDG_CODE":"084","CONDITION":null,"BLDG_TYPE":"Academic/Research","FLOORCOUNT":3,"GSF":51706,"BLDG_NAME":"Weber Space, Science & Technology","OWNEDBY2":"GT","PLANRENO":null,"BLDG_NUM":"84","Common_Name":"Weber SST 1","Heating":2,"Cooling":2,"Cistern":0,"Steam":"Yes","CHW":"HOL","Electric":"GTME","Gas":"AGL","OWNEDBY":null,"UNDERGROUND":"No","GlobalID":"c1f0cfcc-5ec3-4517-a087-165a6a6e47b1","Creator":"malexander_GTFM","EditDate":1656474313000,"Editor":"malexander_GTFM","STATUS":"Proposed Demolished","NRHP_ELIG":"Maybe","NRHP_TRT":"Extensive Rehab","NRHP_VAL":"2","NRHP_PHS":"Phase IV","EVENTS":"Maker Space","CONSTDATE":1967,"RENODATE":1999,"BUILDING_TYPE_NEW":"Academic","Photos":"https://fm-gis2.ad.gatech.edu/images/building/084_small.jpg","FACUpdate":null,"DevAction":"Demo","Note":null,"PPV1":"False","Shape__Area":18201.4599609375,"Shape__Length":603.5703160672831,"WhiteRoof":"Yes","FloodedBldg":"No"}},{"type":"Feature","id":91,"geometry":{"type":"Polygon","coordinates":[[[-84.3963649949274,33.7728252833991],[-84.3961424632909,33.772824466611],[-84.3961331167454,33.7728245218586],[-84.3961333609143,33.7727403458647],[-84.3961336756273,33.7726008236232],[-84.3961343523479,33.7724917954843],[-84.3964671641245,33.7724925133936],[-84.3964676057099,33.7724925143747],[-84.3965300483233,33.7724925928485],[-84.3965299189348,33.7725177230375],[-84.3965299181224,33.7725178231224],[-84.3965292079309,33.7726553678771],[-84.396466321851,33.7726554371982],[-84.3964613186909,33.7726554429072],[-84.3964597808973,33.7727099082658],[-84.3964597368,33.7728256335975],[-84.3963649949274,33.7728252833991]]]},"properties":{"OBJECTID":91,"ACCESSTYPE":"Public","Address":"275 FERST DRIVE","ASF":19002,"BLDG_CODE":"098","CONDITION":null,"BLDG_TYPE":"Academic/Research","FLOORCOUNT":3,"GSF":34411,"BLDG_NAME":"Weber Space, Science & Technology","OWNEDBY2":"GT","PLANRENO":null,"BLDG_NUM":"98","Common_Name":"Weber SST 3","Heating":2,"Cooling":1,"Cistern":0,"Steam":"Yes","CHW":"No","Electric":"GTME","Gas":"No","OWNEDBY":null,"UNDERGROUND":"No","GlobalID":"3b70cdb9-bfe1-42bd-b69f-d39ce2222940","Creator":"malexander_GTFM","EditDate":1656474313000,"Editor":"malexander_GTFM","STATUS":"Proposed Demolished","NRHP_ELIG":"Maybe","NRHP_TRT":"Extensive Rehab","NRHP_VAL":"2","NRHP_PHS":"Phase IV","EVENTS":null,"CONSTDATE":1967,"RENODATE":null,"BUILDING_TYPE_NEW":"Academic","Photos":"https://fm-gis2.ad.gatech.edu/images/building/098_small.jpg","FACUpdate":null,"DevAction":"Demo","Note":null,"PPV1":"False","Shape__Area":13267.766357421875,"Shape__Length":482.35749897923262,"WhiteRoof":"Yes","FloodedBldg":"No"}},{"type":"Feature","id":92,"geometry":{"type":"Polygon","coordinates":[[[-84.3951306622781,33.7722195363343],[-84.3951323652387,33.7720996657262],[-84.3951327445517,33.772072951772],[-84.3951343154955,33.7719623260464],[-84.3952022071053,33.7719629415071],[-84.3952729134496,33.7719635814714],[-84.3953128688552,33.7719641764818],[-84.3954095513206,33.7719650522617],[-84.3954097289784,33.7719973716587],[-84.3954078487476,33.7720849228746],[-84.3954076004233,33.7721023919459],[-84.3954058989256,33.7722222625542],[-84.3951306622781,33.7722195363343]]]},"properties":{"OBJECTID":92,"ACCESSTYPE":"Public","Address":"631 CHERRY ST","ASF":15341,"BLDG_CODE":"038","CONDITION":null,"BLDG_TYPE":"Academic/Research","FLOORCOUNT":4,"GSF":25878,"BLDG_NAME":"Savant Building","OWNEDBY2":"GT","PLANRENO":null,"BLDG_NUM":"38","Common_Name":"Savant Bldg","Heating":2,"Cooling":2,"Cistern":0,"Steam":"Yes","CHW":"HOL","Electric":"GTME","Gas":"No","OWNEDBY":null,"UNDERGROUND":"No","GlobalID":"66630637-b691-4738-a79f-5f632a509dd9","Creator":"malexander_GTFM","EditDate":1656474313000,"Editor":"malexander_GTFM","STATUS":null,"NRHP_ELIG":"Listed","NRHP_TRT":"Extensive Rehab","NRHP_VAL":"1","NRHP_PHS":"Phase I","EVENTS":null,"CONSTDATE":1901,"RENODATE":1985,"BUILDING_TYPE_NEW":"Administrative","Photos":"https://fm-gis2.ad.gatech.edu/images/building/038_small.jpg","FACUpdate":null,"DevAction":"Keep","Note":null,"PPV1":"False","Shape__Area":7833.62255859375,"Shape__Length":354.4856675160475,"WhiteRoof":"No","FloodedBldg":"No"}},{"type":"Feature","id":93,"geometry":{"type":"Polygon","coordinates":[[[-84.3946980843128,33.773065657826],[-84.3946986627987,33.7730354180491],[-84.3945323864385,33.7730332005343],[-84.3945318078941,33.7730634403107],[-84.3944617055643,33.7730625048706],[-84.3944622101635,33.7730361360237],[-84.3944622841333,33.7730322650945],[-84.3942949035852,33.773030162906],[-84.3942973532073,33.7728537402222],[-84.3942978122247,33.7728297130497],[-84.3945000230003,33.7728324109511],[-84.3945446192213,33.7728330057569],[-84.3948148893498,33.7728366107513],[-84.3948110573353,33.7730369171577],[-84.3947930974458,33.7730366780577],[-84.3947925200727,33.7730669178329],[-84.3946980843128,33.773065657826]]]},"properties":{"OBJECTID":93,"ACCESSTYPE":"Public","Address":"237 UNCLE HEINIE","ASF":19658,"BLDG_CODE":"030","CONDITION":null,"BLDG_TYPE":"Admin/Services","FLOORCOUNT":3,"GSF":33107,"BLDG_NAME":"French Building","OWNEDBY2":"GT","PLANRENO":null,"BLDG_NUM":"30","Common_Name":"French Bldg","Heating":2,"Cooling":2,"Cistern":0,"Steam":"Yes","CHW":"HOL","Electric":"GTME","Gas":"No","OWNEDBY":null,"UNDERGROUND":"No","GlobalID":"86e9359d-8103-489e-8e3e-adaaa90c2590","Creator":"malexander_GTFM","EditDate":1656474313000,"Editor":"malexander_GTFM","STATUS":null,"NRHP_ELIG":"Listed","NRHP_TRT":"Moderate Rehab","NRHP_VAL":"1","NRHP_PHS":"Phase I","EVENTS":null,"CONSTDATE":1898,"RENODATE":1984,"BUILDING_TYPE_NEW":"Administrative","Photos":"https://fm-gis2.ad.gatech.edu/images/building/030_small.jpg","FACUpdate":null,"DevAction":"Keep","Note":null,"PPV1":"False","Shape__Area":11997.65283203125,"Shape__Length":503.86894072570323,"WhiteRoof":"Yes","FloodedBldg":"No"}},{"type":"Feature","id":94,"geometry":{"type":"Polygon","coordinates":[[[-84.3948991252033,33.773401798104],[-84.3945144938777,33.7733981430042],[-84.3945144531666,33.7734011176296],[-84.3942860019542,33.7733968875579],[-84.3942898848152,33.7731120511946],[-84.3943811107943,33.7731129180043],[-84.3945183622127,33.7731142227408],[-84.3945181283406,33.7731213137651],[-84.3945164196456,33.7732466871403],[-84.3949017336422,33.7732507169622],[-84.3948991252033,33.773401798104]]]},"properties":{"OBJECTID":94,"ACCESSTYPE":"Private","Address":"680 POWER PLANT","ASF":1251,"BLDG_CODE":"026","CONDITION":null,"BLDG_TYPE":"Admin/Services","FLOORCOUNT":2,"GSF":34372,"BLDG_NAME":"Holland Building","OWNEDBY2":"GT","PLANRENO":null,"BLDG_NUM":"26","Common_Name":"Holland Plant","Heating":5,"Cooling":5,"Cistern":0,"Steam":"Yes","CHW":"HOL","Electric":"GTME","Gas":"AGL","OWNEDBY":null,"UNDERGROUND":"No","GlobalID":"4fd7a110-999b-4632-936e-2113c4510a0d","Creator":"malexander_GTFM","EditDate":1656474313000,"Editor":"malexander_GTFM","STATUS":null,"NRHP_ELIG":"Yes","NRHP_TRT":"Moderate Rehab","NRHP_VAL":"1","NRHP_PHS":"Phase I","EVENTS":null,"CONSTDATE":1914,"RENODATE":2007,"BUILDING_TYPE_NEW":"Facilities Services and Campus Support","Photos":"https://fm-gis2.ad.gatech.edu/images/building/026_small.jpg","FACUpdate":null,"DevAction":"Keep","Note":"As-is","PPV1":"False","Shape__Area":13659.570068359375,"Shape__Length":580.76821955522666,"WhiteRoof":"No","FloodedBldg":"No"}},{"type":"Feature","id":95,"geometry":{"type":"Polygon","coordinates":[[[-84.3942271489693,33.7726218457227],[-84.3942275431916,33.77255737596],[-84.3941732549476,33.7725571857147],[-84.3941739793076,33.7725150763184],[-84.3941624060109,33.772514937158],[-84.3941627197182,33.7724763584869],[-84.3941644384413,33.7723966627847],[-84.3942391070951,33.7723975575156],[-84.3942391585691,33.7723945666402],[-84.3942460470411,33.7723946495133],[-84.394246194036,33.77238613494],[-84.3942539084768,33.7723862280111],[-84.3943156283079,33.7723869671445],[-84.3943233427489,33.7723870602112],[-84.3943231968388,33.7723955738809],[-84.3943300853086,33.7723956558477],[-84.3943300338402,33.7723986476248],[-84.3944047035741,33.7723995413519],[-84.3944027534847,33.7725186153419],[-84.3943913226307,33.7725184488905],[-84.3943909322813,33.7725374059473],[-84.3943898317772,33.7725593199303],[-84.3943327507794,33.7725588508878],[-84.3943314011962,33.7726237534027],[-84.3943033024606,33.7726231866993],[-84.3942271489693,33.7726218457227]]]},"properties":{"OBJECTID":95,"ACCESSTYPE":"Employee","Address":"223 UNCLE HEINIE","ASF":6871,"BLDG_CODE":"036","CONDITION":null,"BLDG_TYPE":"Admin/Services","FLOORCOUNT":2,"GSF":10221,"BLDG_NAME":"Carnegie Building","OWNEDBY2":"GT","PLANRENO":null,"BLDG_NUM":"36","Common_Name":"Carnegie Bldg","Heating":2,"Cooling":2,"Cistern":0,"Steam":"Yes","CHW":"HOL","Electric":"GTME","Gas":"AGL","OWNEDBY":null,"UNDERGROUND":"No","GlobalID":"49391980-f152-4393-8a47-c50cbc25b40c","Creator":"malexander_GTFM","EditDate":1656474313000,"Editor":"malexander_GTFM","STATUS":null,"NRHP_ELIG":"Listed","NRHP_TRT":"Minor Rehab","NRHP_VAL":"1","NRHP_PHS":"Phase I","EVENTS":null,"CONSTDATE":1906,"RENODATE":2007,"BUILDING_TYPE_NEW":"Administrative","Photos":"https://fm-gis2.ad.gatech.edu/images/building/036_small.jpg","FACUpdate":null,"DevAction":"Keep","Note":null,"PPV1":"False","Shape__Area":5001.71533203125,"Shape__Length":317.56917187141357,"WhiteRoof":"Yes","FloodedBldg":"No"}},{"type":"Feature","id":96,"geometry":{"type":"Polygon","coordinates":[[[-84.3943295120011,33.7726866994254],[-84.3943314011962,33.7726237534027],[-84.3943327507794,33.7725588508878],[-84.3943898317772,33.7725593199303],[-84.3943909322813,33.7725374059473],[-84.3944035303051,33.772537590983],[-84.3944542592568,33.7725383313926],[-84.3944863188718,33.7725391603443],[-84.3944861856715,33.7725504303413],[-84.3946222383492,33.7725515478304],[-84.3946219157803,33.7725789568504],[-84.3946209929772,33.7726573481981],[-84.3946554199775,33.7726576299385],[-84.3946552331246,33.7726735002641],[-84.3946563238906,33.7726744296559],[-84.3946441313926,33.7726793896261],[-84.3946232145493,33.7726792181773],[-84.3946230982268,33.7726891086151],[-84.3944595045865,33.772687766058],[-84.3943295120011,33.7726866994254]]]},"properties":{"OBJECTID":96,"ACCESSTYPE":"Public","Address":"224 UNCLE HEINIE","ASF":6546,"BLDG_CODE":"074","CONDITION":null,"BLDG_TYPE":"Admin/Services","FLOORCOUNT":2,"GSF":8442,"BLDG_NAME":"Bradley Building","OWNEDBY2":"GT","PLANRENO":null,"BLDG_NUM":"74","Common_Name":"Bradley Bldg","Heating":2,"Cooling":2,"Cistern":0,"Steam":"Yes","CHW":"HOL","Electric":"GTME","Gas":"AGL","OWNEDBY":null,"UNDERGROUND":"No","GlobalID":"d19128ab-0790-4b3e-ba49-7e284a464be5","Creator":"malexander_GTFM","EditDate":1656474313000,"Editor":"malexander_GTFM","STATUS":null,"NRHP_ELIG":"Yes","NRHP_TRT":"Moderate Rehab","NRHP_VAL":"2","NRHP_PHS":"Phase III","EVENTS":null,"CONSTDATE":1951,"RENODATE":null,"BUILDING_TYPE_NEW":"Dining / Food","Photos":"https://fm-gis2.ad.gatech.edu/images/building/074_small.jpg","FACUpdate":null,"DevAction":"Keep","Note":null,"PPV1":"False","Shape__Area":4558.8896484375,"Shape__Length":304.80213550512275,"WhiteRoof":"No","FloodedBldg":"No"}},{"type":"Feature","id":97,"geometry":{"type":"Polygon","coordinates":[[[-84.3946552331246,33.7726735002641],[-84.3946554199775,33.7726576299385],[-84.3946209929772,33.7726573481981],[-84.3946219157803,33.7725789568504],[-84.3946222383492,33.7725515478304],[-84.3944861856715,33.7725504303413],[-84.3944863188718,33.7725391603443],[-84.3944870130174,33.7725150633088],[-84.3944868510956,33.7724938621571],[-84.3944875512747,33.7724626627956],[-84.3944764369329,33.7724625579819],[-84.3944542248341,33.7724441367488],[-84.3944545741687,33.7724182541764],[-84.3944772919167,33.7724005101063],[-84.3945137033953,33.7724008522406],[-84.3945138080311,33.7723930680836],[-84.3945139570184,33.7723820532247],[-84.3945145019531,33.7723415626226],[-84.3946116373101,33.7723424742566],[-84.39461174928,33.7723342013904],[-84.3946689857841,33.7723347394442],[-84.3946691336289,33.7723237083574],[-84.394677939574,33.772323790369],[-84.3947310451785,33.7723242891398],[-84.394739854365,33.7723243720427],[-84.3947397289887,33.7723336926537],[-84.3947969419503,33.7723359393227],[-84.3947968310802,33.7723442130886],[-84.3948116897693,33.7723443524279],[-84.3948117520846,33.7723397565912],[-84.3948128532922,33.7723397383258],[-84.394813094697,33.7723387577836],[-84.3948138759616,33.7723377879648],[-84.394815061943,33.7723371663374],[-84.3948166227381,33.7723370164828],[-84.3948167542544,33.7723361254072],[-84.3948211572288,33.7723361668587],[-84.394821145631,33.7723370865654],[-84.3948651732142,33.7723375001734],[-84.3948651858912,33.7723365804647],[-84.3948695888657,33.7723366219144],[-84.3948698405973,33.7723375005599],[-84.3948708805273,33.772337581589],[-84.3948721245827,33.7723380959354],[-84.3948727837005,33.772338700627],[-84.3948732435574,33.7723394851158],[-84.3948733915511,33.7723403296903],[-84.3948744917698,33.772340345689],[-84.3948744305375,33.7723449415237],[-84.3948936922017,33.7723451223025],[-84.3948935279976,33.7723573021247],[-84.3948929002458,33.7724039529691],[-84.3948962030185,33.7724039838293],[-84.3948964350953,33.7724051862042],[-84.3948956224306,33.7724391042574],[-84.394895714116,33.7724402933672],[-84.3948659945454,33.7724400147111],[-84.3948657131329,33.7724609272517],[-84.3948655516498,33.7724729132133],[-84.3948650510962,33.7725101271294],[-84.3948648661219,33.7725238407001],[-84.3948647857754,33.7725297791302],[-84.3948646117562,33.7725427379976],[-84.3947815089286,33.7725419575149],[-84.3947799375386,33.7726586991344],[-84.3947455406583,33.7726583758971],[-84.3947453269667,33.7726742976666],[-84.3947259262956,33.7726901385796],[-84.3946740174426,33.7726894987418],[-84.3946563238906,33.7726744296559],[-84.3946552331246,33.7726735002641]]]},"properties":{"OBJECTID":97,"ACCESSTYPE":"Employee","Address":"225 NORTH AVENUE","ASF":28456,"BLDG_CODE":"035","CONDITION":null,"BLDG_TYPE":"Admin/Services","FLOORCOUNT":5,"GSF":47576,"BLDG_NAME":"Lettie Pate Whithead Evans Administration","OWNEDBY2":"GT","PLANRENO":null,"BLDG_NUM":"35","Common_Name":"Administration Bldg","Heating":2,"Cooling":2,"Cistern":0,"Steam":"Yes","CHW":"HOL","Electric":"GTME","Gas":"AGL","OWNEDBY":null,"UNDERGROUND":"No","GlobalID":"6c09e223-88de-4d15-86e5-f925fdaca3ba","Creator":"malexander_GTFM","EditDate":1656474313000,"Editor":"malexander_GTFM","STATUS":null,"NRHP_ELIG":"Listed","NRHP_TRT":"Extensive Rehab","NRHP_VAL":"1","NRHP_PHS":"Phase I","EVENTS":null,"CONSTDATE":1888,"RENODATE":1963,"BUILDING_TYPE_NEW":"Administrative","Photos":"https://fm-gis2.ad.gatech.edu/images/building/035_small.jpg","FACUpdate":null,"DevAction":"Keep","Note":null,"PPV1":"False","Shape__Area":11401.940185546875,"Shape__Length":524.98227945753683,"WhiteRoof":"No","FloodedBldg":"No"}},{"type":"Feature","id":98,"geometry":{"type":"Polygon","coordinates":[[[-84.4054204939469,33.778533509605],[-84.405418251161,33.7785334499269],[-84.4054046115153,33.7785395444262],[-84.4053898957837,33.7785317772186],[-84.4053777899216,33.7785314544022],[-84.4053782097147,33.7785204741849],[-84.4053339254342,33.7785189801457],[-84.4053294743298,33.7785188300634],[-84.4052603344178,33.7785173290643],[-84.4052447601073,33.7785242883632],[-84.4052300433129,33.7785165211386],[-84.405100335365,33.7785130615213],[-84.4050847621219,33.7785200207981],[-84.4050700453401,33.7785122526526],[-84.4049478032746,33.7785089912414],[-84.4049482310437,33.7785164696113],[-84.404939924424,33.7785164045014],[-84.4049105071602,33.7785153252164],[-84.4048983438917,33.7785250766114],[-84.4048827858496,33.7785246621307],[-84.4048713906926,33.778514281778],[-84.4048617716596,33.7785140253411],[-84.4048620526428,33.7785067042935],[-84.4048532855881,33.7785064705561],[-84.4048535846122,33.7784986454507],[-84.4048421803786,33.7784884941321],[-84.4048426746925,33.7784755454682],[-84.4048529100264,33.7784675280682],[-84.4048547727141,33.7784675776704],[-84.4048560151926,33.7784350905862],[-84.4048647822399,33.7784353243234],[-84.4048686900418,33.7783332056932],[-84.4048606662377,33.7783202337979],[-84.4048696556332,33.7783079612045],[-84.4048716895945,33.7782548157641],[-84.4048629225656,33.7782545820272],[-84.4048641650384,33.7782220949418],[-84.4048623023561,33.7782220453397],[-84.4048527014386,33.7782134981848],[-84.4048531968294,33.7782005495182],[-84.4048653542104,33.7781910262564],[-84.404865653235,33.7781832020522],[-84.4048744202567,33.7781834357889],[-84.4048747001582,33.778176114743],[-84.4048843191511,33.7781763702773],[-84.4048964845291,33.7781666179775],[-84.4049120414294,33.7781670333606],[-84.4049234376246,33.7781774137082],[-84.4049604526203,33.7781784016795],[-84.4049601727261,33.7781857227256],[-84.4050300335563,33.7781875867682],[-84.4050273121064,33.7782587377093],[-84.4050185450766,33.7782585039835],[-84.4050175643822,33.7782841271962],[-84.4050174596945,33.778286872926],[-84.4050168294035,33.7783033455062],[-84.4050166371147,33.7783083788941],[-84.4050165042122,33.7783118532126],[-84.4050248470527,33.7783246125936],[-84.4050155366417,33.778337147297],[-84.4050135903388,33.7783879942609],[-84.4050747674379,33.7783896270951],[-84.4050900077129,33.7783829182202],[-84.4051049980269,33.7783904333727],[-84.4052347651804,33.7783938946744],[-84.405250005446,33.7783871866814],[-84.4052649957721,33.7783947009127],[-84.4053257292374,33.7783963804644],[-84.4053306434782,33.7783965071099],[-84.4053839960727,33.7783978763127],[-84.4053844158595,33.7783868942918],[-84.4053896216627,33.7783870329941],[-84.4053902609176,33.7783703142443],[-84.4053933703342,33.7783678963126],[-84.4053987240687,33.778364145907],[-84.405404609262,33.7783608669383],[-84.4054107414827,33.7783582826644],[-84.4054204531065,33.778355335313],[-84.4054273638135,33.7783539171703],[-84.4054342472688,33.7783531843348],[-84.405441105637,33.7783531386055],[-84.4054528738729,33.7783543682285],[-84.4054582869386,33.7783556579353],[-84.4054647925254,33.778357663242],[-84.4054680362369,33.7783588949322],[-84.4054715850296,33.7783607301381],[-84.4054755598474,33.7783627845225],[-84.4054769103796,33.7783634833935],[-84.4054825328064,33.7783670682978],[-84.4054873153283,33.778371089423],[-84.4054897020484,33.778373214504],[-84.4054890718447,33.7783896861843],[-84.4054950993923,33.7783898476364],[-84.405494679617,33.7784008287559],[-84.4055270072219,33.7784016912823],[-84.4055268683345,33.7784053360249],[-84.4055251177159,33.7784511081244],[-84.4056182672282,33.7784535921735],[-84.4056201234816,33.7784073843708],[-84.4056201577605,33.7784041753281],[-84.4057160499659,33.7784067333381],[-84.4057183197444,33.7784067938602],[-84.4057335599743,33.7784000858077],[-84.4057485503445,33.7784075999801],[-84.4057506192778,33.7784076554808],[-84.4058064566981,33.7784091450163],[-84.4058083158271,33.7783605117636],[-84.405808401383,33.7783582727981],[-84.4058003774352,33.7783453009645],[-84.4058093666989,33.7783330283033],[-84.4058101588913,33.7783123149407],[-84.4058114956615,33.7782773661567],[-84.4058147837058,33.7782774544582],[-84.4058164627534,33.7782335705498],[-84.4058169137034,33.7782217778826],[-84.4058088897672,33.7782088060492],[-84.4058178790156,33.7781965333872],[-84.4058180310574,33.7781925757458],[-84.4058181709693,33.7781889156727],[-84.4057919303635,33.7781882154465],[-84.4057874858416,33.7781880969257],[-84.405787678085,33.7781830635366],[-84.4057679610942,33.7781823091886],[-84.4057616984206,33.7781767942009],[-84.405760769104,33.7781757491845],[-84.4057573876136,33.7781719498665],[-84.4057501570715,33.7781604515933],[-84.4057500402028,33.778159970338],[-84.4057477824253,33.7781506245899],[-84.4057476388291,33.7781494617381],[-84.4057467362974,33.7781421231448],[-84.4057483026491,33.7781315058731],[-84.4057485877382,33.778129576689],[-84.4057513247807,33.778122550229],[-84.4057521890103,33.778121154602],[-84.4057577839099,33.7781121128248],[-84.4057614913541,33.778107706486],[-84.4057636898854,33.778105832202],[-84.4057711299919,33.7780994899991],[-84.405790864049,33.7780997871765],[-84.405791056292,33.7780947537874],[-84.4057955817963,33.7780948748561],[-84.4058217413865,33.7780955725337],[-84.4058220242183,33.7780881694298],[-84.4058140002939,33.7780751975964],[-84.4058229895278,33.7780629249338],[-84.4058251275571,33.7780070337475],[-84.4058218406053,33.7780069463458],[-84.4058239684333,33.7779512697718],[-84.4058159445215,33.7779382979382],[-84.4058249348206,33.7779260252732],[-84.4058268795255,33.7778751674771],[-84.4057692780413,33.7778736317769],[-84.4057537038885,33.7778805911402],[-84.4057389882362,33.7778728230714],[-84.4056092823187,33.7778693630808],[-84.4055937081537,33.7778763224239],[-84.4055789914392,33.7778685552397],[-84.4054843114034,33.7778664248634],[-84.4054798019297,33.777866239735],[-84.4054614022795,33.7778654827885],[-84.4054570245476,33.7778653028143],[-84.4054567446939,33.77787262296],[-84.405371266796,33.7778703430496],[-84.4053735078212,33.7778117746672],[-84.4053647408362,33.7778115409658],[-84.4053659831143,33.7777790538738],[-84.4053641204412,33.7777790042793],[-84.4053545195239,33.7777704571628],[-84.4053550148371,33.7777575084936],[-84.4053671721,33.7777479851821],[-84.4053674710776,33.7777401609764],[-84.4053762380553,33.7777403946776],[-84.4053765189927,33.7777330736281],[-84.4053861368625,33.777733330929],[-84.405398302121,33.7777235785796],[-84.4054138600204,33.777723992996],[-84.4054252551397,33.7777343742018],[-84.4054619967569,33.7777353544371],[-84.4054617158268,33.7777426754868],[-84.4055837116998,33.7777459287537],[-84.4055989518236,33.7777392207176],[-84.4056139420692,33.7777467358093],[-84.4057434350787,33.7777501898964],[-84.4057586751906,33.7777434818405],[-84.4057736654482,33.7777509960111],[-84.4058962271637,33.7777542641024],[-84.4058965069771,33.777746943054],[-84.405933521797,33.7777479307342],[-84.4059456869952,33.7777381783311],[-84.405961244902,33.7777385935801],[-84.4059726411687,33.777748974733],[-84.4059819847667,33.7777492235027],[-84.4059817129614,33.7777563155163],[-84.4059904799422,33.7777565491739],[-84.4059901729626,33.777764581678],[-84.4060018515073,33.7777747404745],[-84.4060013552718,33.7777877107874],[-84.405991120126,33.7777957282827],[-84.4059889842593,33.7777956711125],[-84.4059877411366,33.7778281582117],[-84.4059789741485,33.7778279245539],[-84.4059750697352,33.7779300044468],[-84.4059834126801,33.7779427637634],[-84.4059741024501,33.7779552985391],[-84.4059719564876,33.7780114079431],[-84.4059752616036,33.7780110381686],[-84.4059731246788,33.7780669032071],[-84.4059814676392,33.778079663425],[-84.4059721563146,33.7780921982025],[-84.4059718755849,33.7780995760565],[-84.4059850255711,33.7780999274461],[-84.4059814211626,33.7781941849295],[-84.4059682700847,33.7781938344433],[-84.4059680285354,33.7782001590926],[-84.4059680143995,33.7782005116656],[-84.4059763584521,33.7782132718815],[-84.4059670471123,33.7782258066583],[-84.4059670390461,33.7782260122505],[-84.4059658261256,33.7782577166555],[-84.4059651678648,33.7782749376647],[-84.4059649273021,33.778281228951],[-84.405961631259,33.7782813705899],[-84.4059595265219,33.7783363907164],[-84.4059595023232,33.7783370074926],[-84.4059678463853,33.7783497668071],[-84.4059585748318,33.7783622483085],[-84.4059585350297,33.7783623015831],[-84.4059573946452,33.7783921358224],[-84.4059573171319,33.7783941592777],[-84.4059565903633,33.7784131485572],[-84.405956551142,33.7784141873352],[-84.405954630612,33.7784643958931],[-84.4059633976648,33.7784646295523],[-84.4059622189188,33.7784954232222],[-84.4059621545244,33.7784971166478],[-84.4059643303611,33.7784971746425],[-84.4059738824746,33.7785059814804],[-84.4059733963016,33.7785186902933],[-84.4059609658025,33.7785282060784],[-84.4059608772144,33.7785305180835],[-84.4059606678961,33.7785360086427],[-84.405951900836,33.7785357749834],[-84.4059516210251,33.778543096031],[-84.4059420030659,33.7785428396763],[-84.4059417024869,33.7785430800983],[-84.4059298366718,33.7785525911787],[-84.4059142786205,33.778552176828],[-84.4059028822539,33.7785417956716],[-84.4058792925009,33.7785411669656],[-84.4058661424476,33.778540815565],[-84.4058664222657,33.7785334945176],[-84.405863134214,33.778533407119],[-84.4058423131229,33.7785328523847],[-84.4058335460634,33.778532618717],[-84.4058132724405,33.7785320782448],[-84.4058045053786,33.7785318436734],[-84.4057842317561,33.7785313031964],[-84.4057754646968,33.7785310695245],[-84.4057551910747,33.7785305290428],[-84.4057464240155,33.7785302953689],[-84.4057441628716,33.7785302348306],[-84.4057285885982,33.7785371941904],[-84.4057138728355,33.77852942612],[-84.405711355762,33.7785293543554],[-84.4057025897328,33.7785291026433],[-84.4056823170785,33.7785285215735],[-84.4056735510519,33.778528270761],[-84.405653278398,33.7785276896863],[-84.4056070553749,33.7785263681084],[-84.4056025125975,33.7785262560828],[-84.4055338276604,33.7785245154185],[-84.4055283314002,33.7785243772845],[-84.4054913617366,33.7785234389872],[-84.405490663514,33.7785344657278],[-84.4054899024678,33.7785543693449],[-84.4054689735462,33.7785709876026],[-84.4054396585785,33.7785702057907],[-84.4054197670588,33.7785524988814],[-84.4054204939469,33.778533509605]]]},"properties":{"OBJECTID":98,"ACCESSTYPE":"Student","Address":"580 TURNER PLACE","ASF":99937,"BLDG_CODE":"064","CONDITION":null,"BLDG_TYPE":"Residence Halls","FLOORCOUNT":5,"GSF":191511,"BLDG_NAME":"Undergraduate Living Center","OWNEDBY2":"GT","PLANRENO":null,"BLDG_NUM":"64","Common_Name":"ULC","Heating":1,"Cooling":3,"Cistern":0,"Steam":"No","CHW":"TEN","Electric":"GTME","Gas":"WCGS","OWNEDBY":null,"UNDERGROUND":"No","GlobalID":"c95f0c03-9401-418f-9e54-069500cbf23d","Creator":"malexander_GTFM","EditDate":1656474313000,"Editor":"malexander_GTFM","STATUS":null,"NRHP_ELIG":null,"NRHP_TRT":null,"NRHP_VAL":null,"NRHP_PHS":null,"EVENTS":null,"CONSTDATE":null,"RENODATE":null,"BUILDING_TYPE_NEW":"Housing","Photos":"https://fm-gis2.ad.gatech.edu/images/building/064_small.jpg","FACUpdate":null,"DevAction":"Keep","Note":null,"PPV1":"False","Shape__Area":37640.563720703125,"Shape__Length":1912.5948508903739,"WhiteRoof":"No","FloodedBldg":"No"}},{"type":"Feature","id":99,"geometry":{"type":"Polygon","coordinates":[[[-84.4047753333742,33.7776989326972],[-84.4047753930659,33.7776970923119],[-84.4047481325001,33.7776964740781],[-84.4047475264081,33.7776854146919],[-84.4046906642839,33.7776841250155],[-84.4046554175423,33.7776833256045],[-84.4045337060458,33.7776805667796],[-84.4045334672483,33.7776879247139],[-84.4044921617648,33.7776869881617],[-84.4044569150235,33.7776861886939],[-84.4044475531829,33.7776859768115],[-84.4044477919853,33.7776786179757],[-84.4044389808419,33.7776784185563],[-84.4044392425729,33.7776703699131],[-84.4044401999491,33.7776409363689],[-84.4044413135008,33.7776066741813],[-84.4044501257165,33.7776068735985],[-84.4044534317401,33.7775052358046],[-84.40445438911,33.7774758022595],[-84.4044568870087,33.7773989992999],[-84.4044480748142,33.7773987998831],[-84.4044504085392,33.7773270555027],[-84.4044592196465,33.7773272549215],[-84.4044594595293,33.7773198969848],[-84.4045453721471,33.777321843981],[-84.4045451322742,33.7773292028194],[-84.4046167268548,33.7773308266218],[-84.4046143943482,33.7774025710026],[-84.4046055832303,33.7774023706934],[-84.4046051791937,33.777414788112],[-84.4046048050059,33.7774262857887],[-84.4046033850328,33.777469976235],[-84.4046030854642,33.7774791736554],[-84.4046021281452,33.7775086072014],[-84.404600825533,33.7775486646679],[-84.4046114868446,33.777558065466],[-84.4046594556866,33.7775591532289],[-84.4046947023774,33.777559952639],[-84.4047536311476,33.7775612888191],[-84.4047541097815,33.7775465720458],[-84.4047805442576,33.7775471720359],[-84.4047810447322,33.7775317654572],[-84.4048253778909,33.777532770907],[-84.4048249371172,33.7775463380022],[-84.4048248774241,33.7775481774859],[-84.404851036552,33.7775487707791],[-84.4048505579347,33.7775634875528],[-84.4049152002135,33.7775650632872],[-84.404950520502,33.7775659246962],[-84.404998173198,33.7775670868731],[-84.4050097408972,33.7775579371171],[-84.4050110433191,33.7775178796471],[-84.4050120004984,33.7774884460986],[-84.4050144978996,33.77741164313],[-84.4050056867826,33.7774114437509],[-84.4050068081053,33.7773769507198],[-84.4050076108748,33.7773475138622],[-84.4050076500682,33.7773460711445],[-84.4050080200429,33.7773396993621],[-84.4050168311526,33.777339898741],[-84.4050170709877,33.7773325408035],[-84.405026432791,33.7773327526429],[-84.4050616783121,33.7773335519507],[-84.4051029836333,33.7773344892147],[-84.4051027438056,33.7773418471524],[-84.4051743384052,33.7773434706312],[-84.4051732917544,33.7773756634072],[-84.4051720052835,33.7774152150225],[-84.4051631941633,33.7774150147531],[-84.4051624768592,33.7774370903652],[-84.4051623574877,33.777440769333],[-84.4051564356587,33.7776228899819],[-84.4051652478774,33.777623089348],[-84.4051639086348,33.777664250511],[-84.4051631764053,33.7776867850916],[-84.405162914742,33.777694833736],[-84.405154102516,33.7776946343697],[-84.4051539450634,33.777701715341],[-84.4050679496782,33.777700043933],[-84.4050681895098,33.7776926859958],[-84.4048465211457,33.7776876599313],[-84.4048461619123,33.7776986977372],[-84.4048197273893,33.7776980977613],[-84.4048196676986,33.7776999381466],[-84.4048194427691,33.7777068362125],[-84.4048192338426,33.7777132744053],[-84.4048115230087,33.7777130999387],[-84.4047828856947,33.7777124501067],[-84.4047748995113,33.7777122689558],[-84.4047751095208,33.7777058307609],[-84.4047753333742,33.7776989326972]]]},"properties":{"OBJECTID":99,"ACCESSTYPE":"Student","Address":"501 SIXTH STREET","ASF":115579,"BLDG_CODE":"065","CONDITION":null,"BLDG_TYPE":"Residence Halls","FLOORCOUNT":4,"GSF":211922,"BLDG_NAME":"Sixth Street Apartments","OWNEDBY2":"GT","PLANRENO":null,"BLDG_NUM":"65","Common_Name":"Sixth St Apts","Heating":1,"Cooling":3,"Cistern":0,"Steam":"No","CHW":"TEN","Electric":"GTME","Gas":"WCGS","OWNEDBY":null,"UNDERGROUND":"No","GlobalID":"cf43825f-394e-4fee-935a-9f035fdaae23","Creator":"malexander_GTFM","EditDate":1656474313000,"Editor":"malexander_GTFM","STATUS":null,"NRHP_ELIG":null,"NRHP_TRT":null,"NRHP_VAL":null,"NRHP_PHS":null,"EVENTS":null,"CONSTDATE":null,"RENODATE":null,"BUILDING_TYPE_NEW":"Housing","Photos":"https://fm-gis2.ad.gatech.edu/images/building/065_small.jpg","FACUpdate":null,"DevAction":"Keep","Note":null,"PPV1":"False","Shape__Area":18315.727783203125,"Shape__Length":940.94354539192875,"WhiteRoof":"No","FloodedBldg":"No"}},{"type":"Feature","id":100,"geometry":{"type":"Polygon","coordinates":[[[-84.4015379182363,33.7752001721031],[-84.4015376618547,33.7750718026388],[-84.4015977089659,33.7750717190025],[-84.4017041893412,33.7750715703571],[-84.4017041063378,33.7750297104341],[-84.4019330107964,33.7750293905899],[-84.4019332455607,33.7750907845066],[-84.4020086005684,33.7750906787005],[-84.4020086727751,33.7751269565176],[-84.4020122929894,33.7751269523189],[-84.4020126896493,33.7753241301552],[-84.4020127631186,33.775361263636],[-84.4020129198389,33.7754395023535],[-84.40196557943,33.7754395682779],[-84.4018592022544,33.7754397178549],[-84.4018590318408,33.7753548366953],[-84.4017999393539,33.7753056541981],[-84.4016729782795,33.7751999835162],[-84.4015379182363,33.7752001721031]]]},"properties":{"OBJECTID":100,"ACCESSTYPE":"Student","Address":"755 FERST DRIVE","ASF":32792,"BLDG_CODE":"057","CONDITION":null,"BLDG_TYPE":"Academic/Research","FLOORCOUNT":4,"GSF":52432,"BLDG_NAME":"ISYE Annex","OWNEDBY2":"GT","PLANRENO":"Future","BLDG_NUM":"57","Common_Name":"ISYE Annex","Heating":2,"Cooling":2,"Cistern":0,"Steam":"Yes","CHW":"HOL","Electric":"GTME","Gas":"No","OWNEDBY":null,"UNDERGROUND":"No","GlobalID":"d076ecb2-265f-4606-8319-99dc0e9c26ad","Creator":"malexander_GTFM","EditDate":1656474313000,"Editor":"malexander_GTFM","STATUS":null,"NRHP_ELIG":null,"NRHP_TRT":null,"NRHP_VAL":null,"NRHP_PHS":null,"EVENTS":null,"CONSTDATE":null,"RENODATE":null,"BUILDING_TYPE_NEW":"Administrative","Photos":"https://fm-gis2.ad.gatech.edu/images/building/057_small.jpg","FACUpdate":null,"DevAction":"Keep","Note":null,"PPV1":"False","Shape__Area":13281.443359375,"Shape__Length":553.82140667382907,"WhiteRoof":"No","FloodedBldg":"No"}},{"type":"Feature","id":101,"geometry":{"type":"Polygon","coordinates":[[[-84.4010452060003,33.775700342515],[-84.4010441804848,33.7755358814045],[-84.4010427657942,33.7754929591619],[-84.401056516905,33.7754810745236],[-84.4012076492127,33.7753534777879],[-84.4011203925632,33.77528189195],[-84.401235543289,33.7751847230418],[-84.4012414203678,33.7751895798885],[-84.4012614009273,33.7752060926271],[-84.4013451461543,33.7751354233446],[-84.4014634734989,33.7752331933892],[-84.4014779514667,33.7752451704336],[-84.4015202685495,33.7752801506361],[-84.4015300261949,33.7752882108657],[-84.4015761327758,33.7753254578024],[-84.4015639015049,33.7753375641172],[-84.4015208623014,33.775373894228],[-84.4015212744985,33.7754398799169],[-84.4014821401035,33.7754400499591],[-84.4014822129054,33.775451695553],[-84.4014825118195,33.7754995194882],[-84.4014834847714,33.7756554889394],[-84.4014818505601,33.7756821719196],[-84.4014517120125,33.7756822905729],[-84.4013580785444,33.7756821386665],[-84.4013534682178,33.7756821429256],[-84.4013141195874,33.775682187091],[-84.4013148459639,33.7757030787807],[-84.4013157703414,33.7757296667287],[-84.4012836453803,33.7757298810863],[-84.4010820225886,33.7757307691509],[-84.4010464145221,33.775730596041],[-84.4010452060003,33.775700342515]]]},"properties":{"OBJECTID":101,"ACCESSTYPE":"Student","Address":"759 FERST DRIVE","ASF":24540,"BLDG_CODE":"055","CONDITION":null,"BLDG_TYPE":"Academic/Research","FLOORCOUNT":2,"GSF":40164,"BLDG_NAME":"Instructional Center","OWNEDBY2":"GT","PLANRENO":null,"BLDG_NUM":"55","Common_Name":"Instructional Ctr","Heating":2,"Cooling":2,"Cistern":0,"Steam":"Yes","CHW":"HOL","Electric":"GTME","Gas":"No","OWNEDBY":null,"UNDERGROUND":"No","GlobalID":"bc39522f-f380-4c79-bab9-6c9d7794a70f","Creator":"malexander_GTFM","EditDate":1656474313000,"Editor":"malexander_GTFM","STATUS":null,"NRHP_ELIG":null,"NRHP_TRT":null,"NRHP_VAL":null,"NRHP_PHS":null,"EVENTS":null,"CONSTDATE":null,"RENODATE":null,"BUILDING_TYPE_NEW":"Academic","Photos":"https://fm-gis2.ad.gatech.edu/images/building/055_small.jpg","FACUpdate":null,"DevAction":"Keep","Note":null,"PPV1":"False","Shape__Area":22932.3642578125,"Shape__Length":688.9498264359446,"WhiteRoof":"No","FloodedBldg":"No"}},{"type":"Feature","id":102,"geometry":{"type":"Polygon","coordinates":[[[-84.4014449084114,33.7758764850045],[-84.4014447516832,33.7757770782164],[-84.4014447154507,33.7757542971564],[-84.401444707668,33.7757494652203],[-84.4014878946712,33.7757494173165],[-84.4016775464982,33.7757492068861],[-84.4018500127101,33.7756048007279],[-84.4018609608275,33.7755115301531],[-84.4018940266135,33.7755114941825],[-84.402013064512,33.7755113610062],[-84.4020131960286,33.7755942017997],[-84.4020297283974,33.7755941837961],[-84.4020301111285,33.7758344173093],[-84.4020265286739,33.7758344214366],[-84.4020265858141,33.7758703187811],[-84.4020267309476,33.7758898302439],[-84.4019476443048,33.7758897357972],[-84.40167639247,33.7758900353377],[-84.4016763709661,33.7758762292899],[-84.4014449084114,33.7758764850045]]]},"properties":{"OBJECTID":102,"ACCESSTYPE":"Student","Address":"765 FERST DRIVE","ASF":35246,"BLDG_CODE":"056","CONDITION":null,"BLDG_TYPE":"Academic/Research","FLOORCOUNT":4,"GSF":54585,"BLDG_NAME":"Groseclose Building","OWNEDBY2":"GT","PLANRENO":"Future","BLDG_NUM":"56","Common_Name":"Groseclose","Heating":2,"Cooling":2,"Cistern":0,"Steam":"Yes","CHW":"HOL","Electric":"GTME","Gas":"No","OWNEDBY":null,"UNDERGROUND":"No","GlobalID":"d63cc497-0771-4e08-a0aa-a3599492829f","Creator":"malexander_GTFM","EditDate":1656474313000,"Editor":"malexander_GTFM","STATUS":null,"NRHP_ELIG":null,"NRHP_TRT":null,"NRHP_VAL":null,"NRHP_PHS":null,"EVENTS":null,"CONSTDATE":null,"RENODATE":null,"BUILDING_TYPE_NEW":"Academic","Photos":"https://fm-gis2.ad.gatech.edu/images/building/056_small.jpg","FACUpdate":null,"DevAction":"Keep","Note":null,"PPV1":"False","Shape__Area":14626.2734375,"Shape__Length":597.14582665940077,"WhiteRoof":"No","FloodedBldg":"No"}},{"type":"Feature","id":103,"geometry":{"type":"Polygon","coordinates":[[[-84.3956388781368,33.7715692849354],[-84.3956388988113,33.7715632573511],[-84.3956292758037,33.7715632346294],[-84.3956293501596,33.7715416696724],[-84.3956294313867,33.7715178172106],[-84.3956294916266,33.7715002808623],[-84.3956840219656,33.7715004105102],[-84.3956840168908,33.7715017494734],[-84.3958796899874,33.7715022175487],[-84.3958796950568,33.7715008776839],[-84.3959342264779,33.7715010081211],[-84.3959339967496,33.7715679805786],[-84.3959436244798,33.7715681547453],[-84.3959246414966,33.7715679582842],[-84.3959231044174,33.7716714582033],[-84.3959228289028,33.7716900291462],[-84.3959225560243,33.7717083737695],[-84.3957275432118,33.7717079072427],[-84.3956806675474,33.7717077976733],[-84.395649096075,33.7717077201034],[-84.3956491102166,33.7717037014128],[-84.3956502005924,33.77159206311],[-84.3956495703585,33.7715694418221],[-84.3956388781368,33.7715692849354]]]},"properties":{"OBJECTID":103,"ACCESSTYPE":"Faculty","Address":"265 NORTH AVENUE","ASF":14305,"BLDG_CODE":"040","CONDITION":null,"BLDG_TYPE":"Academic/Research","FLOORCOUNT":4,"GSF":24442,"BLDG_NAME":"Guggenheim Building","OWNEDBY2":"GT","PLANRENO":"Future","BLDG_NUM":"40","Common_Name":"Guggenheim Bldg","Heating":2,"Cooling":2,"Cistern":0,"Steam":"Yes","CHW":"HOL","Electric":"GTME","Gas":"No","OWNEDBY":null,"UNDERGROUND":"No","GlobalID":"759298e5-8c67-48b4-b3cb-90896eea802a","Creator":"malexander_GTFM","EditDate":1656474313000,"Editor":"malexander_GTFM","STATUS":null,"NRHP_ELIG":"Yes","NRHP_TRT":"Minor Rehab","NRHP_VAL":"1","NRHP_PHS":"Phase II","EVENTS":null,"CONSTDATE":1930,"RENODATE":1994,"BUILDING_TYPE_NEW":"Research","Photos":"https://fm-gis2.ad.gatech.edu/images/building/040_small.jpg","FACUpdate":"Green","DevAction":"Renovate","Note":"Keep","PPV1":"False","Shape__Area":6479.05810546875,"Shape__Length":342.43151153145544,"WhiteRoof":"No","FloodedBldg":"Yes"}},{"type":"Feature","id":104,"geometry":{"type":"Polygon","coordinates":[[[-84.3956302210313,33.7722489773131],[-84.3956313516957,33.772174392345],[-84.3956567294741,33.7721745255919],[-84.3956559939146,33.7721358541898],[-84.3956608417722,33.7718928300705],[-84.3956615635204,33.7718496080285],[-84.3956613102293,33.7718457106556],[-84.3958819709615,33.7718479365663],[-84.3958813365829,33.7718906805713],[-84.3958801948558,33.7719675160893],[-84.3959152469221,33.7719678792701],[-84.3959433814254,33.771968169635],[-84.3959422356695,33.772180069061],[-84.3958985110605,33.7721798779824],[-84.3958870794796,33.772179827984],[-84.3958860128579,33.772251620418],[-84.3956302210313,33.7722489773131]]]},"properties":{"OBJECTID":104,"ACCESSTYPE":"Public","Address":"620 CHERRY ST","ASF":24010,"BLDG_CODE":"041","CONDITION":null,"BLDG_TYPE":"Academic/Research","FLOORCOUNT":4,"GSF":37818,"BLDG_NAME":"Engineering Science and Mechanics Building","OWNEDBY2":"GT","PLANRENO":"Future","BLDG_NUM":"41","Common_Name":"E, S, & M","Heating":2,"Cooling":1,"Cistern":0,"Steam":"Yes","CHW":"No","Electric":"GTME","Gas":"AGL","OWNEDBY":null,"UNDERGROUND":"No","GlobalID":"21baf501-c1a9-4efe-8b69-ee49272e0524","Creator":"malexander_GTFM","EditDate":1656474313000,"Editor":"malexander_GTFM","STATUS":null,"NRHP_ELIG":"Yes","NRHP_TRT":"Extensive Rehab","NRHP_VAL":"2","NRHP_PHS":"Phase II","EVENTS":null,"CONSTDATE":1938,"RENODATE":null,"BUILDING_TYPE_NEW":"Academic","Photos":"https://fm-gis2.ad.gatech.edu/images/building/041_small.jpg","FACUpdate":null,"DevAction":"Renovate/Downcycle","Note":"Downcycle","PPV1":"False","Shape__Area":11650.40576171875,"Shape__Length":482.01872799690403,"WhiteRoof":"Yes","FloodedBldg":"No"}},{"type":"Feature","id":105,"geometry":{"type":"Polygon","coordinates":[[[-84.3953118334074,33.7719255425993],[-84.3953122554528,33.7718929885628],[-84.3952045354698,33.7718920132258],[-84.3952065605326,33.7717361291187],[-84.3951808533223,33.7717358954037],[-84.3951819799896,33.7716490858376],[-84.3952076882512,33.7716493186487],[-84.3952082671337,33.7716286508035],[-84.3952097111459,33.7714934345395],[-84.395256935188,33.7714938628277],[-84.3952809655819,33.7714940797966],[-84.3953164524437,33.7714944017681],[-84.3953851923091,33.7714950236724],[-84.3953841182567,33.7715710827437],[-84.3953834583163,33.7715998295451],[-84.3953800174433,33.771893601461],[-84.3953372652311,33.771893214526],[-84.3953368421132,33.7719257676628],[-84.3953140683498,33.7719255619018],[-84.3953118334074,33.7719255425993]]]},"properties":{"OBJECTID":105,"ACCESSTYPE":"Public","Address":"613 CHERRY ST","ASF":11710,"BLDG_CODE":"039","CONDITION":null,"BLDG_TYPE":"Academic/Research","FLOORCOUNT":4,"GSF":31154,"BLDG_NAME":"Swann Building","OWNEDBY2":"GT","PLANRENO":null,"BLDG_NUM":"39","Common_Name":"Swann Bldg","Heating":2,"Cooling":2,"Cistern":0,"Steam":"Yes","CHW":"HOL","Electric":"GTME","Gas":"No","OWNEDBY":null,"UNDERGROUND":"No","GlobalID":"bb902824-d114-47a7-a990-17ac29ba30d9","Creator":"malexander_GTFM","EditDate":1656474313000,"Editor":"malexander_GTFM","STATUS":null,"NRHP_ELIG":"Listed","NRHP_TRT":"Corrective Maintenance","NRHP_VAL":"1","NRHP_PHS":"Phase I","EVENTS":null,"CONSTDATE":1900,"RENODATE":2006,"BUILDING_TYPE_NEW":"Academic","Photos":"https://fm-gis2.ad.gatech.edu/images/building/039_small.jpg","FACUpdate":null,"DevAction":"Keep","Note":null,"PPV1":"False","Shape__Area":8061.641357421875,"Shape__Length":436.05219530425239,"WhiteRoof":"No","FloodedBldg":"Yes"}},{"type":"Feature","id":106,"geometry":{"type":"Polygon","coordinates":[[[-84.3956734835852,33.7732007748487],[-84.3956738095067,33.7731913889472],[-84.3956737016861,33.7731573571902],[-84.3956738834883,33.7731209923216],[-84.3956729636737,33.7726064617203],[-84.3956269689716,33.7726065191059],[-84.3956268383918,33.7725610823893],[-84.3956268187705,33.772522858684],[-84.3956267398557,33.7724781738488],[-84.3957423349699,33.7724776771286],[-84.395762836891,33.772478147605],[-84.3959065666561,33.7724787454038],[-84.3959893993115,33.772478639307],[-84.3960114870307,33.7724786180999],[-84.3960778775254,33.7724785307754],[-84.3960781034888,33.7726050357639],[-84.3960747986426,33.7726050401038],[-84.3960756611175,33.7730862186918],[-84.3959302384087,33.7730864005597],[-84.3959301871251,33.773057418851],[-84.3958872206542,33.7730574734138],[-84.3958870579856,33.77296638972],[-84.3959300233314,33.7729663351595],[-84.3959299555696,33.7729279240029],[-84.3959298223044,33.7728539761518],[-84.3959050353435,33.7728540077681],[-84.3959051366805,33.7729107052699],[-84.3958709835964,33.7729107479644],[-84.3958709776468,33.7729072973527],[-84.3958706551822,33.7728810770057],[-84.3958706425507,33.7728739007797],[-84.3958708818298,33.7728534752093],[-84.3958215810607,33.7728535370043],[-84.3958217494598,33.7729476105679],[-84.3958221976169,33.7731978605758],[-84.3956740204788,33.7731980454532],[-84.3956734835852,33.7732007748487]]]},"properties":{"OBJECTID":106,"ACCESSTYPE":"Student","Address":"654 CHERRY ST","ASF":41248,"BLDG_CODE":"045","CONDITION":null,"BLDG_TYPE":"Academic/Research","FLOORCOUNT":5,"GSF":77867,"BLDG_NAME":"Coon Building","OWNEDBY2":"GT","PLANRENO":null,"BLDG_NUM":"45","Common_Name":"J.S. Coon Bldg","Heating":2,"Cooling":2,"Cistern":0,"Steam":"Yes","CHW":"HOL","Electric":"GTME","Gas":"AGL","OWNEDBY":null,"UNDERGROUND":"No","GlobalID":"99366cad-39a5-4a3a-a705-fe42717a2612","Creator":"malexander_GTFM","EditDate":1656474313000,"Editor":"malexander_GTFM","STATUS":null,"NRHP_ELIG":"Listed","NRHP_TRT":"Corrective Maintenance","NRHP_VAL":"1","NRHP_PHS":"Phase I","EVENTS":null,"CONSTDATE":1920,"RENODATE":2005,"BUILDING_TYPE_NEW":"Research","Photos":"https://fm-gis2.ad.gatech.edu/images/building/045_small.jpg","FACUpdate":null,"DevAction":"Keep","Note":null,"PPV1":"False","Shape__Area":27405.896728515625,"Shape__Length":1036.7086300221936,"WhiteRoof":"No","FloodedBldg":"No"}},{"type":"Feature","id":107,"geometry":{"type":"Polygon","coordinates":[[[-84.3950006178423,33.7733594139556],[-84.3950014766926,33.7732932662669],[-84.3952105196959,33.7732951578086],[-84.3952110269776,33.7732560603324],[-84.3952258804118,33.7732561942213],[-84.3952423134494,33.7732563432159],[-84.395320720196,33.7732570518401],[-84.3953199863044,33.7733136526069],[-84.3953195821006,33.7733447946157],[-84.3953188482078,33.7734013953817],[-84.3952091537259,33.7734004038751],[-84.3952096610062,33.773361305498],[-84.3950694833629,33.7733600376029],[-84.3950508228812,33.7733598683627],[-84.3950006178423,33.7733594139556]]]},"properties":{"OBJECTID":107,"ACCESSTYPE":null,"Address":"681 CHERRY ST","ASF":4688,"BLDG_CODE":"025","CONDITION":null,"BLDG_TYPE":"Academic/Research","FLOORCOUNT":2,"GSF":7522,"BLDG_NAME":"Chapin Building","OWNEDBY2":"GT","PLANRENO":null,"BLDG_NUM":"25","Common_Name":"Chapin Bldg","Heating":2,"Cooling":2,"Cistern":0,"Steam":"Yes","CHW":"HOL","Electric":"GTME","Gas":"No","OWNEDBY":null,"UNDERGROUND":"No","GlobalID":"4c54de6c-443e-4ef1-95b1-da11e7c71b23","Creator":"malexander_GTFM","EditDate":1656474313000,"Editor":"malexander_GTFM","STATUS":null,"NRHP_ELIG":"Listed","NRHP_TRT":"Extensive Rehab","NRHP_VAL":"1","NRHP_PHS":"Phase I","EVENTS":null,"CONSTDATE":1910,"RENODATE":2000,"BUILDING_TYPE_NEW":"Administrative","Photos":"https://fm-gis2.ad.gatech.edu/images/building/025_small.jpg","FACUpdate":null,"DevAction":"Keep","Note":null,"PPV1":"False","Shape__Area":3280.04931640625,"Shape__Length":298.77319918264368,"WhiteRoof":"No","FloodedBldg":"No"}},{"type":"Feature","id":108,"geometry":{"type":"Polygon","coordinates":[[[-84.3949809944959,33.7738058266379],[-84.3949815637437,33.7737314383902],[-84.3950083963366,33.7737315817012],[-84.3950089116075,33.7736641236501],[-84.3950091230985,33.7736364019664],[-84.3950096394485,33.7735689439123],[-84.3949828058266,33.7735688006034],[-84.3949833750725,33.7734944123529],[-84.3952107658771,33.7734956252672],[-84.3952426413265,33.7734960837835],[-84.3952637011796,33.773495552475],[-84.3953003954709,33.7734961021339],[-84.3953001710958,33.7735254414061],[-84.3953167692144,33.7735255296742],[-84.3953160282919,33.7736335399465],[-84.3953157513507,33.773667881681],[-84.3953148375026,33.7737782645177],[-84.3952982393353,33.7737781762496],[-84.395298123626,33.7738037139543],[-84.3952539011011,33.7738037643127],[-84.3952227171599,33.7738035416535],[-84.3949809944959,33.7738058266379]]]},"properties":{"OBJECTID":108,"ACCESSTYPE":null,"Address":"685 CHERRY ST","ASF":23153,"BLDG_CODE":"024","CONDITION":null,"BLDG_TYPE":"Academic/Research","FLOORCOUNT":4,"GSF":38306,"BLDG_NAME":"D.M. Smith Building","OWNEDBY2":"GT","PLANRENO":"Future","BLDG_NUM":"24","Common_Name":"Smith Bldg","Heating":2,"Cooling":2,"Cistern":0,"Steam":"Yes","CHW":"HOL","Electric":"GTME","Gas":"No","OWNEDBY":null,"UNDERGROUND":"No","GlobalID":"d177e6ba-c61f-436a-9944-c3528230563b","Creator":"malexander_GTFM","EditDate":1656474313000,"Editor":"malexander_GTFM","STATUS":null,"NRHP_ELIG":"Listed","NRHP_TRT":"Extensive Rehab","NRHP_VAL":"1","NRHP_PHS":"Phase II","EVENTS":null,"CONSTDATE":1923,"RENODATE":null,"BUILDING_TYPE_NEW":"Academic","Photos":"https://fm-gis2.ad.gatech.edu/images/building/024_small.jpg","FACUpdate":null,"DevAction":"Keep","Note":null,"PPV1":"False","Shape__Area":10821.498046875,"Shape__Length":444.35795813999749,"WhiteRoof":"No","FloodedBldg":"No"}},{"type":"Feature","id":109,"geometry":{"type":"Polygon","coordinates":[[[-84.3946279132759,33.7738312630337],[-84.3946056010724,33.7738310418642],[-84.3945941306044,33.7738310675571],[-84.3945513476402,33.7738308463129],[-84.3945437224011,33.7738306467011],[-84.3945153985729,33.7738304411234],[-84.394444094805,33.7738298351927],[-84.3944402577814,33.7738298972751],[-84.3944222774924,33.7738297636525],[-84.3943830462914,33.7738293951375],[-84.3943831285744,33.7738217273368],[-84.3943839571853,33.7737435615918],[-84.3944691910621,33.7737442220928],[-84.3945180174381,33.7737446260634],[-84.3946339188885,33.7737454110597],[-84.3946330093236,33.7738312446041],[-84.3946279132759,33.7738312630337]]]},"properties":{"OBJECTID":109,"ACCESSTYPE":null,"Address":"220 BOBBY DODD W","ASF":2037,"BLDG_CODE":"023A","CONDITION":null,"BLDG_TYPE":"Academic/Research","FLOORCOUNT":1,"GSF":2375,"BLDG_NAME":"220 Bobby Dodd Way","OWNEDBY2":"GT","PLANRENO":null,"BLDG_NUM":"023A","Common_Name":"Army Office","Heating":2,"Cooling":2,"Cistern":0,"Steam":"Yes","CHW":"HOL","Electric":"GTME","Gas":"No","OWNEDBY":null,"UNDERGROUND":"No","GlobalID":"9dce7b2a-7cdc-4f49-8626-e02d3774b47a","Creator":"malexander_GTFM","EditDate":1656474313000,"Editor":"malexander_GTFM","STATUS":null,"NRHP_ELIG":"Yes","NRHP_TRT":"Demolition","NRHP_VAL":"3","NRHP_PHS":"Phase II","EVENTS":null,"CONSTDATE":1927,"RENODATE":2000,"BUILDING_TYPE_NEW":"Facilities Services and Campus Support","Photos":"https://fm-gis2.ad.gatech.edu/images/building/023A_small.jpg","FACUpdate":null,"DevAction":"Demo","Note":"Critical site need/Adjacent development","PPV1":"False","Shape__Area":2373.366943359375,"Shape__Length":214.38730382362803,"WhiteRoof":"No","FloodedBldg":"No"}},{"type":"Feature","id":110,"geometry":{"type":"Polygon","coordinates":[[[-84.3940838176522,33.7742362637496],[-84.3940001410539,33.7742338833697],[-84.3940001035658,33.7742348148453],[-84.3939114060529,33.7742322921763],[-84.3939167335937,33.7741203864515],[-84.3939168845389,33.7741158084863],[-84.3939175173568,33.7740966354943],[-84.3939199575334,33.7740226549612],[-84.3940083762519,33.7740251700233],[-84.3940081855756,33.7740298283089],[-84.3941145942729,33.7740328556537],[-84.3941146754148,33.7740308754763],[-84.3941203938508,33.7740310380545],[-84.3941327355677,33.7740313894936],[-84.3941529574117,33.7740319653443],[-84.394165160918,33.7740323125266],[-84.3941707389841,33.774032470853],[-84.3941706578435,33.7740344510304],[-84.3942729892074,33.7740373054243],[-84.3942716125068,33.7741458704713],[-84.3942713999776,33.7741626740499],[-84.394271240925,33.7741752027977],[-84.3942354403797,33.7741754888201],[-84.3942352506239,33.7742033583314],[-84.3941983911722,33.7742188607714],[-84.3940852837325,33.7742174165214],[-84.3940838176522,33.7742362637496]]]},"properties":{"OBJECTID":110,"ACCESSTYPE":"Student","Address":"215 BOBBY DODD W","ASF":8077,"BLDG_CODE":"059","CONDITION":null,"BLDG_TYPE":"Academic/Research","FLOORCOUNT":2,"GSF":10762,"BLDG_NAME":"Stephen Hall Building","OWNEDBY2":"GT","PLANRENO":null,"BLDG_NUM":"059","Common_Name":"Stephen Hall Bldg","Heating":2,"Cooling":2,"Cistern":0,"Steam":"Yes","CHW":"HOL","Electric":"GTME","Gas":"No","OWNEDBY":null,"UNDERGROUND":"No","GlobalID":"33a6b62f-47f3-429c-b414-9fd1f86d69c0","Creator":"malexander_GTFM","EditDate":1656474313000,"Editor":"malexander_GTFM","STATUS":null,"NRHP_ELIG":"Yes","NRHP_TRT":"Extensive Rehab","NRHP_VAL":"1","NRHP_PHS":"Phase II","EVENTS":null,"CONSTDATE":1924,"RENODATE":null,"BUILDING_TYPE_NEW":"Academic","Photos":"https://fm-gis2.ad.gatech.edu/images/building/059_small.jpg","FACUpdate":null,"DevAction":"Keep","Note":null,"PPV1":"False","Shape__Area":7476.641357421875,"Shape__Length":364.59534799662225,"WhiteRoof":"No","FloodedBldg":"No"}},{"type":"Feature","id":111,"geometry":{"type":"Polygon","coordinates":[[[-84.3941778648918,33.7731469271752],[-84.3940924777757,33.7731456617454],[-84.3940523314143,33.7731457357189],[-84.3940523174822,33.7731404619812],[-84.3940559105942,33.7729504087247],[-84.3940255449687,33.7729500399901],[-84.3940255205675,33.7729514294811],[-84.3940098518898,33.7729512401453],[-84.3940100497279,33.7729398924882],[-84.3940106673363,33.7729043437132],[-84.3940120311969,33.7728259506577],[-84.394059874872,33.7728260671908],[-84.394059897074,33.7728238454789],[-84.3940749288057,33.7728240657366],[-84.3941460677062,33.7728251094878],[-84.3942005130851,33.7728254563424],[-84.3942004727804,33.7728277718596],[-84.3942483005528,33.7728288152474],[-84.3942481102473,33.7728515751028],[-84.3942468170788,33.7729141557555],[-84.3942463493543,33.7729410204429],[-84.3942461226691,33.7729541047356],[-84.3942304539906,33.7729539154278],[-84.3942304764699,33.7729526170072],[-84.3942001127616,33.7729521572452],[-84.3941967230628,33.7731471556921],[-84.3941778648918,33.7731469271752]]]},"properties":{"OBJECTID":111,"ACCESSTYPE":"Public","Address":"221 UNCLE HEINIE","ASF":13506,"BLDG_CODE":"029A","CONDITION":null,"BLDG_TYPE":"Admin/Services","FLOORCOUNT":3,"GSF":18445,"BLDG_NAME":"Lyman Hall","OWNEDBY2":"GT","PLANRENO":null,"BLDG_NUM":"29A","Common_Name":"Lyman Hall","Heating":2,"Cooling":2,"Cistern":0,"Steam":"Yes","CHW":"HOL","Electric":"GTME","Gas":"AGL","OWNEDBY":null,"UNDERGROUND":"No","GlobalID":"0770282a-98ff-49d4-ae28-6c61f46a7640","Creator":"malexander_GTFM","EditDate":1656474313000,"Editor":"malexander_GTFM","STATUS":null,"NRHP_ELIG":"Listed","NRHP_TRT":"Minor Rehab","NRHP_VAL":"1","NRHP_PHS":"Phase I","EVENTS":null,"CONSTDATE":1906,"RENODATE":1988,"BUILDING_TYPE_NEW":"Student Services","Photos":"https://fm-gis2.ad.gatech.edu/images/building/029A_small.jpg","FACUpdate":null,"DevAction":"Keep","Note":null,"PPV1":"False","Shape__Area":6398.35986328125,"Shape__Length":379.53418851308658,"WhiteRoof":"No","FloodedBldg":"No"}},{"type":"Feature","id":112,"geometry":{"type":"MultiPolygon","coordinates":[[[[-84.3938668286585,33.7729719620111],[-84.3938675044741,33.7729457623612],[-84.3939191432435,33.7729466915639],[-84.3939195238057,33.7729411628337],[-84.3939204153885,33.7729369883456],[-84.3939228503318,33.7729305541803],[-84.3939251317025,33.7729264754132],[-84.3939294785506,33.7729207870001],[-84.3939339069145,33.7729165302604],[-84.3939399617482,33.7729116402705],[-84.3939507600459,33.7729085655872],[-84.3939609075669,33.7729055912832],[-84.3939720482926,33.7729046267351],[-84.3939804290912,33.772905187455],[-84.3939912440933,33.7729076209306],[-84.3939988270649,33.7729106527441],[-84.3940060697994,33.7729148573318],[-84.3940059865893,33.7729180989247],[-84.3940054361533,33.7729394294226],[-84.3940100497279,33.7729398924882],[-84.3940098518898,33.7729512401453],[-84.3940255205675,33.7729514294811],[-84.3940255449687,33.7729500399901],[-84.3940559105942,33.7729504087247],[-84.3940523174822,33.7731404619812],[-84.3939458470935,33.7731390035681],[-84.3939500883731,33.772973123317],[-84.3938668286585,33.7729719620111]]],[[[-84.3940894232836,33.773226123598],[-84.3940924777757,33.7731456617454],[-84.3941778648918,33.7731469271752],[-84.3941767741331,33.7731778612644],[-84.3941865733312,33.7731758505485],[-84.3942046839051,33.7732375722164],[-84.3942000988499,33.773238510273],[-84.3941723176672,33.7732441950107],[-84.3941674269544,33.7732275270683],[-84.3940894232836,33.773226123598]]]]},"properties":{"OBJECTID":112,"ACCESSTYPE":"Public","Address":"221 UNCLE HEINIE","ASF":795,"BLDG_CODE":"029C","CONDITION":null,"BLDG_TYPE":"Admin/Services","FLOORCOUNT":4,"GSF":7720,"BLDG_NAME":"Lyman Hall/Emerson Addition","OWNEDBY2":"GT","PLANRENO":null,"BLDG_NUM":"29C","Common_Name":"Lyman/Emerson Addition","Heating":2,"Cooling":2,"Cistern":0,"Steam":"Yes","CHW":"HOL","Electric":"GTME","Gas":"AGL","OWNEDBY":null,"UNDERGROUND":"No","GlobalID":"581ce994-e374-431b-8a83-161205af6d13","Creator":"malexander_GTFM","EditDate":1656474313000,"Editor":"malexander_GTFM","STATUS":null,"NRHP_ELIG":null,"NRHP_TRT":null,"NRHP_VAL":null,"NRHP_PHS":null,"EVENTS":null,"CONSTDATE":null,"RENODATE":null,"BUILDING_TYPE_NEW":"Student Services","Photos":"https://fm-gis2.ad.gatech.edu/images/building/029C_small.jpg","FACUpdate":null,"DevAction":"Keep","Note":null,"PPV1":"False","Shape__Area":3738.99755859375,"Shape__Length":410.23202308587054,"WhiteRoof":"No","FloodedBldg":"No"}},{"type":"Feature","id":113,"geometry":{"type":"Polygon","coordinates":[[[-84.3938329840157,33.7732488351314],[-84.3938340395051,33.7731889454532],[-84.3938222962329,33.7731788451211],[-84.3938227253241,33.7731544735753],[-84.3938348218333,33.7731445998588],[-84.3938378266809,33.7729740594437],[-84.3938671199758,33.7729743427382],[-84.3938668286585,33.7729719620111],[-84.3939500883731,33.772973123317],[-84.3939458470935,33.7731390035681],[-84.3940523174822,33.7731404619812],[-84.3940523314143,33.7731457357189],[-84.3940924777757,33.7731456617454],[-84.3940894232836,33.773226123598],[-84.3940899156288,33.7732285805945],[-84.3940759197885,33.7732285703183],[-84.3940540882018,33.773228350868],[-84.3939453778323,33.7732270633874],[-84.3939452512768,33.773250281163],[-84.3939155871711,33.7732498506991],[-84.393903472126,33.7732596577352],[-84.3938741299442,33.7732592969974],[-84.3938623866577,33.7732491966693],[-84.3938329840157,33.7732488351314]]]},"properties":{"OBJECTID":113,"ACCESSTYPE":"Public","Address":"221 UNCLE HEINIE","ASF":9944,"BLDG_CODE":"029B","CONDITION":null,"BLDG_TYPE":"Admin/Services","FLOORCOUNT":4,"GSF":16366,"BLDG_NAME":"Emerson Building","OWNEDBY2":"GT","PLANRENO":null,"BLDG_NUM":"29B","Common_Name":"Emerson","Heating":2,"Cooling":2,"Cistern":0,"Steam":"Yes","CHW":"HOL","Electric":"GTME","Gas":"AGL","OWNEDBY":null,"UNDERGROUND":"No","GlobalID":"b97dcd7e-1332-4c89-9d05-8c08120dc068","Creator":"malexander_GTFM","EditDate":1656474313000,"Editor":"malexander_GTFM","STATUS":null,"NRHP_ELIG":"No","NRHP_TRT":"Minor Rehab","NRHP_VAL":null,"NRHP_PHS":"Phase II","EVENTS":null,"CONSTDATE":1925,"RENODATE":1988,"BUILDING_TYPE_NEW":"Administrative","Photos":"https://fm-gis2.ad.gatech.edu/images/building/029B_small.jpg","FACUpdate":null,"DevAction":"Keep","Note":null,"PPV1":"False","Shape__Area":4894.436767578125,"Shape__Length":364.60332036128472,"WhiteRoof":"No","FloodedBldg":"No"}},{"type":"Feature","id":114,"geometry":{"type":"Polygon","coordinates":[[[-84.3908943482634,33.772990216217],[-84.3908943776472,33.7729845032949],[-84.3908437578888,33.7729843247569],[-84.3908440026392,33.7729361093598],[-84.3908483807428,33.7729361248501],[-84.3908493345564,33.7727485199365],[-84.3908471449695,33.7727485121923],[-84.3908472892621,33.7727201766055],[-84.390835524015,33.7727201348603],[-84.3908355708747,33.7727107666079],[-84.3908282084159,33.7727057126946],[-84.3908283341677,33.772681034243],[-84.3908357481725,33.7726760328363],[-84.3908357950321,33.7726666645838],[-84.3908461934012,33.7726667015987],[-84.3908464860861,33.7726091170429],[-84.3908407400496,33.7726090968239],[-84.3908407694465,33.7726033875082],[-84.3908410791117,33.7725423721339],[-84.3909461509592,33.7725427438681],[-84.3909464565799,33.7725452589226],[-84.390945810899,33.77260946856],[-84.3909351404599,33.7726094311463],[-84.3909348467522,33.7726670148023],[-84.3909791755326,33.7726669432583],[-84.3909790755922,33.7726865949516],[-84.3911790933524,33.7726873042197],[-84.3911785788288,33.7727255685736],[-84.3911812780323,33.7727255816964],[-84.3911812028552,33.7727567790019],[-84.3911743620166,33.7727567553802],[-84.3911741689622,33.7727949163604],[-84.3909779805723,33.7727942208631],[-84.3909769899529,33.7729891382424],[-84.3909312946138,33.7729889760363],[-84.39093128847,33.7729903474605],[-84.3909247499216,33.7729903241773],[-84.3909000964846,33.7729902364294],[-84.3908943482634,33.772990216217]]]},"properties":{"OBJECTID":114,"ACCESSTYPE":null,"Address":"660 WILLIAMS ST","ASF":19616,"BLDG_CODE":"014","CONDITION":null,"BLDG_TYPE":"Residence Halls","FLOORCOUNT":4,"GSF":30526,"BLDG_NAME":"Harrison Residence Hall","OWNEDBY2":"GT","PLANRENO":"Future","BLDG_NUM":"14","Common_Name":"Harrison Dorm","Heating":2,"Cooling":2,"Cistern":0,"Steam":"Yes","CHW":"HOL","Electric":"GTME","Gas":"AGL","OWNEDBY":null,"UNDERGROUND":"No","GlobalID":"8ceb15d9-9f20-4642-83a1-6099fb12f5d5","Creator":"malexander_GTFM","EditDate":1656474313000,"Editor":"malexander_GTFM","STATUS":null,"NRHP_ELIG":"Yes","NRHP_TRT":"Extensive Rehab","NRHP_VAL":"2","NRHP_PHS":"Phase II","EVENTS":null,"CONSTDATE":1939,"RENODATE":null,"BUILDING_TYPE_NEW":"Housing","Photos":"https://fm-gis2.ad.gatech.edu/images/building/014_small.jpg","FACUpdate":null,"DevAction":"Keep","Note":null,"PPV1":"False","Shape__Area":8427.16552734375,"Shape__Length":550.90433174516647,"WhiteRoof":"No","FloodedBldg":"No"}},{"type":"Feature","id":115,"geometry":{"type":"Polygon","coordinates":[[[-84.3914889017537,33.7736913503116],[-84.3914897001881,33.7736427867748],[-84.391442494449,33.773642371441],[-84.3914433058981,33.7735781101165],[-84.3914905126817,33.7735785254482],[-84.3914940231499,33.7733005153455],[-84.3914727390309,33.7733003287041],[-84.3914731980886,33.773264026449],[-84.3914734637598,33.7732429714847],[-84.3914737921507,33.7732351824149],[-84.3914942983233,33.7732355661319],[-84.3914948501964,33.7731918133552],[-84.3916424730412,33.7731931141172],[-84.3916442915819,33.7730490962062],[-84.3916850674023,33.7730494546615],[-84.3917223309732,33.7730497834421],[-84.3917221181034,33.7730666465301],[-84.3917742361482,33.7730671050937],[-84.3917721049012,33.7732359622906],[-84.3917928415982,33.7732361444691],[-84.3917927325277,33.7732448041357],[-84.391792515947,33.7732618944463],[-84.3917920033869,33.7733024571064],[-84.3916225531436,33.7733009645869],[-84.3916190716828,33.7735766952628],[-84.3917893408824,33.7735781944068],[-84.3917888760055,33.7736151106966],[-84.3917886202615,33.7736353911228],[-84.3917885138327,33.773643822666],[-84.3917683212097,33.7736436458062],[-84.3917677774037,33.7736867151136],[-84.3916176984629,33.7736853928324],[-84.3916168781777,33.7737503547565],[-84.3916165355103,33.773777463552],[-84.3916162706937,33.7737984193314],[-84.3915385027094,33.7737977342404],[-84.39153855726,33.7737934053093],[-84.3915387182616,33.7737806439335],[-84.3915240644943,33.7737805146472],[-84.3915104785569,33.7737803951352],[-84.3914879645309,33.7737801963109],[-84.3914880105529,33.773773841383],[-84.3914880257535,33.7737718072281],[-84.3914880454916,33.7737690301037],[-84.3914881337623,33.7737569423945],[-84.3914882753911,33.7737375881737],[-84.3914883803906,33.7737232246641],[-84.3914883839533,33.7737229352273],[-84.3914889384741,33.7736934213396],[-84.3914889017537,33.7736913503116]]]},"properties":{"OBJECTID":115,"ACCESSTYPE":"Student","Address":"118 BOBBY DODD W","ASF":38482,"BLDG_CODE":"016","CONDITION":null,"BLDG_TYPE":"Residence Halls","FLOORCOUNT":4,"GSF":60453,"BLDG_NAME":"Glenn Residence Hall","OWNEDBY2":"GT","PLANRENO":null,"BLDG_NUM":"16","Common_Name":"Glenn Dorm","Heating":2,"Cooling":2,"Cistern":0,"Steam":"Yes","CHW":"HOL","Electric":"GTME","Gas":"AGL","OWNEDBY":null,"UNDERGROUND":"No","GlobalID":"d3b31b6b-9f37-4b0c-8ac7-96b9b5597a1a","Creator":"malexander_GTFM","EditDate":1656474313000,"Editor":"malexander_GTFM","STATUS":null,"NRHP_ELIG":"Yes","NRHP_TRT":"Extensive Rehab","NRHP_VAL":"2","NRHP_PHS":"Phase III","EVENTS":null,"CONSTDATE":1947,"RENODATE":1995,"BUILDING_TYPE_NEW":"Housing","Photos":"https://fm-gis2.ad.gatech.edu/images/building/016_small.jpg","FACUpdate":null,"DevAction":"Keep","Note":null,"PPV1":"False","Shape__Area":14856.98486328125,"Shape__Length":871.68289020951511,"WhiteRoof":"No","FloodedBldg":"No"}},{"type":"Feature","id":116,"geometry":{"type":"Polygon","coordinates":[[[-84.3909957620885,33.7737915123539],[-84.3909962178135,33.7736801169125],[-84.3908453131005,33.7736796860253],[-84.3908454862778,33.7736371538771],[-84.3908258154592,33.77363709854],[-84.3908258488369,33.7736287717217],[-84.3908259279935,33.7736094176144],[-84.3908260806966,33.7735722863994],[-84.3909966581846,33.7735727726201],[-84.3909977869182,33.7732966468017],[-84.3908280197392,33.7732961627161],[-84.390828170867,33.7732592560135],[-84.3908282695363,33.7732353719689],[-84.3908282886173,33.7732306761295],[-84.3908487680244,33.7732307336043],[-84.3908493144158,33.7730972844763],[-84.3909007838589,33.7730974308119],[-84.390900851682,33.7730807780736],[-84.3909119000489,33.7730808093935],[-84.3909321105832,33.7730808673432],[-84.3909776514941,33.7730809973701],[-84.3909772054886,33.7731899177693],[-84.3911259542987,33.7731903425001],[-84.3911257776224,33.7732335499952],[-84.3911462008403,33.7732335894898],[-84.3911461509511,33.7732409551774],[-84.3911459387906,33.773261859468],[-84.3911457654303,33.7732976409492],[-84.3911253321745,33.773297484258],[-84.3911235678307,33.7735760601199],[-84.3911704564499,33.7735761930338],[-84.3911701976681,33.7736396553895],[-84.3911231651987,33.7736398527418],[-84.3911228254141,33.7736888274976],[-84.3911228080334,33.7736912710065],[-84.3911229818303,33.7737194121553],[-84.3911222267071,33.7737751410402],[-84.3911179755934,33.7737749837693],[-84.391074518113,33.7737748590232],[-84.3910744487521,33.7737917371755],[-84.3909957620885,33.7737915123539]]]},"properties":{"OBJECTID":116,"ACCESSTYPE":"Student","Address":"112 BOBBY DODD W","ASF":31167,"BLDG_CODE":"015","CONDITION":null,"BLDG_TYPE":"Residence Halls","FLOORCOUNT":3,"GSF":48761,"BLDG_NAME":"Towers Residence Hall","OWNEDBY2":"GT","PLANRENO":null,"BLDG_NUM":"15","Common_Name":"Towers Dorm","Heating":2,"Cooling":2,"Cistern":0,"Steam":"Yes","CHW":"HOL","Electric":"GTME","Gas":"AGL","OWNEDBY":null,"UNDERGROUND":"No","GlobalID":"32930a24-6c78-4a34-878d-997e4b01bec3","Creator":"malexander_GTFM","EditDate":1656474313000,"Editor":"malexander_GTFM","STATUS":null,"NRHP_ELIG":"Yes","NRHP_TRT":"Extensive Rehab","NRHP_VAL":"2","NRHP_PHS":"Phase III","EVENTS":null,"CONSTDATE":1947,"RENODATE":1995,"BUILDING_TYPE_NEW":"Housing","Photos":"https://fm-gis2.ad.gatech.edu/images/building/015_small.jpg","FACUpdate":null,"DevAction":"Keep","Note":null,"PPV1":"False","Shape__Area":14132.615966796875,"Shape__Length":842.02845559194532,"WhiteRoof":"No","FloodedBldg":"No"}},{"type":"Feature","id":117,"geometry":{"type":"Polygon","coordinates":[[[-84.390845548477,33.7745829399147],[-84.3908472207002,33.7744783975383],[-84.390966465096,33.7744797272068],[-84.3911500511579,33.7744817746723],[-84.3911507335032,33.7744391297986],[-84.3911901263941,33.7744061839053],[-84.3912284528727,33.774439996453],[-84.3912280480543,33.7744826444287],[-84.3912652433685,33.7744830591269],[-84.3912616265978,33.7745878115249],[-84.3912555223215,33.7745875115637],[-84.3912455294918,33.7745874008121],[-84.3912421996274,33.7745873635923],[-84.3911880720595,33.7745867596894],[-84.3911447676308,33.7745862767347],[-84.3911264663359,33.7745860728873],[-84.391126249312,33.7745860705771],[-84.3909238229518,33.7745838129656],[-84.3908845815222,33.774583375734],[-84.390845548477,33.7745829399147]]]},"properties":{"OBJECTID":117,"ACCESSTYPE":"Student","Address":"715 TECHWOOD DR","ASF":13528,"BLDG_CODE":"092","CONDITION":null,"BLDG_TYPE":"Residence Halls","FLOORCOUNT":5,"GSF":20371,"BLDG_NAME":"Perry Residence Hall","OWNEDBY2":"GT","PLANRENO":"Future","BLDG_NUM":"092","Common_Name":"Perry Dorm","Heating":2,"Cooling":2,"Cistern":0,"Steam":"Yes","CHW":"HOL","Electric":"GTME","Gas":"No","OWNEDBY":null,"UNDERGROUND":"No","GlobalID":"7de1b254-e425-4b4f-8d9b-2d250369bb02","Creator":"malexander_GTFM","EditDate":1656482297000,"Editor":"malexander_GTFM","STATUS":null,"NRHP_ELIG":"No","NRHP_TRT":"Demolition","NRHP_VAL":"3","NRHP_PHS":"Phase IV","EVENTS":null,"CONSTDATE":1961,"RENODATE":1993,"BUILDING_TYPE_NEW":"Housing","Photos":"https://fm-gis2.ad.gatech.edu/images/building/092_small.jpg","FACUpdate":null,"DevAction":"Renovate","Note":null,"PPV1":"False","Shape__Area":5332.35595703125,"Shape__Length":370.8749052218318,"WhiteRoof":"No","FloodedBldg":"No"}},{"type":"Feature","id":118,"geometry":{"type":"Polygon","coordinates":[[[-84.3910717280799,33.7740344533452],[-84.3910719832441,33.774013471437],[-84.391162869805,33.7740142429605],[-84.3912251678639,33.7740147715982],[-84.3912271253732,33.7740147878727],[-84.3912995478533,33.7740154026421],[-84.3913245366115,33.7740156150288],[-84.3913299643025,33.7740156610508],[-84.391397514064,33.774016235042],[-84.3914539028807,33.7740167121105],[-84.3914626010083,33.7740167864327],[-84.3914676648382,33.7740168295047],[-84.3914779058668,33.7740169163435],[-84.39149614537,33.7740170706607],[-84.3915233777625,33.7740173023627],[-84.391528773061,33.7740173475334],[-84.3915275028719,33.7741217205835],[-84.3910707125011,33.7741178444848],[-84.3910711411709,33.7740826585362],[-84.3910717280799,33.7740344533452]]]},"properties":{"OBJECTID":118,"ACCESSTYPE":"Student","Address":"115 BOBBY DODD W","ASF":15942,"BLDG_CODE":"094","CONDITION":null,"BLDG_TYPE":"Residence Halls","FLOORCOUNT":5,"GSF":24403,"BLDG_NAME":"Hopkins Residence Hall","OWNEDBY2":"GT","PLANRENO":"Future","BLDG_NUM":"094","Common_Name":"Hopkins Dorm","Heating":2,"Cooling":2,"Cistern":0,"Steam":"Yes","CHW":"HOL","Electric":"GTME","Gas":"AGL","OWNEDBY":null,"UNDERGROUND":"No","GlobalID":"fc3fe775-6d4c-4771-9ab4-e328ed3ee5f4","Creator":"malexander_GTFM","EditDate":1656482297000,"Editor":"malexander_GTFM","STATUS":null,"NRHP_ELIG":"No","NRHP_TRT":"Demolition","NRHP_VAL":"3","NRHP_PHS":"Phase IV","EVENTS":null,"CONSTDATE":1961,"RENODATE":1995,"BUILDING_TYPE_NEW":"Housing","Photos":"https://fm-gis2.ad.gatech.edu/images/building/094_small.jpg","FACUpdate":null,"DevAction":"Renovate","Note":"As directed by East Campus Housing Master Plan","PPV1":"False","Shape__Area":5272.095703125,"Shape__Length":353.58461745430941,"WhiteRoof":"Yes","FloodedBldg":"No"}},{"type":"Feature","id":119,"geometry":{"type":"Polygon","coordinates":[[[-84.3908795390096,33.7740150131936],[-84.3908796257278,33.7740080991678],[-84.3910043763117,33.7740091879748],[-84.3910040547206,33.774034929825],[-84.3910034656502,33.7740819060679],[-84.3909996097175,33.7743899552909],[-84.3909639457128,33.7743896441243],[-84.3909104318902,33.7743891769368],[-84.3908748585794,33.7743888655797],[-84.3908763707915,33.7742680901467],[-84.3908768524723,33.7742295986467],[-84.3908792180521,33.7740405981549],[-84.3908794200301,33.7740244636254],[-84.3908795390096,33.7740150131936]]]},"properties":{"OBJECTID":119,"ACCESSTYPE":"Student","Address":"109 BOBBY DODD W","ASF":14636,"BLDG_CODE":"093","CONDITION":null,"BLDG_TYPE":"Residence Halls","FLOORCOUNT":5,"GSF":23775,"BLDG_NAME":"Hanson Residence Hall","OWNEDBY2":"GT","PLANRENO":"Future","BLDG_NUM":"093","Common_Name":"Hanson Dorm","Heating":2,"Cooling":2,"Cistern":0,"Steam":"Yes","CHW":"HOL","Electric":"GTME","Gas":"No","OWNEDBY":null,"UNDERGROUND":"No","GlobalID":"885025f8-1032-4210-b77f-385afa9fae60","Creator":"malexander_GTFM","EditDate":1656482297000,"Editor":"malexander_GTFM","STATUS":null,"NRHP_ELIG":"no","NRHP_TRT":"Demolition","NRHP_VAL":"3","NRHP_PHS":"Phase IV","EVENTS":null,"CONSTDATE":1961,"RENODATE":1992,"BUILDING_TYPE_NEW":"Housing","Photos":"https://fm-gis2.ad.gatech.edu/images/building/093_small.jpg","FACUpdate":null,"DevAction":"Renovate","Note":null,"PPV1":"False","Shape__Area":5252.727783203125,"Shape__Length":352.93459839535433,"WhiteRoof":"No","FloodedBldg":"No"}},{"type":"Feature","id":120,"geometry":{"type":"Polygon","coordinates":[[[-84.3912650334039,33.7746003698456],[-84.3912646789735,33.7745878456427],[-84.3912616265978,33.7745878115249],[-84.3912652433685,33.7744830591269],[-84.391380990561,33.7744843505784],[-84.3913817015239,33.7744746276718],[-84.3914210879946,33.774442145166],[-84.3914596994927,33.7744754963782],[-84.3914595472288,33.7744849937562],[-84.3915064530837,33.7744857486499],[-84.3915125599873,33.7744858168693],[-84.391528945835,33.7744859989033],[-84.3915358754865,33.7744860764423],[-84.3916208128379,33.7744870234694],[-84.3916210093475,33.7744870258162],[-84.391624392115,33.7744870638311],[-84.3916843771094,33.7744877326018],[-84.3917246247994,33.7744881812689],[-84.3917981797293,33.7744890001579],[-84.3918135452429,33.7744891713922],[-84.3918387059884,33.7744894518863],[-84.3918382096185,33.7745205138018],[-84.3918753606815,33.7745209274952],[-84.3918884501493,33.7745210740206],[-84.3918878435673,33.7745644752448],[-84.3918527874781,33.7745637989585],[-84.3918529942871,33.774550818399],[-84.3918377280959,33.7745506478901],[-84.3918370323367,33.7745942260003],[-84.3918255181739,33.7745940973334],[-84.3917508953068,33.7745932659823],[-84.391523322183,33.7745907297184],[-84.3914769190075,33.7745894085798],[-84.3914190080314,33.7745895672545],[-84.3913423995601,33.7745887131244],[-84.3913416440445,33.7746012240198],[-84.3912694753808,33.7746004185658],[-84.3912650334039,33.7746003698456]]]},"properties":{"OBJECTID":120,"ACCESSTYPE":"Student","Address":"715 TECHWOOD DR","ASF":20980,"BLDG_CODE":"091","CONDITION":null,"BLDG_TYPE":"Residence Halls","FLOORCOUNT":5,"GSF":33995,"BLDG_NAME":"Matheson Residence Hall","OWNEDBY2":"GT","PLANRENO":"Future","BLDG_NUM":"091","Common_Name":"Matheson Dorm","Heating":2,"Cooling":2,"Cistern":0,"Steam":"Yes","CHW":"HOL","Electric":"GTME","Gas":"No","OWNEDBY":null,"UNDERGROUND":"No","GlobalID":"d34ec78d-bcb1-44c5-bc02-fb0b47165c08","Creator":"malexander_GTFM","EditDate":1656482297000,"Editor":"malexander_GTFM","STATUS":null,"NRHP_ELIG":"No","NRHP_TRT":"Demolition","NRHP_VAL":"3","NRHP_PHS":"Phase IV","EVENTS":null,"CONSTDATE":1961,"RENODATE":1993,"BUILDING_TYPE_NEW":"Housing","Photos":"https://fm-gis2.ad.gatech.edu/images/building/091_small.jpg","FACUpdate":null,"DevAction":"Renovate","Note":null,"PPV1":"False","Shape__Area":7203.2041015625,"Shape__Length":491.12394380589365,"WhiteRoof":"No","FloodedBldg":"No"}},{"type":"Feature","id":121,"geometry":{"type":"Polygon","coordinates":[[[-84.3915906855721,33.7740479963767],[-84.3915907035299,33.774020163246],[-84.3916594837975,33.7740201947616],[-84.3916774011731,33.7740202026701],[-84.3917179930194,33.774020221526],[-84.391717924402,33.7741252875601],[-84.3917178236777,33.7742779473541],[-84.3917177371897,33.7744079729477],[-84.391678404081,33.7744079554037],[-84.3916090210354,33.7744079231947],[-84.3915959351917,33.7744079172907],[-84.3915904482064,33.7744079146678],[-84.3915904318096,33.7742743899498],[-84.3915904310019,33.7742641652171],[-84.3915904293441,33.774247417935],[-84.3915904158074,33.7742306697729],[-84.3915904052032,33.7742179357603],[-84.3915906354166,33.7741238290138],[-84.3915906528156,33.7740978478778],[-84.3915906855721,33.7740479963767]]]},"properties":{"OBJECTID":121,"ACCESSTYPE":"Student","Address":"711 TECHWOOD DR","ASF":16282,"BLDG_CODE":"090","CONDITION":null,"BLDG_TYPE":"Residence Halls","FLOORCOUNT":5,"GSF":26341,"BLDG_NAME":"Floyd Field Residence Hall","OWNEDBY2":"GT","PLANRENO":"Future","BLDG_NUM":"090","Common_Name":"Field Dorm","Heating":2,"Cooling":2,"Cistern":0,"Steam":"Yes","CHW":"HOL","Electric":"GTME","Gas":"No","OWNEDBY":null,"UNDERGROUND":"No","GlobalID":"f6f23fef-4e77-4f3e-96c8-6438545599f3","Creator":"malexander_GTFM","EditDate":1656482297000,"Editor":"malexander_GTFM","STATUS":null,"NRHP_ELIG":"no","NRHP_TRT":"Demolition","NRHP_VAL":"3","NRHP_PHS":"Phase IV","EVENTS":null,"CONSTDATE":1961,"RENODATE":1995,"BUILDING_TYPE_NEW":"Housing","Photos":"https://fm-gis2.ad.gatech.edu/images/building/090_small.jpg","FACUpdate":null,"DevAction":"Renovate","Note":"As directed by East Campus Housing Master Plan","PPV1":"False","Shape__Area":5459.797119140625,"Shape__Length":359.54103656323213,"WhiteRoof":"No","FloodedBldg":"No"}},{"type":"Feature","id":122,"geometry":{"type":"Polygon","coordinates":[[[-84.3934169954773,33.7708373753951],[-84.393591754436,33.7708370532984],[-84.3935918675994,33.7708799798639],[-84.3935931252673,33.7710408846496],[-84.3936265594977,33.7710416040021],[-84.3936261515599,33.7710527239304],[-84.3936261493037,33.7710805317982],[-84.3936259145681,33.7711163945547],[-84.3936259439857,33.7711324655539],[-84.3936269133219,33.7711753896413],[-84.3935573955744,33.7711761026326],[-84.3935579027245,33.7712108108112],[-84.393452818872,33.7712110039501],[-84.3934525739441,33.7711762294685],[-84.3933836222591,33.7711758376993],[-84.3933832717782,33.7710427679644],[-84.3934166529941,33.7710426254914],[-84.3934174111655,33.7709947706967],[-84.3934169954773,33.7708373753951]]]},"properties":{"OBJECTID":122,"ACCESSTYPE":"Employee","Address":"190 NORTH AVENUE","ASF":15615,"BLDG_CODE":"003","CONDITION":null,"BLDG_TYPE":"Admin/Services","FLOORCOUNT":3,"GSF":25424,"BLDG_NAME":"L. W. Robert Alumni House","OWNEDBY2":"GT","PLANRENO":null,"BLDG_NUM":"3","Common_Name":"Alumni House","Heating":1,"Cooling":1,"Cistern":0,"Steam":"No","CHW":"No","Electric":"GTME","Gas":"AGL","OWNEDBY":null,"UNDERGROUND":"No","GlobalID":"249db5e2-62bf-4689-a400-0bb2547d64fd","Creator":"malexander_GTFM","EditDate":1656482297000,"Editor":"malexander_GTFM","STATUS":null,"NRHP_ELIG":"Listed","NRHP_TRT":"Extensive Rehab","NRHP_VAL":"1","NRHP_PHS":"Phase I","EVENTS":null,"CONSTDATE":1911,"RENODATE":1980,"BUILDING_TYPE_NEW":"Administrative","Photos":"https://fm-gis2.ad.gatech.edu/images/building/003_small.jpg","FACUpdate":null,"DevAction":"Keep","Note":null,"PPV1":"False","Shape__Area":7967.48388671875,"Shape__Length":418.67166189920124,"WhiteRoof":"No","FloodedBldg":"No"}},{"type":"Feature","id":123,"geometry":{"type":"Polygon","coordinates":[[[-84.3937738806898,33.7707986009402],[-84.3937737185935,33.770736752385],[-84.3941124000894,33.7707362477266],[-84.3941127330307,33.7708916739689],[-84.394113432905,33.7712202907353],[-84.3939385967437,33.77122069847],[-84.3939151782345,33.7712207560185],[-84.3937747505843,33.7712207954024],[-84.3937746086089,33.7711547072446],[-84.3937743282777,33.7710799643788],[-84.3937738727691,33.7707992817024],[-84.3937738806898,33.7707986009402]]]},"properties":{"OBJECTID":123,"ACCESSTYPE":"Public","Address":"200 NORTH AVENUE","ASF":31074,"BLDG_CODE":"009","CONDITION":null,"BLDG_TYPE":"Parking","FLOORCOUNT":3,"GSF":56064,"BLDG_NAME":"Burge Parking Deck","OWNEDBY2":"GT","PLANRENO":null,"BLDG_NUM":"009","Common_Name":"Burge Parking Deck","Heating":0,"Cooling":0,"Cistern":0,"Steam":"No","CHW":"No","Electric":"GTME","Gas":"No","OWNEDBY":null,"UNDERGROUND":"No","GlobalID":"91569547-ca30-4a67-88e6-f884a4dd6d97","Creator":"malexander_GTFM","EditDate":1656531100000,"Editor":"malexander_GTFM","STATUS":"Proposed Demolished","NRHP_ELIG":null,"NRHP_TRT":null,"NRHP_VAL":null,"NRHP_PHS":null,"EVENTS":null,"CONSTDATE":null,"RENODATE":null,"BUILDING_TYPE_NEW":"Parking","Photos":"https://fm-gis2.ad.gatech.edu/images/building/009_small.jpg","FACUpdate":null,"DevAction":"Demo","Note":"If relocation is possible","PPV1":"False","Shape__Area":18132.220703125,"Shape__Length":558.096503365577,"WhiteRoof":"No","FloodedBldg":"No"}},{"type":"Feature","id":124,"geometry":{"type":"Polygon","coordinates":[[[-84.3917711142149,33.7718878063825],[-84.3917711534822,33.7717855733557],[-84.39176012468,33.7717855285519],[-84.3917613055798,33.7715810667943],[-84.3917577210936,33.7715810525937],[-84.3917579031226,33.771549508853],[-84.3917582035767,33.7715244423672],[-84.3917580399058,33.7715188289776],[-84.3917616660406,33.7715186690833],[-84.3917618243559,33.7714912693802],[-84.391776819805,33.771491330392],[-84.3917829137369,33.7714865197809],[-84.3918017732983,33.7714865953811],[-84.391807536233,33.7714914537918],[-84.3918365403173,33.7714915712914],[-84.3918440914844,33.7714916016955],[-84.3918501854102,33.7714867901794],[-84.3918690460513,33.7714868657675],[-84.3918748079102,33.7714917241768],[-84.3918897515339,33.7714917843679],[-84.3918895917015,33.7715194139953],[-84.3918928997931,33.7715194277948],[-84.3918925409828,33.7715815946799],[-84.3918892318116,33.771581581784],[-84.3918889132285,33.7716368419376],[-84.3918911189842,33.7716368505355],[-84.391891070495,33.7716451395147],[-84.3918910065618,33.7716561911851],[-84.3918909591523,33.7716644801622],[-84.3918887533959,33.7716644715644],[-84.3918884265506,33.7717211130637],[-84.3918917346475,33.7717211259615],[-84.3918913593151,33.7717860564394],[-84.3918891535555,33.7717860478415],[-84.3918891179989,33.7717922647997],[-84.3918890623273,33.7718019351232],[-84.3918889999515,33.7718127568691],[-84.3918851401399,33.7718127413714],[-84.3918851504353,33.7718108992768],[-84.3918741216299,33.7718108544831],[-84.3918736762482,33.7718882188742],[-84.3917788309454,33.7718879672281],[-84.3917711142149,33.7718878063825]]]},"properties":{"OBJECTID":124,"ACCESSTYPE":"Student","Address":"625 TECHWOOD DR","ASF":10985,"BLDG_CODE":"007","CONDITION":null,"BLDG_TYPE":"Residence Halls","FLOORCOUNT":4,"GSF":17423,"BLDG_NAME":"Brown Residence Hall","OWNEDBY2":"GT","PLANRENO":"Future","BLDG_NUM":"007","Common_Name":"Brown Dorm","Heating":2,"Cooling":2,"Cistern":0,"Steam":"Yes","CHW":"HOL","Electric":"GTME","Gas":"AGL","OWNEDBY":null,"UNDERGROUND":"No","GlobalID":"61d0b3ed-49ff-42a4-bf78-050195590213","Creator":"malexander_GTFM","EditDate":1656474313000,"Editor":"malexander_GTFM","STATUS":null,"NRHP_ELIG":"Yes","NRHP_TRT":"Extensive Rehab","NRHP_VAL":"2","NRHP_PHS":"Phase II","EVENTS":null,"CONSTDATE":1925,"RENODATE":1995,"BUILDING_TYPE_NEW":"Housing","Photos":"https://fm-gis2.ad.gatech.edu/images/building/007_small.jpg","FACUpdate":null,"DevAction":"Keep","Note":null,"PPV1":"False","Shape__Area":5471.5625,"Shape__Length":377.82818308917376,"WhiteRoof":"No","FloodedBldg":"No"}},{"type":"Feature","id":125,"geometry":{"type":"Polygon","coordinates":[[[-84.3914939183175,33.7718955095442],[-84.3914951470782,33.7717521184258],[-84.3912732895294,33.771750792108],[-84.3912730528181,33.7717784119556],[-84.3912358472976,33.7717781893274],[-84.3912352713393,33.7718131726857],[-84.3911936553419,33.7718129247088],[-84.3911931118652,33.7718442247576],[-84.391160039307,33.7718440270472],[-84.39115974048,33.7718788917844],[-84.391159615583,33.7718935123052],[-84.3911168971961,33.7718932563895],[-84.3910810692905,33.7718930420293],[-84.3910812191034,33.7718755497002],[-84.3909735065181,33.7718749051697],[-84.3909528167276,33.7718747813749],[-84.3908334544668,33.7718740686288],[-84.3908335989982,33.7718611621137],[-84.3908335113917,33.7718353993583],[-84.3908381960956,33.7718354278171],[-84.3908383532772,33.7718170148875],[-84.3908336685743,33.7718169864288],[-84.3908337372072,33.7718089309414],[-84.3908544064684,33.7718090547935],[-84.3908547758945,33.771766013744],[-84.3909440845585,33.7717666683807],[-84.3910182054193,33.7717672126095],[-84.3910189498905,33.7716804497512],[-84.3909993819261,33.7716803329413],[-84.3909993036154,33.7716656127059],[-84.3909984063798,33.7716655963038],[-84.3909915656997,33.7716598002925],[-84.3909917726335,33.7716356338277],[-84.3909987117965,33.7716299209682],[-84.3909994503092,33.7716299322489],[-84.3909996656208,33.77161519525],[-84.3910184054634,33.7716153072537],[-84.3910187317458,33.7715772848785],[-84.3910187640407,33.7715735204208],[-84.3910188916459,33.7715586871044],[-84.3910131035357,33.7715586525433],[-84.3910131503033,33.7715550557666],[-84.3910136886871,33.7714902945018],[-84.3911159365867,33.7714909065589],[-84.3911154627697,33.7715174637904],[-84.3911154033308,33.7715530503176],[-84.3911153561935,33.7715585739262],[-84.3911095691629,33.7715585393677],[-84.3911093279426,33.7715765827736],[-84.3911087988487,33.7716163087392],[-84.391122856639,33.7716161623523],[-84.391144903514,33.7716162944702],[-84.3911619903819,33.7716163968354],[-84.3911617735431,33.7716417147287],[-84.3914960763793,33.7716437119639],[-84.3914962915634,33.7716186248964],[-84.3915402395553,33.7716188865555],[-84.3915748376015,33.7716190931058],[-84.3915746224426,33.7716441810751],[-84.3916889963092,33.7716448643308],[-84.3916884347043,33.7717104605683],[-84.3916253224877,33.7717100833188],[-84.3916238787994,33.7718785624069],[-84.3915717899296,33.7718782506942],[-84.3915716375806,33.7718959738513],[-84.3914939183175,33.7718955095442]]]},"properties":{"OBJECTID":125,"ACCESSTYPE":"Student","Address":"630 WILLIAMS ST","ASF":40155,"BLDG_CODE":"006","CONDITION":null,"BLDG_TYPE":"Residence Halls","FLOORCOUNT":5,"GSF":63848,"BLDG_NAME":"Smith Residence Hall","OWNEDBY2":"GT","PLANRENO":"Future","BLDG_NUM":"006","Common_Name":"Smith Dorm","Heating":2,"Cooling":2,"Cistern":0,"Steam":"Yes","CHW":"HOL","Electric":"GTME","Gas":"AGL","OWNEDBY":null,"UNDERGROUND":"No","GlobalID":"2bddfa44-2c92-4674-825a-b7cc7e27b7ad","Creator":"malexander_GTFM","EditDate":1656474313000,"Editor":"malexander_GTFM","STATUS":null,"NRHP_ELIG":"Yes","NRHP_TRT":"Extensive Rehab","NRHP_VAL":"2","NRHP_PHS":"Phase III","EVENTS":null,"CONSTDATE":1947,"RENODATE":1994,"BUILDING_TYPE_NEW":"Housing","Photos":"https://fm-gis2.ad.gatech.edu/images/building/006_small.jpg","FACUpdate":null,"DevAction":"Keep","Note":null,"PPV1":"False","Shape__Area":16787.291015625,"Shape__Length":958.41736629397872,"WhiteRoof":"No","FloodedBldg":"No"}},{"type":"Feature","id":126,"geometry":{"type":"Polygon","coordinates":[[[-84.3908473343353,33.7723449133384],[-84.3908473275476,33.7722780531243],[-84.3908528489393,33.772278053013],[-84.3908528486832,33.7722729803174],[-84.3908528479381,33.7722639890415],[-84.3908528474413,33.7722579948575],[-84.3908528448089,33.7722192616803],[-84.3908412492467,33.7722192620049],[-84.3908412489938,33.7722141902108],[-84.3908401206474,33.772214151686],[-84.3908321384472,33.7722070025564],[-84.3908321354918,33.7721768477001],[-84.3908404254481,33.7721699232806],[-84.3908409695969,33.7721699231938],[-84.3908409684998,33.7721636981879],[-84.3908544955678,33.7721636979614],[-84.3908544962763,33.7721602392216],[-84.3908544940696,33.7721436398054],[-84.3908544936878,33.7721360316635],[-84.3908583588699,33.7721360309539],[-84.3908583114818,33.7721087172846],[-84.3908583424539,33.7719402903654],[-84.390914755646,33.7719402861568],[-84.3909287588056,33.7719402850572],[-84.3909370225054,33.7719402844675],[-84.3909370225392,33.7719485850794],[-84.3909527346121,33.7719485123461],[-84.3909742122497,33.7719485129859],[-84.3909847822813,33.7719485821368],[-84.3909847952794,33.7720936002764],[-84.3911741794533,33.7720935895273],[-84.3911741839223,33.772134627325],[-84.3911888154774,33.772134626856],[-84.391188818327,33.7721655210674],[-84.3911860576359,33.7721655215813],[-84.3911860612221,33.7721991820606],[-84.3911232868055,33.7721993043577],[-84.3910960617675,33.7721991879642],[-84.390984804867,33.772199194571],[-84.3909848065167,33.7722197134708],[-84.390941739911,33.7722197160003],[-84.3909417444594,33.7722778157648],[-84.3909480939527,33.7722778159478],[-84.3909481003381,33.7723449060838],[-84.3908473343353,33.7723449133384]]]},"properties":{"OBJECTID":126,"ACCESSTYPE":"Student","Address":"640 WILLIAMS ST","ASF":14704,"BLDG_CODE":"010","CONDITION":null,"BLDG_TYPE":"Residence Halls","FLOORCOUNT":4,"GSF":23933,"BLDG_NAME":"Clarke Howell Residence Hall","OWNEDBY2":"GT","PLANRENO":"Future","BLDG_NUM":"010","Common_Name":"Howell Dorm","Heating":2,"Cooling":2,"Cistern":0,"Steam":"Yes","CHW":"HOL","Electric":"GTME","Gas":"AGL","OWNEDBY":null,"UNDERGROUND":"No","GlobalID":"33641962-aca5-4424-8565-7bd60442c8b3","Creator":"malexander_GTFM","EditDate":1656474313000,"Editor":"malexander_GTFM","STATUS":null,"NRHP_ELIG":"Yes","NRHP_TRT":"Corrective Maintenance","NRHP_VAL":"2","NRHP_PHS":"Phase II","EVENTS":null,"CONSTDATE":1939,"RENODATE":1999,"BUILDING_TYPE_NEW":"Housing","Photos":"https://fm-gis2.ad.gatech.edu/images/building/010_small.jpg","FACUpdate":null,"DevAction":"Keep","Note":null,"PPV1":"False","Shape__Area":7643.666015625,"Shape__Length":515.48986759504953,"WhiteRoof":"No","FloodedBldg":"No"}},{"type":"Feature","id":127,"geometry":{"type":"Polygon","coordinates":[[[-84.3916999909633,33.7729678171051],[-84.3917000797966,33.7729398503958],[-84.3917033738906,33.7729398579142],[-84.3917034247883,33.7729238111165],[-84.3917019110838,33.7729238084667],[-84.3916704061235,33.7729237378736],[-84.3916490749575,33.7729236911042],[-84.3916494694074,33.7728688960767],[-84.3916494938741,33.772792340346],[-84.3915108759873,33.7727918031148],[-84.3915108088914,33.7727954630436],[-84.3914329097757,33.7727950693565],[-84.3914329654669,33.7727775312169],[-84.391432994873,33.7727668790435],[-84.3914330336642,33.77275609972],[-84.3914267197294,33.7727560859725],[-84.3914268516691,33.7727148234193],[-84.3914295962016,33.7727148301426],[-84.3914296853917,33.7726861394047],[-84.3914297000692,33.7726822505517],[-84.3914335799007,33.772679994765],[-84.3914371190703,33.7726800027459],[-84.391437924837,33.7726855058655],[-84.391456864469,33.772685548011],[-84.3914568804499,33.7726805050407],[-84.3914608568874,33.7726805140277],[-84.3914637351133,33.7726829306232],[-84.3914637268741,33.7726855634629],[-84.3914745458803,33.7726854337546],[-84.3914936215604,33.7726858931116],[-84.3916654778944,33.7726860109131],[-84.3916654873794,33.772683030935],[-84.3917044657475,33.7726831167556],[-84.3917423450102,33.7726832009618],[-84.3917423375692,33.7726857228968],[-84.3917837851538,33.772685815009],[-84.3917848300133,33.7727051183799],[-84.3917913926607,33.7727102359089],[-84.3917913229781,33.7727318910184],[-84.3917844689778,33.7727367417867],[-84.3917838748163,33.7727440408439],[-84.3917901865909,33.772744054577],[-84.39179015119,33.7727552874254],[-84.3917901396683,33.7727587254466],[-84.3917900843447,33.772776376292],[-84.3917900723447,33.7727800442353],[-84.3917900274631,33.7727942570617],[-84.3917859106618,33.7727942474396],[-84.3917855212996,33.77278944595],[-84.3917743973773,33.7727894085344],[-84.3917739797286,33.7729207583887],[-84.3917341785388,33.7729206704842],[-84.3917341674957,33.7729238794846],[-84.3917229669328,33.7729238548274],[-84.3917204437297,33.7729238495104],[-84.3917203917532,33.7729398954083],[-84.3917615663026,33.772939987124],[-84.3917614774892,33.7729679538332],[-84.3916999909633,33.7729678171051]]]},"properties":{"OBJECTID":127,"ACCESSTYPE":"Student","Address":"661 TECHWOOD DR","ASF":13832,"BLDG_CODE":"013","CONDITION":null,"BLDG_TYPE":"Residence Halls","FLOORCOUNT":4,"GSF":23117,"BLDG_NAME":"Cloudman Residence Hall","OWNEDBY2":"GT","PLANRENO":"Future","BLDG_NUM":"13","Common_Name":"Cloudman Dorm","Heating":2,"Cooling":2,"Cistern":0,"Steam":"Yes","CHW":"HOL","Electric":"GTME","Gas":"AGL","OWNEDBY":null,"UNDERGROUND":"No","GlobalID":"4af82baf-5921-427d-a719-d6f932df30f9","Creator":"malexander_GTFM","EditDate":1656474313000,"Editor":"malexander_GTFM","STATUS":null,"NRHP_ELIG":"Yes","NRHP_TRT":"Extensive Rehab","NRHP_VAL":"2","NRHP_PHS":"Phase II","EVENTS":null,"CONSTDATE":1931,"RENODATE":null,"BUILDING_TYPE_NEW":"Housing","Photos":"https://fm-gis2.ad.gatech.edu/images/building/013_small.jpg","FACUpdate":null,"DevAction":"Keep","Note":null,"PPV1":"False","Shape__Area":6297.82666015625,"Shape__Length":469.08060841787704,"WhiteRoof":"No","FloodedBldg":"No"}},{"type":"Feature","id":128,"geometry":{"type":"Polygon","coordinates":[[[-84.3920115725278,33.7789666096421],[-84.3920117387674,33.7789558733759],[-84.3920320002135,33.7789393875503],[-84.3920363743862,33.7789394345628],[-84.3920378813806,33.7788160363139],[-84.3920136781419,33.7787955363864],[-84.392013851796,33.778784333051],[-84.3920149701893,33.7787834239474],[-84.3920370373914,33.7787654669347],[-84.392038830267,33.7787640092968],[-84.3920511461703,33.7787641427897],[-84.3920534253207,33.7786173083055],[-84.3920553419166,33.7786173291496],[-84.3920571739453,33.7784993140611],[-84.3920467660354,33.7784992014286],[-84.392046808515,33.7784964567241],[-84.3920572164246,33.7784965693566],[-84.392057524944,33.7784766720513],[-84.3920468438544,33.7784765563112],[-84.392046886334,33.7784738116067],[-84.3920575674232,33.7784739273468],[-84.3920576598223,33.7784679807869],[-84.3920729452815,33.7784682341837],[-84.3921321564169,33.7784687869289],[-84.3921327670579,33.7784294485651],[-84.3921340570351,33.7783370170186],[-84.392134764084,33.7783006827804],[-84.3922054112855,33.7783010829551],[-84.3922289652829,33.7783013122042],[-84.392242938587,33.7783010603486],[-84.3922528119064,33.7783011360724],[-84.3923822866176,33.7783032454235],[-84.3924045420241,33.7783036014422],[-84.3924050941145,33.7782679220849],[-84.3924651284085,33.7782686787415],[-84.3924694579967,33.7782686185237],[-84.3924689037735,33.7783042978851],[-84.3925092176274,33.7783050022399],[-84.3926157069121,33.7783058847852],[-84.3926130789514,33.7784753603905],[-84.3926063811114,33.7784752788817],[-84.3925794864759,33.7784750972962],[-84.3924662755237,33.7784737734885],[-84.3924657685624,33.7785064791159],[-84.3924014055821,33.778505782674],[-84.3924019125678,33.7784730770467],[-84.3922646953445,33.7784715922891],[-84.3922624064739,33.7786191111511],[-84.3922651458551,33.778619140406],[-84.3922624322548,33.7787941063085],[-84.3922962141538,33.7787945007836],[-84.3922935254943,33.7789616601388],[-84.3922614809648,33.7789613129796],[-84.3922587285935,33.7791387936487],[-84.392255344221,33.7791390369698],[-84.3922539963352,33.7792208642902],[-84.3922519339694,33.779358828823],[-84.3921281100247,33.7793579009983],[-84.3920432326143,33.7793565295448],[-84.3920442668253,33.7793024502181],[-84.3920447370177,33.7792527575529],[-84.3920459171646,33.779136491969],[-84.3920482276547,33.7789876007698],[-84.3920359106397,33.7789874672786],[-84.3920351152401,33.7789867852795],[-84.392013596193,33.7789683434289],[-84.3920115725278,33.7789666096421]]]},"properties":{"OBJECTID":128,"ACCESSTYPE":"Secure","Address":"151 SIXTH STREET","ASF":65376,"BLDG_CODE":"033","CONDITION":null,"BLDG_TYPE":"Academic/Research","FLOORCOUNT":4,"GSF":110058,"BLDG_NAME":"O'Keefe Main Building","OWNEDBY2":"GT","PLANRENO":null,"BLDG_NUM":"033","Common_Name":"O'Keefe Bldg","Heating":1,"Cooling":1,"Cistern":0,"Steam":"No","CHW":"No","Electric":"GTME","Gas":"AGL","OWNEDBY":null,"UNDERGROUND":"No","GlobalID":"ef4fafc9-701c-4dc3-b5b1-653d08c9b674","Creator":"malexander_GTFM","EditDate":1656474313000,"Editor":"malexander_GTFM","STATUS":null,"NRHP_ELIG":"Yes","NRHP_TRT":"Extensive Rehab","NRHP_VAL":"2","NRHP_PHS":"Phase II","EVENTS":null,"CONSTDATE":1924,"RENODATE":2007,"BUILDING_TYPE_NEW":"Administrative","Photos":"https://fm-gis2.ad.gatech.edu/images/building/033_small.jpg","FACUpdate":null,"DevAction":"Keep","Note":null,"PPV1":"False","Shape__Area":31276.271240234375,"Shape__Length":1212.7134244737035,"WhiteRoof":"No","FloodedBldg":"No"}},{"type":"Feature","id":129,"geometry":{"type":"Polygon","coordinates":[[[-84.3939172686543,33.7737975696938],[-84.3938920414587,33.7737969912986],[-84.3938341235597,33.7737971853808],[-84.3938350243154,33.7736721227777],[-84.393830087959,33.7736720994044],[-84.3938306868327,33.7736523313836],[-84.3938307087568,33.7736495930259],[-84.3938308514824,33.773631263078],[-84.3938308766193,33.7736285147962],[-84.3938305016892,33.7736116356576],[-84.3939285441513,33.7736120727887],[-84.3939597886335,33.7736123524677],[-84.3939695455452,33.7736122975304],[-84.3939697126739,33.7736195726532],[-84.3939694507615,33.7736663499437],[-84.3941641690747,33.773667276017],[-84.3941748645153,33.7736673275316],[-84.3941745663368,33.7737366957812],[-84.3941739930779,33.7737951256945],[-84.3939291055654,33.7737940287493],[-84.3939287793473,33.7737976503847],[-84.3939172686543,33.7737975696938]]]},"properties":{"OBJECTID":129,"ACCESSTYPE":"Secure","Address":"200 BOBBY DODD W","ASF":11811,"BLDG_CODE":"022","CONDITION":null,"BLDG_TYPE":"Academic/Research","FLOORCOUNT":3,"GSF":22294,"BLDG_NAME":"Daniel Laboratory","OWNEDBY2":"GT","PLANRENO":null,"BLDG_NUM":"22","Common_Name":"Daniel Lab","Heating":2,"Cooling":2,"Cistern":0,"Steam":"Yes","CHW":"HOL","Electric":"GTME","Gas":"AGL","OWNEDBY":null,"UNDERGROUND":"No","GlobalID":"4aba4f74-bf85-492e-8426-7e695f010f62","Creator":"malexander_GTFM","EditDate":1656474313000,"Editor":"malexander_GTFM","STATUS":null,"NRHP_ELIG":"Yes","NRHP_TRT":"Minor Rehab","NRHP_VAL":"2","NRHP_PHS":"Phase II","EVENTS":null,"CONSTDATE":1942,"RENODATE":1995,"BUILDING_TYPE_NEW":"Research","Photos":"https://fm-gis2.ad.gatech.edu/images/building/022_small.jpg","FACUpdate":null,"DevAction":"Keep","Note":null,"PPV1":"False","Shape__Area":5674.181884765625,"Shape__Length":344.3596683808704,"WhiteRoof":"No","FloodedBldg":"No"}},{"type":"Feature","id":130,"geometry":{"type":"Polygon","coordinates":[[[-84.392226174156,33.773641534925],[-84.3922173481281,33.7736412562153],[-84.3921821254261,33.7736708000985],[-84.3921060953734,33.7736711743355],[-84.3920868147066,33.7736712699642],[-84.392086270053,33.7736075944828],[-84.3921067203959,33.7735886891558],[-84.3921356672105,33.7735889311161],[-84.3921348240608,33.7735650560063],[-84.3921500776768,33.7735650263351],[-84.3921489034474,33.773521103595],[-84.3921346671933,33.7735208347639],[-84.3921345599767,33.7734906214981],[-84.3921354284693,33.7732941850705],[-84.3921198758966,33.7732942396306],[-84.3920914200604,33.7732699451977],[-84.3920882774572,33.7732680096806],[-84.3920961180377,33.7731340269758],[-84.3921056732191,33.773134056408],[-84.3921056887965,33.7731305228046],[-84.3923493357235,33.7731327400831],[-84.3923755907578,33.773153567121],[-84.3923753746314,33.7732037246239],[-84.3923738757864,33.7735181857682],[-84.3923660142533,33.7735188565482],[-84.3923669821264,33.7735878005099],[-84.3923866386587,33.7735877645607],[-84.3923863806658,33.7737886936968],[-84.3923568826992,33.7738125747019],[-84.3922742788375,33.7738127257329],[-84.3922742388299,33.7737974626394],[-84.3922739334306,33.7736809508111],[-84.3922262761331,33.7736804482407],[-84.392226174156,33.773641534925]]]},"properties":{"OBJECTID":130,"ACCESSTYPE":"Private","Address":"150 BOBBY DODD W","ASF":45400,"BLDG_CODE":"018","CONDITION":null,"BLDG_TYPE":"Athletic","FLOORCOUNT":4,"GSF":72775,"BLDG_NAME":"Edge Intercollegiate Athletic Center","OWNEDBY2":"GT","PLANRENO":null,"BLDG_NUM":"18","Common_Name":"Edge Bldg","Heating":2,"Cooling":2,"Cistern":1,"Steam":"Yes","CHW":"HOL","Electric":"GTME","Gas":"AGL","OWNEDBY":null,"UNDERGROUND":"No","GlobalID":"9c0e623b-a1b3-4f1a-bba6-d850f47f0d92","Creator":"malexander_GTFM","EditDate":1656474313000,"Editor":"malexander_GTFM","STATUS":"Proposed Demolished","NRHP_ELIG":null,"NRHP_TRT":null,"NRHP_VAL":null,"NRHP_PHS":null,"EVENTS":"Athletic","CONSTDATE":null,"RENODATE":null,"BUILDING_TYPE_NEW":"Athletics","Photos":"https://fm-gis2.ad.gatech.edu/images/building/018_small.jpg","FACUpdate":null,"DevAction":"Keep","Note":null,"PPV1":"False","Shape__Area":17077.140869140625,"Shape__Length":713.91534130647585,"WhiteRoof":"No","FloodedBldg":"No"}},{"type":"Feature","id":131,"geometry":{"type":"MultiPolygon","coordinates":[[[[-84.3932564028189,33.7721396050211],[-84.3932580203587,33.7719350270559],[-84.393473722889,33.7719362078351],[-84.3934737701061,33.7719389668045],[-84.3934926215856,33.7719392152783],[-84.3936284940753,33.7719407462514],[-84.3936274125374,33.7718777939723],[-84.3938251505095,33.7718806094086],[-84.3938166463598,33.7730921346156],[-84.3936210354377,33.7730924584206],[-84.3936200206249,33.7730765190765],[-84.3932503548821,33.7730760820661],[-84.3932564028189,33.7721396050211]]],[[[-84.3923755907578,33.773153567121],[-84.3923493357235,33.7731327400831],[-84.3921056887965,33.7731305228046],[-84.3921054247069,33.7730729762369],[-84.3920636177835,33.7730738532638],[-84.3920644294747,33.7728865858284],[-84.3920648482024,33.772790037945],[-84.3920659174978,33.7725436459856],[-84.3920662290472,33.7724717251217],[-84.3920680036566,33.772137627237],[-84.392068588194,33.7719275231368],[-84.3920976739645,33.7719270318102],[-84.3920979716239,33.7718522905958],[-84.3921053506262,33.7718525304817],[-84.3921094737593,33.7716278374836],[-84.3921787988837,33.771628046246],[-84.392178786617,33.7716307818819],[-84.3921999983188,33.7716665324109],[-84.3922085604118,33.7716629895002],[-84.3922273462404,33.7716946545621],[-84.3922889892069,33.7716691468476],[-84.3922933530127,33.7716765008619],[-84.3923055905792,33.7716714373508],[-84.3923195556514,33.7716944021514],[-84.392372924047,33.7717866265555],[-84.3923728535538,33.771816975402],[-84.3932611457989,33.7718193059596],[-84.3931962988869,33.7719733325489],[-84.3925455037014,33.7719721431798],[-84.3925306453485,33.7719721063552],[-84.3925142838129,33.7719777166233],[-84.3925017611629,33.7719881211636],[-84.3924949377605,33.7720017161402],[-84.3924910576562,33.7730046689403],[-84.3924949747589,33.773012508852],[-84.3924977229182,33.7730180093117],[-84.392508276604,33.7730274348066],[-84.3925246724585,33.7730335928415],[-84.3925356500099,33.773034206613],[-84.3925356541531,33.7730975007863],[-84.392574066387,33.7730977794199],[-84.3925747178636,33.7730350061032],[-84.3931888980009,33.7730400602686],[-84.3932116274975,33.7731463990785],[-84.3932446506366,33.7731464989502],[-84.3933109281631,33.7731238125071],[-84.3933392487567,33.7731003301619],[-84.3934137784978,33.773163020377],[-84.393539572646,33.7732688343092],[-84.3935674092583,33.7732878431591],[-84.3937506662016,33.7734464123725],[-84.3936399445957,33.7735382446423],[-84.393500764716,33.7735858850526],[-84.3933586883577,33.7736345179354],[-84.39334405849,33.7736344357071],[-84.3931513912364,33.7736333539998],[-84.3927808151545,33.7736329416038],[-84.3926195626379,33.7736324191376],[-84.3926046769757,33.7736323706511],[-84.3923784134253,33.7736300788099],[-84.3923753746314,33.7732037246239],[-84.3923755907578,33.773153567121]]]]},"properties":{"OBJECTID":131,"ACCESSTYPE":null,"Address":"155 NORTH AVENUE","ASF":123509,"BLDG_CODE":"017","CONDITION":null,"BLDG_TYPE":"Athletic","FLOORCOUNT":3,"GSF":345943,"BLDG_NAME":"Bobby Dodd Stadium","OWNEDBY2":"GT","PLANRENO":null,"BLDG_NUM":"017","Common_Name":"Stadium","Heating":2,"Cooling":2,"Cistern":1,"Steam":"Yes","CHW":"HOL","Electric":"GTME","Gas":"No","OWNEDBY":null,"UNDERGROUND":"No","GlobalID":"10e2d165-f945-46bf-a33c-c0717456d285","Creator":"malexander_GTFM","EditDate":1656474313000,"Editor":"malexander_GTFM","STATUS":null,"NRHP_ELIG":"No","NRHP_TRT":"Minor Rehab","NRHP_VAL":null,"NRHP_PHS":"Phase II","EVENTS":"Athletic","CONSTDATE":1925,"RENODATE":null,"BUILDING_TYPE_NEW":"Athletics","Photos":"https://fm-gis2.ad.gatech.edu/images/building/017_small.jpg","FACUpdate":null,"DevAction":"Keep","Note":null,"PPV1":"False","Shape__Area":224829.15502929688,"Shape__Length":4071.5723125229929,"WhiteRoof":"No","FloodedBldg":"No"}},{"type":"Feature","id":132,"geometry":{"type":"Polygon","coordinates":[[[-84.3916671800086,33.772207109613],[-84.3916672051508,33.7722043369862],[-84.3914921136607,33.7722032494905],[-84.3914580000323,33.772202998756],[-84.3914584228327,33.772156946092],[-84.391438497528,33.7721568813971],[-84.3914381773028,33.7721917777297],[-84.3914049706936,33.7721915650013],[-84.3914054371592,33.7721407226806],[-84.3914386448285,33.7721409354069],[-84.391438617045,33.7721439397632],[-84.3914585414319,33.7721440675754],[-84.3914589675097,33.7720976163747],[-84.3916742679756,33.7720980688887],[-84.3917384688629,33.7720984801932],[-84.3917387989491,33.772062446858],[-84.3917296696239,33.7720621389116],[-84.3917301343417,33.7720115274152],[-84.3917301440113,33.7720110964077],[-84.391715927826,33.7720109744604],[-84.3917169452206,33.7720135882987],[-84.3916845328738,33.7720206433184],[-84.3916691493287,33.7719712761431],[-84.391701376064,33.7719642620401],[-84.3917118354813,33.7719980053416],[-84.391740495499,33.7719981893115],[-84.3917408391854,33.7719607511765],[-84.3918006111374,33.7719611335581],[-84.3918005859994,33.771963906185],[-84.3918171892615,33.7719640129481],[-84.3918171987203,33.7719630887371],[-84.3918371230631,33.7719632155868],[-84.391837131442,33.7719622913778],[-84.3918570557847,33.7719624182243],[-84.3918570390273,33.7719642666422],[-84.3918736422894,33.7719643733977],[-84.3918734464766,33.7719856807023],[-84.3918800372993,33.77199126974],[-84.3918798003145,33.7720170601351],[-84.3918731078749,33.7720225643118],[-84.3918728979422,33.7720454901079],[-84.3918806467841,33.7720455390837],[-84.3918804592311,33.7720658761949],[-84.3918727114647,33.7720658263155],[-84.3918726753202,33.7720697557824],[-84.3918759964076,33.7720697767718],[-84.3918755637318,33.7721169213564],[-84.3917919912496,33.772116387671],[-84.3917918131323,33.7721357996694],[-84.3917965432052,33.772135830714],[-84.3918003911787,33.7721358552525],[-84.391800310584,33.7721446690513],[-84.3918001602417,33.7721610775949],[-84.3918000752887,33.7721702890303],[-84.3917964896747,33.7721702658164],[-84.39178319667,33.7721701809639],[-84.3917828776642,33.7722050772948],[-84.3917419211113,33.7722048147755],[-84.3917418959738,33.772207588304],[-84.3916671800086,33.772207109613]]]},"properties":{"OBJECTID":132,"ACCESSTYPE":"Student","Address":"633 TECHWOOD DR","ASF":13240,"BLDG_CODE":"011","CONDITION":null,"BLDG_TYPE":"Residence Halls","FLOORCOUNT":4,"GSF":23917,"BLDG_NAME":"Harris Residence Hall","OWNEDBY2":"GT","PLANRENO":"Future","BLDG_NUM":"11","Common_Name":"Harris Dorm","Heating":2,"Cooling":2,"Cistern":1,"Steam":"Yes","CHW":"HOL","Electric":"GTME","Gas":"AGL","OWNEDBY":null,"UNDERGROUND":"No","GlobalID":"2044eb75-8361-4a56-bc74-ef6fa06c4f26","Creator":"malexander_GTFM","EditDate":1656474313000,"Editor":"malexander_GTFM","STATUS":null,"NRHP_ELIG":"Yes","NRHP_TRT":"Extensive Rehab","NRHP_VAL":"2","NRHP_PHS":"Phase II","EVENTS":null,"CONSTDATE":1926,"RENODATE":1988,"BUILDING_TYPE_NEW":"Housing","Photos":"https://fm-gis2.ad.gatech.edu/images/building/011_small.jpg","FACUpdate":null,"DevAction":"Keep","Note":null,"PPV1":"False","Shape__Area":6653.14111328125,"Shape__Length":568.61517729405341,"WhiteRoof":"No","FloodedBldg":"No"}},{"type":"Feature","id":133,"geometry":{"type":"Polygon","coordinates":[[[-84.4000444000937,33.7737474526999],[-84.400056979491,33.7736925210147],[-84.4012215676898,33.7738785104539],[-84.401178027171,33.7740686478828],[-84.4011557196121,33.7741660632576],[-84.4010340168153,33.774697534145],[-84.4005110245343,33.7746140116978],[-84.400387659321,33.7745938428127],[-84.4003816246586,33.7745933457095],[-84.4004344695922,33.7743625877646],[-84.4000405216742,33.7742996713145],[-84.400009992178,33.7742947961044],[-84.3999222630977,33.774280785274],[-84.3999525553291,33.7741471392792],[-84.3999575083474,33.7741266110252],[-84.4000216634416,33.7738467351084],[-84.4000444000937,33.7737474526999]]]},"properties":{"OBJECTID":133,"ACCESSTYPE":"Public","Address":"391 FERST DRIVE","ASF":152744,"BLDG_CODE":"054","CONDITION":null,"BLDG_TYPE":"Parking","FLOORCOUNT":3,"GSF":283162,"BLDG_NAME":"Student Center Parking Deck","OWNEDBY2":"GT","PLANRENO":null,"BLDG_NUM":"54","Common_Name":"Stu Ctr Parking Deck","Heating":0,"Cooling":0,"Cistern":0,"Steam":"No","CHW":"No","Electric":"GTME","Gas":"No","OWNEDBY":null,"UNDERGROUND":"No","GlobalID":"dbe84435-7ea5-4aed-82af-72d83b45d100","Creator":"malexander_GTFM","EditDate":1656531100000,"Editor":"malexander_GTFM","STATUS":"Proposed Demolished","NRHP_ELIG":null,"NRHP_TRT":null,"NRHP_VAL":null,"NRHP_PHS":null,"EVENTS":null,"CONSTDATE":null,"RENODATE":null,"BUILDING_TYPE_NEW":"Parking","Photos":"https://fm-gis2.ad.gatech.edu/images/building/054_small.jpg","FACUpdate":null,"DevAction":"Demo","Note":"If relocation possible","PPV1":"True","Shape__Area":95774.731689453125,"Shape__Length":1327.4422813599422,"WhiteRoof":"No","FloodedBldg":"No"}},{"type":"Feature","id":134,"geometry":{"type":"Polygon","coordinates":[[[-84.3963039556493,33.7823361706249],[-84.3963037926327,33.7822500055752],[-84.3963359874518,33.7822499636921],[-84.3963359160223,33.7822122811346],[-84.3963172055444,33.7822123051369],[-84.3963037222971,33.7822123230156],[-84.3963036859033,33.7821930223469],[-84.3962714911078,33.7821930651232],[-84.3962711657661,33.7821666410493],[-84.396271057979,33.7821096578221],[-84.396271052781,33.7821069005837],[-84.3963032475442,33.7821068578077],[-84.3963034607917,33.7820746892157],[-84.3962712671203,33.7820747319897],[-84.3962712541251,33.7820678388936],[-84.3962753821267,33.782067833016],[-84.3962753504714,33.7820515195072],[-84.3962712235481,33.782051524481],[-84.3962712082485,33.7820441724489],[-84.3962753362489,33.7820441665714],[-84.3962752888519,33.7820191215054],[-84.3962714361964,33.7820191268706],[-84.396271423054,33.7820117739328],[-84.3962752746295,33.7820117685696],[-84.3962752446677,33.7819956849784],[-84.3962713920107,33.7819956894419],[-84.3962713784021,33.7819885664259],[-84.39630329778,33.781988525064],[-84.39630323723,33.78195612706],[-84.3962740691433,33.7819561651059],[-84.396273906162,33.7818700009525],[-84.3963030742171,33.7818699620051],[-84.3963030080023,33.7818350366837],[-84.3962793435871,33.7818350680954],[-84.3962705390776,33.7818350799695],[-84.3962705337574,33.7818326815882],[-84.3962705270152,33.7818277270295],[-84.3962704936679,33.7818111836022],[-84.3962705118393,33.7818038306058],[-84.3962705737914,33.7817797032159],[-84.3962706059998,33.7817723501935],[-84.3962706346661,33.7817555767296],[-84.3962706514387,33.7817489134987],[-84.3962791816764,33.781748902135],[-84.3963031203333,33.7817488711147],[-84.3963031940768,33.7817481812146],[-84.3963033910907,33.7817463432835],[-84.3963058468354,33.7817355405432],[-84.3963080394736,33.7817309416501],[-84.3963154506072,33.7817210520766],[-84.3963209452036,33.7817164497433],[-84.3963324902775,33.7817100003881],[-84.396338265415,33.7817081547801],[-84.3963509185801,33.7817058401348],[-84.3963541875343,33.781705607736],[-84.3963542199227,33.7817056058724],[-84.3963539831464,33.7816860756542],[-84.396353894413,33.7816787228567],[-84.3963561332564,33.7816784905718],[-84.3963627296086,33.7816784819003],[-84.3963824603572,33.7816784559921],[-84.3963913512327,33.7816784439493],[-84.3964199534183,33.7816784051262],[-84.3964287546724,33.7816783932476],[-84.3964485512872,33.7816783672062],[-84.3964545246094,33.7816783596898],[-84.3964573553172,33.781678586143],[-84.396457369555,33.7816859390791],[-84.3964574059824,33.7817052397491],[-84.3964962045075,33.7817051882324],[-84.3964961680715,33.7816858875624],[-84.3964961532162,33.7816783047064],[-84.3965044579113,33.7816783451413],[-84.3965233802217,33.7816784379309],[-84.3965333013681,33.7816784861728],[-84.3965333079492,33.781682162191],[-84.396561925255,33.7816821242085],[-84.3965619180585,33.7816782182704],[-84.3965707236315,33.7816782063736],[-84.3965707308309,33.7816821132133],[-84.3965905425632,33.781682087121],[-84.3965905353629,33.7816781802813],[-84.3965993409384,33.7816781692841],[-84.396599392262,33.7817050528098],[-84.3966381897069,33.7817050012505],[-84.3966381400655,33.7816783476426],[-84.3966752876005,33.7816782982447],[-84.3966752928113,33.7816810554833],[-84.396703910119,33.7816810183695],[-84.3967039042925,33.7816780312111],[-84.3967413260875,33.7816779803804],[-84.3967413774554,33.7817048639059],[-84.396780175982,33.7817048132016],[-84.3967801252169,33.781678159596],[-84.3968172727514,33.7816781101553],[-84.3968172779668,33.7816808673938],[-84.3968458952718,33.7816808293455],[-84.3968458894428,33.7816778430888],[-84.3968833123195,33.7816777931147],[-84.3968833637317,33.78170467664],[-84.3969062020825,33.7817046466537],[-84.3969062535019,33.7817315301788],[-84.3969513806096,33.7817314703176],[-84.3969513287115,33.7817048167144],[-84.3969884762572,33.7817047672222],[-84.3969884814781,33.7817075244607],[-84.397017098794,33.7817074872742],[-84.3970170929566,33.7817045001159],[-84.3970545158445,33.7817044500899],[-84.3970545668462,33.7817315635366],[-84.3970768555934,33.7817315327415],[-84.3970770518051,33.7818342421242],[-84.3970547630312,33.7818342729194],[-84.3970548134177,33.7818611564457],[-84.397017391539,33.7818612055685],[-84.3970173838574,33.7818575295525],[-84.396997315096,33.7818575552916],[-84.3969887664916,33.7818575667393],[-84.3969887741744,33.7818612436569],[-84.3969516265588,33.7818612922478],[-84.3969515757402,33.7818346386432],[-84.3968995693131,33.7818347077332],[-84.3968995178954,33.7818078242085],[-84.3968835587806,33.7818078449664],[-84.3968836101932,33.7818347284911],[-84.3968459119052,33.7818347789792],[-84.3968459060738,33.781831791821],[-84.3968175640617,33.781831829356],[-84.3968175698897,33.7818348156126],[-84.3967804222875,33.7818348650536],[-84.3967803709071,33.7818079815287],[-84.3967415723363,33.781808033135],[-84.3967416237046,33.7818349166599],[-84.3966934278151,33.7818349812634],[-84.3966384357978,33.7818350531037],[-84.3966383855415,33.7818081695766],[-84.3965995869703,33.7818082211382],[-84.3965996382942,33.7818351046634],[-84.3965638283997,33.7818330804547],[-84.3965016797509,33.7818352339537],[-84.3965001151524,33.7818352359661],[-84.3964845492902,33.7818482748762],[-84.3964711446298,33.7818595028514],[-84.396458818417,33.7818698280677],[-84.3964588175404,33.7818743516514],[-84.3964584482035,33.781888887852],[-84.3964587060498,33.7819559215028],[-84.3964267866844,33.7819559629048],[-84.3964268483607,33.7819883609065],[-84.3964590430817,33.7819883189917],[-84.3964589309055,33.7820744836553],[-84.3964270114985,33.7820745259592],[-84.3964267973655,33.7821071543948],[-84.3964589921286,33.7821071115782],[-84.3964590063668,33.7821144645137],[-84.3964546030168,33.7821144700085],[-84.3964546336263,33.7821307835191],[-84.3964590369772,33.7821307780243],[-84.3964590487617,33.7821372121823],[-84.3964546464903,33.7821372176751],[-84.3964546891586,33.7821600681312],[-84.3964546953137,33.7821631815199],[-84.3964590975864,33.7821631760271],[-84.3964591104483,33.7821696092814],[-84.396454982442,33.7821696151651],[-84.3964550136657,33.7821861585953],[-84.3964591416752,33.7821861536133],[-84.3964591552995,33.7821932766289],[-84.3964269615816,33.7821933185421],[-84.3964269863714,33.7822066457959],[-84.3964591800919,33.7822066029811],[-84.3964592636773,33.7822500299328],[-84.3964911831494,33.7822499876203],[-84.3964913445113,33.7823354629096],[-84.3964594250075,33.7823355052222],[-84.3964594614365,33.7823548058903],[-84.3963361856745,33.7823549695701],[-84.3963361504982,33.7823361278399],[-84.3963039556493,33.7823361706249]]]},"properties":{"OBJECTID":134,"ACCESSTYPE":"Student","Address":"301 TENTH STREET","ASF":82186,"BLDG_CODE":"052","CONDITION":null,"BLDG_TYPE":"Residence Halls","FLOORCOUNT":6,"GSF":139558,"BLDG_NAME":"Graduate Living Center","OWNEDBY2":"GT","PLANRENO":null,"BLDG_NUM":"52","Common_Name":"GLC","Heating":1,"Cooling":1,"Cistern":0,"Steam":"No","CHW":"No","Electric":"GTME","Gas":"AGL","OWNEDBY":null,"UNDERGROUND":"No","GlobalID":"5a52c6a1-28a5-4997-9cdb-412840bd2897","Creator":"malexander_GTFM","EditDate":1656474313000,"Editor":"malexander_GTFM","STATUS":null,"NRHP_ELIG":null,"NRHP_TRT":null,"NRHP_VAL":null,"NRHP_PHS":null,"EVENTS":null,"CONSTDATE":null,"RENODATE":null,"BUILDING_TYPE_NEW":"Housing","Photos":"https://fm-gis2.ad.gatech.edu/images/building/052_small.jpg","FACUpdate":null,"DevAction":"Keep","Note":null,"PPV1":"False","Shape__Area":22019.06787109375,"Shape__Length":1310.1432137270326,"WhiteRoof":"No","FloodedBldg":"No"}},{"type":"Feature","id":135,"geometry":{"type":"Polygon","coordinates":[[[-84.3979608199502,33.7757313232172],[-84.3979619882079,33.7755710289972],[-84.3979646738085,33.7753578392357],[-84.3980339258916,33.7753582747602],[-84.3980974064359,33.7753593125526],[-84.3983515309443,33.7753608094549],[-84.3984164458813,33.775361648732],[-84.3984805674975,33.7753621829034],[-84.3984793503661,33.7754638869943],[-84.3984780124869,33.7755756798909],[-84.3985516494658,33.7755765324675],[-84.3985690634634,33.7755767341757],[-84.3985694001512,33.7755486182401],[-84.3986608228128,33.7755493814269],[-84.3986607955034,33.7755516671653],[-84.398659838071,33.7756214604117],[-84.3986594720113,33.7756623014123],[-84.3985680481525,33.7756615391287],[-84.3985683848408,33.7756334231936],[-84.3985545006139,33.7756333068216],[-84.3985532686439,33.7756332965133],[-84.3984773338044,33.7756323689087],[-84.398474207108,33.7758937807289],[-84.3984735118367,33.7759519286472],[-84.3981558513824,33.7759492780626],[-84.3980506951889,33.7759484013982],[-84.3979578166284,33.7759476260627],[-84.3979608199502,33.7757313232172]]]},"properties":{"OBJECTID":135,"ACCESSTYPE":"Student","Address":"778 ATLANTIC DR","ASF":83671,"BLDG_CODE":"086","CONDITION":null,"BLDG_TYPE":"Academic/Research","FLOORCOUNT":6,"GSF":151265,"BLDG_NAME":"Bunger-Henry Building","OWNEDBY2":"GT","PLANRENO":null,"BLDG_NUM":"86","Common_Name":"Bunger-Henry","Heating":2,"Cooling":2,"Cistern":0,"Steam":"Yes","CHW":"HOL","Electric":"GTME","Gas":"AGL","OWNEDBY":null,"UNDERGROUND":"No","GlobalID":"c945e941-e182-4512-9c46-3424573bb436","Creator":"malexander_GTFM","EditDate":1656474313000,"Editor":"malexander_GTFM","STATUS":null,"NRHP_ELIG":"Maybe","NRHP_TRT":"Extensive Rehab","NRHP_VAL":"2","NRHP_PHS":"Phase IV","EVENTS":null,"CONSTDATE":1964,"RENODATE":2005,"BUILDING_TYPE_NEW":"Research","Photos":"https://fm-gis2.ad.gatech.edu/images/building/086_small.jpg","FACUpdate":null,"DevAction":"Renovate","Note":"Reprogram","PPV1":"False","Shape__Area":35343.474365234375,"Shape__Length":894.52628668121827,"WhiteRoof":"Yes","FloodedBldg":"No"}},{"type":"Feature","id":136,"geometry":{"type":"Polygon","coordinates":[[[-84.3960783508106,33.7738595976247],[-84.3960298226834,33.7738581009151],[-84.3960091035453,33.7738584892603],[-84.396008186876,33.7738584819473],[-84.3958003188003,33.7738567915488],[-84.3958029513978,33.773549500946],[-84.3958023223744,33.7734478651892],[-84.3958037231049,33.773353109776],[-84.3959995730157,33.7733543347108],[-84.3960142623288,33.7733544579899],[-84.3960142117575,33.7733585750273],[-84.3960845963004,33.7733591664324],[-84.3960846457886,33.7733550493971],[-84.396713448855,33.7733603320334],[-84.3967126164461,33.7734294172633],[-84.3967123601514,33.7734506732862],[-84.3967073776484,33.7738644128113],[-84.3966232987779,33.7738637066218],[-84.3965460674019,33.7738630570479],[-84.3963190883633,33.7738611506564],[-84.3962491601243,33.7738605630453],[-84.396080798651,33.7738596733215],[-84.3960806636794,33.7738596690642],[-84.3960783508106,33.7738595976247]],[[-84.3965444932238,33.7736754830035],[-84.3965302519324,33.7736753634614],[-84.3965301856165,33.7736808528424],[-84.3964967731025,33.7736805715401],[-84.3964971399438,33.7736501527246],[-84.396530552446,33.7736504340268],[-84.3965304861302,33.7736559234078],[-84.3965447263387,33.7736560429519],[-84.3965466661977,33.7734950295331],[-84.3964341062433,33.773494083224],[-84.3963057394501,33.7734929994194],[-84.3961670842141,33.7734918399404],[-84.396086860244,33.7734911658887],[-84.396083771857,33.773723077434],[-84.3965438727283,33.7737269432426],[-84.3965444932238,33.7736754830035]]]},"properties":{"OBJECTID":136,"ACCESSTYPE":"Student","Address":"686 CHERRY ST","ASF":73094,"BLDG_CODE":"002","CONDITION":null,"BLDG_TYPE":"Academic/Research","FLOORCOUNT":4,"GSF":139854,"BLDG_NAME":"Skiles","OWNEDBY2":"GT","PLANRENO":null,"BLDG_NUM":"2","Common_Name":"Skiles","Heating":2,"Cooling":2,"Cistern":0,"Steam":"Yes","CHW":"HOL","Electric":"GTME","Gas":"AGL","OWNEDBY":null,"UNDERGROUND":"No","GlobalID":"b7b282e8-08e5-45f6-9fb8-91780e85e5e8","Creator":"malexander_GTFM","EditDate":1656474313000,"Editor":"malexander_GTFM","STATUS":null,"NRHP_ELIG":"Yes","NRHP_TRT":"Moderate Rehab","NRHP_VAL":"1","NRHP_PHS":"Phase IV","EVENTS":null,"CONSTDATE":1959,"RENODATE":2004,"BUILDING_TYPE_NEW":"Academic","Photos":"https://fm-gis2.ad.gatech.edu/images/building/002_small.jpg","FACUpdate":null,"DevAction":"Renovate","Note":"Keep","PPV1":"False","Shape__Area":38944.83984375,"Shape__Length":1407.0946100852657,"WhiteRoof":"No","FloodedBldg":"No"}},{"type":"Feature","id":137,"geometry":{"type":"Polygon","coordinates":[[[-84.391462621416,33.7795722888613],[-84.3914629843606,33.7795289458234],[-84.3914323264657,33.7795287672372],[-84.3914346659033,33.7792491726299],[-84.3914454236111,33.7792492350858],[-84.3914460573305,33.7791735538275],[-84.3915261467436,33.7791740210438],[-84.391742418289,33.7791752831149],[-84.3918039969895,33.7791767649073],[-84.3918035726245,33.7792275187325],[-84.3918788733289,33.77922795839],[-84.391879403641,33.7792498837787],[-84.3918782663134,33.7793004955421],[-84.3918123767918,33.7793001108467],[-84.3918104455572,33.7795309731654],[-84.3917986134436,33.7795309045866],[-84.3917983196271,33.779565937881],[-84.3917746532286,33.7795657998223],[-84.3917745842649,33.7795741086645],[-84.391462621416,33.7795722888613]]]},"properties":{"OBJECTID":137,"ACCESSTYPE":"Other","Address":"151 SIXTH STREET","ASF":27045,"BLDG_CODE":"033A","CONDITION":null,"BLDG_TYPE":"Athletic","FLOORCOUNT":2,"GSF":34953,"BLDG_NAME":"O'Keefe Gym","OWNEDBY2":"GT","PLANRENO":null,"BLDG_NUM":"033A","Common_Name":"O'Keefe Gym","Heating":1,"Cooling":1,"Cistern":0,"Steam":"No","CHW":"No","Electric":"GTME","Gas":"AGL","OWNEDBY":null,"UNDERGROUND":"No","GlobalID":"92527970-46ce-43cb-9fce-0f80d5b0f856","Creator":"malexander_GTFM","EditDate":1656482297000,"Editor":"malexander_GTFM","STATUS":null,"NRHP_ELIG":"Yes","NRHP_TRT":"Extensive Rehab","NRHP_VAL":"2","NRHP_PHS":"Phase II","EVENTS":"Athletic","CONSTDATE":1924,"RENODATE":2004,"BUILDING_TYPE_NEW":"Athletics","Photos":"https://fm-gis2.ad.gatech.edu/images/building/033A_small.jpg","FACUpdate":null,"DevAction":"Keep","Note":null,"PPV1":"False","Shape__Area":16823.50732421875,"Shape__Length":559.52991041943676,"WhiteRoof":"No","FloodedBldg":"No"}},{"type":"Feature","id":138,"geometry":{"type":"Polygon","coordinates":[[[-84.3934384942746,33.7758212379165],[-84.3932073783704,33.7751619066098],[-84.3933972538262,33.7751154907234],[-84.3931040758131,33.774282348984],[-84.3930948682354,33.7742560809182],[-84.3930881126738,33.7742368060743],[-84.3930643703459,33.7741690724487],[-84.3934553922747,33.774073484495],[-84.3935342733605,33.7742985180891],[-84.3935593178422,33.7742923949137],[-84.3935926323634,33.7743885110755],[-84.3935987781502,33.7744049666449],[-84.3935737325589,33.7744110898302],[-84.3935830569647,33.7744373801857],[-84.3937460264931,33.774901098468],[-84.3937538379377,33.7749235487518],[-84.393866111748,33.7752489439283],[-84.3938744792942,33.7752726185241],[-84.393930940111,33.7754325253043],[-84.3939357053761,33.7754462234398],[-84.3939437986904,33.775469479267],[-84.393947907914,33.7754812896496],[-84.3939493191472,33.7754858106377],[-84.39396400549,33.77548221936],[-84.3939707613421,33.7755014923476],[-84.3939560760736,33.7755050827224],[-84.3939575287287,33.7755089346085],[-84.3940169941703,33.7756788684882],[-84.3938196435171,33.7757271123069],[-84.3937380812007,33.7757470509563],[-84.3935955885645,33.7757828363308],[-84.3934384942746,33.7758212379165]]]},"properties":{"OBJECTID":138,"ACCESSTYPE":"Secure","Address":"749 FOWLER ST","ASF":94982,"BLDG_CODE":"008","CONDITION":null,"BLDG_TYPE":"Parking","FLOORCOUNT":2,"GSF":180307,"BLDG_NAME":"Peters Parking Deck","OWNEDBY2":"GT","PLANRENO":null,"BLDG_NUM":"008","Common_Name":"Peters Parking Deck","Heating":0,"Cooling":0,"Cistern":0,"Steam":"No","CHW":"No","Electric":"GPC","Gas":"AGL","OWNEDBY":null,"UNDERGROUND":"No","GlobalID":"f8e03e5f-eecd-42f0-9190-dfd16f1e5800","Creator":"malexander_GTFM","EditDate":1656531100000,"Editor":"malexander_GTFM","STATUS":"Proposed Demolished","NRHP_ELIG":null,"NRHP_TRT":null,"NRHP_VAL":null,"NRHP_PHS":null,"EVENTS":null,"CONSTDATE":null,"RENODATE":null,"BUILDING_TYPE_NEW":"Parking","Photos":"https://fm-gis2.ad.gatech.edu/images/building/008_small.jpg","FACUpdate":null,"DevAction":"Demo","Note":"If relocation is possible","PPV1":"False","Shape__Area":90563.435546875,"Shape__Length":1609.816262654065,"WhiteRoof":"No","FloodedBldg":"No"}},{"type":"Feature","id":139,"geometry":{"type":"Polygon","coordinates":[[[-84.3913159662732,33.7726431437849],[-84.3912933072,33.772643102076],[-84.3912704993829,33.7726431562087],[-84.391252124649,33.7726431995653],[-84.3912146258982,33.7726432885352],[-84.3911285701712,33.7726433594203],[-84.3911204564605,33.7726433534387],[-84.3911202493201,33.7725088516366],[-84.3911549766479,33.7725088146224],[-84.3911547730247,33.7723756815194],[-84.3911546766683,33.7723126552948],[-84.3912383491996,33.7723125652858],[-84.391238257998,33.7722531934483],[-84.3912680630583,33.7722531617526],[-84.39126805274,33.7722463110168],[-84.391315357984,33.7722462600838],[-84.3913153453915,33.7722389531161],[-84.3913610895659,33.7722389500897],[-84.3914043985192,33.7722387233626],[-84.3914392141256,33.7722386311073],[-84.3914550731592,33.7722385868951],[-84.3914640969138,33.7722385650493],[-84.3914641175816,33.7722522665207],[-84.3914641357535,33.7722650122451],[-84.3914641385663,33.7722656758561],[-84.3914641574999,33.772278299856],[-84.3914641856619,33.7722961110449],[-84.3914642039375,33.7723088964417],[-84.3914642052867,33.7723094130861],[-84.3914642255756,33.7723221425767],[-84.3914642526604,33.7723399546691],[-84.3914642727409,33.7723530177715],[-84.3914642727798,33.7723534460563],[-84.3914642925766,33.7723659871024],[-84.3914643207411,33.7723837991928],[-84.3914643397597,33.7723964556518],[-84.3914643416223,33.7723971688553],[-84.3914643606574,33.7724098316258],[-84.3914643696857,33.7724157689899],[-84.3914840573017,33.7724157484566],[-84.3914840810687,33.7724310485514],[-84.3914797062839,33.7724310538155],[-84.391479746915,33.7724577715028],[-84.3914841217012,33.7724577662387],[-84.3914841460641,33.7724732944504],[-84.3914644584373,33.7724733158855],[-84.3914644668699,33.7724790251325],[-84.3914644860981,33.772491761838],[-84.3914644970255,33.7724922252674],[-84.3914645067864,33.7725050575652],[-84.3914645332617,33.7725226361303],[-84.3914645338716,33.7725228696571],[-84.3914645444449,33.7725355996159],[-84.3914645544233,33.7725361130887],[-84.3914645737882,33.7725489020896],[-84.3914646008734,33.7725667141814],[-84.3914646207117,33.7725796844135],[-84.3914646212557,33.7725798926942],[-84.3914646407902,33.7725927466137],[-84.3914646689528,33.7726105578017],[-84.3914646888924,33.7726235668046],[-84.3914646879493,33.7726236191022],[-84.3914646905325,33.77262460821],[-84.391464708872,33.7726365911355],[-84.3914647308462,33.7726512059773],[-84.3914557070155,33.7726512152003],[-84.3914398478352,33.7726512323634],[-84.3914297303072,33.7726512435763],[-84.3914297289995,33.7726503293033],[-84.3914141095042,33.7726503460266],[-84.3913159777887,33.7726504516558],[-84.3913159662732,33.7726431437849]]]},"properties":{"OBJECTID":139,"ACCESSTYPE":"Public","Address":"649 TECHWOOD DR","ASF":13521,"BLDG_CODE":"012","CONDITION":null,"BLDG_TYPE":"Dining Hall","FLOORCOUNT":2,"GSF":19990,"BLDG_NAME":"Brittain Dining Hall","OWNEDBY2":"GT","PLANRENO":"Future","BLDG_NUM":"12","Common_Name":"Brittain Dining Hall","Heating":2,"Cooling":1,"Cistern":1,"Steam":"Yes","CHW":"No","Electric":"GTME","Gas":"AGL","OWNEDBY":null,"UNDERGROUND":"No","GlobalID":"6eed3c17-d881-4947-ab16-7c31f2bbd1a8","Creator":"malexander_GTFM","EditDate":1656474313000,"Editor":"malexander_GTFM","STATUS":null,"NRHP_ELIG":"Yes","NRHP_TRT":"Minor Rehab","NRHP_VAL":"1","NRHP_PHS":"Phase II","EVENTS":null,"CONSTDATE":1928,"RENODATE":2001,"BUILDING_TYPE_NEW":"Dining / Food","Photos":"https://fm-gis2.ad.gatech.edu/images/building/012_small.jpg","FACUpdate":null,"DevAction":"Keep","Note":null,"PPV1":"False","Shape__Area":13822.421630859375,"Shape__Length":524.06243740456785,"WhiteRoof":"No","FloodedBldg":"No"}},{"type":"Feature","id":140,"geometry":{"type":"Polygon","coordinates":[[[-84.3947205790757,33.7743332732252],[-84.3947211159151,33.7742913914012],[-84.394718873996,33.7742912070987],[-84.3947193160023,33.7742583572975],[-84.394441903208,33.7742570509755],[-84.3943929575155,33.7742561404672],[-84.3943933227863,33.7742330079116],[-84.3944176406822,33.7742326438524],[-84.3944177865442,33.7741816804098],[-84.3944537574112,33.7741821081284],[-84.394453770679,33.7741736587231],[-84.3944538112724,33.7741486089526],[-84.3944724571092,33.7741480759228],[-84.3944734700183,33.7740771591235],[-84.3945595611749,33.7740785140541],[-84.3945614604907,33.7740785709576],[-84.3945612963878,33.7741144579118],[-84.3947574379354,33.7741150792667],[-84.3947591686699,33.7740800414782],[-84.3948445686261,33.7740805030487],[-84.3948444514896,33.7740929280297],[-84.3948439328721,33.7741477692657],[-84.394852569542,33.7741478696104],[-84.3948524513883,33.7741574670126],[-84.3948516027753,33.7741827238535],[-84.3948520216675,33.7741924879699],[-84.394843710283,33.7741925024353],[-84.3948423592562,33.774295004729],[-84.3948412072021,33.7742949942359],[-84.3948396134698,33.774415909611],[-84.3947195351123,33.7744148052289],[-84.3947202044027,33.774362603754],[-84.3947205790757,33.7743332732252]]]},"properties":{"OBJECTID":140,"ACCESSTYPE":"Student","Address":"221 BOBBY DODD W","ASF":17210,"BLDG_CODE":"058","CONDITION":null,"BLDG_TYPE":"Academic/Research","FLOORCOUNT":4,"GSF":33434,"BLDG_NAME":"Old Civil Engineering Building","OWNEDBY2":"GT","PLANRENO":null,"BLDG_NUM":"058","Common_Name":"CE Old","Heating":2,"Cooling":2,"Cistern":0,"Steam":"Yes","CHW":"HOL","Electric":"GTME","Gas":"AGL","OWNEDBY":null,"UNDERGROUND":"No","GlobalID":"cb4d6b02-644b-470e-98f5-56f4585283b8","Creator":"malexander_GTFM","EditDate":1656474313000,"Editor":"malexander_GTFM","STATUS":null,"NRHP_ELIG":"Yes","NRHP_TRT":"Corrective Maintenance","NRHP_VAL":"1","NRHP_PHS":"Phase II","EVENTS":null,"CONSTDATE":1939,"RENODATE":2008,"BUILDING_TYPE_NEW":"Academic","Photos":"https://fm-gis2.ad.gatech.edu/images/building/058_small.jpg","FACUpdate":null,"DevAction":"Keep","Note":null,"PPV1":"False","Shape__Area":9291.260986328125,"Shape__Length":547.79526403092791,"WhiteRoof":"No","FloodedBldg":"No"}},{"type":"Feature","id":141,"geometry":{"type":"Polygon","coordinates":[[[-84.3949065402766,33.7745466552237],[-84.3949071008539,33.7745031729244],[-84.395009631565,33.7745040318833],[-84.3950868948748,33.7745038889045],[-84.395306006073,33.7745059248411],[-84.3953106326581,33.7745059676639],[-84.3953098419091,33.7745777487361],[-84.3953079697413,33.7747476423566],[-84.3953074355198,33.7747960927085],[-84.3953073253752,33.7748184403543],[-84.3953064526212,33.7748853652779],[-84.3952242515502,33.7748847042496],[-84.3951679919107,33.7748843016998],[-84.3951682389726,33.7748618636356],[-84.395169477206,33.7747495551915],[-84.3949051003531,33.7747475233906],[-84.3949065402766,33.7745466552237]]]},"properties":{"OBJECTID":141,"ACCESSTYPE":"Student","Address":"723 CHERRY ST","ASF":15717,"BLDG_CODE":"051","CONDITION":null,"BLDG_TYPE":"Academic/Research","FLOORCOUNT":2,"GSF":20240,"BLDG_NAME":"Hinman Highbay","OWNEDBY2":"GT","PLANRENO":null,"BLDG_NUM":"051","Common_Name":"Hinman Highbay","Heating":2,"Cooling":2,"Cistern":0,"Steam":"Yes","CHW":"HOL","Electric":"GTME","Gas":"AGL","OWNEDBY":null,"UNDERGROUND":"No","GlobalID":"7c71e80c-fc7d-4cfe-ab44-205e10772704","Creator":"malexander_GTFM","EditDate":1656474313000,"Editor":"malexander_GTFM","STATUS":null,"NRHP_ELIG":"Yes","NRHP_TRT":"Corrective Maintenance","NRHP_VAL":"1","NRHP_PHS":"Phase II","EVENTS":null,"CONSTDATE":1951,"RENODATE":null,"BUILDING_TYPE_NEW":"Research","Photos":"https://fm-gis2.ad.gatech.edu/images/building/051_small.jpg","FACUpdate":null,"DevAction":"Keep","Note":"As-is","PPV1":"False","Shape__Area":12974.0869140625,"Shape__Length":521.04491225197421,"WhiteRoof":"Yes","FloodedBldg":"No"}},{"type":"Feature","id":142,"geometry":{"type":"Polygon","coordinates":[[[-84.3969042608866,33.7780533618675],[-84.3968655233837,33.7780517949307],[-84.3968405419145,33.7780523275177],[-84.3968463516123,33.7778079700587],[-84.3969554843996,33.7778091901639],[-84.3972324116616,33.7778152109587],[-84.3972898983702,33.7778162892131],[-84.3975811339979,33.7778222058447],[-84.397580060923,33.7778621095327],[-84.3975790909557,33.7778981882223],[-84.3975754122032,33.7780349666003],[-84.3975746238327,33.7780642807607],[-84.3969042608866,33.7780533618675]]]},"properties":{"OBJECTID":142,"ACCESSTYPE":"Employee","Address":"310 FERST DRIVE","ASF":8337,"BLDG_CODE":"066","CONDITION":null,"BLDG_TYPE":"Academic/Research","FLOORCOUNT":4,"GSF":15579,"BLDG_NAME":"Cherry Emerson","OWNEDBY2":"GT","PLANRENO":null,"BLDG_NUM":"66","Common_Name":"Cherry Emerson","Heating":2,"Cooling":2,"Cistern":0,"Steam":"Yes","CHW":"HOL","Electric":"GTME","Gas":"AGL","OWNEDBY":null,"UNDERGROUND":"No","GlobalID":"ba90b295-909c-4bbf-95a0-14154203c72f","Creator":"malexander_GTFM","EditDate":1656474313000,"Editor":"malexander_GTFM","STATUS":null,"NRHP_ELIG":"no","NRHP_TRT":"Extensive Rehab","NRHP_VAL":"3","NRHP_PHS":"Phase IV","EVENTS":null,"CONSTDATE":1959,"RENODATE":null,"BUILDING_TYPE_NEW":"Research","Photos":"https://fm-gis2.ad.gatech.edu/images/building/066_small.jpg","FACUpdate":null,"DevAction":"Renovate/Downcycle","Note":"Downcycle","PPV1":"False","Shape__Area":19783.952880859375,"Shape__Length":623.47948481647074,"WhiteRoof":"Yes","FloodedBldg":"Yes"}},{"type":"Feature","id":143,"geometry":{"type":"MultiPolygon","coordinates":[[[[-84.3958856172164,33.7765410615612],[-84.3959072072035,33.7764989044102],[-84.3959353992579,33.7764497201405],[-84.3959450443198,33.7764537632606],[-84.3959661049966,33.7764625918748],[-84.3960222686249,33.7764861360269],[-84.3960524872159,33.7764981142065],[-84.3960720246468,33.7764657058924],[-84.3961144397347,33.7764825591559],[-84.3961124617691,33.7764858259105],[-84.3960890704252,33.7765217217708],[-84.3961243143909,33.776536263904],[-84.396127866057,33.7765303704169],[-84.3962871018907,33.7765973302363],[-84.3962496245485,33.7766639643906],[-84.3962674439461,33.7766703455887],[-84.3962617346329,33.7766825735895],[-84.3962488670335,33.7767118912861],[-84.3962387140106,33.7767372267465],[-84.3962295798614,33.7767648505057],[-84.3962663860379,33.7767655331102],[-84.3962660623201,33.7767781532278],[-84.3962622759524,33.77692554694],[-84.3961977839226,33.7769213714388],[-84.3960102182007,33.7769092286724],[-84.395999398617,33.7769085274577],[-84.3957867794982,33.7768892231035],[-84.3957882417317,33.7768739220667],[-84.3957916031422,33.7768464361911],[-84.3957970653308,33.7768123291941],[-84.3958070510892,33.7767606171654],[-84.3958233961575,33.7767011201888],[-84.395834791793,33.7766651447693],[-84.3958501573604,33.7766226159854],[-84.3958685728339,33.7765779563421],[-84.3958856172164,33.7765410615612]]],[[[-84.3958447292648,33.7773210760096],[-84.3958252949021,33.7772633514023],[-84.3958145073848,33.7772252378861],[-84.3958039004682,33.7771803345974],[-84.3957965440851,33.7771417233082],[-84.3957923073936,33.7771146049881],[-84.3957883668112,33.7770721742717],[-84.3957845944977,33.7770175123394],[-84.3957845839833,33.7770172130106],[-84.3959975963365,33.7770052807226],[-84.39619544285,33.7769986049523],[-84.3961972106328,33.7770238091362],[-84.396198464322,33.7770416712262],[-84.3961991186887,33.7770510030041],[-84.3962362801011,33.7770516425789],[-84.3964122806892,33.7770546728016],[-84.3964316798627,33.7770550063626],[-84.396465668344,33.7770553794769],[-84.3964659082785,33.7770461677582],[-84.3964663882557,33.7770277848949],[-84.3964670083742,33.7770040621902],[-84.3965644727356,33.7770057110158],[-84.3965640074866,33.7770235366314],[-84.3965636848651,33.7770389762114],[-84.3966563327711,33.7770406781177],[-84.3966556150899,33.7770670644835],[-84.3966554195078,33.7770742798634],[-84.3966547343196,33.7770994922182],[-84.3966545957298,33.7771046003323],[-84.3966536608223,33.7771389919646],[-84.3966119250046,33.7771381058717],[-84.3966102472358,33.7772068482031],[-84.3966515653818,33.777267585799],[-84.3966329903105,33.7772766657819],[-84.3966566030233,33.7773098755866],[-84.3966472539396,33.7773148196333],[-84.3966454736032,33.7773132522742],[-84.3966057963545,33.7773328325367],[-84.3966121208879,33.7773431527766],[-84.3965133562818,33.7773920854523],[-84.396404821602,33.7774456490862],[-84.3963876582018,33.7774541195926],[-84.3963234449105,33.7774865723284],[-84.3962715611892,33.7775114137932],[-84.3962582202434,33.7775187618268],[-84.3962103568313,33.7775401550844],[-84.3962341588651,33.7775686796357],[-84.3962723294592,33.7776095679439],[-84.3963017472475,33.7776372993999],[-84.3963298096353,33.7776620642329],[-84.3963358135836,33.7776671636197],[-84.3963481986093,33.7776774752986],[-84.3963702496429,33.7776951670348],[-84.3964011958259,33.7777186425319],[-84.3964305307514,33.7777395729541],[-84.3964191296797,33.7777504185057],[-84.3964538600666,33.7777729780794],[-84.3964340060589,33.7777928252295],[-84.3964111390979,33.7778177452664],[-84.3964192743897,33.7778224169049],[-84.3964074903643,33.7778354208201],[-84.3963411376075,33.7779086448131],[-84.3963116622409,33.7778897226093],[-84.3962817534633,33.7778694171699],[-84.39625695113,33.7778516818478],[-84.396219011275,33.7778228535968],[-84.3961852827776,33.7777953826017],[-84.396154465744,33.7777684994698],[-84.3961251789793,33.7777413132348],[-84.3960890230053,33.7777052224305],[-84.3960571254747,33.7776707367542],[-84.3960138661446,33.7776192967934],[-84.3959744363704,33.7775665314868],[-84.3959588265756,33.7775437766601],[-84.3959426452157,33.7775188463065],[-84.3959162133529,33.7774746180119],[-84.3959063891737,33.777456880039],[-84.3959062361957,33.7774566035161],[-84.3958921987456,33.7774298793949],[-84.3958753051118,33.7773949284987],[-84.3958598452226,33.7773595178],[-84.3958447292648,33.7773210760096]]]]},"properties":{"OBJECTID":143,"ACCESSTYPE":"Faculty","Address":"266 FERST DR","ASF":229869,"BLDG_CODE":"153","CONDITION":null,"BLDG_TYPE":"Academic/Research","FLOORCOUNT":6,"GSF":417576,"BLDG_NAME":"Klaus Building","OWNEDBY2":"GT","PLANRENO":null,"BLDG_NUM":"153","Common_Name":"Klaus Bldg","Heating":2,"Cooling":3,"Cistern":0,"Steam":"Yes","CHW":"TEN","Electric":"GTME","Gas":"WCGS","OWNEDBY":null,"UNDERGROUND":"No","GlobalID":"c4e5fed1-4d19-41a1-9b6d-fea1907a1942","Creator":"malexander_GTFM","EditDate":1656474313000,"Editor":"malexander_GTFM","STATUS":null,"NRHP_ELIG":null,"NRHP_TRT":null,"NRHP_VAL":null,"NRHP_PHS":null,"EVENTS":null,"CONSTDATE":null,"RENODATE":null,"BUILDING_TYPE_NEW":"Academic","Photos":"https://fm-gis2.ad.gatech.edu/images/building/153_small.jpg","FACUpdate":null,"DevAction":"Keep","Note":null,"PPV1":"False","Shape__Area":68808.6533203125,"Shape__Length":1759.0584311931616,"WhiteRoof":"No","FloodedBldg":"No"}},{"type":"Feature","id":144,"geometry":{"type":"Polygon","coordinates":[[[-84.4022924285597,33.7806984845617],[-84.4022932355995,33.7806406853981],[-84.4023605728645,33.7806413917339],[-84.4023786799282,33.780641558217],[-84.4024034561696,33.780641527119],[-84.4024220282495,33.7806419550878],[-84.4024577391938,33.7806422835849],[-84.402454803881,33.7808529139262],[-84.4024520472201,33.7810507233464],[-84.4022875428449,33.7810491251555],[-84.4022909686063,33.7808084608001],[-84.4022924285597,33.7806984845617]]]},"properties":{"OBJECTID":144,"ACCESSTYPE":"Employee","Address":"460 TENTH STREET","ASF":102,"BLDG_CODE":"133","CONDITION":null,"BLDG_TYPE":"Admin/Services","FLOORCOUNT":2,"GSF":8756,"BLDG_NAME":"10th Street Chiller Plant","OWNEDBY2":"GT","PLANRENO":null,"BLDG_NUM":"133","Common_Name":"Tenth St Chiller Plant","Heating":0,"Cooling":5,"Cistern":0,"Steam":"No","CHW":"TEN","Electric":"GTME","Gas":"No","OWNEDBY":null,"UNDERGROUND":"No","GlobalID":"104e27dd-ce0d-48c0-a8ff-f16ab4286f1f","Creator":"malexander_GTFM","EditDate":1656474313000,"Editor":"malexander_GTFM","STATUS":null,"NRHP_ELIG":null,"NRHP_TRT":null,"NRHP_VAL":null,"NRHP_PHS":"Phase V","EVENTS":null,"CONSTDATE":null,"RENODATE":null,"BUILDING_TYPE_NEW":"Facilities Services and Campus Support","Photos":"https://fm-gis2.ad.gatech.edu/images/building/133_small.jpg","FACUpdate":null,"DevAction":"Keep","Note":null,"PPV1":"False","Shape__Area":7428.35986328125,"Shape__Length":397.23463831017409,"WhiteRoof":"No","FloodedBldg":"No"}},{"type":"Feature","id":145,"geometry":{"type":"Polygon","coordinates":[[[-84.4004759616213,33.7825927282384],[-84.4000498205809,33.7825890176586],[-84.4000490259296,33.7822964479539],[-84.4001843114656,33.7822984506531],[-84.4001926734557,33.7823888045691],[-84.4001642643613,33.7823888583283],[-84.4001658717662,33.7824826134287],[-84.4003200867354,33.7824811926568],[-84.4003154235329,33.7822586659915],[-84.4004791139157,33.7822594848136],[-84.4004759616213,33.7825927282384]]]},"properties":{"OBJECTID":145,"ACCESSTYPE":"Public","Address":"1015 TUMLIN ST","ASF":9239,"BLDG_CODE":"791","CONDITION":null,"BLDG_TYPE":"Admin/Services","FLOORCOUNT":1,"GSF":11743,"BLDG_NAME":"Day Care","OWNEDBY2":"Other","PLANRENO":null,"BLDG_NUM":"791","Common_Name":"Landon Learning Center (Daycare)","Heating":0,"Cooling":1,"Cistern":0,"Steam":"No","CHW":"No","Electric":"GPC","Gas":"No","OWNEDBY":null,"UNDERGROUND":"No","GlobalID":"7091c5a5-248d-41e7-b1f9-97fea2e89ed4","Creator":"malexander_GTFM","EditDate":1656474313000,"Editor":"malexander_GTFM","STATUS":null,"NRHP_ELIG":null,"NRHP_TRT":null,"NRHP_VAL":null,"NRHP_PHS":null,"EVENTS":null,"CONSTDATE":null,"RENODATE":null,"BUILDING_TYPE_NEW":"Unknown","Photos":"https://fm-gis2.ad.gatech.edu/images/building/791_small.jpg","FACUpdate":null,"DevAction":"Keep","Note":null,"PPV1":"False","Shape__Area":11688.54736328125,"Shape__Length":651.62181602159728,"WhiteRoof":"No","FloodedBldg":"No"}},{"type":"Feature","id":146,"geometry":{"type":"Polygon","coordinates":[[[-84.403907073269,33.7787408326382],[-84.4039071664385,33.7787268460474],[-84.403892371615,33.7787267771103],[-84.4038923579637,33.7787288752786],[-84.4038784010307,33.7787288101391],[-84.4038784070986,33.7787278778202],[-84.403814318223,33.7787276051706],[-84.4037825895102,33.7787274326115],[-84.4037828727139,33.7786848326596],[-84.4037435825559,33.7786846502744],[-84.4037442792527,33.7785801015883],[-84.4037479083069,33.7785801180593],[-84.4037479014782,33.7785811666927],[-84.4037835625347,33.7785813326068],[-84.4037839242674,33.7785374512568],[-84.4038132335928,33.7785377619094],[-84.4039892938335,33.7785373540267],[-84.4039891611168,33.7785812376417],[-84.4040284512276,33.7785814199489],[-84.4040287101516,33.7785848655614],[-84.404028710281,33.778584912447],[-84.4040282745551,33.7786860857519],[-84.4039884657973,33.7786857863258],[-84.4039883612664,33.7787015212401],[-84.4039884886282,33.77872382063],[-84.4039879741829,33.7787275589631],[-84.4039451306715,33.7787270210117],[-84.4039450375083,33.7787410076025],[-84.4039447772973,33.7787801695144],[-84.403944684134,33.7787941561051],[-84.4039056034027,33.7787939760739],[-84.4039059902659,33.7787799907219],[-84.403907073269,33.7787408326382]]]},"properties":{"OBJECTID":146,"ACCESSTYPE":"Student","Address":"871 MCMILLAN ST","ASF":8832,"BLDG_CODE":"106","CONDITION":null,"BLDG_TYPE":"Residence Halls","FLOORCOUNT":3,"GSF":16342,"BLDG_NAME":"Fulmer Residence Hall","OWNEDBY2":"GT","PLANRENO":null,"BLDG_NUM":"106","Common_Name":"Fulmer Dorm","Heating":1,"Cooling":3,"Cistern":0,"Steam":"No","CHW":"TEN","Electric":"GTME","Gas":"WCGS","OWNEDBY":null,"UNDERGROUND":"No","GlobalID":"9077eb2b-efa5-4dc0-a375-f60b365d9709","Creator":"malexander_GTFM","EditDate":1656474313000,"Editor":"malexander_GTFM","STATUS":null,"NRHP_ELIG":null,"NRHP_TRT":null,"NRHP_VAL":null,"NRHP_PHS":null,"EVENTS":null,"CONSTDATE":null,"RENODATE":null,"BUILDING_TYPE_NEW":"Housing","Photos":"https://fm-gis2.ad.gatech.edu/images/building/106_small.jpg","FACUpdate":null,"DevAction":"Keep","Note":null,"PPV1":"False","Shape__Area":5510.8056640625,"Shape__Length":362.18299706267538,"WhiteRoof":"No","FloodedBldg":"No"}},{"type":"Feature","id":147,"geometry":{"type":"MultiPolygon","coordinates":[[[[-84.4053049708819,33.7801027905782],[-84.4053049660039,33.78010142098],[-84.4052907510795,33.7801014619928],[-84.4052907200267,33.7800941577793],[-84.4052822461401,33.7800941822797],[-84.4052821970305,33.7800823130428],[-84.4052802837118,33.7800823185457],[-84.4052802005681,33.7800624589446],[-84.4052821149661,33.7800624534396],[-84.4052819503928,33.7800229632533],[-84.4052904242723,33.7800229387529],[-84.4052900972758,33.7799439574737],[-84.4052881828804,33.7799439629788],[-84.405288100815,33.7799241033752],[-84.4052900141302,33.7799240978722],[-84.4052898973992,33.7798960206894],[-84.4052565482855,33.7798961176307],[-84.4052565531627,33.779897487229],[-84.4052324974419,33.7798975562773],[-84.4052324925651,33.7798961866791],[-84.4051690724551,33.7798963714811],[-84.40516911072,33.7799055024256],[-84.4051488816264,33.7799055604554],[-84.4051488875816,33.7799069300515],[-84.4051251050376,33.7799069994527],[-84.4051250990827,33.7799056298565],[-84.4051045968144,33.7799056893085],[-84.405065233495,33.7799058032283],[-84.4050450044011,33.779905861241],[-84.4050450103547,33.7799072308372],[-84.4050209546333,33.779907300746],[-84.40502094868,33.7799059311497],[-84.4050007206659,33.7799059891531],[-84.4050006824213,33.77989685911],[-84.4049372633843,33.7798970419875],[-84.4049372693362,33.7798984115837],[-84.4049132125372,33.7798984814736],[-84.4049132065857,33.7798971118774],[-84.4048798585503,33.7798972087148],[-84.4048799303308,33.779914557241],[-84.404888677377,33.779914532241],[-84.4048889728004,33.7799857521727],[-84.4048189931404,33.7799859548674],[-84.4048190230733,33.7799932590834],[-84.4047720053683,33.7799933957963],[-84.4047720102378,33.7799947653946],[-84.4047479544888,33.7799948343486],[-84.4047479496197,33.7799934647503],[-84.4047337347124,33.7799935056989],[-84.4047337047867,33.7799862014828],[-84.4047249566533,33.779986226474],[-84.4047249076182,33.7799743563347],[-84.4047232674791,33.7799743613019],[-84.404723185544,33.7799545016975],[-84.4047248256851,33.7799544976319],[-84.4047246613656,33.7799150065413],[-84.4047334094918,33.7799149815502],[-84.4047331250153,33.7798465008114],[-84.4047243779758,33.7798465258004],[-84.4047242142906,33.7798072637273],[-84.4047225741523,33.7798072677929],[-84.4047224915866,33.7797871800715],[-84.4047241317246,33.7797871760058],[-84.4047240826899,33.7797753058661],[-84.4047328297196,33.7797752799755],[-84.4047327997941,33.7797679757592],[-84.4047470146641,33.7797679348109],[-84.4047470087153,33.7797665652146],[-84.404771064398,33.7797664953594],[-84.4047710703472,33.7797678649556],[-84.4048180868517,33.7797677291473],[-84.4048181178642,33.7797750333616],[-84.4049126983112,33.7797747597327],[-84.4049126923597,33.7797733901364],[-84.4049367491237,33.7797733202468],[-84.4049367550756,33.779774689843],[-84.4050001750996,33.7797745060625],[-84.4050001368528,33.7797653751176],[-84.4050203659137,33.7797653171124],[-84.4050203599605,33.7797639475161],[-84.4050444156419,33.7797638776077],[-84.4050444215955,33.7797652472039],[-84.4050646495765,33.7797651891935],[-84.4051040139113,33.7797650752721],[-84.4051245161462,33.7797650158204],[-84.4051245101913,33.7797636462242],[-84.4051482926958,33.7797635768232],[-84.4051482975712,33.7797649464216],[-84.4051685266318,33.7797648883921],[-84.4051685648965,33.7797740193369],[-84.4052319838365,33.7797738345377],[-84.40523197788,33.7797724649414],[-84.4052560335633,33.7797723949917],[-84.4052560395203,33.7797737645879],[-84.4053506221219,33.7797734906192],[-84.4053505910643,33.7797661864053],[-84.4053976086454,33.7797660503741],[-84.4053976026862,33.7797646807779],[-84.405421658367,33.7797646107959],[-84.4054216643266,33.7797659803921],[-84.4054358791954,33.7797659393644],[-84.4054359091805,33.7797732435803],[-84.4054446572918,33.7797732185388],[-84.4054447064259,33.7797850886778],[-84.4054463465612,33.779785083701],[-84.4054464303756,33.7798051714192],[-84.4054447902399,33.779805176396],[-84.4054449531741,33.7798444384688],[-84.4054362061354,33.7798444635083],[-84.40543653606,33.7799236738017],[-84.405438176198,33.7799236688249],[-84.4054382589311,33.7799437565447],[-84.4054366187927,33.7799437615215],[-84.4054367332235,33.7799713815713],[-84.4054575086843,33.7799713215354],[-84.4054574793302,33.7799642454362],[-84.4055427687366,33.7799639983186],[-84.4055430102255,33.7800222066276],[-84.4055517572822,33.7800221815805],[-84.4055520532528,33.7800934006053],[-84.4055433061888,33.7800934256525],[-84.4055433361859,33.7801007307696],[-84.4054580477237,33.7801009778861],[-84.4054577929511,33.7800939923884],[-84.4054227541453,33.7800937752632],[-84.4054037429679,33.7800938300768],[-84.405376009563,33.7800939107763],[-84.4053760395433,33.7801012149919],[-84.4053290217791,33.7801013510156],[-84.4053290266599,33.7801027215155],[-84.4053049708819,33.7801027905782]]],[[[-84.404785640675,33.7804679155417],[-84.4047856992622,33.7804606030405],[-84.40453117871,33.7804591932221],[-84.4045311658554,33.7804607927754],[-84.404507082421,33.7804606588647],[-84.404507095276,33.7804590593114],[-84.4044124017311,33.7804585339865],[-84.4044123441944,33.7804658473872],[-84.4043652711432,33.7804655864244],[-84.4043652598149,33.7804669578571],[-84.4043411763788,33.780466823914],[-84.4043411877075,33.7804654524813],[-84.4043269561967,33.7804653743973],[-84.4043270137407,33.7804580609966],[-84.4043182567167,33.7804580120408],[-84.4043183487008,33.7804463571251],[-84.4043167074331,33.7804463476627],[-84.4043168667642,33.7804262369357],[-84.4043185075818,33.7804264745166],[-84.4043188231841,33.7803867093037],[-84.4043275812806,33.7803867582574],[-84.4043282105025,33.7803076858731],[-84.4043268413411,33.7803076776902],[-84.4043270017496,33.7802875669607],[-84.404328644094,33.7802875764208],[-84.40432906453,33.7802345558358],[-84.404318116662,33.7802344957712],[-84.4043185078935,33.7801853640622],[-84.4043184956095,33.7801809162421],[-84.4043185341727,33.7801761130737],[-84.4043185464567,33.7801805608938],[-84.4043187738227,33.7801518527938],[-84.4043188075707,33.7801476519374],[-84.4043192362876,33.7800937179629],[-84.4043301841377,33.7800937780275],[-84.4043306056573,33.780040759242],[-84.4043289633201,33.7800407506835],[-84.4043291237254,33.7800206390515],[-84.404330764985,33.7800206485137],[-84.4043313942009,33.7799415752232],[-84.4043226361523,33.7799415271712],[-84.4043229486958,33.7799022190981],[-84.404321307441,33.7799022105374],[-84.4043214667684,33.779882098907],[-84.4043231091051,33.7798821083672],[-84.4043232036951,33.7798702244261],[-84.4043316874747,33.7798702712029],[-84.4043317461004,33.7798629587011],[-84.4043459764343,33.7798630376887],[-84.4043459877629,33.7798616662559],[-84.4043697978451,33.77986179802],[-84.404369786517,33.7798631694529],[-84.4044174056026,33.7798634329694],[-84.4044173469866,33.7798707463729],[-84.4044584237319,33.7798709746904],[-84.4044597950433,33.7798709819661],[-84.4044622299321,33.7798709953072],[-84.4044750932749,33.779871066996],[-84.4044774288242,33.7798710796265],[-84.4044874091714,33.7798711352301],[-84.404487321795,33.7798821048835],[-84.4044871901906,33.7798985593645],[-84.4044870741226,33.779913212317],[-84.4044870581368,33.779915241964],[-84.4044869291411,33.7799314683222],[-84.4044869059818,33.7799344185686],[-84.404486844371,33.7799422089511],[-84.4044780873995,33.7799421600064],[-84.4044774583184,33.7800212332971],[-84.4044791006578,33.7800212427553],[-84.4044789402849,33.7800413534857],[-84.4044772979452,33.7800413440276],[-84.404476876516,33.7800943628131],[-84.4044878243688,33.7800944237653],[-84.4044876881797,33.7801115635093],[-84.4044896037035,33.7801115742442],[-84.4044894448622,33.7801314568537],[-84.4044875293379,33.7801314461188],[-84.4044873946778,33.7801483577421],[-84.4044871336282,33.7801812666985],[-84.4044871192487,33.7801830961758],[-84.404486997439,33.7801984064422],[-84.4044889129648,33.780198417177],[-84.4044887552055,33.7802183006858],[-84.4044868396792,33.780218289951],[-84.4044867050189,33.780235201574],[-84.4044757571483,33.7802351406217],[-84.404475335723,33.7802881612089],[-84.4044769780649,33.7802881697655],[-84.404476817694,33.7803082813966],[-84.4044751764289,33.7803082719364],[-84.4044749528592,33.7803363813323],[-84.4045080675338,33.7803365654671],[-84.4045080803863,33.7803349650121],[-84.404531890602,33.780335097646],[-84.4045318777475,33.7803366971994],[-84.4046678964706,33.7803374502011],[-84.4046679082429,33.7803358506498],[-84.4046917184564,33.7803359823513],[-84.4046917056049,33.7803375819046],[-84.4047253688066,33.7803377685297],[-84.4047255896863,33.7803098872564],[-84.4047239484237,33.7803098787011],[-84.4047241076571,33.780289767072],[-84.4047257500015,33.7802897765268],[-84.4047263762492,33.7802109322636],[-84.4047176192529,33.7802108842377],[-84.4047179316138,33.7801715752644],[-84.4047162892715,33.7801715658094],[-84.4047164495889,33.7801514550794],[-84.404718090851,33.7801514645364],[-84.4047181853865,33.7801395805957],[-84.4047266691927,33.7801396273453],[-84.4047267267027,33.7801323139442],[-84.4047409581609,33.780132392884],[-84.404740968406,33.7801310223549],[-84.4047647785629,33.7801311540425],[-84.4047647683208,33.7801325254732],[-84.4048123875557,33.7801327888367],[-84.4048123300531,33.7801401022378],[-84.4048536618506,33.7801399764841],[-84.4048733601234,33.7801404406815],[-84.4048770335233,33.7801404606402],[-84.4048823913753,33.7801404899703],[-84.4048818269057,33.7802115654918],[-84.404873068827,33.7802115165774],[-84.4048725340921,33.7802789042888],[-84.4048721674376,33.7803250983722],[-84.4048718725719,33.7803621207245],[-84.4048716532651,33.7803897729754],[-84.4048804113619,33.7803898218898],[-84.4048803672063,33.7803953238484],[-84.4048798442801,33.7804611246296],[-84.4048710872557,33.780461075713],[-84.4048710286782,33.7804683891158],[-84.404785640675,33.7804679155417]]],[[[-84.4058778428224,33.780467107879],[-84.4058778569966,33.7804597774306],[-84.4057826635385,33.7804596490493],[-84.4057826608784,33.7804610231702],[-84.4057585194171,33.7804609906011],[-84.4057585220751,33.7804596155785],[-84.4056227271645,33.780459431386],[-84.4056227240605,33.7804610354288],[-84.4055985825991,33.7804610028284],[-84.4055985857035,33.7804593987856],[-84.4054621737761,33.7804594338106],[-84.4054622385301,33.7804605896016],[-84.4054380970661,33.7804605560681],[-84.4054380997318,33.7804591819472],[-84.4053434547927,33.7804590530674],[-84.405343440573,33.7804663835159],[-84.4052962546914,33.7804663196863],[-84.405296252026,33.7804676947089],[-84.4052721105599,33.780467661143],[-84.4052721132282,33.780466287022],[-84.4052578473273,33.7804662677191],[-84.405257862634,33.7804589372685],[-84.4052490830375,33.7804589253901],[-84.405249098597,33.7804509069794],[-84.4052491057109,33.7804472417551],[-84.4052474601441,33.7804472395267],[-84.4052474992696,33.7804270803423],[-84.4052491459157,33.7804270825687],[-84.4052476497922,33.780387514712],[-84.4052580013411,33.7803874631407],[-84.4052580386877,33.7803682209384],[-84.4052338972544,33.7803681891682],[-84.4052338830254,33.7803755196169],[-84.4051482909469,33.78037540284],[-84.4051483071509,33.7803672239341],[-84.4051484059151,33.7803167583466],[-84.405139626333,33.7803167464604],[-84.4051397039342,33.7802773441691],[-84.4051380572909,33.7802773419413],[-84.4051377503125,33.7802577433503],[-84.4051397430851,33.7802571849841],[-84.4051397662186,33.7802452723285],[-84.4051485447161,33.7802452851185],[-84.40514855895,33.780237953768],[-84.4051628248131,33.7802379730837],[-84.4051628274832,33.7802365989627],[-84.4051866946215,33.7802366312771],[-84.4051864326953,33.7802391329628],[-84.4052341546587,33.7802390398127],[-84.4052341366626,33.7802454009941],[-84.4052890038763,33.780245475241],[-84.4052890180982,33.7802381438906],[-84.4053362038573,33.7802382086251],[-84.405336206522,33.7802368336025],[-84.4053603479208,33.7802368662544],[-84.4053603452564,33.7802382412771],[-84.4053746100397,33.7802382605704],[-84.4053745958226,33.7802455910192],[-84.4053833743176,33.7802456028908],[-84.4053833512179,33.7802575155463],[-84.4053849978608,33.7802575177709],[-84.4053849587673,33.7802776769557],[-84.4053833121241,33.7802776747311],[-84.4053832357117,33.7803170761183],[-84.4053744572094,33.7803170642467],[-84.4053744188115,33.7803363073528],[-84.4054386131113,33.7803363950484],[-84.4054386157744,33.7803350200258],[-84.4054627572006,33.7803350526576],[-84.4054627545379,33.7803364276802],[-84.4055988235134,33.7803366115186],[-84.4055988266178,33.7803350074758],[-84.4056226937832,33.7803350397058],[-84.4056226906792,33.7803366437486],[-84.4057590349974,33.7803368286804],[-84.4057590380988,33.7803352246376],[-84.4057829052666,33.7803352577382],[-84.4057829021631,33.7803368608794],[-84.4058166448761,33.7803369063951],[-84.4058166989343,33.7803089587219],[-84.4058150533702,33.780308956501],[-84.4058150923628,33.7802887973166],[-84.4058167379265,33.7802887995374],[-84.4058168418036,33.7802356524303],[-84.4058058681463,33.7802356376302],[-84.4058059009376,33.7802186856295],[-84.4058042553752,33.7802186834085],[-84.4058042939246,33.7801987523422],[-84.4058059405664,33.7801987545612],[-84.4058059738009,33.7801815735402],[-84.4058060376102,33.7801485856192],[-84.4058060693218,33.7801316336204],[-84.4058044237611,33.7801316313993],[-84.4058044627564,33.7801114722143],[-84.4058061083167,33.7801114744353],[-84.4058061411079,33.7800945224343],[-84.4058171147472,33.7800945372344],[-84.4058172186295,33.7800413919289],[-84.4058155719908,33.7800413897101],[-84.4058155967262,33.7800285330226],[-84.4058156109836,33.7800212305247],[-84.4058172576219,33.7800212327436],[-84.405817320566,33.7799420902174],[-84.4058085320385,33.7799419539682],[-84.4058085170211,33.7799314993554],[-84.4058086569597,33.7798703455156],[-84.4058790005344,33.7798705797568],[-84.4058790147087,33.7798632493077],[-84.4059262002587,33.7798633129159],[-84.4059262029141,33.7798619378931],[-84.4059503442072,33.7798619704302],[-84.4059503415522,33.7798633454529],[-84.4059646073528,33.7798633646762],[-84.4059645931858,33.7798706951252],[-84.4059733716424,33.7798707069551],[-84.4059733486241,33.779882619611],[-84.40597499418,33.7798826218298],[-84.4059749552245,33.7799027810155],[-84.4059733085884,33.7799027787988],[-84.4059732324454,33.7799421801876],[-84.4059644539815,33.7799421683577],[-84.4059642997272,33.7800214309803],[-84.4059659463656,33.7800214331971],[-84.4059659063283,33.7800415923844],[-84.4059642607693,33.7800415901655],[-84.4059641051815,33.780121538044],[-84.405966300342,33.7801215410005],[-84.4059661301543,33.7802090510517],[-84.4059639296079,33.7802090535156],[-84.4059638836384,33.7802356216478],[-84.4059638627531,33.7802463603496],[-84.4059635883575,33.7803884195729],[-84.4059723668669,33.7803884314026],[-84.4059722287507,33.780459904627],[-84.4059634491542,33.7804598927994],[-84.4059634349874,33.7804672232478],[-84.4058778428224,33.780467107879]]]]},"properties":{"OBJECTID":147,"ACCESSTYPE":"Student","Address":"555 EIGHTH ST","ASF":151371,"BLDG_CODE":"130","CONDITION":null,"BLDG_TYPE":"Residence Halls","FLOORCOUNT":6,"GSF":289933,"BLDG_NAME":"Eighth Street Apts","OWNEDBY2":"GT","PLANRENO":null,"BLDG_NUM":"130","Common_Name":"Eighth St Apts (ESA)","Heating":1,"Cooling":3,"Cistern":0,"Steam":"No","CHW":"TEN","Electric":"GTME","Gas":"WCGS","OWNEDBY":null,"UNDERGROUND":"No","GlobalID":"a457ad7f-8374-4454-b649-1498a663da2a","Creator":"malexander_GTFM","EditDate":1656474313000,"Editor":"malexander_GTFM","STATUS":null,"NRHP_ELIG":null,"NRHP_TRT":null,"NRHP_VAL":null,"NRHP_PHS":null,"EVENTS":null,"CONSTDATE":null,"RENODATE":null,"BUILDING_TYPE_NEW":"Housing","Photos":"https://fm-gis2.ad.gatech.edu/images/building/130_small.jpg","FACUpdate":null,"DevAction":"Keep","Note":null,"PPV1":"False","Shape__Area":56959.305419921875,"Shape__Length":2955.663203951196,"WhiteRoof":"No","FloodedBldg":"No"}},{"type":"Feature","id":148,"geometry":{"type":"MultiPolygon","coordinates":[[[[-84.3967594044687,33.7823416680476],[-84.3967281888816,33.7823364218373],[-84.3967275577262,33.7823390396045],[-84.3967042216568,33.782335117649],[-84.3967022221412,33.7823445012491],[-84.3966618836455,33.7823377211889],[-84.3966641541016,33.7823283037234],[-84.3966409336254,33.7823244004752],[-84.3966415743905,33.7823217412146],[-84.3966105251788,33.7823165226156],[-84.3966073992833,33.7823294860633],[-84.3965662668003,33.7823225722036],[-84.396574572235,33.7822881127697],[-84.3965536073847,33.7822845894057],[-84.3965560647391,33.7822743952726],[-84.3965603376014,33.78225666717],[-84.3965692592627,33.7822196603263],[-84.396590356971,33.7822232059814],[-84.3965986367707,33.7821888583978],[-84.3966396384785,33.7821957499494],[-84.3966365136714,33.7822087133959],[-84.3966676957213,33.7822139551839],[-84.3966683631829,33.7822111849703],[-84.396700474267,33.7822165819056],[-84.3967227667627,33.7822203290839],[-84.3967550096471,33.7822257483006],[-84.3967543421858,33.7822285176129],[-84.3967855147345,33.7822338351274],[-84.396788638433,33.7822208689743],[-84.3968108661106,33.7822246027328],[-84.3968296477222,33.7822277577435],[-84.3968213712698,33.7822621125492],[-84.3968438009703,33.7822658801876],[-84.3968482828364,33.782247189624],[-84.3968547739322,33.7822203326679],[-84.3968580914482,33.7822208900112],[-84.3968643655193,33.7821948467483],[-84.3968488376925,33.7821922383854],[-84.3968570874295,33.7821579945304],[-84.3968982295649,33.7821649046688],[-84.3969058385266,33.7821333209741],[-84.3968646964034,33.7821264099365],[-84.3968703364061,33.7821035110103],[-84.3968730174368,33.7820921821768],[-84.3968883423818,33.7820944374682],[-84.3968948383783,33.782068613792],[-84.3968914550183,33.7820680628841],[-84.3968979342268,33.7820412122588],[-84.3969024216714,33.7820225974208],[-84.3969088621603,33.781995806376],[-84.3969121796679,33.7819963637178],[-84.3969184804068,33.7819702104002],[-84.3969029526189,33.7819676020438],[-84.3969112023134,33.7819333581841],[-84.3969523443456,33.7819402683051],[-84.396956589323,33.7819226475366],[-84.3970343611121,33.7819357115585],[-84.3970299334164,33.7819532388991],[-84.3970712582009,33.7819602424109],[-84.3970629818702,33.7819945972338],[-84.397047454076,33.7819919897973],[-84.3970411800748,33.78201803307],[-84.3970444986638,33.7820185904063],[-84.3970398532318,33.7820378736675],[-84.3970510005409,33.782039746323],[-84.3970485176365,33.7820500523186],[-84.3970429121596,33.7820733253735],[-84.3970318123205,33.782071439104],[-84.397027091629,33.7820908460312],[-84.397023774117,33.7820902886925],[-84.3970175001016,33.7821163319637],[-84.3970330279197,33.7821189403054],[-84.3970247515588,33.7821532951249],[-84.3969836094166,33.7821463841271],[-84.3969760004848,33.7821779687281],[-84.3970171426415,33.7821848797284],[-84.3970088940454,33.7822191235917],[-84.3969937104719,33.7822164442757],[-84.3969870921763,33.7822425585162],[-84.3969904096939,33.7822431158558],[-84.3969858518982,33.7822624728862],[-84.3969968555615,33.7822643223716],[-84.3969948178924,33.7822719451237],[-84.3969887350226,33.7822980051673],[-84.3969606627067,33.7822931652033],[-84.3969539657165,33.7823209476425],[-84.3969327016083,33.782317374409],[-84.3969243621305,33.7823519718827],[-84.3968831939646,33.7823450527855],[-84.3968866880058,33.782332081431],[-84.3968552100154,33.7823268312341],[-84.396854528669,33.7823296564752],[-84.3968280241518,33.7823252012664],[-84.3968266913582,33.7823307272646],[-84.3968056271017,33.7823271869976],[-84.3967973409678,33.7823615625572],[-84.3967562732705,33.78235465946],[-84.3967594044687,33.7823416680476]]],[[[-84.3954377136305,33.7828099821992],[-84.395405578946,33.7828099777528],[-84.3954055789764,33.7828128323789],[-84.3953460952554,33.7828128245105],[-84.3953460963068,33.7828099698824],[-84.3953139616221,33.7828099654122],[-84.3953139593294,33.7828233242733],[-84.3952719207625,33.7828233183063],[-84.3952717133379,33.7827879216871],[-84.3952353393876,33.7827879160333],[-84.3952353337625,33.7828166904228],[-84.3951929431852,33.7828166841794],[-84.3951929467937,33.782798528534],[-84.3951504201719,33.7827985225278],[-84.3951504279792,33.7827632400193],[-84.3951665633409,33.7827632426017],[-84.3951665684414,33.7827362949572],[-84.3951630137605,33.7827362943262],[-84.3951630183748,33.7827132291905],[-84.3951446953633,33.7827132270516],[-84.3951447046401,33.7826662979174],[-84.3951173567285,33.7826662935493],[-84.3951173574835,33.782663324412],[-84.3950852228532,33.782663319882],[-84.395085219749,33.7826767932546],[-84.3950429663781,33.7826767885088],[-84.395042973622,33.7826412769812],[-84.3950341765542,33.7826412761303],[-84.3950212320018,33.7826412739375],[-84.3950212358703,33.782620761376],[-84.3950208199514,33.7826068532813],[-84.3951267293125,33.7826061018305],[-84.3951264133593,33.7825566486754],[-84.3951741211973,33.7825564359128],[-84.3951736492878,33.7824828287243],[-84.3951716967592,33.7821025656296],[-84.3951702352128,33.7819258781352],[-84.3951692611945,33.7818811319091],[-84.3951699934522,33.7818458201027],[-84.3951135221217,33.7818450780087],[-84.3951136027102,33.7818172736521],[-84.395106916134,33.7818174663607],[-84.3951067409199,33.7817530969285],[-84.3949157588163,33.7817526208088],[-84.394896878723,33.7817525736788],[-84.3948657786686,33.7817524959469],[-84.3948491434551,33.7817524545764],[-84.3948178695544,33.7817523762523],[-84.394805922779,33.7817523460439],[-84.3948066091184,33.7817774440303],[-84.3947695193118,33.7817793285202],[-84.3947443044221,33.7817785744607],[-84.3947441851931,33.7817494811124],[-84.3947511810397,33.7817494609687],[-84.3947511298943,33.7817370913149],[-84.3947430369993,33.7817371143878],[-84.3947428683136,33.7816958804015],[-84.3947927958869,33.7816957367185],[-84.3947930873456,33.7816773785677],[-84.3948175605139,33.7816773621756],[-84.3948179546341,33.7816773623485],[-84.3948273379066,33.7816773567213],[-84.3948272754289,33.7816745626207],[-84.3948489572188,33.7816744909727],[-84.3948652045702,33.7816744546169],[-84.3948869436145,33.7816743927745],[-84.3948869544467,33.7816772554961],[-84.3948965699472,33.7816772782869],[-84.3949154474961,33.7816771865674],[-84.3949215211805,33.7816771573],[-84.3949214303266,33.7816954168001],[-84.3950156921321,33.781695099947],[-84.3950156168075,33.781676888542],[-84.3950501835384,33.7816767894083],[-84.3950501716185,33.7816739257871],[-84.3951098387181,33.781673754032],[-84.3951098506399,33.7816766176531],[-84.3951444173728,33.7816765193946],[-84.3951444916449,33.7816947308015],[-84.3951959287388,33.7816945832588],[-84.395196004104,33.7817127955651],[-84.3952001191147,33.7817127834361],[-84.3952414063625,33.7817126654909],[-84.3952413309877,33.7816944531846],[-84.3952758977274,33.7816943548893],[-84.3952758858,33.7816914912682],[-84.3952956251097,33.7816914348618],[-84.3952993406051,33.7816914243713],[-84.3953355518332,33.7816913203075],[-84.3953355637626,33.7816941839286],[-84.3953701294197,33.7816940847072],[-84.3953702048218,33.7817122970133],[-84.3954644386902,33.7817120258534],[-84.3954643632706,33.7816938144491],[-84.3954989289273,33.7816937151917],[-84.3954989180746,33.7816908524703],[-84.3955585841063,33.7816906814017],[-84.3955585960431,33.7816935450227],[-84.3955931627791,33.7816934457369],[-84.395593238226,33.781711657141],[-84.3956873338856,33.7817113878706],[-84.3956872594986,33.7816931764646],[-84.3957218251544,33.7816930771447],[-84.3957218132121,33.7816902135238],[-84.3957814813994,33.7816900414418],[-84.3957814933436,33.7816929050627],[-84.3958160590014,33.7816928066181],[-84.3958161334157,33.7817110180239],[-84.3958630307568,33.7817111392102],[-84.3958667488101,33.7817108726291],[-84.3958666128375,33.7817445477376],[-84.3959533012911,33.7817442992352],[-84.3959533792579,33.781763427613],[-84.3959546145188,33.7817634244161],[-84.3959546299896,33.7817672041078],[-84.3959897010382,33.7817671145935],[-84.3959891156434,33.7818245878074],[-84.395972836249,33.78182476593],[-84.3959729961797,33.7818637088339],[-84.3959948065351,33.7818636466637],[-84.3959949244947,33.7818925100907],[-84.39599835386,33.7818925010126],[-84.3959985590004,33.781942324954],[-84.3959951296356,33.7819423349338],[-84.3959952486753,33.7819711983585],[-84.3959734382951,33.7819712614304],[-84.3959737624544,33.7820499487957],[-84.3959955717772,33.7820498866272],[-84.3959956908175,33.7820787500513],[-84.3959991191081,33.7820787400735],[-84.3959992220687,33.7821035956896],[-84.3959993242524,33.7821285649151],[-84.3959958948801,33.7821285748949],[-84.3959960139208,33.7821574383187],[-84.3959742045708,33.7821575004873],[-84.3959745276551,33.7822361887538],[-84.3959963370251,33.782236126585],[-84.3959964560663,33.7822649900083],[-84.395999885444,33.7822649800284],[-84.3959999971384,33.7822918968011],[-84.3959866289416,33.7822917368062],[-84.3959615679886,33.7822920809204],[-84.3959620513027,33.7823174461633],[-84.3959025739289,33.7823172600238],[-84.3958474328211,33.7823174183477],[-84.3958473292961,33.7822923346157],[-84.3958381392933,33.7822923606997],[-84.3958380287293,33.7822654439246],[-84.3958411892438,33.78226543535],[-84.3958413391179,33.7822365705254],[-84.3958649322825,33.7822365032637],[-84.3958646094387,33.7821582730349],[-84.395841701816,33.7821578809847],[-84.3958416747374,33.7821513630014],[-84.3958415817449,33.7821290166609],[-84.3958374667145,33.7821290288115],[-84.3958372312028,33.7820795241119],[-84.3958403517658,33.7820795183165],[-84.3958403680839,33.7820507799702],[-84.3958619852064,33.7820507181823],[-84.395862058389,33.7819715801548],[-84.3958402490858,33.7819716422996],[-84.3958401311778,33.7819427788726],[-84.3958367018129,33.781942788848],[-84.3958364967662,33.7818929649059],[-84.3958399261291,33.7818929549305],[-84.3958398071393,33.7818640906035],[-84.3958616164152,33.7818640284589],[-84.3958613698589,33.7818038960193],[-84.3958165160784,33.7818040244016],[-84.3957841444762,33.7818041169695],[-84.3957842185791,33.7818222138659],[-84.3957820244807,33.7818222206446],[-84.3957820367299,33.7818251987746],[-84.395778470238,33.7818252090029],[-84.3957223684465,33.7818253699556],[-84.395722357584,33.7818225063327],[-84.3956877907964,33.7818226056549],[-84.3956877164091,33.7818043942492],[-84.395593619568,33.7818046635224],[-84.3955936950152,33.7818228749261],[-84.3955591271474,33.7818229742143],[-84.3955591390843,33.7818258378353],[-84.3954994729589,33.7818260089045],[-84.395499461024,33.7818231452836],[-84.395464895313,33.7818232436397],[-84.395464819893,33.7818050322357],[-84.3953705870025,33.7818053033943],[-84.3953706624025,33.7818235147984],[-84.3953360956112,33.7818236131205],[-84.3953361075406,33.7818264767415],[-84.3952998962556,33.7818265808057],[-84.3952764403339,33.7818266477049],[-84.3952764284065,33.7818237840839],[-84.3952418626969,33.7818238832792],[-84.3952417873242,33.7818056718749],[-84.3952005000317,33.7818057898204],[-84.3951966592773,33.7818058005399],[-84.3951967172108,33.7818198887272],[-84.3951917794078,33.7818199032815],[-84.3951918952731,33.7818480796561],[-84.3951927209652,33.7818487642832],[-84.3951928531808,33.7818810638767],[-84.3952352375606,33.7818809429999],[-84.3952354113803,33.7819232075611],[-84.3952572206723,33.7819231455233],[-84.3952573394645,33.7819520089498],[-84.3952609059617,33.7819519987364],[-84.3952611106779,33.782001823582],[-84.3952575441786,33.7820018337954],[-84.3952576545578,33.7820287496713],[-84.3952737032699,33.7820287037113],[-84.3952738480548,33.7820640968443],[-84.395231326453,33.7820642179887],[-84.3952314606786,33.7820968620078],[-84.3952739822942,33.7820967399617],[-84.395274128157,33.7821321321907],[-84.3952580794256,33.7821321781508],[-84.3952581898078,33.7821590949278],[-84.3952617563136,33.7821590847144],[-84.395261961029,33.7822089086566],[-84.3952583945211,33.78220891887],[-84.3952585052079,33.7822359501558],[-84.3952745539586,33.7822359041955],[-84.3952746998246,33.7822712973254],[-84.3952323919651,33.7822714361074],[-84.3952323112673,33.7823040624905],[-84.3952748329853,33.7823039404436],[-84.39527496388,33.7823357306043],[-84.3952749788493,33.7823393326714],[-84.3952589300792,33.7823393786318],[-84.3952590404623,33.7823662954079],[-84.3952626069768,33.7823662851944],[-84.3952626984044,33.7823885053066],[-84.3952691446951,33.7823884870532],[-84.3952693844229,33.7824470163668],[-84.3952056750932,33.7824471722438],[-84.3952056056274,33.7824811853441],[-84.3952652141565,33.7824811109993],[-84.3952652077024,33.7825079441377],[-84.395261653031,33.7825079435095],[-84.3952616465759,33.7825347766477],[-84.3952776458392,33.7825347785661],[-84.3952776383877,33.7825701755849],[-84.3952352490117,33.7825701693534],[-84.3952352451052,33.7825882095887],[-84.3952062559366,33.7825882055753],[-84.3952062520995,33.7826046480854],[-84.3952486425723,33.7826046543247],[-84.3952486348049,33.782639936834],[-84.3952326366017,33.7826399349099],[-84.3952326304396,33.782666881655],[-84.3952361861974,33.782666882282],[-84.3952361804854,33.7826907462824],[-84.3952543674412,33.7826907495614],[-84.3952543646306,33.7827051363056],[-84.3952717309437,33.7827051383973],[-84.3952717383997,33.782669742281],[-84.3953139917715,33.7826697487518],[-84.395313988399,33.7826831076152],[-84.3953461230363,33.7826831120856],[-84.39534612409,33.7826802583592],[-84.3954056055597,33.7826802662318],[-84.395405690541,33.7826829881578],[-84.3954377391475,33.7826831253066],[-84.3954377424986,33.7826697655416],[-84.3954799958701,33.7826697719556],[-84.3954799914508,33.7826892241764],[-84.3954799884997,33.7827051680715],[-84.3955028239674,33.7827051717108],[-84.3955028221783,33.7827146489648],[-84.3955270257466,33.7827146527676],[-84.3955270271958,33.7827095142574],[-84.3955999110823,33.7827095251303],[-84.395599904733,33.7827363582673],[-84.3955964861054,33.7827363573963],[-84.3955964811396,33.7827633050402],[-84.3956124793654,33.7827633069171],[-84.3956124728273,33.7827985894229],[-84.3955700811798,33.7827985833109],[-84.3955700776509,33.782816738956],[-84.3955275520982,33.7828167321762],[-84.3955275554029,33.7828041721758],[-84.3954980187066,33.782804168345],[-84.3954980220146,33.7827879539542],[-84.395479972174,33.7827879513586],[-84.3954799648064,33.7828233483755],[-84.3954377113594,33.7828233419619],[-84.3954377136305,33.7828099821992]]],[[[-84.3958076627962,33.7828155938206],[-84.3958119615572,33.7827977917617],[-84.3957703967713,33.7827907936853],[-84.3957787497173,33.7827561980692],[-84.3957944375119,33.7827588396304],[-84.395800790055,33.7827325284871],[-84.3957974390333,33.7827319639645],[-84.395803791576,33.7827056537226],[-84.3958083264561,33.782686909],[-84.3958150911457,33.7826588541995],[-84.3958184432444,33.7826594187196],[-84.3958247968528,33.7826331075727],[-84.3958091090826,33.7826304669168],[-84.3958174897721,33.7825957585394],[-84.3958590533876,33.7826027566026],[-84.3958635956383,33.7825839478468],[-84.3958084896964,33.7825746694119],[-84.3958091646701,33.7825718703363],[-84.3957773388113,33.7825665628051],[-84.395774199819,33.7825795244524],[-84.3957330620964,33.7825726905721],[-84.395741442811,33.7825379821994],[-84.3957032302518,33.7825315495233],[-84.3956948495199,33.7825662569919],[-84.3956532848553,33.7825592588753],[-84.3956564472557,33.7825461601366],[-84.3956249388797,33.7825408546818],[-84.3956242628205,33.7825436537584],[-84.3955691547725,33.782534376122],[-84.3955679382937,33.7825394140979],[-84.3954962059116,33.7825273369836],[-84.3955025585293,33.7825010258543],[-84.3955059106198,33.782501590383],[-84.3955122643148,33.7824752801528],[-84.3954965765804,33.7824726385553],[-84.3955049573835,33.7824379310994],[-84.3955465219777,33.7824449292665],[-84.3955508474719,33.7824270153612],[-84.3955843672687,33.7824326588294],[-84.3955900715702,33.7824090349156],[-84.3956016866661,33.7824109906875],[-84.3956306974003,33.7824158752036],[-84.3956284267951,33.7824252800274],[-84.3956339243061,33.7824262057404],[-84.3956518903324,33.7824292308026],[-84.3956512142749,33.7824320298794],[-84.39568272369,33.7824373344241],[-84.3956858860791,33.7824242347828],[-84.395727450681,33.7824312328889],[-84.3957190710481,33.7824659403575],[-84.3957572835794,33.7824723730289],[-84.3957656642772,33.7824376655557],[-84.3958070949386,33.7824446413423],[-84.3958039314851,33.782457740087],[-84.3958354409211,33.7824630454942],[-84.3958361169728,33.7824602464164],[-84.3958595805265,33.7824641962504],[-84.3958630141743,33.7824499771522],[-84.3959036400449,33.7824568173502],[-84.3958966545891,33.7824850772412],[-84.3959302936826,33.7824908989205],[-84.3959259682644,33.7825088128386],[-84.3959676100196,33.7825155663729],[-84.3959588872433,33.7825503267905],[-84.3959434656208,33.7825478768071],[-84.3959371131347,33.7825741879583],[-84.3959405991844,33.7825747747675],[-84.3959351918672,33.78259716649],[-84.3959418960613,33.7825982955236],[-84.395937625111,33.7826159848296],[-84.3959791898256,33.7826229828501],[-84.3959708091964,33.7826576903365],[-84.395955005467,33.7826548948308],[-84.3959487689248,33.782681359949],[-84.3959521210252,33.7826819244654],[-84.3959473908365,33.7827015180095],[-84.3959644192479,33.7827043842741],[-84.3959562287216,33.782738308773],[-84.3959392003014,33.7827354416056],[-84.3959344690271,33.7827550351509],[-84.395931116924,33.782754470634],[-84.3959247644168,33.7827807808821],[-84.3959404522203,33.7827834224247],[-84.395932098257,33.7828180180534],[-84.3958905334519,33.7828110200175],[-84.3958862347066,33.7828288220791],[-84.3958076627962,33.7828155938206]]],[[[-84.3963770515408,33.7829961005965],[-84.3963466254806,33.782970782979],[-84.3963580285702,33.7829612412248],[-84.3963351756901,33.7829421994226],[-84.396332663217,33.7829443013382],[-84.3963158133236,33.7829302615374],[-84.3963076962711,33.7829370534496],[-84.3962986912642,33.7829295495391],[-84.3962872642937,33.782920028634],[-84.3962783556059,33.7829126047896],[-84.3962864726585,33.7829058128793],[-84.3962695264647,33.7828916930043],[-84.3962719430506,33.7828896715153],[-84.396249186524,33.7828707097645],[-84.3962378803988,33.7828801701798],[-84.3962078623142,33.7828551565265],[-84.3962375962248,33.7828303220492],[-84.3962102197789,33.7828070941599],[-84.3961802640499,33.7828321607675],[-84.3961503423164,33.7828072280692],[-84.3961616484418,33.7827977676617],[-84.3961388930435,33.7827788058881],[-84.3961364764575,33.7827808273746],[-84.3961195006319,33.7827669149133],[-84.3961114143376,33.7827734984743],[-84.3960820737864,33.7827490506682],[-84.3961024623007,33.7827319895964],[-84.3960782535424,33.7827118168917],[-84.3960937140744,33.7826988801165],[-84.3960634654821,33.7826740399726],[-84.3960936518057,33.7826488007487],[-84.3961046968446,33.7826580563955],[-84.3961276894277,33.7826392394718],[-84.3961251711569,33.7826371415051],[-84.3961444973331,33.7826209696258],[-84.3961396555839,33.7826169347261],[-84.3961542757275,33.7826047009903],[-84.3961622241941,33.7825978643188],[-84.396180691605,33.7825819789525],[-84.3961622278164,33.7825668358059],[-84.3961888974324,33.7825445190372],[-84.3961864765601,33.782542502039],[-84.3962034830904,33.7825282703089],[-84.3961953493036,33.7825214924018],[-84.3962245313598,33.7824970737124],[-84.3962326419972,33.7825036740354],[-84.3962495757773,33.7824897012079],[-84.3962519966496,33.7824917182049],[-84.3962747035997,33.7824727169465],[-84.3962633756871,33.7824634708574],[-84.3962932327005,33.7824382908043],[-84.3963232506636,33.7824633044391],[-84.3963386152252,33.7824504471568],[-84.3963954044033,33.7824976916354],[-84.3963805199658,33.7825104055701],[-84.3964102948304,33.7825353457005],[-84.3963802004312,33.7825605884374],[-84.3963692903414,33.782551329859],[-84.3963461153582,33.7825701498723],[-84.3963485849337,33.7825722073509],[-84.3963040908745,33.7826093588234],[-84.3962854413306,33.7826249650352],[-84.3962830204537,33.782622948039],[-84.396256605699,33.7826452760751],[-84.3962376612796,33.7826296920254],[-84.396200748932,33.7826605800142],[-84.3962103350418,33.7826685679393],[-84.396204956724,33.7826730681643],[-84.3962352022544,33.7826979596733],[-84.396233079298,33.7826999517626],[-84.3962558585042,33.7827189333111],[-84.3962668984908,33.7827096951952],[-84.3962969847341,33.7827347709219],[-84.3962668895392,33.7827597539567],[-84.3962949228527,33.7827831140556],[-84.3963249022335,33.7827580275398],[-84.3963549416754,33.7827829518619],[-84.3963436291027,33.7827928198451],[-84.3963672775204,33.7828117745086],[-84.396368825725,33.7828104786596],[-84.39639160715,33.7828294601785],[-84.3963802127006,33.7828389947066],[-84.3963974013141,33.782853316085],[-84.3964087946837,33.7828437815573],[-84.3964315750489,33.7828627639722],[-84.3964300268443,33.782864059822],[-84.396452576709,33.7828828497089],[-84.3964635849624,33.7828734547475],[-84.3964935872412,33.7828985846808],[-84.3964636078611,33.782923671237],[-84.3964789805689,33.7829364803106],[-84.3964224036793,33.7829838231419],[-84.3964070309713,33.7829710140614],[-84.3963770515408,33.7829961005965]]],[[[-84.3967086749836,33.7830767269558],[-84.3966768983837,33.7830766067618],[-84.3966769057112,33.7830793477661],[-84.3966527363612,33.7830796606048],[-84.3966527576253,33.7830892315866],[-84.3966114134231,33.7830892942093],[-84.3966113932434,33.7830797232254],[-84.3965875146995,33.7830797596043],[-84.3965875081679,33.7830769113021],[-84.3965554426343,33.7830769602239],[-84.3965555053775,33.7830903397008],[-84.3965133090859,33.7830903542873],[-84.3965132320088,33.7830550340704],[-84.3964914141102,33.7830548105236],[-84.3964912138294,33.7830222766364],[-84.3964913919438,33.782988300305],[-84.3965130871228,33.7829882671099],[-84.396512706816,33.7829526147481],[-84.3965551377062,33.782952731366],[-84.3965551737917,33.7829662371239],[-84.3965872888581,33.782966152044],[-84.3965872607621,33.7829633155034],[-84.3966763619291,33.7829631810126],[-84.3966766022069,33.7829658151879],[-84.3967081009776,33.7829658304069],[-84.3967084037128,33.7829526495133],[-84.3967504170612,33.782952489134],[-84.3967506435044,33.7829879055492],[-84.3967737035386,33.7829878697635],[-84.3967736009777,33.7829410418267],[-84.39677701312,33.7829410372672],[-84.3967765430688,33.7829142627259],[-84.3967606578658,33.7829141381648],[-84.396760911805,33.7828790797104],[-84.3968032115196,33.7828790152558],[-84.3968028319201,33.7828464979326],[-84.3967607206811,33.7828467775301],[-84.3967607639839,33.7828112866758],[-84.3967767286744,33.7828112623163],[-84.3967766700235,33.7827844870073],[-84.3967732589697,33.7827844924664],[-84.3967731989619,33.782756805591],[-84.3967852062167,33.7827567877083],[-84.3967851650457,33.7827377602508],[-84.3967731577935,33.7827377781335],[-84.3967730970124,33.7827102057689],[-84.3967765080633,33.7827102003098],[-84.3967764501887,33.782683311391],[-84.3967604855196,33.7826833348486],[-84.3967604086486,33.7826481291391],[-84.3968027071698,33.7826480646872],[-84.396802665385,33.7826288091129],[-84.3967467216003,33.782628894499],[-84.3967468898632,33.7826255950454],[-84.3967148919488,33.7826262362667],[-84.3967149279433,33.7826396987461],[-84.3966723693106,33.7826398060303],[-84.39664280433,33.7826647493976],[-84.3966312280717,33.782655126014],[-84.3966086586403,33.7826738556842],[-84.3966110719288,33.7826762622012],[-84.3965942089935,33.7826904729816],[-84.3965652476352,33.7827146298677],[-84.3965484062323,33.7827288225687],[-84.3965452727203,33.7827268195284],[-84.396523127909,33.7827456610981],[-84.3965344347342,33.7827550731058],[-84.3965046785346,33.7827800104843],[-84.3964748431185,33.7827550813105],[-84.3964596224265,33.782768047441],[-84.3964027584877,33.7827207878057],[-84.396418072398,33.7827079549528],[-84.396388106373,33.7826830241975],[-84.3964178636553,33.7826580877463],[-84.3964291823376,33.7826675006434],[-84.3964516974368,33.7826486286462],[-84.3964492852274,33.7826466242602],[-84.3964662744074,33.7826323735918],[-84.3964581255815,33.7826256363045],[-84.3964679660425,33.7826168611477],[-84.3964873064194,33.782601180588],[-84.3964954261392,33.7826079359606],[-84.3965122839336,33.7825938216798],[-84.396514744849,33.782595869253],[-84.3965374125339,33.7825771367117],[-84.3965260770914,33.7825675128694],[-84.3965557790345,33.7825425052574],[-84.396586234655,33.7825672006311],[-84.3966011207611,33.7825547147863],[-84.396627693958,33.7825767647276],[-84.3966413281758,33.7825722067206],[-84.3966507291477,33.7825686871887],[-84.396650679701,33.7825501881132],[-84.3966506453628,33.7825373414579],[-84.3966723020785,33.7825371000254],[-84.3966722788918,33.7825284261888],[-84.3966721099051,33.7825152984694],[-84.3966720810543,33.7825020821269],[-84.3967143795039,33.7825020177056],[-84.3967144086674,33.7825153485571],[-84.3967466002202,33.7825152596869],[-84.3967464682284,33.7825123367813],[-84.3967738937105,33.7825122946596],[-84.3967735134949,33.7825013448207],[-84.3968367996827,33.7825012267927],[-84.3968365549102,33.7825267836371],[-84.3968459684842,33.7825267687831],[-84.3968463018205,33.782544812897],[-84.3968881710331,33.7825449349567],[-84.3968882493422,33.7825802551737],[-84.3968722846947,33.7825802795474],[-84.3968723433748,33.7826070548571],[-84.3968759445243,33.7826070715819],[-84.396875793339,33.7826248235628],[-84.3968826154364,33.7826248135406],[-84.396882672686,33.7826478244611],[-84.3969250240777,33.7826477454422],[-84.3969253600479,33.7826833104267],[-84.3969090776247,33.7826832235935],[-84.3969090673924,33.7827096636172],[-84.3969124363291,33.7827096573313],[-84.3969127308909,33.7827297500671],[-84.3969299191488,33.7827297919303],[-84.3969299942628,33.7827643150929],[-84.3969126658065,33.7827643411151],[-84.3969123955596,33.7827844051501],[-84.3969092674128,33.7827844109868],[-84.3969093560036,33.7828110609103],[-84.3969253206938,33.7828110365316],[-84.3969253979393,33.7828463567489],[-84.396883099321,33.7828464212433],[-84.3968831700079,33.7828788931583],[-84.3969254011378,33.7828786205085],[-84.3969257371097,33.7829141854917],[-84.3969096147654,33.7829142155745],[-84.3969096857399,33.7829407383976],[-84.3969130552237,33.7829409331787],[-84.3969130942661,33.7829607685184],[-84.3969246584394,33.7829606035781],[-84.3969245112105,33.7829955662582],[-84.3968956343596,33.7829956201381],[-84.3968959515012,33.7830241522808],[-84.3968740718132,33.783023836047],[-84.3968741490383,33.7830591562632],[-84.3968315566505,33.7830592357146],[-84.3968315211727,33.7830459734016],[-84.3967997564065,33.7830458324792],[-84.3967997644662,33.7830488457806],[-84.396772573152,33.7830488964883],[-84.3967728279127,33.7830545223132],[-84.3967507896546,33.7830546725066],[-84.3967508657495,33.783089992725],[-84.3967085786041,33.7830899507437],[-84.3967086749836,33.7830767269558]]]]},"properties":{"OBJECTID":148,"ACCESSTYPE":"Student","Address":"251 TENTH ST","ASF":252980,"BLDG_CODE":"180","CONDITION":null,"BLDG_TYPE":"Residence Halls","FLOORCOUNT":5,"GSF":394871,"BLDG_NAME":"Family Housing Apts","OWNEDBY2":"GT","PLANRENO":null,"BLDG_NUM":"180","Common_Name":"Family Apts","Heating":1,"Cooling":1,"Cistern":0,"Steam":"No","CHW":"No","Electric":"GTME","Gas":"AGL","OWNEDBY":null,"UNDERGROUND":"No","GlobalID":"358d7103-b4f8-469d-8c90-648cb5f0e914","Creator":"malexander_GTFM","EditDate":1656474313000,"Editor":"malexander_GTFM","STATUS":null,"NRHP_ELIG":null,"NRHP_TRT":null,"NRHP_VAL":null,"NRHP_PHS":null,"EVENTS":null,"CONSTDATE":null,"RENODATE":null,"BUILDING_TYPE_NEW":"Housing","Photos":"https://fm-gis2.ad.gatech.edu/images/building/180_small.jpg","FACUpdate":null,"DevAction":"Keep","Note":null,"PPV1":"True","Shape__Area":81219.79931640625,"Shape__Length":6308.39685113991,"WhiteRoof":"Yes","FloodedBldg":"No"}},{"type":"Feature","id":149,"geometry":{"type":"MultiPolygon","coordinates":[[[[-84.3917217823897,33.7749367547036],[-84.3916904062954,33.7749362862538],[-84.3916792007794,33.7749361191412],[-84.3916795836189,33.7749223177585],[-84.3915976941802,33.7749210965255],[-84.3915978144681,33.7749154817196],[-84.3915779235491,33.7749151852614],[-84.3915778043396,33.7749208000654],[-84.3914957245293,33.7749194456672],[-84.39149542622,33.7749333785366],[-84.3914842159186,33.7749334458445],[-84.3914528398288,33.774932978236],[-84.3914102784538,33.7749314075309],[-84.391410558436,33.7749183069198],[-84.3913814228054,33.7749178721807],[-84.3913847145306,33.7747717967655],[-84.3914809196706,33.7747730912446],[-84.3914795389708,33.7748376610572],[-84.3915725463726,33.7748390478483],[-84.3915728263298,33.7748259472368],[-84.391575061995,33.7748262145597],[-84.3916044772464,33.7748266532517],[-84.3916064439141,33.7748264485988],[-84.3916061628824,33.7748395492124],[-84.3916991644224,33.7748411703483],[-84.391700550825,33.7747763669955],[-84.3917969182969,33.7747778024915],[-84.3917937928365,33.7749240200738],[-84.3917646582823,33.7749235854233],[-84.3917643783564,33.7749366869365],[-84.3917330033441,33.7749362193973],[-84.3917329889855,33.7749369218103],[-84.3917217823897,33.7749367547036]]],[[[-84.3917002481442,33.7753316327547],[-84.3916100596373,33.7753299596077],[-84.3916097214239,33.7753426635976],[-84.391607819979,33.7753426282923],[-84.3915792961487,33.7753420996151],[-84.3915771226064,33.7753420593953],[-84.3915774608247,33.7753293554055],[-84.3914872701649,33.7753276830744],[-84.3914856047089,33.7753902959137],[-84.3913921552924,33.775388563629],[-84.391391146277,33.7752473379268],[-84.3914241784979,33.7752472994128],[-84.3914245156587,33.7752345954251],[-84.3914658262514,33.7752346806776],[-84.3914962514881,33.7752352446883],[-84.3915071181084,33.7752354466976],[-84.3915067805693,33.7752488278268],[-84.3915860851016,33.7752503026862],[-84.3915859395343,33.7752557471257],[-84.3916052271385,33.775256104191],[-84.3916053727046,33.7752506597516],[-84.391684974592,33.7752518878545],[-84.3916853235391,33.7752387510518],[-84.3916961901602,33.7752389530445],[-84.3917266153972,33.7752395160967],[-84.3917678896018,33.7752409619071],[-84.3917675514143,33.7752536667992],[-84.3917958031191,33.7752541905194],[-84.3917920333503,33.7753959776467],[-84.3916985850025,33.7753942455922],[-84.3917002481442,33.7753316327547]]]]},"properties":{"OBJECTID":149,"ACCESSTYPE":"Student","Address":"733 TECHWOOD DR","ASF":18895,"BLDG_CODE":"134","CONDITION":null,"BLDG_TYPE":"Residence Halls","FLOORCOUNT":3,"GSF":30843,"BLDG_NAME":"Fourth St Apts - Stein House","OWNEDBY2":"GT","PLANRENO":null,"BLDG_NUM":"134","Common_Name":"Fourth St Apts","Heating":1,"Cooling":1,"Cistern":0,"Steam":"No","CHW":"No","Electric":"GPC","Gas":"AGL","OWNEDBY":null,"UNDERGROUND":"No","GlobalID":"12487b3c-4b32-4d65-b397-2c4ea1999e23","Creator":"malexander_GTFM","EditDate":1656482297000,"Editor":"malexander_GTFM","STATUS":"Proposed Demolished","NRHP_ELIG":null,"NRHP_TRT":null,"NRHP_VAL":null,"NRHP_PHS":null,"EVENTS":null,"CONSTDATE":null,"RENODATE":null,"BUILDING_TYPE_NEW":"Housing","Photos":"https://fm-gis2.ad.gatech.edu/images/building/134_small.jpg","FACUpdate":null,"DevAction":"Demo","Note":"Critical site need/Adjacent Development","PPV1":"False","Shape__Area":10499.3349609375,"Shape__Length":862.81703366957618,"WhiteRoof":"No","FloodedBldg":"No"}},{"type":"Feature","id":150,"geometry":{"type":"Polygon","coordinates":[[[-84.3917451518714,33.7688525736677],[-84.3909323054422,33.768846729193],[-84.3909256882435,33.7687969149781],[-84.390957833944,33.7687969386161],[-84.3909581310916,33.7685123583944],[-84.3917455056637,33.7685117852107],[-84.3917503558835,33.7685826201337],[-84.3918045257026,33.7685826583857],[-84.3918119512764,33.7688088668362],[-84.3917501240667,33.7688065370263],[-84.3917451518714,33.7688525736677]]]},"properties":{"OBJECTID":150,"ACCESSTYPE":"Secure","Address":"120 NORTH AVE","ASF":59815,"BLDG_CODE":"190","CONDITION":null,"BLDG_TYPE":"Parking","FLOORCOUNT":4,"GSF":116604,"BLDG_NAME":"North Ave Apts South Parking Deck","OWNEDBY2":"GT","PLANRENO":null,"BLDG_NUM":"190","Common_Name":"NAA South Parking Deck","Heating":0,"Cooling":0,"Cistern":0,"Steam":"No","CHW":"No","Electric":"GTME","Gas":"No","OWNEDBY":null,"UNDERGROUND":"No","GlobalID":"bb86ad1d-3228-486a-99f6-2cbff87f0373","Creator":"malexander_GTFM","EditDate":1656531100000,"Editor":"malexander_GTFM","STATUS":null,"NRHP_ELIG":null,"NRHP_TRT":null,"NRHP_VAL":null,"NRHP_PHS":null,"EVENTS":null,"CONSTDATE":null,"RENODATE":null,"BUILDING_TYPE_NEW":"Parking","Photos":"https://fm-gis2.ad.gatech.edu/images/building/190_small.jpg","FACUpdate":null,"DevAction":"Keep","Note":null,"PPV1":"True","Shape__Area":31154.866943359375,"Shape__Length":778.10215180439639,"WhiteRoof":"No","FloodedBldg":"No"}},{"type":"Feature","id":172,"geometry":{"type":"Polygon","coordinates":[[[-84.4030601393302,33.7746866522585],[-84.4032621566876,33.7746986222729],[-84.403262177618,33.7746987737102],[-84.4032624140358,33.7747847764018],[-84.4030603818328,33.7747851644549],[-84.4030601115383,33.7746871473185],[-84.4030601393302,33.7746866522585]]]},"properties":{"OBJECTID":172,"ACCESSTYPE":"Public","Address":null,"ASF":null,"BLDG_CODE":"177J","CONDITION":null,"BLDG_TYPE":"Admin/Services","FLOORCOUNT":2,"GSF":38750,"BLDG_NAME":"Whitehead  Pharmacy","OWNEDBY2":"GT","PLANRENO":null,"BLDG_NUM":"177J","Common_Name":"Health Center","Heating":2,"Cooling":2,"Cistern":0,"Steam":"Yes","CHW":"HOL","Electric":"GTME","Gas":"AGL","OWNEDBY":null,"UNDERGROUND":"No","GlobalID":"abe294cb-4b2d-4a12-854d-1fd1f65abcd4","Creator":"malexander_GTFM","EditDate":1656474313000,"Editor":"malexander_GTFM","STATUS":null,"NRHP_ELIG":null,"NRHP_TRT":null,"NRHP_VAL":null,"NRHP_PHS":null,"EVENTS":null,"CONSTDATE":null,"RENODATE":null,"BUILDING_TYPE_NEW":"Student Services","Photos":"https://fm-gis2.ad.gatech.edu/images/building/177J_small.jpg","FACUpdate":null,"DevAction":"Keep","Note":null,"PPV1":"False","Shape__Area":2062.595703125,"Shape__Length":190.12759548641336,"WhiteRoof":"No","FloodedBldg":"No"}},{"type":"Feature","id":174,"geometry":{"type":"MultiPolygon","coordinates":[[[[-84.3883019930485,33.776172041287],[-84.3883237751706,33.7761733113647],[-84.3883243597708,33.7761458279664],[-84.3883263594717,33.7761458577359],[-84.3883314758795,33.7761415332404],[-84.388351656109,33.7761329006432],[-84.388346675713,33.7761246369338],[-84.3883922962921,33.7761047745398],[-84.3884240722972,33.7761052458134],[-84.3884621007969,33.7760889170845],[-84.388461388211,33.7761224426826],[-84.3884954500545,33.7761229467974],[-84.3884968048798,33.7760591930681],[-84.388613358589,33.7760609211584],[-84.3886135126979,33.7760536914367],[-84.3886628490017,33.7760541319682],[-84.388650442371,33.7766377817798],[-84.3886308318049,33.7766374915565],[-84.3886296598815,33.7766925845871],[-84.3885368686478,33.776691208719],[-84.388536635693,33.7767022002728],[-84.3883227570501,33.7766990293924],[-84.3883243489716,33.7766241524684],[-84.3883075673725,33.7766239030969],[-84.3883074393405,33.776629948902],[-84.3882934788878,33.7766292210945],[-84.3882942985406,33.7765852550818],[-84.3883041696367,33.7765853834218],[-84.3883044647375,33.7765695832476],[-84.3882945925636,33.7765694549095],[-84.3882955988683,33.7765153729297],[-84.3882965085182,33.77646652431],[-84.3882988950542,33.776338371859],[-84.3882992232525,33.7763207493864],[-84.3883000579488,33.7762759186603],[-84.3883015756746,33.7761944462815],[-84.3883019930485,33.776172041287]]],[[[-84.3883019996451,33.7761716679913],[-84.3883019930485,33.776172041287],[-84.3882956239555,33.7761716695232],[-84.3883019996451,33.7761716679913]]]]},"properties":{"OBJECTID":174,"ACCESSTYPE":"Public","Address":null,"ASF":null,"BLDG_CODE":"172J","CONDITION":null,"BLDG_TYPE":"Admin/Services","FLOORCOUNT":6,"GSF":264432,"BLDG_NAME":"Barnes & Noble Bookstore","OWNEDBY2":"GTF","PLANRENO":null,"BLDG_NUM":"172J","Common_Name":"GT Bookstore","Heating":3,"Cooling":4,"Cistern":0,"Steam":"No","CHW":"TSQ","Electric":"GPC","Gas":"No","OWNEDBY":null,"UNDERGROUND":"No","GlobalID":"59c3dcad-7dce-4eaa-b165-b80b36cfb7bf","Creator":"malexander_GTFM","EditDate":1656474313000,"Editor":"malexander_GTFM","STATUS":null,"NRHP_ELIG":null,"NRHP_TRT":null,"NRHP_VAL":null,"NRHP_PHS":null,"EVENTS":null,"CONSTDATE":null,"RENODATE":null,"BUILDING_TYPE_NEW":"Campus Life","Photos":"https://fm-gis2.ad.gatech.edu/images/building/172J_small.jpg","FACUpdate":null,"DevAction":"Keep","Note":null,"PPV1":"False","Shape__Area":23588.54638671875,"Shape__Length":717.59969860959052,"WhiteRoof":"No","FloodedBldg":"No"}},{"type":"Feature","id":191,"geometry":{"type":"Polygon","coordinates":[[[-84.3971045253802,33.77630199622],[-84.3971045227932,33.776286110025],[-84.3971045189192,33.7762592588471],[-84.3971045169106,33.7762496373264],[-84.3971046475551,33.7762496370825],[-84.3971045171537,33.7762485183763],[-84.3971041859006,33.7762348896289],[-84.3971048218258,33.7762348803266],[-84.3971240616136,33.7762358389214],[-84.3973181651956,33.7762364636073],[-84.3973858805362,33.7762369222021],[-84.3973874951147,33.7762934599529],[-84.3973277222617,33.7762934670947],[-84.3973277234558,33.7763019696671],[-84.3971398945887,33.7763019923858],[-84.3971358748202,33.7763019926796],[-84.3971085451487,33.7763019959272],[-84.3971045253802,33.77630199622]]]},"properties":{"OBJECTID":191,"ACCESSTYPE":null,"Address":null,"ASF":null,"BLDG_CODE":null,"CONDITION":null,"BLDG_TYPE":" ","FLOORCOUNT":1,"GSF":350,"BLDG_NAME":null,"OWNEDBY2":"GT","PLANRENO":null,"BLDG_NUM":null,"Common_Name":"MiRC-Van Leer Corridor","Heating":2,"Cooling":0,"Cistern":null,"Steam":"Yes","CHW":"HOL","Electric":"GTME","Gas":"No","OWNEDBY":null,"UNDERGROUND":"No","GlobalID":"03f0bd3d-370d-4e69-a36d-02b529b2fe4f","Creator":"malexander_GTFM","EditDate":1656474313000,"Editor":"malexander_GTFM","STATUS":null,"NRHP_ELIG":null,"NRHP_TRT":null,"NRHP_VAL":null,"NRHP_PHS":null,"EVENTS":null,"CONSTDATE":null,"RENODATE":null,"BUILDING_TYPE_NEW":"Academic","Photos":"https://fm-gis2.ad.gatech.edu/images/building/_small.jpg","FACUpdate":"Green","DevAction":"Keep","Note":null,"PPV1":"False","Shape__Area":1996.14208984375,"Shape__Length":219.72505112024064,"WhiteRoof":"No","FloodedBldg":"No"}},{"type":"Feature","id":195,"geometry":{"type":"Polygon","coordinates":[[[-84.3889542230367,33.7766980432757],[-84.3889625635582,33.7762427139378],[-84.388980065673,33.776242290192],[-84.3889822720236,33.7762073733573],[-84.3890314855559,33.7762079014226],[-84.3890848870351,33.7761657169853],[-84.3890904487954,33.7761599336848],[-84.3890889080258,33.776098093966],[-84.3889166284749,33.7760968661257],[-84.3889185847446,33.7759885147067],[-84.3890900246174,33.7759920450737],[-84.3890915544856,33.7759857478848],[-84.3891686938947,33.7759860199848],[-84.3897102298287,33.775994128388],[-84.3897095889138,33.7763625823449],[-84.3897094829394,33.7763683522062],[-84.3896953339079,33.7763681722007],[-84.3896958937627,33.7763375583075],[-84.3893831780136,33.7763335661081],[-84.3893793030614,33.7765451547075],[-84.3897047422913,33.7765493096607],[-84.389701572814,33.7767224280151],[-84.3892459794412,33.776716610792],[-84.3890599076875,33.7767142349802],[-84.3890601792229,33.7766993969098],[-84.3890186556407,33.7766986377035],[-84.3889542230367,33.7766980432757]]]},"properties":{"OBJECTID":195,"ACCESSTYPE":null,"Address":null,"ASF":null,"BLDG_CODE":"171","CONDITION":null,"BLDG_TYPE":"Admin/Services","FLOORCOUNT":null,"GSF":null,"BLDG_NAME":"Georgia Tech Hotel and Conference Center","OWNEDBY2":"GTF","PLANRENO":null,"BLDG_NUM":"171","Common_Name":"GT Hotel & Conf Ctr","Heating":null,"Cooling":null,"Cistern":null,"Steam":null,"CHW":null,"Electric":null,"Gas":null,"OWNEDBY":null,"UNDERGROUND":"No","GlobalID":"7b4a3920-b64e-4870-a35c-20487682ee62","Creator":"malexander_GTFM","EditDate":1656474313000,"Editor":"malexander_GTFM","STATUS":null,"NRHP_ELIG":null,"NRHP_TRT":null,"NRHP_VAL":null,"NRHP_PHS":null,"EVENTS":"Event Space","CONSTDATE":null,"RENODATE":null,"BUILDING_TYPE_NEW":"Campus Life","Photos":"https://fm-gis2.ad.gatech.edu/images/building/171_small.jpg","FACUpdate":null,"DevAction":"Keep","Note":null,"PPV1":"False","Shape__Area":51499.56201171875,"Shape__Length":1298.6331029480618,"WhiteRoof":"No","FloodedBldg":"No"}},{"type":"Feature","id":196,"geometry":{"type":"Polygon","coordinates":[[[-84.4049478838734,33.7758504893859],[-84.4050023582845,33.7758068145919],[-84.4052168642086,33.7759932800354],[-84.4051595771096,33.7760381099639],[-84.4049478838734,33.7758504893859]]]},"properties":{"OBJECTID":196,"ACCESSTYPE":null,"Address":null,"ASF":null,"BLDG_CODE":"140","CONDITION":null,"BLDG_TYPE":"Admin/Services","FLOORCOUNT":1,"GSF":null,"BLDG_NAME":" ","OWNEDBY2":"GT","PLANRENO":null,"BLDG_NUM":" ","Common_Name":"CRC Storage","Heating":null,"Cooling":null,"Cistern":null,"Steam":null,"CHW":null,"Electric":null,"Gas":null,"OWNEDBY":null,"UNDERGROUND":"No","GlobalID":"e3cb0d66-c26a-4488-ad94-62e3cdb46a41","Creator":"malexander_GTFM","EditDate":1656474313000,"Editor":"malexander_GTFM","STATUS":null,"NRHP_ELIG":null,"NRHP_TRT":null,"NRHP_VAL":null,"NRHP_PHS":null,"EVENTS":null,"CONSTDATE":null,"RENODATE":null,"BUILDING_TYPE_NEW":"Facilities Services and Campus Support","Photos":"https://fm-gis2.ad.gatech.edu/images/building/140_small.jpg","FACUpdate":null,"DevAction":"Keep","Note":null,"PPV1":"False","Shape__Area":2198.32373046875,"Shape__Length":234.68862104892455,"WhiteRoof":"No","FloodedBldg":"No"}},{"type":"Feature","id":197,"geometry":{"type":"Polygon","coordinates":[[[-84.40493638414,33.7759901864189],[-84.4049790078155,33.7759554951281],[-84.4050812202839,33.7760481732189],[-84.4050523251339,33.776070399745],[-84.4050382584082,33.7760800466354],[-84.40493638414,33.7759901864189]]]},"properties":{"OBJECTID":197,"ACCESSTYPE":null,"Address":null,"ASF":null,"BLDG_CODE":"140","CONDITION":null,"BLDG_TYPE":"Admin/Services","FLOORCOUNT":1,"GSF":null,"BLDG_NAME":" ","OWNEDBY2":"GT","PLANRENO":null,"BLDG_NUM":" ","Common_Name":" CRC Storage","Heating":null,"Cooling":null,"Cistern":null,"Steam":null,"CHW":null,"Electric":null,"Gas":null,"OWNEDBY":null,"UNDERGROUND":"No","GlobalID":"b3839007-25e2-4ac1-a65e-297f3d53a4a1","Creator":"malexander_GTFM","EditDate":1656474313000,"Editor":"malexander_GTFM","STATUS":null,"NRHP_ELIG":null,"NRHP_TRT":null,"NRHP_VAL":null,"NRHP_PHS":null,"EVENTS":null,"CONSTDATE":null,"RENODATE":null,"BUILDING_TYPE_NEW":"Facilities Services and Campus Support","Photos":"https://fm-gis2.ad.gatech.edu/images/building/140_small.jpg","FACUpdate":null,"DevAction":"Keep","Note":null,"PPV1":"False","Shape__Area":809.2236328125,"Shape__Length":126.42673040840953,"WhiteRoof":"No","FloodedBldg":"No"}},{"type":"Feature","id":198,"geometry":{"type":"Polygon","coordinates":[[[-84.4031964958991,33.7703840844794],[-84.4031965048082,33.7703240668765],[-84.4032304820808,33.7703240702817],[-84.4032304797708,33.7703420871031],[-84.4032323669771,33.7703420870925],[-84.4032323588629,33.7704019919871],[-84.4032087633628,33.7704019894237],[-84.403208765987,33.7703840853085],[-84.4031964958991,33.7703840844794]]]},"properties":{"OBJECTID":198,"ACCESSTYPE":null,"Address":"637 Strong St ","ASF":172,"BLDG_CODE":"185","CONDITION":null,"BLDG_TYPE":" ","FLOORCOUNT":null,"GSF":291,"BLDG_NAME":"Strong Street Gatehouse","OWNEDBY2":"GT","PLANRENO":null,"BLDG_NUM":"185","Common_Name":"Strong St Gatehouse","Heating":null,"Cooling":null,"Cistern":null,"Steam":null,"CHW":null,"Electric":null,"Gas":null,"OWNEDBY":null,"UNDERGROUND":"No","GlobalID":"cac1920e-9a86-440c-bda4-bc739713996b","Creator":"malexander_GTFM","EditDate":1656474313000,"Editor":"malexander_GTFM","STATUS":null,"NRHP_ELIG":null,"NRHP_TRT":null,"NRHP_VAL":null,"NRHP_PHS":null,"EVENTS":null,"CONSTDATE":null,"RENODATE":null,"BUILDING_TYPE_NEW":"Administrative","Photos":"https://fm-gis2.ad.gatech.edu/images/building/185_small.jpg","FACUpdate":null,"DevAction":"Demo","Note":null,"PPV1":"False","Shape__Area":280.966064453125,"Shape__Length":78.504336333764883,"WhiteRoof":"No","FloodedBldg":"No"}},{"type":"Feature","id":199,"geometry":{"type":"Polygon","coordinates":[[[-84.4019075156009,33.7699232510637],[-84.4019074529772,33.7699003347849],[-84.4018757756609,33.7699003951575],[-84.4018752826687,33.7697203613502],[-84.4020065789885,33.7697201101638],[-84.402006443943,33.7696707124897],[-84.4020298437016,33.7696706678691],[-84.4021045536436,33.7696705253763],[-84.4021044612036,33.7696367262085],[-84.4023867145989,33.7696361865628],[-84.4023868071497,33.7696699857299],[-84.402446816937,33.7696698711044],[-84.4025401999262,33.7696696502967],[-84.4025739695798,33.7696696272305],[-84.4025737629582,33.7695942296439],[-84.402580554863,33.7695942166618],[-84.4026009316569,33.7695941777112],[-84.4026008729244,33.7695727482495],[-84.4028725609175,33.7695722276896],[-84.4028726197176,33.7695936571509],[-84.4028997884156,33.7695936051523],[-84.4028999925095,33.7696679775636],[-84.402934707798,33.7696679111127],[-84.4029348911675,33.7697347214038],[-84.4029273445945,33.76973473585],[-84.4029273861086,33.7697498618917],[-84.4029379513127,33.7697498416668],[-84.4029380447287,33.7697838770636],[-84.4029274795204,33.7697838972886],[-84.4029275947692,33.769825495704],[-84.4029098362328,33.7698267902072],[-84.4029081420894,33.7698873006383],[-84.4028900683333,33.7699012017444],[-84.4020795216592,33.7699000058017],[-84.4020795843286,33.7699229220802],[-84.4019075156009,33.7699232510637]]]},"properties":{"OBJECTID":199,"ACCESSTYPE":null,"Address":null,"ASF":null,"BLDG_CODE":" ","CONDITION":null,"BLDG_TYPE":"Academic/Research","FLOORCOUNT":null,"GSF":32705,"BLDG_NAME":"Technology Enterprise Park #1","OWNEDBY2":"Other","PLANRENO":null,"BLDG_NUM":"785","Common_Name":"TEP 1","Heating":null,"Cooling":null,"Cistern":null,"Steam":null,"CHW":null,"Electric":null,"Gas":null,"OWNEDBY":-2,"UNDERGROUND":"No","GlobalID":"2311dc89-9e7f-4d2f-822c-75993c2bd779","Creator":"malexander_GTFM","EditDate":1656482297000,"Editor":"malexander_GTFM","STATUS":null,"NRHP_ELIG":null,"NRHP_TRT":null,"NRHP_VAL":null,"NRHP_PHS":null,"EVENTS":null,"CONSTDATE":null,"RENODATE":null,"BUILDING_TYPE_NEW":"Unknown","Photos":"https://fm-gis2.ad.gatech.edu/images/building/ _small.jpg","FACUpdate":null,"DevAction":"Keep","Note":null,"PPV1":"False","Shape__Area":30887.982666015625,"Shape__Length":926.023440145822,"WhiteRoof":"No","FloodedBldg":"No"}},{"type":"Feature","id":200,"geometry":{"type":"Polygon","coordinates":[[[-84.4020097656383,33.7719005707344],[-84.4015551641529,33.7717423077828],[-84.4014889563005,33.7718720570892],[-84.4014276306457,33.7718506531219],[-84.4014282814641,33.7718485952154],[-84.4014937541702,33.7717212295047],[-84.4011765261285,33.7716084535272],[-84.4012021748559,33.7715579104623],[-84.4011900710723,33.7715536262702],[-84.4011426610019,33.7715368473397],[-84.4011435158153,33.771535162331],[-84.401143647907,33.7715349033059],[-84.4010923951761,33.771429647114],[-84.4010903526029,33.7714289008191],[-84.4011160013281,33.7713783577707],[-84.4012266955995,33.7714179283403],[-84.4012605072684,33.7714299002316],[-84.4013683670637,33.7714680911234],[-84.4014054305818,33.7714812136106],[-84.401527310378,33.7715243683415],[-84.4020969231154,33.7717264920358],[-84.4020097656383,33.7719005707344]]]},"properties":{"OBJECTID":200,"ACCESSTYPE":"Private","Address":null,"ASF":null,"BLDG_CODE":" ","CONDITION":null,"BLDG_TYPE":"Academic/Research","FLOORCOUNT":2,"GSF":29232,"BLDG_NAME":"Wood Products","OWNEDBY2":"GT","PLANRENO":null,"BLDG_NUM":"158","Common_Name":"Wood Design Lab","Heating":1,"Cooling":1,"Cistern":null,"Steam":"No","CHW":"No","Electric":"GPC","Gas":"AGL","OWNEDBY":null,"UNDERGROUND":"No","GlobalID":"c8e26c6a-83a8-4b2b-a6a7-e7071f5e897e","Creator":"malexander_GTFM","EditDate":1656482297000,"Editor":"malexander_GTFM","STATUS":null,"NRHP_ELIG":null,"NRHP_TRT":null,"NRHP_VAL":null,"NRHP_PHS":null,"EVENTS":"Maker Space","CONSTDATE":null,"RENODATE":null,"BUILDING_TYPE_NEW":"Academic","Photos":"https://fm-gis2.ad.gatech.edu/images/building/ _small.jpg","FACUpdate":null,"DevAction":"Keep","Note":null,"PPV1":"False","Shape__Area":22107.147705078125,"Shape__Length":872.08294162831942,"WhiteRoof":"Yes","FloodedBldg":"No"}},{"type":"Feature","id":201,"geometry":{"type":"Polygon","coordinates":[[[-84.3930600754717,33.7798688925975],[-84.3930594620227,33.7798901781008],[-84.393028251034,33.7798903615867],[-84.3930282723407,33.7798689076592],[-84.3930136317162,33.7798692437801],[-84.3930137088405,33.7798406847388],[-84.3930331610609,33.7798408366016],[-84.3930597484609,33.779841043897],[-84.3930769441118,33.7798412422704],[-84.3930765226177,33.7798694106269],[-84.3930600754717,33.7798688925975]]]},"properties":{"OBJECTID":201,"ACCESSTYPE":null,"Address":null,"ASF":null,"BLDG_CODE":null,"CONDITION":null,"BLDG_TYPE":"Admin/Services","FLOORCOUNT":null,"GSF":null,"BLDG_NAME":null,"OWNEDBY2":"Other","PLANRENO":null,"BLDG_NUM":null,"Common_Name":"","Heating":0,"Cooling":0,"Cistern":null,"Steam":null,"CHW":null,"Electric":null,"Gas":null,"OWNEDBY":null,"UNDERGROUND":"No","GlobalID":"143a9b9e-1e1f-4ed3-af22-15436f6748fe","Creator":"malexander_GTFM","EditDate":1656474313000,"Editor":"malexander_GTFM","STATUS":null,"NRHP_ELIG":null,"NRHP_TRT":null,"NRHP_VAL":null,"NRHP_PHS":null,"EVENTS":null,"CONSTDATE":null,"RENODATE":null,"BUILDING_TYPE_NEW":"Unknown","Photos":"https://fm-gis2.ad.gatech.edu/images/building/_small.jpg","FACUpdate":null,"DevAction":"Keep","Note":null,"PPV1":"False","Shape__Area":270.14501953125,"Shape__Length":74.346183960599,"WhiteRoof":"No","FloodedBldg":"No"}},{"type":"Feature","id":205,"geometry":{"type":"Polygon","coordinates":[[[-84.3917730897463,33.7698672120722],[-84.391773135514,33.7698615937909],[-84.3917499689096,33.7698616450583],[-84.391750163803,33.7698383234562],[-84.3917291013211,33.7698383420295],[-84.3917292004012,33.7698031476394],[-84.3917247933235,33.7698031385443],[-84.3917250044122,33.769728608449],[-84.3917503445417,33.7697286587159],[-84.3917504589291,33.7696881733991],[-84.3917295258832,33.7696881322273],[-84.3917297595807,33.7696053204092],[-84.3917363701808,33.7696053336007],[-84.391736484575,33.7695648482831],[-84.391729873978,33.7695648350916],[-84.3917301076778,33.7694820241734],[-84.3917367182684,33.769482037365],[-84.3917368326603,33.7694415511449],[-84.3917302220751,33.769441538855],[-84.3917304546929,33.7693587270355],[-84.3917513876587,33.7693587682075],[-84.3917515020461,33.7693182828883],[-84.3917305690902,33.7693182417163],[-84.3917307449633,33.7692558461224],[-84.3917308027878,33.7692354298932],[-84.3917374133571,33.7692354421831],[-84.3917375332858,33.769192944364],[-84.3917309227174,33.7691929311724],[-84.391730963867,33.7691785253909],[-84.3917200498455,33.7691784830783],[-84.3916757740538,33.7691783131447],[-84.3916648492361,33.7691782708469],[-84.3916648181172,33.7691928010383],[-84.3916371720596,33.7691927468418],[-84.3916373951051,33.7692103439926],[-84.3915379663614,33.7692100346884],[-84.3915379810897,33.7692045138416],[-84.3914895057434,33.7692044182149],[-84.3914894899323,33.7692099390637],[-84.3913903914445,33.7692100014216],[-84.3913903765172,33.7692042831668],[-84.3913649350083,33.7692042140755],[-84.3913355582432,33.7692041341094],[-84.3913094398065,33.769204063534],[-84.3913095473874,33.7692097094879],[-84.3912102676031,33.7692093888288],[-84.3912103170097,33.7691919065929],[-84.3911826698725,33.7691918522966],[-84.3911827686968,33.7691568878246],[-84.3911761581334,33.7691568755049],[-84.3911764141928,33.7690667025453],[-84.3912108780578,33.7690667705895],[-84.3912109274643,33.7690492883532],[-84.3913423094502,33.769049546972],[-84.3913422936296,33.769055067821],[-84.3913907688921,33.7690551635059],[-84.3913907847095,33.7690496426569],[-84.3914793411255,33.7690498168],[-84.3914899419855,33.7690498380647],[-84.3914899261744,33.7690553589137],[-84.3915384025164,33.7690554545385],[-84.3915384183244,33.7690499336896],[-84.3916375745183,33.7690501280791],[-84.3916375251984,33.7690676103152],[-84.3916651722978,33.7690676654115],[-84.3916651022015,33.7690924799259],[-84.3917202916886,33.7690925884875],[-84.3917312067247,33.7690926100602],[-84.3917312768019,33.7690677955458],[-84.3917614361928,33.7690678550558],[-84.3917615253153,33.7690499147075],[-84.3917617019763,33.7690142540169],[-84.3917888224342,33.7690139845493],[-84.391789304428,33.7689968297255],[-84.3918275122518,33.7689968447843],[-84.3918483036125,33.7689968528372],[-84.3918885799918,33.7689968686114],[-84.3918883900031,33.7690146225018],[-84.3919160360034,33.7690146766423],[-84.3919158999772,33.7690720319268],[-84.3919022071986,33.7690720569155],[-84.3919019210338,33.7691124704176],[-84.3919228539395,33.7691125115607],[-84.3919226204217,33.7691953215818],[-84.3919017402225,33.7691952136202],[-84.3919015731788,33.7692357657585],[-84.3919226492697,33.7692356407362],[-84.3919222726038,33.769318619626],[-84.3919156620257,33.7693186064443],[-84.3919155477155,33.7693590917633],[-84.3919221582967,33.769359104945],[-84.3919221353451,33.7694419299066],[-84.3919153141937,33.7694419026828],[-84.3919151998835,33.769482388001],[-84.3919218104741,33.7694824011826],[-84.3919215780407,33.769565213],[-84.3919149674437,33.7695651998184],[-84.3919148531335,33.7696056851358],[-84.3919214637336,33.7696056983175],[-84.3919214324336,33.7696886332926],[-84.3919148824125,33.7696882557327],[-84.3919147428852,33.7697195162866],[-84.3919146465845,33.7697334632263],[-84.3919144282676,33.7697560680578],[-84.3919210388769,33.7697560803378],[-84.3919208053615,33.7698388912518],[-84.3919002648975,33.7698387096364],[-84.3918998074572,33.7698619406509],[-84.39185243189,33.7698618467672],[-84.39185241118,33.7698671368013],[-84.3917730897463,33.7698672120722]]]},"properties":{"OBJECTID":205,"ACCESSTYPE":null,"Address":"120 North Ave NW","ASF":null,"BLDG_CODE":"191S","CONDITION":null,"BLDG_TYPE":"Residence Halls","FLOORCOUNT":null,"GSF":null,"BLDG_NAME":"North Avenue Apts - S","OWNEDBY2":"GT","PLANRENO":null,"BLDG_NUM":"191S","Common_Name":"North Ave Apts","Heating":1,"Cooling":1,"Cistern":0,"Steam":"No","CHW":"No","Electric":"GTME","Gas":"AGL","OWNEDBY":null,"UNDERGROUND":"No","GlobalID":"03c1e301-dbc4-43fb-bac0-6378281d6c7e","Creator":"malexander_GTFM","EditDate":1656474313000,"Editor":"malexander_GTFM","STATUS":null,"NRHP_ELIG":null,"NRHP_TRT":null,"NRHP_VAL":null,"NRHP_PHS":null,"EVENTS":null,"CONSTDATE":null,"RENODATE":null,"BUILDING_TYPE_NEW":"Housing","Photos":"https://fm-gis2.ad.gatech.edu/images/building/191S_small.jpg","FACUpdate":null,"DevAction":"Keep","Note":null,"PPV1":"True","Shape__Area":26189.88671875,"Shape__Length":1234.9475634193916,"WhiteRoof":"No","FloodedBldg":"No"}},{"type":"Feature","id":206,"geometry":{"type":"MultiPolygon","coordinates":[[[[-84.3908535170599,33.7701978060285],[-84.3908543062631,33.77019780189],[-84.3908778657877,33.7701976896659],[-84.3908777229941,33.770168980403],[-84.3909854221501,33.7701686052774],[-84.3909854494569,33.7701741125222],[-84.3910272093873,33.770173967189],[-84.3910273244771,33.7701969987952],[-84.3910448996378,33.7701969091392],[-84.3910449014885,33.7701992759741],[-84.3910449132983,33.7702158185738],[-84.391044918191,33.7702222518565],[-84.3910449351268,33.7702461456209],[-84.3910449400196,33.7702525789036],[-84.3910449518271,33.7702691206015],[-84.3910449556402,33.7702755538861],[-84.3910383536608,33.7702755541668],[-84.391038352885,33.7703431871324],[-84.3910449555755,33.7703430434876],[-84.3910449550702,33.7703494767801],[-84.3910383530827,33.7703494761591],[-84.3910383530155,33.77036601878],[-84.3910449550018,33.7703660184993],[-84.3910449555761,33.7703724517898],[-84.3910383525097,33.7703724520724],[-84.3910383521698,33.7703963458676],[-84.3910449552381,33.7703963455849],[-84.3910449547327,33.7704027788773],[-84.3910383527436,33.770402779158],[-84.3910383515944,33.770419320879],[-84.3910449546668,33.770419321498],[-84.3910449541591,33.7704257538887],[-84.3910383521682,33.7704257541694],[-84.3910383513106,33.7704444787909],[-84.3910449543826,33.7704444785082],[-84.3910455043922,33.7704463168796],[-84.3910996310219,33.7704463176474],[-84.3910996315854,33.7704390800808],[-84.3911272455136,33.7704390803561],[-84.3911272454585,33.7704179429139],[-84.3911349486822,33.7704179433306],[-84.391135120213,33.7704216190563],[-84.391154206069,33.7704216195074],[-84.3911542051195,33.7704179434714],[-84.3911619083408,33.7704179429847],[-84.391161908211,33.7704216190227],[-84.3911817163466,33.770421619959],[-84.3911817164756,33.7704179439211],[-84.3911894186173,33.7704179434346],[-84.3911894184886,33.7704216194726],[-84.3912086760063,33.7704216196029],[-84.3912086761342,33.770417943565],[-84.3912163793578,33.7704179439766],[-84.3912163792303,33.7704216200145],[-84.3912584700289,33.7704216200685],[-84.3912584702419,33.7704390814726],[-84.3912862903776,33.7704390804354],[-84.391286289993,33.7704583794085],[-84.3912928930683,33.7704583800142],[-84.3912928919089,33.7705245477926],[-84.3912862899105,33.7705245480866],[-84.3912862893821,33.7705640657175],[-84.3912586754141,33.770564065478],[-84.3912586756297,33.7705815277833],[-84.3911596369363,33.7705815267351],[-84.3911596376698,33.7705760122264],[-84.3910996301577,33.7705760122612],[-84.3910994962917,33.7705433023517],[-84.3910449537135,33.7705432148799],[-84.3910449534215,33.7705489016034],[-84.3910383503392,33.7705489009845],[-84.3910383499326,33.7705893373992],[-84.3910449530157,33.7705893371165],[-84.3910449525104,33.7705957704087],[-84.3910383505065,33.7705957706894],[-84.3910383515168,33.7706123124061],[-84.3910449524447,33.7706123130289],[-84.3910449540964,33.7706187454155],[-84.391038351011,33.7706187456982],[-84.3910383506716,33.7706426394924],[-84.3910449537611,33.7706426401113],[-84.3910449532558,33.7706490734035],[-84.3910383512455,33.7706490727826],[-84.3910383500989,33.7706656154046],[-84.3910449531879,33.7706656151219],[-84.3910449181249,33.7706720448702],[-84.3910383506705,33.7706720477931],[-84.3910383502642,33.770712484207],[-84.3910449522795,33.7707124848279],[-84.3910449528516,33.7707189172163],[-84.3910383497585,33.7707189174991],[-84.3910383496894,33.7707354592174],[-84.391044952786,33.7707354598362],[-84.3910449522785,33.7707418922266],[-84.391038350261,33.7707418916058],[-84.391038349924,33.7707657863011],[-84.391044951941,33.7707657860203],[-84.3910449525154,33.7707722193104],[-84.391038349416,33.7707722186915],[-84.3910383493492,33.7707887613112],[-84.391044951368,33.7707887610304],[-84.3910449519424,33.7707951943204],[-84.3910383488435,33.7707951946032],[-84.3910383484353,33.7708356301147],[-84.3910449515396,33.7708356307336],[-84.3910449510344,33.7708420640255],[-84.3910383490093,33.7708420634047],[-84.3910383489449,33.7708586069259],[-84.391044950969,33.770858606645],[-84.3910449515435,33.770865039935],[-84.3910383484369,33.7708650393161],[-84.3910383481002,33.770888934011],[-84.3910449512063,33.7708889337282],[-84.3910449507011,33.7708953670201],[-84.3910383486742,33.770895367301],[-84.3910383475256,33.7709119090207],[-84.3910449506334,33.7709119087379],[-84.3910449501283,33.7709183420297],[-84.3910383480996,33.7709183423106],[-84.3910383477952,33.7709198823337],[-84.3910383472834,33.7709453666421],[-84.3910695717075,33.7709453666777],[-84.3910695724636,33.7709357171908],[-84.3910971865511,33.7709357174722],[-84.3910971867265,33.7709237759856],[-84.3910971863702,33.7709182560693],[-84.3911202950935,33.7709182564232],[-84.3911202955687,33.7709200948919],[-84.3911219463453,33.7709200945947],[-84.3911714653459,33.7709200946933],[-84.3911731161224,33.7709200943954],[-84.3911731156484,33.7709182568284],[-84.3911962243716,33.7709182571681],[-84.3911962247178,33.7709237707727],[-84.3912446435625,33.7709237710401],[-84.3912446440588,33.7709235474293],[-84.3912446432132,33.7709182574354],[-84.3912523464769,33.7709182560413],[-84.3912523472335,33.7709235117725],[-84.391252346829,33.7709237705475],[-84.3912721539982,33.7709237705692],[-84.3912721541626,33.7709234198261],[-84.3912721536447,33.7709182560629],[-84.3912798569131,33.7709182564703],[-84.3912798573397,33.7709233850692],[-84.3912798572671,33.7709237709766],[-84.3913084678605,33.7709237702988],[-84.3913084675895,33.7709232527507],[-84.3913084685867,33.7709182566922],[-84.3913161707754,33.7709182570993],[-84.3913161707642,33.77092321709],[-84.3913161711293,33.7709237707039],[-84.3913359782984,33.7709237707154],[-84.3913359787751,33.7709231260329],[-84.3913359790229,33.7709182571088],[-84.3913436812092,33.7709182566125],[-84.3913436819497,33.7709230903705],[-84.3913436815672,33.7709237711188],[-84.3914244930025,33.7709237709504],[-84.3914244924144,33.770922718723],[-84.3914244926417,33.7709182573458],[-84.3914321959076,33.770918256842],[-84.3914321966686,33.7709226830529],[-84.3914321962714,33.7709237713483],[-84.3914520034403,33.7709237713411],[-84.3914520035995,33.7709225919793],[-84.3914520041573,33.7709182577345],[-84.3914597063437,33.770918257231],[-84.391459706774,33.7709225563095],[-84.3914597067091,33.7709237717373],[-84.3914883173046,33.7709237719194],[-84.391488317023,33.7709224239494],[-84.391488318017,33.7709182574112],[-84.3914960212853,33.7709182578051],[-84.3914960212795,33.7709223891771],[-84.3914960205711,33.7709237714117],[-84.3915158288196,33.7709237713923],[-84.3915158282078,33.7709222971915],[-84.3915158284529,33.7709182577877],[-84.3915235317189,33.7709182572783],[-84.3915235313846,33.7709222624194],[-84.3915235309066,33.7709357186827],[-84.3915511449935,33.7709357188624],[-84.3915511445878,33.7709752364902],[-84.3915577477004,33.7709752361799],[-84.3915577480931,33.7709770394843],[-84.3915577477801,33.7710165913744],[-84.3915577478289,33.7710414048516],[-84.3915511814756,33.7710414267346],[-84.3915507915654,33.7710607895311],[-84.3915232319466,33.7710605773638],[-84.3915233253931,33.7710781648275],[-84.391481234274,33.7710781648651],[-84.3914812341579,33.7710818409026],[-84.3914735308749,33.7710818405078],[-84.3914735309913,33.7710781644703],[-84.3914542733269,33.7710781643818],[-84.3914542732097,33.7710818404194],[-84.3914465710088,33.7710818409226],[-84.3914465700467,33.771078164887],[-84.3914267628422,33.7710781648935],[-84.3914267627238,33.771081840931],[-84.3914190594408,33.7710818405328],[-84.3914190595596,33.7710781644953],[-84.3913998018951,33.7710781643983],[-84.3913998028552,33.7710818404339],[-84.3913920995722,33.771081840034],[-84.3913920993333,33.771072650392],[-84.3913436804052,33.7710726501829],[-84.3913436807609,33.7710781637874],[-84.3913359774806,33.7710781642857],[-84.391335977123,33.7710726497795],[-84.3913161699197,33.7710726497683],[-84.391316170276,33.7710781642744],[-84.3913083287992,33.7710781641208],[-84.391308329523,33.7710726496127],[-84.3912798559946,33.7710726500412],[-84.3912798552666,33.7710781636477],[-84.3912721530659,33.77107816414],[-84.3912721527124,33.7710726496338],[-84.391252345509,33.7710726496123],[-84.3912523447793,33.7710781632188],[-84.3912446089497,33.7710781024582],[-84.3912446422268,33.7710726492032],[-84.3911962233007,33.7710726498379],[-84.3911962236494,33.7710781643441],[-84.3911731138036,33.7710781640065],[-84.3911731144092,33.7710763264376],[-84.3911714636273,33.7710763258338],[-84.3911219445368,33.7710763257356],[-84.3911202937573,33.7710763260328],[-84.3911202942302,33.7710781635998],[-84.3910971843843,33.771078163248],[-84.3910971852853,33.7710607027453],[-84.3910695711577,33.7710607024641],[-84.3910695712557,33.7710259518739],[-84.3910401346977,33.7710259521947],[-84.3910401350181,33.7710356016795],[-84.3910125208984,33.7710356013855],[-84.3910125220059,33.7710567388237],[-84.391004818725,33.7710567383997],[-84.3910048188614,33.771053062362],[-84.3909855612022,33.7710530622004],[-84.390985561065,33.7710567382381],[-84.3909777206696,33.7710567380615],[-84.3909777208072,33.7710530620239],[-84.3909580507225,33.7710530617059],[-84.3909580505841,33.7710567377435],[-84.3909502792881,33.7710567383413],[-84.3909502794269,33.7710530623037],[-84.3909310217676,33.7710530621336],[-84.3909310216281,33.7710567381712],[-84.3909233874466,33.7710567385182],[-84.3909233875865,33.7710530624806],[-84.3908812964784,33.7710530623135],[-84.3908812963412,33.7710356009109],[-84.3908534760099,33.7710356009559],[-84.3908534768976,33.7709368654929],[-84.3908600800074,33.7709368652199],[-84.3908601031323,33.7709183849073],[-84.3908534772365,33.7709183410406],[-84.3908534779024,33.7708356874512],[-84.3908534774553,33.7707944756182],[-84.3908534790609,33.7707154989646],[-84.3908534791657,33.7706989572462],[-84.3908534788141,33.77069757862],[-84.3908570556685,33.7706975784344],[-84.3908570554407,33.7706717893676],[-84.3908534796647,33.7706717886496],[-84.3908534791069,33.7706653562611],[-84.39085705596,33.7706653560754],[-84.3908570564902,33.7706377853416],[-84.3908534796384,33.7706377855272],[-84.3908534803938,33.7706322719202],[-84.3908570561659,33.7706322717365],[-84.3908570567806,33.7705960280061],[-84.39085348101,33.7705960281898],[-84.390853483301,33.770594420539],[-84.3908534912463,33.7705895948799],[-84.3908535229725,33.7705711001241],[-84.3908537014899,33.7704659490726],[-84.3908536318706,33.7704396317624],[-84.3908535971452,33.7704262981865],[-84.3908537004544,33.7703959068955],[-84.3908538050164,33.7703651675641],[-84.3908538811719,33.7703430048041],[-84.3908537771276,33.770303054568],[-84.3908536464529,33.770249562459],[-84.3908535656745,33.7702164728551],[-84.3908535170599,33.7701978060285]]],[[[-84.3908535082471,33.770194422142],[-84.3908535170599,33.7701978060285],[-84.390853484671,33.7701978060873],[-84.3908535082471,33.770194422142]]]]},"properties":{"OBJECTID":206,"ACCESSTYPE":null,"Address":"120 North Ave NW","ASF":null,"BLDG_CODE":"191N","CONDITION":null,"BLDG_TYPE":"Residence Halls","FLOORCOUNT":null,"GSF":null,"BLDG_NAME":"North Avenue Apts - N","OWNEDBY2":"GT","PLANRENO":null,"BLDG_NUM":"191N","Common_Name":"North Ave Apts","Heating":1,"Cooling":1,"Cistern":0,"Steam":"No","CHW":"No","Electric":"GTME","Gas":"AGL","OWNEDBY":null,"UNDERGROUND":"No","GlobalID":"43ab9919-c444-4d62-bd93-ce4a2c9f9ef4","Creator":"malexander_GTFM","EditDate":1656474313000,"Editor":"malexander_GTFM","STATUS":null,"NRHP_ELIG":null,"NRHP_TRT":null,"NRHP_VAL":null,"NRHP_PHS":null,"EVENTS":null,"CONSTDATE":null,"RENODATE":null,"BUILDING_TYPE_NEW":"Housing","Photos":"https://fm-gis2.ad.gatech.edu/images/building/191N_small.jpg","FACUpdate":null,"DevAction":"Keep","Note":null,"PPV1":"True","Shape__Area":30108.27685546875,"Shape__Length":1497.7456393561752,"WhiteRoof":"No","FloodedBldg":"No"}},{"type":"Feature","id":207,"geometry":{"type":"Polygon","coordinates":[[[-84.4063904776603,33.7811808155559],[-84.406391315154,33.7811155560598],[-84.4063917090879,33.7810848721218],[-84.4063797600062,33.78107467873],[-84.4063808728652,33.781000510389],[-84.4063873761179,33.7810004355421],[-84.4064765177629,33.7810012334212],[-84.4064831066889,33.781001291847],[-84.4065456950239,33.7810018527482],[-84.4065522828702,33.7810019111724],[-84.4066148722832,33.7810024711347],[-84.4066214601295,33.7810025295552],[-84.4066840495432,33.7810030894824],[-84.4066906373921,33.7810031488009],[-84.4067422733357,33.7810036109853],[-84.4067946770154,33.781004079769],[-84.406794605988,33.7810095817797],[-84.4067937261233,33.7810781206649],[-84.4067933199939,33.7811098000499],[-84.4067928462575,33.7811466595494],[-84.4067577106512,33.7811463456145],[-84.4067572918748,33.7811789149529],[-84.4067562507207,33.7812600907837],[-84.406755832837,33.7812925933976],[-84.406749253604,33.7812925340659],[-84.4066869306901,33.7812919763589],[-84.4066803417418,33.7812919179441],[-84.4066177542751,33.7812913571101],[-84.4066111664066,33.7812912986894],[-84.4065485767861,33.7812907396279],[-84.4065419889152,33.7812906803019],[-84.406504106233,33.7812903409787],[-84.4064975226837,33.7812902825436],[-84.4064880535752,33.7812819444482],[-84.4063838494877,33.7812810117386],[-84.4063771126045,33.7812809508901],[-84.406377180849,33.7812756030674],[-84.4063893836597,33.7812660137507],[-84.4063898673165,33.7812283896341],[-84.4063904776603,33.7811808155559]]]},"properties":{"OBJECTID":207,"ACCESSTYPE":"Unknown","Address":"592 Tenth St NW","ASF":14337,"BLDG_CODE":"125","CONDITION":null,"BLDG_TYPE":"Admin/Services","FLOORCOUNT":2,"GSF":22902,"BLDG_NAME":"Southern Regional Education Board","OWNEDBY2":"Other","PLANRENO":null,"BLDG_NUM":"125","Common_Name":"SREB","Heating":null,"Cooling":null,"Cistern":null,"Steam":null,"CHW":null,"Electric":null,"Gas":null,"OWNEDBY":-2,"UNDERGROUND":"No","GlobalID":"0e6d4286-9700-42f0-ab14-7636c8ea594c","Creator":"malexander_GTFM","EditDate":1656482297000,"Editor":"malexander_GTFM","STATUS":null,"NRHP_ELIG":null,"NRHP_TRT":null,"NRHP_VAL":null,"NRHP_PHS":null,"EVENTS":null,"CONSTDATE":null,"RENODATE":null,"BUILDING_TYPE_NEW":"Administrative","Photos":"https://fm-gis2.ad.gatech.edu/images/building/125_small.jpg","FACUpdate":"Yellow","DevAction":"Re-Evaluate","Note":"After lease end","PPV1":"False","Shape__Area":12290.935546875,"Shape__Length":463.03468227633158,"WhiteRoof":"Yes","FloodedBldg":"No"}},{"type":"Feature","id":208,"geometry":{"type":"Polygon","coordinates":[[[-84.3960800969655,33.7742789590192],[-84.3961850107901,33.7742787919022],[-84.396185841648,33.7742466185144],[-84.3963819598604,33.7742472824127],[-84.3963818203776,33.7742593422669],[-84.3965228894744,33.7742615357089],[-84.3965222628398,33.7742783598976],[-84.3965699398384,33.774278831017],[-84.396570006492,33.7743037841097],[-84.3965931747263,33.7743043017758],[-84.3965919888955,33.7743631845599],[-84.3966319433037,33.7743633905304],[-84.3966256955498,33.7748048193729],[-84.39666242034,33.7748060655455],[-84.3966854065889,33.7749109434213],[-84.3966391183917,33.7749200146457],[-84.3966391265855,33.7749230811483],[-84.396624435065,33.7749222321186],[-84.3966205613717,33.7750431544519],[-84.3965974859695,33.7750431072808],[-84.3965980303008,33.7750532723908],[-84.3965324551542,33.7750529563444],[-84.3965324252549,33.7750429742129],[-84.3965082960668,33.7750429262829],[-84.3965069745809,33.775137557101],[-84.3963118164864,33.775135730292],[-84.3963102598283,33.775142304427],[-84.3961712338612,33.775140373835],[-84.3961757588448,33.7748204999253],[-84.3961820540775,33.7744765819622],[-84.3960770289335,33.7744739622781],[-84.3960800969655,33.7742789590192]]]},"properties":{"OBJECTID":208,"ACCESSTYPE":"Public","Address":"266 Fourth St NW","ASF":116207,"BLDG_CODE":"166","CONDITION":null,"BLDG_TYPE":"Academic/Research","FLOORCOUNT":6,"GSF":229919,"BLDG_NAME":"Clough Building","OWNEDBY2":"GT","PLANRENO":null,"BLDG_NUM":"166","Common_Name":"CULC","Heating":2,"Cooling":2,"Cistern":null,"Steam":"Yes","CHW":"HOL","Electric":"GTME","Gas":"AGL","OWNEDBY":null,"UNDERGROUND":"No","GlobalID":"e1db9757-4ae0-4000-8947-7253be409473","Creator":"malexander_GTFM","EditDate":1656474313000,"Editor":"malexander_GTFM","STATUS":null,"NRHP_ELIG":null,"NRHP_TRT":null,"NRHP_VAL":null,"NRHP_PHS":null,"EVENTS":null,"CONSTDATE":null,"RENODATE":null,"BUILDING_TYPE_NEW":"Academic","Photos":"https://fm-gis2.ad.gatech.edu/images/building/166_small.jpg","FACUpdate":null,"DevAction":"Keep","Note":null,"PPV1":"False","Shape__Area":44986.91552734375,"Shape__Length":1019.8884638507783,"WhiteRoof":"Yes","FloodedBldg":"No"}},{"type":"Feature","id":209,"geometry":{"type":"Polygon","coordinates":[[[-84.4053618529139,33.7871162290565],[-84.4053630121288,33.7865295331608],[-84.4058788210855,33.7865238763522],[-84.4058871800905,33.7865215320869],[-84.405886940558,33.7864353907223],[-84.4064139219646,33.7864366941979],[-84.4064141814908,33.786529820603],[-84.4068965446845,33.7865288815414],[-84.4068892735312,33.7869200241878],[-84.407156945217,33.7869195018842],[-84.4071547546039,33.7871220545675],[-84.4071547232884,33.7871220546285],[-84.4053618529139,33.7871162290565]]]},"properties":{"OBJECTID":209,"ACCESSTYPE":null,"Address":"575 14th St NW","ASF":89156,"BLDG_CODE":"850","CONDITION":null,"BLDG_TYPE":"Academic/Research","FLOORCOUNT":null,"GSF":117159,"BLDG_NAME":"Engineering Center","OWNEDBY2":"Other","PLANRENO":null,"BLDG_NUM":"850","Common_Name":"575 14th Street","Heating":4,"Cooling":1,"Cistern":null,"Steam":"No","CHW":"No","Electric":"GPC","Gas":"AGL","OWNEDBY":null,"UNDERGROUND":"No","GlobalID":"fdd3cf34-8b4f-49c3-a24a-1cfbfab740a7","Creator":"malexander_GTFM","EditDate":1656474313000,"Editor":"malexander_GTFM","STATUS":null,"NRHP_ELIG":null,"NRHP_TRT":null,"NRHP_VAL":null,"NRHP_PHS":null,"EVENTS":"Maker Space","CONSTDATE":null,"RENODATE":null,"BUILDING_TYPE_NEW":"Academic","Photos":"https://fm-gis2.ad.gatech.edu/images/building/850_small.jpg","FACUpdate":null,"DevAction":"Keep","Note":null,"PPV1":"False","Shape__Area":111181.84619140625,"Shape__Length":1586.8943159616927,"WhiteRoof":"Yes","FloodedBldg":"No"}},{"type":"Feature","id":210,"geometry":{"type":"Polygon","coordinates":[[[-84.3866210898979,33.7785465007939],[-84.3866331318495,33.77842933586],[-84.3865903414274,33.7784266638905],[-84.3865607168854,33.7784246555056],[-84.3865467045511,33.7784147181248],[-84.3865285749221,33.7784034139609],[-84.3865227875354,33.7783924313358],[-84.3865194771981,33.77838487959],[-84.386479155073,33.7783822031845],[-84.3864847669541,33.778324480275],[-84.3865234444165,33.778327503138],[-84.3865333411903,33.7783168965099],[-84.3865382136624,33.7783116744794],[-84.3865456105717,33.778308569537],[-84.3865740831125,33.7782979487417],[-84.3865752017148,33.7782975238738],[-84.3865842535893,33.778298538331],[-84.3866451481017,33.7783025521497],[-84.3866563716239,33.7781871063143],[-84.3868637448447,33.7782015073258],[-84.3868599591648,33.7782402814918],[-84.3868596813873,33.7782431239932],[-84.3868557273646,33.7782836251219],[-84.3868277483786,33.7782816138648],[-84.3868237330283,33.7783200963039],[-84.3868599404721,33.7783224364094],[-84.3868487233592,33.7784402869535],[-84.3868133386238,33.7784379453772],[-84.38681214468,33.7784756067871],[-84.3868376215678,33.7784761942955],[-84.3868373348289,33.7784911495996],[-84.3868309313773,33.7785605539291],[-84.3867794459042,33.7785571058875],[-84.3866724868042,33.7785499427479],[-84.3866210898979,33.7785465007939]]]},"properties":{"OBJECTID":210,"ACCESSTYPE":"Public","Address":"875 W Peachtree St NW","ASF":14061,"BLDG_CODE":"198","CONDITION":null,"BLDG_TYPE":"Admin/Services","FLOORCOUNT":2,"GSF":20030,"BLDG_NAME":"Academy of Medicine","OWNEDBY2":"GT","PLANRENO":null,"BLDG_NUM":"198","Common_Name":"Academy of Medicine","Heating":1,"Cooling":1,"Cistern":0,"Steam":"No","CHW":"No","Electric":"GPC","Gas":"AGL","OWNEDBY":null,"UNDERGROUND":"No","GlobalID":"06fa82e1-9223-476f-be38-84fb180a0feb","Creator":"malexander_GTFM","EditDate":1656482297000,"Editor":"malexander_GTFM","STATUS":null,"NRHP_ELIG":null,"NRHP_TRT":null,"NRHP_VAL":null,"NRHP_PHS":null,"EVENTS":"Event Space","CONSTDATE":null,"RENODATE":null,"BUILDING_TYPE_NEW":"Unknown","Photos":"https://fm-gis2.ad.gatech.edu/images/building/198_small.jpg","FACUpdate":null,"DevAction":"Keep","Note":null,"PPV1":"True","Shape__Area":9962.885986328125,"Shape__Length":509.75193177112141,"WhiteRoof":"No","FloodedBldg":"No"}},{"type":"Feature","id":211,"geometry":{"type":"Polygon","coordinates":[[[-84.3971203597629,33.7810533442299],[-84.397120168753,33.7809824279381],[-84.3973358549736,33.7809831511176],[-84.3973360431358,33.781053341585],[-84.3971203597629,33.7810533442299]]]},"properties":{"OBJECTID":211,"ACCESSTYPE":null,"Address":null,"ASF":null,"BLDG_CODE":" ","CONDITION":null,"BLDG_TYPE":"Admin/Services","FLOORCOUNT":null,"GSF":null,"BLDG_NAME":"Facilities Motor Pool","OWNEDBY2":"Other","PLANRENO":null,"BLDG_NUM":" ","Common_Name":"Motor Pool","Heating":0,"Cooling":1,"Cistern":null,"Steam":"No","CHW":"No","Electric":"GPC","Gas":"No","OWNEDBY":null,"UNDERGROUND":"No","GlobalID":"e99b0649-1c1d-43ae-9490-c6ed517bfb64","Creator":"malexander_GTFM","EditDate":1656536815000,"Editor":"malexander_GTFM","STATUS":"Demolished","NRHP_ELIG":null,"NRHP_TRT":null,"NRHP_VAL":null,"NRHP_PHS":null,"EVENTS":null,"CONSTDATE":null,"RENODATE":null,"BUILDING_TYPE_NEW":"Facilities Services and Campus Support","Photos":"https://fm-gis2.ad.gatech.edu/images/building/ _small.jpg","FACUpdate":null,"DevAction":"Keep","Note":null,"PPV1":"False","Shape__Area":1682.4248046875,"Shape__Length":182.41512017952735,"WhiteRoof":"No","FloodedBldg":"No"}},{"type":"Feature","id":212,"geometry":{"type":"Polygon","coordinates":[[[-84.3918782663134,33.7793004955421],[-84.391879403641,33.7792498837787],[-84.3919085068007,33.7792501399289],[-84.391943527931,33.779250343793],[-84.3920447370177,33.7792527575529],[-84.3920442668253,33.7793024502181],[-84.3920058923021,33.7793023733272],[-84.3919960016865,33.7793023336815],[-84.3919493175292,33.7793018914488],[-84.3918782663134,33.7793004955421]]]},"properties":{"OBJECTID":212,"ACCESSTYPE":"Reserved","Address":null,"ASF":null,"BLDG_CODE":" ","CONDITION":null,"BLDG_TYPE":"Athletic","FLOORCOUNT":1,"GSF":6478,"BLDG_NAME":" ","OWNEDBY2":"GT","PLANRENO":null,"BLDG_NUM":" ","Common_Name":"Women's Locker","Heating":null,"Cooling":null,"Cistern":null,"Steam":null,"CHW":null,"Electric":"GTME","Gas":null,"OWNEDBY":null,"UNDERGROUND":"No","GlobalID":"8577a645-bafa-4d72-a954-27b5d85c5eea","Creator":"malexander_GTFM","EditDate":1656474313000,"Editor":"malexander_GTFM","STATUS":null,"NRHP_ELIG":"Yes","NRHP_TRT":"Extensive Rehab","NRHP_VAL":"2","NRHP_PHS":"Phase II","EVENTS":null,"CONSTDATE":null,"RENODATE":null,"BUILDING_TYPE_NEW":"Athletics","Photos":"https://fm-gis2.ad.gatech.edu/images/building/ _small.jpg","FACUpdate":null,"DevAction":"Keep","Note":null,"PPV1":"False","Shape__Area":930.7001953125,"Shape__Length":137.19830453254403,"WhiteRoof":"No","FloodedBldg":"No"}},{"type":"Feature","id":213,"geometry":{"type":"Polygon","coordinates":[[[-84.390876148253,33.7699424132744],[-84.3908764980364,33.7699229243176],[-84.3908556181306,33.7699229965094],[-84.3908553367321,33.7698663506897],[-84.3908550467607,33.7698080710903],[-84.3908549000229,33.7697786729701],[-84.3908543661719,33.7696905896819],[-84.3908540067243,33.7695674921946],[-84.3908535515831,33.7695278716945],[-84.3908528786096,33.7694046061644],[-84.39085266078,33.7693209620352],[-84.3908524933932,33.7692566871185],[-84.3908519878112,33.769197696501],[-84.3908518148838,33.7691582404883],[-84.390847418701,33.7691582565883],[-84.3908470491235,33.7690839141818],[-84.3908514453048,33.7690838989835],[-84.3908513312824,33.7690537957079],[-84.3908512707522,33.769048793448],[-84.3908721493663,33.7690487212597],[-84.3908720349547,33.7690255183337],[-84.3908951127296,33.7690254376384],[-84.3908950854318,33.7690199312942],[-84.3909158625549,33.769019859283],[-84.3909742101568,33.7690196567799],[-84.3909742374597,33.7690251631241],[-84.3910214920556,33.7690249987915],[-84.3910216071383,33.7690480295003],[-84.3910424868315,33.7690479572813],[-84.3910428975373,33.7691305587522],[-84.3910363043414,33.7691305815579],[-84.3910365335109,33.7691766718293],[-84.3910366387161,33.769197982202],[-84.3910432329968,33.7691979593943],[-84.3910436447845,33.7692805608612],[-84.3910227650348,33.7692806330806],[-84.3910229652928,33.7693210177447],[-84.3910438461295,33.7693209446216],[-84.3910442568418,33.7694035469905],[-84.3910376625454,33.7694035697983],[-84.3910378593343,33.7694430347821],[-84.3910444525541,33.7694430119762],[-84.3910448723692,33.7695274491902],[-84.3910382791453,33.7695274728978],[-84.3910384748555,33.7695669378827],[-84.3910450691644,33.7695669150748],[-84.3910454798781,33.7696495165387],[-84.3910246000413,33.7696495896605],[-84.391024801377,33.7696899725169],[-84.3910456823055,33.7696899002948],[-84.3910462698094,33.7697723977456],[-84.3910394986964,33.7697725245651],[-84.3910397345604,33.7697988136244],[-84.3910396463992,33.7698151093541],[-84.3910401069469,33.769839787653],[-84.3910464274088,33.769839902394],[-84.3910466128269,33.7698770735912],[-84.3910468392086,33.769922504754],[-84.3910259262109,33.7699227212992],[-84.3910259764547,33.7699424133026],[-84.3910261003937,33.7699510283687],[-84.3908766406056,33.769951547925],[-84.390876148253,33.7699424132744]]]},"properties":{"OBJECTID":213,"ACCESSTYPE":null,"Address":"120 North Ave NW","ASF":null,"BLDG_CODE":"191E","CONDITION":null,"BLDG_TYPE":"Residence Halls","FLOORCOUNT":10,"GSF":966203,"BLDG_NAME":"North Avenue Apts - E","OWNEDBY2":"GT","PLANRENO":null,"BLDG_NUM":"191E","Common_Name":"North Ave Apts","Heating":1,"Cooling":1,"Cistern":0,"Steam":"No","CHW":"No","Electric":"GTME","Gas":"AGL","OWNEDBY":null,"UNDERGROUND":"No","GlobalID":"85617a09-eb03-49a2-ad3f-2382d3eb09df","Creator":"malexander_GTFM","EditDate":1656474313000,"Editor":"malexander_GTFM","STATUS":null,"NRHP_ELIG":null,"NRHP_TRT":null,"NRHP_VAL":null,"NRHP_PHS":null,"EVENTS":null,"CONSTDATE":null,"RENODATE":null,"BUILDING_TYPE_NEW":"Housing","Photos":"https://fm-gis2.ad.gatech.edu/images/building/191E_small.jpg","FACUpdate":null,"DevAction":"Keep","Note":null,"PPV1":"True","Shape__Area":19086.751708984375,"Shape__Length":838.07049199885466,"WhiteRoof":"No","FloodedBldg":"No"}},{"type":"Feature","id":214,"geometry":{"type":"Polygon","coordinates":[[[-84.3917721549121,33.7709328517442],[-84.3917721620724,33.770927332716],[-84.3917490338619,33.7709273126833],[-84.3917490637482,33.7709040590101],[-84.3917281380232,33.7709040403667],[-84.3917281831534,33.7708688587041],[-84.3917237781946,33.7708688550152],[-84.3917238738307,33.7707943521929],[-84.3917492055638,33.7707943745233],[-84.3917492562916,33.7707539046577],[-84.3917283306007,33.7707538851126],[-84.3917283591374,33.7707313518615],[-84.3917284369839,33.7706711060004],[-84.3917350454877,33.7706711119824],[-84.3917350973021,33.770630642114],[-84.391728489881,33.77063063613],[-84.3917285962623,33.7705478561145],[-84.3917352047566,33.7705478620965],[-84.3917352565689,33.7705073913257],[-84.3917286480776,33.7705073853437],[-84.3917287555389,33.7704246053245],[-84.3917496811474,33.7704246239683],[-84.3917497329554,33.7703841540983],[-84.3917244024204,33.7703841308638],[-84.3917244980603,33.7703096289373],[-84.3917289029905,33.7703096326263],[-84.3917289481239,33.7702744518621],[-84.3917498736959,33.770274470506],[-84.3917499035828,33.7702512168302],[-84.3917730316139,33.7702512377652],[-84.3917730387767,33.770245719638],[-84.391793963262,33.7702457382764],[-84.3918008435064,33.770241503287],[-84.3918087402324,33.7702395404109],[-84.3918167187647,33.7702395474961],[-84.3918246507504,33.7702415716625],[-84.3918314094651,33.7702457718535],[-84.3918523350301,33.77024579048],[-84.3918524786459,33.7702511649693],[-84.3918999662442,33.7702510810224],[-84.3918996559484,33.7702744325883],[-84.391920581518,33.7702744503016],[-84.3919205434675,33.7703040561347],[-84.3919261899838,33.7703040611573],[-84.3919320195668,33.7703158504452],[-84.3919261588111,33.7703276304135],[-84.3919205133729,33.770327625389],[-84.3919204753201,33.7703572303202],[-84.3919138668404,33.770357224348],[-84.3919138272344,33.7703878869204],[-84.3919138996932,33.7703986615368],[-84.3919137801557,33.7704247709092],[-84.391920387561,33.7704247768834],[-84.3919203495083,33.7704543818142],[-84.3919259960344,33.7704543868367],[-84.3919318256301,33.7704661770259],[-84.3919259659439,33.770477956992],[-84.3919203194138,33.7704779510678],[-84.3919202824432,33.770507556898],[-84.3919070665404,33.7705075449514],[-84.3919070137293,33.7705480157239],[-84.3919202307156,33.7705480267669],[-84.3919202152796,33.7705598691],[-84.3919204403994,33.7706207311395],[-84.3919201234414,33.7706308076854],[-84.3919069075196,33.7706307957389],[-84.391906855786,33.770671265607],[-84.391920071714,33.7706712775535],[-84.3919200587415,33.7706811732141],[-84.3919199804069,33.7707424190085],[-84.3919199655151,33.7707540566652],[-84.3919133570049,33.7707540506931],[-84.3919132703212,33.77082159725],[-84.3919198777569,33.770821603224],[-84.3919197715632,33.7709043841369],[-84.3918988458382,33.7709043655225],[-84.3918988176986,33.7709274460752],[-84.3918514589561,33.7709274044576],[-84.3918514518009,33.7709329234858],[-84.3917721549121,33.7709328517442]]]},"properties":{"OBJECTID":214,"ACCESSTYPE":null,"Address":"120 North Ave NW","ASF":null,"BLDG_CODE":"191W","CONDITION":null,"BLDG_TYPE":"Residence Halls","FLOORCOUNT":10,"GSF":966203,"BLDG_NAME":"North Avenue Apts - W","OWNEDBY2":"GT","PLANRENO":null,"BLDG_NUM":"191W","Common_Name":"North Ave Apts","Heating":1,"Cooling":1,"Cistern":0,"Steam":"No","CHW":"No","Electric":"GTME","Gas":"AGL","OWNEDBY":null,"UNDERGROUND":"No","GlobalID":"90849039-a615-4afa-a3dc-88fd0be205cf","Creator":"malexander_GTFM","EditDate":1656474313000,"Editor":"malexander_GTFM","STATUS":null,"NRHP_ELIG":null,"NRHP_TRT":null,"NRHP_VAL":null,"NRHP_PHS":null,"EVENTS":null,"CONSTDATE":null,"RENODATE":null,"BUILDING_TYPE_NEW":"Housing","Photos":"https://fm-gis2.ad.gatech.edu/images/building/191W_small.jpg","FACUpdate":null,"DevAction":"Keep","Note":null,"PPV1":"False","Shape__Area":13883.060302734375,"Shape__Length":689.0338545027895,"WhiteRoof":"No","FloodedBldg":"No"}},{"type":"Feature","id":215,"geometry":{"type":"Polygon","coordinates":[[[-84.395306006073,33.7745059248411],[-84.3949779231335,33.7745031807801],[-84.3949782564268,33.7744879963451],[-84.394961627791,33.774487870219],[-84.394961608396,33.7744911414481],[-84.3949072630749,33.7744906522857],[-84.3949082720304,33.7744232645606],[-84.3949376402708,33.7744235294282],[-84.3949398308264,33.7742647147132],[-84.3949810024317,33.7742650857725],[-84.3949798546583,33.774353790612],[-84.3950888593307,33.774354773678],[-84.3950923889165,33.7743548059162],[-84.3950924622432,33.7743490757824],[-84.3951103034339,33.7743492366141],[-84.3951099451717,33.7743769711895],[-84.3952211060635,33.7743779735903],[-84.3952214642898,33.7743502390148],[-84.3952393054809,33.7743503998279],[-84.3952392310843,33.7743561299638],[-84.39530803731,33.7743568924403],[-84.395306006073,33.7745059248411]]]},"properties":{"OBJECTID":215,"ACCESSTYPE":"Student","Address":null,"ASF":null,"BLDG_CODE":"051A","CONDITION":null,"BLDG_TYPE":"Office","FLOORCOUNT":3,"GSF":18346,"BLDG_NAME":"Hinman Addition","OWNEDBY2":"GT","PLANRENO":null,"BLDG_NUM":" 051A","Common_Name":"Hinman Addition","Heating":4,"Cooling":2,"Cistern":null,"Steam":"No","CHW":"HOL","Electric":"GTME","Gas":"AGL","OWNEDBY":null,"UNDERGROUND":"No","GlobalID":"be1d18c0-249d-44c5-8b96-9465f956b2c8","Creator":"malexander_GTFM","EditDate":1656474313000,"Editor":"malexander_GTFM","STATUS":null,"NRHP_ELIG":null,"NRHP_TRT":null,"NRHP_VAL":null,"NRHP_PHS":null,"EVENTS":null,"CONSTDATE":null,"RENODATE":null,"BUILDING_TYPE_NEW":"Research","Photos":"https://fm-gis2.ad.gatech.edu/images/building/051A_small.jpg","FACUpdate":null,"DevAction":"Keep","Note":null,"PPV1":"False","Shape__Area":6413.7177734375,"Shape__Length":442.33105083027613,"WhiteRoof":"No","FloodedBldg":"No"}},{"type":"Feature","id":216,"geometry":{"type":"Polygon","coordinates":[[[-84.3925813313293,33.7767478749173],[-84.3925817081438,33.7767297744722],[-84.3925821118078,33.7767103855175],[-84.3925838463326,33.7766270796462],[-84.3925840830024,33.7766152324116],[-84.3925843104624,33.7766048125084],[-84.3925845826952,33.7765917056012],[-84.3925882095793,33.7765917503559],[-84.392612819268,33.7765920542406],[-84.3926363643239,33.7765923456435],[-84.392696219253,33.7765930853875],[-84.3926950139958,33.7766525839823],[-84.3926985890753,33.7766526360417],[-84.392697771228,33.7766919107813],[-84.3926941961469,33.7766918587218],[-84.3926938338587,33.7767093144598],[-84.3926974089405,33.7767093665193],[-84.39269665823,33.7767454267474],[-84.3926930820669,33.7767453746899],[-84.3926926851309,33.7767644381361],[-84.3925810196441,33.7767628167575],[-84.3925813313293,33.7767478749173]]]},"properties":{"OBJECTID":216,"ACCESSTYPE":null,"Address":"166 Fifth St NW","ASF":2907,"BLDG_CODE":"720","CONDITION":null,"BLDG_TYPE":"Academic/Research","FLOORCOUNT":null,"GSF":4375,"BLDG_NAME":"Heffernan House","OWNEDBY2":"GT","PLANRENO":null,"BLDG_NUM":"720","Common_Name":"Heffernan House","Heating":1,"Cooling":1,"Cistern":0,"Steam":"No","CHW":"No","Electric":"GPC","Gas":"AGL","OWNEDBY":null,"UNDERGROUND":"No","GlobalID":"8d501cce-fa89-4a2a-b56a-1bab24673013","Creator":"malexander_GTFM","EditDate":1656474313000,"Editor":"malexander_GTFM","STATUS":null,"NRHP_ELIG":"Yes","NRHP_TRT":"Corrective Maintenance","NRHP_VAL":"2","NRHP_PHS":"Phase II","EVENTS":null,"CONSTDATE":1927,"RENODATE":null,"BUILDING_TYPE_NEW":"Academic","Photos":"https://fm-gis2.ad.gatech.edu/images/building/720_small.jpg","FACUpdate":null,"DevAction":"Keep","Note":null,"PPV1":"False","Shape__Area":2144.42138671875,"Shape__Length":196.83900826930923,"WhiteRoof":"No","FloodedBldg":"No"}},{"type":"Feature","id":217,"geometry":{"type":"Polygon","coordinates":[[[-84.3888973624003,33.7777368736582],[-84.3888984159587,33.7777033240098],[-84.3889000571923,33.7777033408906],[-84.3889004610867,33.7776766107014],[-84.3888988187716,33.7776765929209],[-84.3888996568807,33.7776210758201],[-84.3889012981149,33.7776210936026],[-84.388901700929,33.7775943634149],[-84.3889000596952,33.7775943456325],[-84.3889003447735,33.7775391658429],[-84.3889012984598,33.7775120992485],[-84.3889017196372,33.7774728288564],[-84.388903911101,33.7774726806457],[-84.3889048154431,33.7774127092647],[-84.3889026295744,33.7774125148377],[-84.3889027955109,33.7774015116838],[-84.3892987181685,33.7774027384187],[-84.3893099311525,33.7774031654089],[-84.3893099338015,33.7774029372863],[-84.3893953242215,33.7774017841725],[-84.389418305744,33.7774020258117],[-84.3894839656949,33.7774027160599],[-84.3895030806118,33.777402916877],[-84.3895080410316,33.7774029773472],[-84.3895912096421,33.7774040128117],[-84.3896152839979,33.7774043119492],[-84.3896448824116,33.7774046795447],[-84.3896809469055,33.7774048920857],[-84.3897039292357,33.777405028177],[-84.38970383123,33.7774242885346],[-84.3897037516648,33.7774398322508],[-84.3897028707448,33.7774702979463],[-84.3897028135285,33.7774790503819],[-84.3897024008626,33.7775064658452],[-84.3897015744529,33.7775612976748],[-84.3897011607067,33.7775887131397],[-84.3897003342957,33.7776435449686],[-84.3896999216309,33.7776709613328],[-84.3896990952139,33.7777257913577],[-84.3896988059157,33.7777449826328],[-84.3896758243034,33.7777447419478],[-84.3896101640907,33.7777440518028],[-84.3895415356196,33.7777433309175],[-84.3894823021387,33.7777427075413],[-84.3894060440852,33.777741906584],[-84.389334850919,33.7777414724297],[-84.3892963186027,33.7777410676798],[-84.3892229197538,33.777740295714],[-84.3888973624003,33.7777368736582]]]},"properties":{"OBJECTID":217,"ACCESSTYPE":"Public","Address":null,"ASF":null,"BLDG_CODE":"176","CONDITION":null,"BLDG_TYPE":"Academic/Research","FLOORCOUNT":7,"GSF":null,"BLDG_NAME":"Centergy One","OWNEDBY2":"Other","PLANRENO":null,"BLDG_NUM":"176","Common_Name":null,"Heating":null,"Cooling":null,"Cistern":null,"Steam":null,"CHW":null,"Electric":null,"Gas":null,"OWNEDBY":null,"UNDERGROUND":"No","GlobalID":"adb7579e-2593-4011-aa8f-66745afcbd19","Creator":"malexander_GTFM","EditDate":1656474313000,"Editor":"malexander_GTFM","STATUS":null,"NRHP_ELIG":null,"NRHP_TRT":null,"NRHP_VAL":null,"NRHP_PHS":null,"EVENTS":null,"CONSTDATE":null,"RENODATE":null,"BUILDING_TYPE_NEW":"Research","Photos":"https://fm-gis2.ad.gatech.edu/images/building/176_small.jpg","FACUpdate":null,"DevAction":"Keep","Note":null,"PPV1":"False","Shape__Area":29940.714599609375,"Shape__Length":736.03103477517129,"WhiteRoof":"No","FloodedBldg":"No"}},{"type":"Feature","id":218,"geometry":{"type":"Polygon","coordinates":[[[-84.3889063918532,33.7773081860643],[-84.3889072961902,33.77724821378],[-84.3889051103257,33.7772480193531],[-84.3889054413089,33.7772260869817],[-84.3889076327663,33.777225938771],[-84.3889085371019,33.7771659664859],[-84.3889063512395,33.777165772059],[-84.3889066811424,33.7771438396893],[-84.3889088725978,33.7771436914785],[-84.3889097769297,33.777083718291],[-84.3889075910694,33.7770835238641],[-84.3889079209718,33.7770615914941],[-84.3889174990052,33.7770615210476],[-84.3889184033329,33.777001548761],[-84.3889088308996,33.7770012765697],[-84.3889090788683,33.7769848281927],[-84.3889130555887,33.7769848697203],[-84.3889263408404,33.7769850098949],[-84.3889287767569,33.7769850352623],[-84.3889289542386,33.7769868652957],[-84.3890007706078,33.7769876204525],[-84.3890010034306,33.7769857950899],[-84.3890272672812,33.7769860705615],[-84.389027444765,33.7769879005946],[-84.3890992611332,33.7769886547925],[-84.389099493954,33.7769868294298],[-84.3891257578073,33.776987105782],[-84.3891259352932,33.776988935815],[-84.3891977516651,33.7769896908572],[-84.3891979844838,33.7769878654943],[-84.3892242483354,33.7769881409239],[-84.3892244258233,33.7769899709568],[-84.3892962421967,33.7769907259416],[-84.3892964750133,33.7769889005786],[-84.3893161729035,33.7769891075864],[-84.3893159250127,33.7770055559639],[-84.3893063469883,33.7770056273429],[-84.3893058327155,33.7770397251312],[-84.3893054429287,33.7770655987297],[-84.3893150153701,33.7770658708901],[-84.3893137759298,33.7771481190878],[-84.3893134450533,33.7771700523617],[-84.3893113157808,33.7771700300553],[-84.3893103780589,33.7772303441289],[-84.3893125354056,33.7772303663847],[-84.3893122056083,33.7772522996564],[-84.3893100180266,33.7772522765535],[-84.389309623285,33.7772783214738],[-84.3893093898743,33.7772949420399],[-84.389309646857,33.7772949451829],[-84.3893096109528,33.777297343641],[-84.3893093626102,33.7772973413841],[-84.3893091100945,33.7773124201603],[-84.3893091083666,33.777312586969],[-84.3893112959615,33.7773126145801],[-84.3893109650816,33.7773345469518],[-84.3893087736221,33.7773346951697],[-84.3893087506762,33.7773362595767],[-84.3893078695643,33.7773946674549],[-84.3893100554334,33.7773948618748],[-84.3893099338015,33.7774029372863],[-84.3893099311525,33.7774031654089],[-84.3892987181685,33.7774027384187],[-84.3889027955109,33.7774015116838],[-84.3889029605563,33.7773905815653],[-84.3889051520179,33.7773904333546],[-84.3889060563563,33.7773304610711],[-84.3889038704898,33.7773302666441],[-84.3889042003937,33.777308334275],[-84.3889063918532,33.7773081860643]]]},"properties":{"OBJECTID":218,"ACCESSTYPE":"Public","Address":null,"ASF":null,"BLDG_CODE":"176A","CONDITION":null,"BLDG_TYPE":"Academic/Research","FLOORCOUNT":7,"GSF":129177,"BLDG_NAME":"GT at Centergy One","OWNEDBY2":"GT","PLANRENO":null,"BLDG_NUM":"176A","Common_Name":"Centergy One","Heating":null,"Cooling":null,"Cistern":null,"Steam":null,"CHW":null,"Electric":null,"Gas":null,"OWNEDBY":-2,"UNDERGROUND":"No","GlobalID":"57922dda-206a-4abd-b15d-e91280f46159","Creator":"malexander_GTFM","EditDate":1656474313000,"Editor":"malexander_GTFM","STATUS":null,"NRHP_ELIG":null,"NRHP_TRT":null,"NRHP_VAL":null,"NRHP_PHS":null,"EVENTS":null,"CONSTDATE":null,"RENODATE":null,"BUILDING_TYPE_NEW":"Research","Photos":"https://fm-gis2.ad.gatech.edu/images/building/176A_small.jpg","FACUpdate":null,"DevAction":"Keep","Note":null,"PPV1":"False","Shape__Area":18403.279541015625,"Shape__Length":574.80933113103822,"WhiteRoof":"No","FloodedBldg":"No"}},{"type":"Feature","id":219,"geometry":{"type":"Polygon","coordinates":[[[-84.3948067301739,33.7810244832346],[-84.3948125893479,33.7810514867672],[-84.3948093010706,33.7811315747807],[-84.3948070818426,33.7811856283503],[-84.394800026679,33.7813575231127],[-84.3938100770058,33.7813324521205],[-84.393815808408,33.7811565520075],[-84.3937513568128,33.7811545364206],[-84.3937571265752,33.7810058128975],[-84.3937498507626,33.7810056946455],[-84.3937514744476,33.7809523950664],[-84.3937595407107,33.7809525371098],[-84.393760802655,33.7809155986536],[-84.3938715504917,33.7809185018868],[-84.3938716341447,33.7809113345088],[-84.3939110918334,33.780912016536],[-84.3939112855735,33.780903196229],[-84.3940251930053,33.7809061746545],[-84.3940247849566,33.7809221517606],[-84.3941183413545,33.7809248925899],[-84.3941166550757,33.7809683147022],[-84.3943711900018,33.7809750323511],[-84.3943704340553,33.7810113071655],[-84.3948067987906,33.7810226698876],[-84.3948067301739,33.7810244832346]]]},"properties":{"OBJECTID":219,"ACCESSTYPE":"Private","Address":"960 Fowler St NW","ASF":44076,"BLDG_CODE":"203","CONDITION":null,"BLDG_TYPE":"Athletic","FLOORCOUNT":2,"GSF":50935,"BLDG_NAME":"Ken Byers Tennis Complex","OWNEDBY2":"GT","PLANRENO":null,"BLDG_NUM":"203","Common_Name":"Tennis Center","Heating":1,"Cooling":1,"Cistern":0,"Steam":"No","CHW":"No","Electric":"GTME","Gas":"AGL","OWNEDBY":null,"UNDERGROUND":"No","GlobalID":"d05b38f6-b475-44ba-aaff-285c8384196d","Creator":"malexander_GTFM","EditDate":1656474313000,"Editor":"malexander_GTFM","STATUS":null,"NRHP_ELIG":null,"NRHP_TRT":null,"NRHP_VAL":null,"NRHP_PHS":null,"EVENTS":"Athletic","CONSTDATE":null,"RENODATE":null,"BUILDING_TYPE_NEW":"Athletics","Photos":"https://fm-gis2.ad.gatech.edu/images/building/203_small.jpg","FACUpdate":null,"DevAction":"Keep","Note":null,"PPV1":"False","Shape__Area":42338.855712890625,"Shape__Length":957.68038122245991,"WhiteRoof":"No","FloodedBldg":"No"}},{"type":"Feature","id":220,"geometry":{"type":"Polygon","coordinates":[[[-84.3953143493597,33.7783799187554],[-84.3953228103324,33.7783962265748],[-84.3953223095633,33.7784235394236],[-84.3953136807988,33.7788943156764],[-84.3953060098682,33.7793127339373],[-84.3951584182518,33.7793108974362],[-84.3951451520056,33.7793107335536],[-84.3945616886709,33.7793034739574],[-84.394577087218,33.7783630241102],[-84.3952323314819,33.7783710280292],[-84.3953232527273,33.7783721390408],[-84.395323107416,33.7783800305627],[-84.3953143493597,33.7783799187554]]]},"properties":{"OBJECTID":220,"ACCESSTYPE":"Private","Address":"237 Cherry St NW","ASF":79149,"BLDG_CODE":"200","CONDITION":null,"BLDG_TYPE":"Athletic","FLOORCOUNT":3,"GSF":82144,"BLDG_NAME":"Indoor Football Practice","OWNEDBY2":"GT","PLANRENO":null,"BLDG_NUM":"200","Common_Name":"Football Practice Field","Heating":1,"Cooling":1,"Cistern":1,"Steam":"No","CHW":"No","Electric":"GTME","Gas":"AGL","OWNEDBY":null,"UNDERGROUND":"No","GlobalID":"f2d17b6c-6a4c-4f28-a50e-dfd7190b8076","Creator":"malexander_GTFM","EditDate":1656474313000,"Editor":"malexander_GTFM","STATUS":null,"NRHP_ELIG":null,"NRHP_TRT":null,"NRHP_VAL":null,"NRHP_PHS":null,"EVENTS":"Athletic","CONSTDATE":null,"RENODATE":null,"BUILDING_TYPE_NEW":"Athletics","Photos":"https://fm-gis2.ad.gatech.edu/images/building/200_small.jpg","FACUpdate":null,"DevAction":"Keep","Note":null,"PPV1":"False","Shape__Area":77504.568603515625,"Shape__Length":1140.7019442924591,"WhiteRoof":"No","FloodedBldg":"No"}},{"type":"Feature","id":221,"geometry":{"type":"Polygon","coordinates":[[[-84.4022067906161,33.7710923127094],[-84.4021770886053,33.7710923693906],[-84.4019799525867,33.77109274541],[-84.4016373122278,33.7710933991183],[-84.4016369643689,33.770965963855],[-84.401494479998,33.7709662359404],[-84.4014939277595,33.770764199252],[-84.4017419808787,33.7707637261391],[-84.4017430723919,33.7707637240601],[-84.4020509492793,33.7707631363662],[-84.4020650482607,33.7707631094762],[-84.4020654874855,33.7709233295452],[-84.4022057174954,33.7709230620047],[-84.4022067906161,33.7710923127094]]]},"properties":{"OBJECTID":221,"ACCESSTYPE":"Faculty","Address":"495 Tech Way","ASF":22926,"BLDG_CODE":"199","CONDITION":null,"BLDG_TYPE":"Academic/Research","FLOORCOUNT":2,"GSF":46888,"BLDG_NAME":"CNES","OWNEDBY2":"GT","PLANRENO":null,"BLDG_NUM":"199","Common_Name":"Carbon Neutral Energy Solutions Lab","Heating":1,"Cooling":1,"Cistern":1,"Steam":"No","CHW":"No","Electric":"GTME","Gas":"AGL","OWNEDBY":null,"UNDERGROUND":"No","GlobalID":"45d71f91-defe-4099-a599-95cc21e1cc09","Creator":"malexander_GTFM","EditDate":1656474313000,"Editor":"malexander_GTFM","STATUS":null,"NRHP_ELIG":null,"NRHP_TRT":null,"NRHP_VAL":null,"NRHP_PHS":null,"EVENTS":null,"CONSTDATE":null,"RENODATE":null,"BUILDING_TYPE_NEW":"Research","Photos":"https://fm-gis2.ad.gatech.edu/images/building/199_small.jpg","FACUpdate":null,"DevAction":"Keep","Note":null,"PPV1":"True","Shape__Area":21428.87109375,"Shape__Length":672.29060105234214,"WhiteRoof":"No","FloodedBldg":"No"}},{"type":"Feature","id":222,"geometry":{"type":"Polygon","coordinates":[[[-84.3988094644147,33.7810213434657],[-84.3987736497778,33.781032264908],[-84.3986717320051,33.7810325611546],[-84.3986712122336,33.7808401858962],[-84.3985463213502,33.7808404206361],[-84.3985464288956,33.7808803293067],[-84.3981824165793,33.7808810136707],[-84.398182314285,33.7808429939482],[-84.3981084357592,33.7808431325299],[-84.3981084542389,33.7808500030753],[-84.3980656707503,33.7808500833085],[-84.398065652274,33.7808432127631],[-84.3980393222335,33.7808432630349],[-84.3980393407077,33.7808501335804],[-84.397996556139,33.7808502137917],[-84.3979965376683,33.7808433432462],[-84.3979702087049,33.7808433925996],[-84.3979702271736,33.7808502631451],[-84.3979274426046,33.7808503433324],[-84.3979274241394,33.780843472787],[-84.3978692129865,33.7808435818632],[-84.3978690329961,33.7807765940441],[-84.3978807225113,33.7807765721425],[-84.3978805503596,33.7807125047554],[-84.3978415029162,33.7807125779107],[-84.3978411843525,33.7805944036244],[-84.3978773865726,33.7805943358003],[-84.3978773238051,33.7805709759446],[-84.3980188415351,33.7805707107123],[-84.3980189046683,33.7805941922901],[-84.3980551068879,33.7805941244138],[-84.3980551384316,33.7806058548337],[-84.398141100356,33.7806056927178],[-84.3981411054374,33.780607581667],[-84.3983941279738,33.7806071058956],[-84.3985323546468,33.7806068462542],[-84.3988408282938,33.7806062653654],[-84.3988407922226,33.7805928966547],[-84.3988844674633,33.780592814475],[-84.3988847345384,33.7806913788461],[-84.3989192912395,33.7806913138127],[-84.3989200907003,33.7809875064341],[-84.39881642024,33.7809877015072],[-84.398816512048,33.7810213302076],[-84.3988094644147,33.7810213434657]]]},"properties":{"OBJECTID":222,"ACCESSTYPE":null,"Address":"950 Atlantic Dr NW","ASF":127165,"BLDG_CODE":"195","CONDITION":"Excellent","BLDG_TYPE":"Academic/Research","FLOORCOUNT":null,"GSF":224925,"BLDG_NAME":"Engineered Biosystems (EBB)","OWNEDBY2":"GT","PLANRENO":null,"BLDG_NUM":"195","Common_Name":"EBB","Heating":1,"Cooling":3,"Cistern":1,"Steam":"No","CHW":"TEN","Electric":"GTME","Gas":"WCGS","OWNEDBY":null,"UNDERGROUND":"No","GlobalID":"3deb590e-0be3-49c2-84fe-57405dc5b55c","Creator":"malexander_GTFM","EditDate":1656474313000,"Editor":"malexander_GTFM","STATUS":null,"NRHP_ELIG":null,"NRHP_TRT":null,"NRHP_VAL":null,"NRHP_PHS":null,"EVENTS":null,"CONSTDATE":null,"RENODATE":null,"BUILDING_TYPE_NEW":"Research","Photos":"https://fm-gis2.ad.gatech.edu/images/building/195_small.jpg","FACUpdate":null,"DevAction":"Keep","Note":null,"PPV1":"False","Shape__Area":34322.949951171875,"Shape__Length":1049.5813557880724,"WhiteRoof":"Yes","FloodedBldg":"No"}},{"type":"Feature","id":223,"geometry":{"type":"Polygon","coordinates":[[[-84.4046898829842,33.7741277642156],[-84.4049907543821,33.774336735547],[-84.4047823687678,33.7745480665748],[-84.4047436334804,33.7745237498238],[-84.4045045852972,33.7743582860889],[-84.4044947383167,33.774367581258],[-84.404469184709,33.7743497669754],[-84.4046898829842,33.7741277642156]]]},"properties":{"OBJECTID":223,"ACCESSTYPE":"Private","Address":"793 Marietta St NW","ASF":14497,"BLDG_CODE":"187","CONDITION":null,"BLDG_TYPE":"Office","FLOORCOUNT":2,"GSF":18917,"BLDG_NAME":"793 Marietta St","OWNEDBY2":"GT","PLANRENO":null,"BLDG_NUM":"187","Common_Name":"EHS","Heating":1,"Cooling":1,"Cistern":0,"Steam":"No","CHW":"No","Electric":"GPC","Gas":"AGL","OWNEDBY":null,"UNDERGROUND":"No","GlobalID":"e301f8f1-f8eb-4403-8d47-3982c49b3f4d","Creator":"malexander_GTFM","EditDate":1656474313000,"Editor":"malexander_GTFM","STATUS":null,"NRHP_ELIG":null,"NRHP_TRT":null,"NRHP_VAL":null,"NRHP_PHS":null,"EVENTS":null,"CONSTDATE":null,"RENODATE":null,"BUILDING_TYPE_NEW":"Administrative","Photos":"https://fm-gis2.ad.gatech.edu/images/building/187_small.jpg","FACUpdate":null,"DevAction":"Demo","Note":null,"PPV1":"False","Shape__Area":12001.1484375,"Shape__Length":447.2208943168539,"WhiteRoof":"Yes","FloodedBldg":"No"}},{"type":"Feature","id":224,"geometry":{"type":"Polygon","coordinates":[[[-84.4037312866629,33.7734848056209],[-84.4035801824166,33.7738832462958],[-84.4033784702924,33.7738300445746],[-84.4033132455249,33.7737463484992],[-84.4034366754207,33.7734558285551],[-84.4036548531936,33.7735134653526],[-84.4036720080718,33.7734691171224],[-84.4037312866629,33.7734848056209]]]},"properties":{"OBJECTID":224,"ACCESSTYPE":"Employee","Address":"755 Marietta St NW","ASF":10400,"BLDG_CODE":"186","CONDITION":null,"BLDG_TYPE":"Office","FLOORCOUNT":1,"GSF":12420,"BLDG_NAME":"755 Marietta St","OWNEDBY2":"GT","PLANRENO":null,"BLDG_NUM":"186","Common_Name":"ERP","Heating":1,"Cooling":1,"Cistern":0,"Steam":"No","CHW":"No","Electric":"GPC","Gas":"AGL","OWNEDBY":null,"UNDERGROUND":"No","GlobalID":"4484b7bb-7c73-40b0-a5c8-fe37a70a4b44","Creator":"malexander_GTFM","EditDate":1656482009000,"Editor":"malexander_GTFM","STATUS":null,"NRHP_ELIG":null,"NRHP_TRT":null,"NRHP_VAL":null,"NRHP_PHS":null,"EVENTS":null,"CONSTDATE":null,"RENODATE":null,"BUILDING_TYPE_NEW":"Administrative","Photos":"https://fm-gis2.ad.gatech.edu/images/building/186_small.jpg","FACUpdate":null,"DevAction":"Demo","Note":null,"PPV1":"False","Shape__Area":12265.72607421875,"Shape__Length":470.25144317848623,"WhiteRoof":"Yes","FloodedBldg":"No"}},{"type":"Feature","id":225,"geometry":{"type":"Polygon","coordinates":[[[-84.4043445435794,33.779243803701],[-84.4043444904994,33.7792316224981],[-84.4043448147941,33.7792137736918],[-84.4042874792137,33.7792130482762],[-84.4042884144901,33.7791615108083],[-84.4043196634904,33.7791619059669],[-84.4043199173897,33.7791478884112],[-84.4043206070406,33.7791098527381],[-84.4043249952875,33.7791099083043],[-84.4043249456511,33.7791126566322],[-84.4043300962258,33.77911272155],[-84.4045320182177,33.7791152754971],[-84.4045320689297,33.7791125280687],[-84.4045364560972,33.7791125836295],[-84.4045363061236,33.7791208268122],[-84.4046819551245,33.7791226684675],[-84.4046819720261,33.7791217523575],[-84.40470931543,33.7791220981462],[-84.4047731847317,33.779122905433],[-84.4047731678311,33.779123821543],[-84.4048293307077,33.779124531865],[-84.4048685809076,33.7791250286573],[-84.4048685978072,33.7791241125473],[-84.4049473519515,33.7791251074079],[-84.4050032427225,33.7791258136678],[-84.4050025443589,33.7791613743289],[-84.4050013155459,33.7792291871685],[-84.4050462904648,33.7792296268636],[-84.4050426374659,33.7794310699608],[-84.405040685682,33.7795387975768],[-84.4048812481282,33.7795367827978],[-84.4047759696299,33.7795354513677],[-84.4047782908407,33.7794803379825],[-84.4047526155982,33.7794800133355],[-84.4047273344808,33.7794796942344],[-84.4047145075337,33.7793604395715],[-84.4047113966611,33.779331515199],[-84.4047041941385,33.7792645544569],[-84.404700783862,33.7792647900543],[-84.4047007460808,33.7792644033189],[-84.404699010571,33.779248271622],[-84.404682039561,33.7792480573033],[-84.4046360438771,33.7792474751797],[-84.4045669396784,33.7792466021755],[-84.4045669499354,33.7792460160825],[-84.404538019205,33.7792456498791],[-84.4045380192848,33.7792456787318],[-84.4045373336203,33.7792456701353],[-84.404537323246,33.7792462138508],[-84.4044780904566,33.7792454642296],[-84.4044781007515,33.7792448916614],[-84.4044774161668,33.7792448830624],[-84.404399124221,33.7792439501274],[-84.4043991138458,33.7792444938429],[-84.4043445435794,33.779243803701]]]},"properties":{"OBJECTID":225,"ACCESSTYPE":null,"Address":"532 Eighth St NW","ASF":34902,"BLDG_CODE":"209","CONDITION":"Excellent","BLDG_TYPE":"Dining Hall","FLOORCOUNT":3,"GSF":60120,"BLDG_NAME":"West Village Dining Commons","OWNEDBY2":"GT","PLANRENO":null,"BLDG_NUM":"209","Common_Name":"West Campus Dining","Heating":1,"Cooling":1,"Cistern":1,"Steam":"No","CHW":"No","Electric":"GTME","Gas":"AGL","OWNEDBY":null,"UNDERGROUND":"No","GlobalID":"b1804315-5e8d-4d0e-963a-544ad38bd3e5","Creator":"malexander_GTFM","EditDate":1656474313000,"Editor":"malexander_GTFM","STATUS":null,"NRHP_ELIG":null,"NRHP_TRT":null,"NRHP_VAL":null,"NRHP_PHS":null,"EVENTS":null,"CONSTDATE":null,"RENODATE":null,"BUILDING_TYPE_NEW":"Dining / Food","Photos":"https://fm-gis2.ad.gatech.edu/images/building/209_small.jpg","FACUpdate":null,"DevAction":"Keep","Note":null,"PPV1":"False","Shape__Area":19838.42724609375,"Shape__Length":763.03984224860972,"WhiteRoof":"No","FloodedBldg":"No"}},{"type":"Feature","id":226,"geometry":{"type":"Polygon","coordinates":[[[-84.3996921726379,33.7785477673701],[-84.3996929811625,33.7788459500102],[-84.3996257890997,33.7788461057229],[-84.3996258958147,33.7788855257109],[-84.399594356632,33.778885585245],[-84.3995948785851,33.7790780182572],[-84.3993535336535,33.7790784744621],[-84.3993529815088,33.7788746761914],[-84.3993279920269,33.7788747233075],[-84.3993277361463,33.778780081071],[-84.3993527266805,33.7787800339531],[-84.3993518845537,33.7784817657114],[-84.3993550223828,33.778481405446],[-84.3993551668818,33.778490920299],[-84.3994549947927,33.778490731127],[-84.3994549669144,33.778480425306],[-84.3994949389825,33.7784804644078],[-84.3994960819663,33.7785481374878],[-84.3995137712648,33.7785481041124],[-84.3995137000021,33.7785217670145],[-84.3995647800896,33.7785216706244],[-84.3995648513679,33.7785480077223],[-84.3996921726379,33.7785477673701]]]},"properties":{"OBJECTID":226,"ACCESSTYPE":null,"Address":"422 Ferst Dr NW","ASF":20126,"BLDG_CODE":"210","CONDITION":null,"BLDG_TYPE":"Academic/Research","FLOORCOUNT":null,"GSF":39691,"BLDG_NAME":"Kendeda Building ISD","OWNEDBY2":"GT","PLANRENO":"Current","BLDG_NUM":"210","Common_Name":"Kendeda Bldg","Heating":3,"Cooling":3,"Cistern":1,"Steam":"No","CHW":"TEN","Electric":"GTME","Gas":"No","OWNEDBY":null,"UNDERGROUND":"No","GlobalID":"ec85ffb8-a963-4bf7-827e-c2c56432ea1f","Creator":"malexander_GTFM","EditDate":1656474313000,"Editor":"malexander_GTFM","STATUS":null,"NRHP_ELIG":null,"NRHP_TRT":null,"NRHP_VAL":null,"NRHP_PHS":null,"EVENTS":null,"CONSTDATE":null,"RENODATE":null,"BUILDING_TYPE_NEW":"Academic","Photos":"https://fm-gis2.ad.gatech.edu/images/building/210_small.jpg","FACUpdate":null,"DevAction":"Keep","Note":null,"PPV1":"True","Shape__Area":18908.811767578125,"Shape__Length":682.54046903448261,"WhiteRoof":"Yes","FloodedBldg":"Yes"}},{"type":"Feature","id":227,"geometry":{"type":"Polygon","coordinates":[[[-84.4008980458073,33.7798511049991],[-84.4008926148019,33.7803410706392],[-84.4000126931812,33.7803342675312],[-84.4000183808457,33.7798216303188],[-84.4001621534353,33.7798227415002],[-84.4001619070624,33.7798449559426],[-84.4008980458073,33.7798511049991]]]},"properties":{"OBJECTID":227,"ACCESSTYPE":null,"Address":"926 Dalney St NW","ASF":128030,"BLDG_CODE":"205","CONDITION":null,"BLDG_TYPE":"Parking","FLOORCOUNT":null,"GSF":246945,"BLDG_NAME":"Dalney Street Parking Deck","OWNEDBY2":"GT","PLANRENO":null,"BLDG_NUM":"205","Common_Name":"Dalney St Deck","Heating":0,"Cooling":0,"Cistern":0,"Steam":"No","CHW":"No","Electric":"GTME","Gas":"No","OWNEDBY":1,"UNDERGROUND":"No","GlobalID":"c3b0a2bb-c27c-42f1-aaab-f89af1878d2e","Creator":"malexander_GTFM","EditDate":1656531100000,"Editor":"malexander_GTFM","STATUS":null,"NRHP_ELIG":null,"NRHP_TRT":null,"NRHP_VAL":null,"NRHP_PHS":null,"EVENTS":null,"CONSTDATE":null,"RENODATE":null,"BUILDING_TYPE_NEW":"Parking","Photos":"https://fm-gis2.ad.gatech.edu/images/building/205_small.jpg","FACUpdate":null,"DevAction":"Keep","Note":null,"PPV1":"True","Shape__Area":48049.647705078125,"Shape__Length":907.66513335894319,"WhiteRoof":"No","FloodedBldg":"No"}},{"type":"Feature","id":228,"geometry":{"type":"Polygon","coordinates":[[[-84.4008923588959,33.7796405261816],[-84.4008910350296,33.7797598973718],[-84.4008612795758,33.7797596671197],[-84.4008602686414,33.7798508133322],[-84.4005519536338,33.7798479717866],[-84.4005529525818,33.7797578570874],[-84.4000271545293,33.7797537897338],[-84.4000284855996,33.7796338459879],[-84.4008923588959,33.7796405261816]]]},"properties":{"OBJECTID":228,"ACCESSTYPE":null,"Address":"926 Dalney St NW","ASF":37869,"BLDG_CODE":"204","CONDITION":"Excellent","BLDG_TYPE":"Office","FLOORCOUNT":null,"GSF":56641,"BLDG_NAME":"Dalney Street Office Building","OWNEDBY2":"GT","PLANRENO":null,"BLDG_NUM":"204","Common_Name":"Dalney St Office","Heating":1,"Cooling":3,"Cistern":0,"Steam":"No","CHW":"TEN","Electric":"GTME","Gas":"WCGS","OWNEDBY":null,"UNDERGROUND":"No","GlobalID":"fb75d310-9fbc-42e3-b893-30bc236c6673","Creator":"malexander_GTFM","EditDate":1656474313000,"Editor":"malexander_GTFM","STATUS":null,"NRHP_ELIG":null,"NRHP_TRT":null,"NRHP_VAL":null,"NRHP_PHS":null,"EVENTS":null,"CONSTDATE":null,"RENODATE":null,"BUILDING_TYPE_NEW":"Administrative","Photos":"https://fm-gis2.ad.gatech.edu/images/building/204_small.jpg","FACUpdate":null,"DevAction":"Keep","Note":null,"PPV1":"True","Shape__Area":14535.140380859375,"Shape__Length":678.04118899192758,"WhiteRoof":"Yes","FloodedBldg":"No"}},{"type":"Feature","id":229,"geometry":{"type":"Polygon","coordinates":[[[-84.403668635452,33.7813132409854],[-84.4029710034014,33.7813143624724],[-84.4029705052813,33.7811329801483],[-84.4035760732402,33.7811318181506],[-84.403576118811,33.7811483696658],[-84.4036166640735,33.7811482918195],[-84.4037349464869,33.7812747925549],[-84.4036675570308,33.7812749219992],[-84.403668635452,33.7813132409854]]]},"properties":{"OBJECTID":229,"ACCESSTYPE":"Secure","Address":"965 Hemphill Ave NW","ASF":22618,"BLDG_CODE":"211","CONDITION":"Excellent","BLDG_TYPE":"Admin/Services","FLOORCOUNT":1,"GSF":31686,"BLDG_NAME":"Georgia Tech Police Department","OWNEDBY2":"GT","PLANRENO":null,"BLDG_NUM":"211","Common_Name":"GT Police","Heating":1,"Cooling":3,"Cistern":0,"Steam":"No","CHW":"TEN","Electric":"GTME","Gas":"AGL","OWNEDBY":1,"UNDERGROUND":"No","GlobalID":"79b9483a-ce65-4194-a719-782c31b3a3b2","Creator":"malexander_GTFM","EditDate":1656474313000,"Editor":"malexander_GTFM","STATUS":null,"NRHP_ELIG":null,"NRHP_TRT":null,"NRHP_VAL":null,"NRHP_PHS":null,"EVENTS":null,"CONSTDATE":null,"RENODATE":null,"BUILDING_TYPE_NEW":"Facilities Services and Campus Support","Photos":"https://fm-gis2.ad.gatech.edu/images/building/211_small.jpg","FACUpdate":null,"DevAction":"Keep","Note":null,"PPV1":"False","Shape__Area":13932.382080078125,"Shape__Length":573.13568490588693,"WhiteRoof":"Yes","FloodedBldg":"No"}},{"type":"Feature","id":230,"geometry":{"type":"MultiPolygon","coordinates":[[[[-84.3886497454412,33.7752088794107],[-84.3886500517146,33.7753276255223],[-84.3886170051819,33.7753275704493],[-84.3886173440158,33.7754183481585],[-84.3884032708272,33.7754239201771],[-84.3880015256122,33.7754557844048],[-84.3878801303192,33.7754410535754],[-84.387880229738,33.7754797333644],[-84.3878110633523,33.7755378867425],[-84.3877289965785,33.7755380337725],[-84.3877291810977,33.7755981014946],[-84.3883925890879,33.7755969095714],[-84.3883931488184,33.775813753145],[-84.387729842584,33.7758144372625],[-84.3877298550934,33.7758184667225],[-84.3874988032624,33.7758188812845],[-84.3874972423122,33.775210950655],[-84.3886497454412,33.7752088794107]]],[[[-84.3886480792277,33.7756089832458],[-84.3886471661807,33.7758280664637],[-84.3884957847709,33.7758276272581],[-84.3884959094582,33.7757976687482],[-84.3884792850948,33.7757976201853],[-84.3884799481038,33.7756384539894],[-84.3884965724364,33.7756385025524],[-84.3884966971235,33.7756085440416],[-84.3886480792277,33.7756089832458]]]]},"properties":{"OBJECTID":230,"ACCESSTYPE":null,"Address":"756 W Peachtree St NW","ASF":225897,"BLDG_CODE":"207","CONDITION":null,"BLDG_TYPE":"Academic/Research","FLOORCOUNT":22,"GSF":252689,"BLDG_NAME":"Coda","OWNEDBY2":"GTF","PLANRENO":null,"BLDG_NUM":"207","Common_Name":"Coda","Heating":4,"Cooling":1,"Cistern":0,"Steam":"No","CHW":"No","Electric":"GPC","Gas":"No","OWNEDBY":null,"UNDERGROUND":"No","GlobalID":"f3fa91f2-1285-45b5-9e1a-58e76c7ca3f0","Creator":"malexander_GTFM","EditDate":1656474313000,"Editor":"malexander_GTFM","STATUS":null,"NRHP_ELIG":null,"NRHP_TRT":null,"NRHP_VAL":null,"NRHP_PHS":null,"EVENTS":null,"CONSTDATE":null,"RENODATE":null,"BUILDING_TYPE_NEW":"Research","Photos":"https://fm-gis2.ad.gatech.edu/images/building/207_small.jpg","FACUpdate":null,"DevAction":"Keep","Note":null,"PPV1":"False","Shape__Area":59501.69384765625,"Shape__Length":1788.6314137393806,"WhiteRoof":"No","FloodedBldg":"No"}},{"type":"Feature","id":231,"geometry":{"type":"Polygon","coordinates":[[[-84.4020205285992,33.7747845127449],[-84.4012678049439,33.7747859486298],[-84.4012667257723,33.7743769614417],[-84.4019196929109,33.774375716671],[-84.4019200314886,33.7744995867487],[-84.4020197489425,33.7744993957233],[-84.4020205285992,33.7747845127449]]]},"properties":{"OBJECTID":231,"ACCESSTYPE":null,"Address":"460 Fourth St. NW","ASF":30081,"BLDG_CODE":"217","CONDITION":null,"BLDG_TYPE":"Admin/Services","FLOORCOUNT":2,"GSF":57877,"BLDG_NAME":"Campus Center Exhibition Hall","OWNEDBY2":"GT","PLANRENO":"Current","BLDG_NUM":"217","Common_Name":"Exhibition Hall","Heating":1,"Cooling":1,"Cistern":1,"Steam":"No","CHW":"No","Electric":"GTME","Gas":"AGL","OWNEDBY":null,"UNDERGROUND":"No","GlobalID":"36734f35-9565-4022-8dfa-dc06aebb166d","Creator":"malexander_GTFM","EditDate":1656474313000,"Editor":"malexander_GTFM","STATUS":null,"NRHP_ELIG":null,"NRHP_TRT":null,"NRHP_VAL":null,"NRHP_PHS":null,"EVENTS":null,"CONSTDATE":null,"RENODATE":null,"BUILDING_TYPE_NEW":"Campus Life","Photos":"https://fm-gis2.ad.gatech.edu/images/building/217_small.jpg","FACUpdate":null,"DevAction":"Keep","Note":null,"PPV1":"False","Shape__Area":32672.57666015625,"Shape__Length":755.08477630486493,"WhiteRoof":"No","FloodedBldg":"No"}},{"type":"Feature","id":232,"geometry":{"type":"Polygon","coordinates":[[[-84.4006286104226,33.7751629082699],[-84.400422410383,33.7751329485083],[-84.4004425327389,33.7750363678394],[-84.4006489789941,33.7750660295565],[-84.4006286104226,33.7751629082699]]]},"properties":{"OBJECTID":232,"ACCESSTYPE":null,"Address":"403 Fourth St NW","ASF":2049,"BLDG_CODE":"215","CONDITION":null,"BLDG_TYPE":"Admin/Services","FLOORCOUNT":1,"GSF":3498,"BLDG_NAME":"Campus Center Cafe","OWNEDBY2":"GT","PLANRENO":"Current","BLDG_NUM":"215","Common_Name":"Campus Center Cafe","Heating":1,"Cooling":1,"Cistern":0,"Steam":"No","CHW":"No","Electric":"GTME","Gas":"AGL","OWNEDBY":null,"UNDERGROUND":"No","GlobalID":"01e6b677-e09c-4126-a02d-43455170ce32","Creator":"malexander_GTFM","EditDate":1656474313000,"Editor":"malexander_GTFM","STATUS":null,"NRHP_ELIG":null,"NRHP_TRT":null,"NRHP_VAL":null,"NRHP_PHS":null,"EVENTS":null,"CONSTDATE":null,"RENODATE":null,"BUILDING_TYPE_NEW":"Dining / Food","Photos":"https://fm-gis2.ad.gatech.edu/images/building/215_small.jpg","FACUpdate":null,"DevAction":"Keep","Note":null,"PPV1":"True","Shape__Area":2273.40234375,"Shape__Length":198.71379557716736,"WhiteRoof":"No","FloodedBldg":"No"}},{"type":"Feature","id":233,"geometry":{"type":"MultiPolygon","coordinates":[[[[-84.4006348605566,33.7748653387318],[-84.4003800957877,33.7748283217599],[-84.4003998546647,33.7747334783628],[-84.4003965829826,33.7747330021753],[-84.4004068381123,33.7746837814194],[-84.4007185258264,33.7747290685454],[-84.4006935971706,33.774848722629],[-84.4006399464987,33.7748409285903],[-84.4006348605566,33.7748653387318]]],[[[-84.4008122075904,33.7747592602775],[-84.4011249336184,33.7747495454528],[-84.4011304376,33.7748730946447],[-84.4008177100466,33.7748828103888],[-84.4008122075904,33.7747592602775]]]]},"properties":{"OBJECTID":233,"ACCESSTYPE":null,"Address":"410 Fourth St NW","ASF":7627,"BLDG_CODE":"216","CONDITION":null,"BLDG_TYPE":"Admin/Services","FLOORCOUNT":1,"GSF":11696,"BLDG_NAME":"Campus Center Pavilion","OWNEDBY2":"GT","PLANRENO":"Current","BLDG_NUM":"216","Common_Name":"Pavilion","Heating":1,"Cooling":1,"Cistern":0,"Steam":"No","CHW":"No","Electric":"GTME","Gas":"AGL","OWNEDBY":null,"UNDERGROUND":"No","GlobalID":"c1e74a2b-ae76-4a81-952f-156c1d02542d","Creator":"malexander_GTFM","EditDate":1656474313000,"Editor":"malexander_GTFM","STATUS":null,"NRHP_ELIG":null,"NRHP_TRT":null,"NRHP_VAL":null,"NRHP_PHS":null,"EVENTS":null,"CONSTDATE":null,"RENODATE":null,"BUILDING_TYPE_NEW":"Campus Life","Photos":"https://fm-gis2.ad.gatech.edu/images/building/216_small.jpg","FACUpdate":null,"DevAction":"Keep","Note":null,"PPV1":"True","Shape__Area":9208.628662109375,"Shape__Length":578.84659550305071,"WhiteRoof":"No","FloodedBldg":"No"}},{"type":"Feature","id":234,"geometry":{"type":"Polygon","coordinates":[[[-84.4015108509724,33.7804595898031],[-84.401497704638,33.7804595156392],[-84.4014845467437,33.7804595578088],[-84.4014450912268,33.7804592190228],[-84.4014319394936,33.7804591448621],[-84.4013928287472,33.7804589253231],[-84.4013862679973,33.7804588882113],[-84.4013793779135,33.7804588490207],[-84.4013793314839,33.7804588491091],[-84.40137697972,33.7804588355491],[-84.4013661798713,33.780458819122],[-84.4013135713796,33.780458742443],[-84.4013004197965,33.7804587232687],[-84.4012487755343,33.780458646532],[-84.4012478015672,33.780458639367],[-84.4012346519249,33.7804585399351],[-84.401182050119,33.7804581431012],[-84.4011688983198,33.780458044568],[-84.4011566017092,33.7804579516217],[-84.4011173412553,33.780457871134],[-84.4011162917199,33.7804578695214],[-84.4011054411079,33.7804578477581],[-84.4011054526769,33.7804537713723],[-84.4011055172539,33.7804318971986],[-84.4011069471229,33.7802437424752],[-84.401184214715,33.7802440807473],[-84.4012360007219,33.7802443132274],[-84.4012491534626,33.7802443729808],[-84.4013017611911,33.7802446137894],[-84.4013149128521,33.7802446735378],[-84.401366609242,33.7802449070352],[-84.401367520571,33.7802449107119],[-84.4013806732921,33.780244963238],[-84.4014332809349,33.780245172433],[-84.4014464325787,33.7802452258559],[-84.401499041358,33.7802454557587],[-84.4015121930142,33.7802455136827],[-84.401564800714,33.7802457435595],[-84.4015779534475,33.7802458005729],[-84.4016305611474,33.7802460304216],[-84.4016437117239,33.7802460883337],[-84.4016963194215,33.7802463172528],[-84.4017727653069,33.7802466513114],[-84.4017717267532,33.7804348296379],[-84.401771689106,33.7804380440951],[-84.4017714977135,33.7804545419661],[-84.4017714701214,33.7804566942594],[-84.4017714252198,33.7804608103812],[-84.4017607354991,33.7804607910739],[-84.4017097152951,33.7804606980132],[-84.4017080988641,33.7804606893705],[-84.4016945562531,33.780460614179],[-84.401642511901,33.7804603264812],[-84.4016292208787,33.7804602526067],[-84.4015766107185,33.7804599605485],[-84.4015634589852,33.7804598864018],[-84.4015108509724,33.7804595898031]]]},"properties":{"OBJECTID":234,"ACCESSTYPE":"Private","Address":"430 TENTH STREET","ASF":21149,"BLDG_CODE":"061A","CONDITION":null,"BLDG_TYPE":"Academic/Research","FLOORCOUNT":3,"GSF":39483,"BLDG_NAME":"430 10th Street (GTRI)  South","OWNEDBY2":"GT","PLANRENO":null,"BLDG_NUM":"61A","Common_Name":"430 Tenth St (South)","Heating":2,"Cooling":3,"Cistern":0,"Steam":"Yes","CHW":"TEN","Electric":"GTME","Gas":"AGL","OWNEDBY":null,"UNDERGROUND":"No","GlobalID":"3c98d923-dc83-4ced-8ec3-626327e3c3e4","Creator":"malexander_GTFM","EditDate":1656474313000,"Editor":"malexander_GTFM","STATUS":null,"NRHP_ELIG":null,"NRHP_TRT":null,"NRHP_VAL":null,"NRHP_PHS":null,"EVENTS":null,"CONSTDATE":null,"RENODATE":null,"BUILDING_TYPE_NEW":"Research","Photos":"https://fm-gis2.ad.gatech.edu/images/building/061A_small.jpg","FACUpdate":null,"DevAction":"Keep","Note":null,"PPV1":"False","Shape__Area":15767.357666015625,"Shape__Length":560.50785573727228,"WhiteRoof":"No","FloodedBldg":"No"}},{"type":"Feature","id":235,"geometry":{"type":"Polygon","coordinates":[[[-84.4011034419948,33.7812618040274],[-84.4011034433572,33.7812567556821],[-84.4011067409885,33.7812567557288],[-84.4011654156905,33.7812071409103],[-84.4011667464591,33.7811502658556],[-84.4011042850084,33.7811499373163],[-84.4011044589835,33.7811266031645],[-84.4011047422447,33.7810890858376],[-84.4011061599134,33.7809008112379],[-84.4011889880408,33.7809012264016],[-84.4012233684642,33.7809014270449],[-84.401246434841,33.7809015482014],[-84.4013809296757,33.7809022536219],[-84.4013949571679,33.7809023270237],[-84.4014851073762,33.7809028001929],[-84.4014989804598,33.780902872975],[-84.4015763535682,33.7809032793247],[-84.4017063779254,33.7809038991287],[-84.4017590849077,33.7809039610255],[-84.4017697840417,33.7809038486739],[-84.4017698168298,33.7809087355589],[-84.4017698127633,33.7809108039536],[-84.401769720778,33.7809269319572],[-84.401769673349,33.7809352605962],[-84.4017690450365,33.7810906135229],[-84.4017690358938,33.7810928000435],[-84.4017690334939,33.7810935024341],[-84.4017690383831,33.7811300688728],[-84.4017690891585,33.7811569514944],[-84.4017658678916,33.7811568404168],[-84.401765893068,33.7811534086859],[-84.4017067184934,33.7811530985341],[-84.4017062933423,33.7812097284232],[-84.401764623148,33.7812604686109],[-84.4017683593034,33.781260518297],[-84.4017683399548,33.7812652925747],[-84.4011034419948,33.7812618040274]]]},"properties":{"OBJECTID":235,"ACCESSTYPE":"Private","Address":"430 TENTH STREET","ASF":26148,"BLDG_CODE":"061","CONDITION":null,"BLDG_TYPE":"Academic/Research","FLOORCOUNT":3,"GSF":46678,"BLDG_NAME":"430 10th Street (GTRI) North","OWNEDBY2":"GT","PLANRENO":null,"BLDG_NUM":"61","Common_Name":"430 Tenth St (North)","Heating":2,"Cooling":3,"Cistern":0,"Steam":"Yes","CHW":"TEN","Electric":"GTME","Gas":"AGL","OWNEDBY":null,"UNDERGROUND":"No","GlobalID":"718f5e25-d787-4006-8d6b-a90b17cd5cdd","Creator":"malexander_GTFM","EditDate":1656474313000,"Editor":"malexander_GTFM","STATUS":null,"NRHP_ELIG":null,"NRHP_TRT":null,"NRHP_VAL":null,"NRHP_PHS":null,"EVENTS":null,"CONSTDATE":null,"RENODATE":null,"BUILDING_TYPE_NEW":"Research","Photos":"https://fm-gis2.ad.gatech.edu/images/building/061_small.jpg","FACUpdate":null,"DevAction":"Keep","Note":null,"PPV1":"False","Shape__Area":25374.98681640625,"Shape__Length":723.59189117480594,"WhiteRoof":"No","FloodedBldg":"No"}},{"type":"Feature","id":236,"geometry":{"type":"Polygon","coordinates":[[[-84.3955394794427,33.7742213572119],[-84.3955866729997,33.7742219387077],[-84.395674363005,33.7742227651331],[-84.3959838000879,33.7742268376665],[-84.3960745625909,33.7742279574469],[-84.3960767694018,33.7742117290197],[-84.3960811541516,33.7742117830829],[-84.3960763808471,33.7745151770896],[-84.3960464242023,33.7745153400681],[-84.3955785500268,33.7745091677849],[-84.3955086171377,33.7745082461529],[-84.3954842121321,33.7745079550878],[-84.3954855972027,33.7743986452572],[-84.3954863708363,33.7743387570029],[-84.3954375148713,33.7743383165033],[-84.395433254322,33.7743382784167],[-84.3953720809825,33.7743377263766],[-84.3953506443483,33.774337533474],[-84.3953515909957,33.7742642995486],[-84.3953447294229,33.7742642383274],[-84.395345546554,33.7742491305364],[-84.3953742901512,33.7742496038377],[-84.3953787202445,33.7742496560385],[-84.3953786958763,33.7742486119707],[-84.3953787092791,33.7742459358429],[-84.3954052154019,33.7742462726257],[-84.3954403938513,33.7742450911749],[-84.3954437496663,33.7742451471682],[-84.3954887729566,33.7742456876418],[-84.395489639457,33.7742044868524],[-84.3954940242062,33.7742045409365],[-84.3954956556953,33.774220816336],[-84.3955394794427,33.7742213572119]]]},"properties":{"OBJECTID":236,"ACCESSTYPE":"Public","Address":"704 CHERRY ST","ASF":68145,"BLDG_CODE":"077","CONDITION":null,"BLDG_TYPE":"Academic/Research","FLOORCOUNT":5,"GSF":99832,"BLDG_NAME":"Gilbert Memorial Library","OWNEDBY2":"GT","PLANRENO":"Current","BLDG_NUM":"77","Common_Name":"Price Library","Heating":2,"Cooling":2,"Cistern":0,"Steam":"Yes","CHW":"HOL","Electric":"GTME","Gas":"AGL","OWNEDBY":null,"UNDERGROUND":"No","GlobalID":"14d5b465-25ba-478c-97d0-fa3ebb77a9c8","Creator":"malexander_GTFM","EditDate":1656474313000,"Editor":"malexander_GTFM","STATUS":null,"NRHP_ELIG":"Yes","NRHP_TRT":"Extensive Rehab","NRHP_VAL":"1","NRHP_PHS":"Phase III","EVENTS":null,"CONSTDATE":1953,"RENODATE":2005,"BUILDING_TYPE_NEW":"Academic","Photos":"https://fm-gis2.ad.gatech.edu/images/building/077_small.jpg","FACUpdate":null,"DevAction":"Keep","Note":null,"PPV1":"False","Shape__Area":20246.022705078125,"Shape__Length":677.789825664125,"WhiteRoof":"Yes","FloodedBldg":"No"}},{"type":"Feature","id":237,"geometry":{"type":"Polygon","coordinates":[[[-84.3930136317162,33.7798692437801],[-84.3930124097558,33.7799399724421],[-84.3930122027338,33.7799606080107],[-84.393011459223,33.7800346655918],[-84.3930111008855,33.7800704329475],[-84.3930108004699,33.7800912760667],[-84.3930088535699,33.7800912408667],[-84.3928741963587,33.7800915247438],[-84.3928712356732,33.7800915310726],[-84.3927199653658,33.7800918506427],[-84.3927193579863,33.7800936947303],[-84.3927187599336,33.7801245728699],[-84.3926337149258,33.7801238143526],[-84.3926293115582,33.7801237746281],[-84.3926293051683,33.7801192853187],[-84.3926293015793,33.7801162738103],[-84.3926292693083,33.7800916488745],[-84.3926289366325,33.780091607106],[-84.392626180177,33.780091261411],[-84.3924882886797,33.7800913920985],[-84.3924892263862,33.7800858127684],[-84.3924900653044,33.7800022687433],[-84.392490112396,33.7799975836776],[-84.3924908597184,33.779923161824],[-84.392490906862,33.7799184965945],[-84.3924914657251,33.7798627798392],[-84.3924914837313,33.7798610008484],[-84.3924920049874,33.7798090575717],[-84.3924920213287,33.779807467029],[-84.3926847636937,33.7798092745231],[-84.3927222988813,33.7798095375784],[-84.3927491115579,33.7798095993623],[-84.3928790232755,33.7798115504985],[-84.3930139640165,33.7798124950477],[-84.3930137088405,33.7798406847388],[-84.3930136317162,33.7798692437801]]]},"properties":{"OBJECTID":237,"ACCESSTYPE":"Employee","Address":null,"ASF":null,"BLDG_CODE":"032A","CONDITION":null,"BLDG_TYPE":"Admin/Services","FLOORCOUNT":2,"GSF":null,"BLDG_NAME":"Facilities","OWNEDBY2":"GT","PLANRENO":null,"BLDG_NUM":"032A","Common_Name":"Coliseum Annex","Heating":1,"Cooling":1,"Cistern":null,"Steam":"No","CHW":"No","Electric":"GTME","Gas":"AGL","OWNEDBY":null,"UNDERGROUND":"No","GlobalID":"2417131e-4da5-4826-995b-ae69f6f204f9","Creator":"malexander_GTFM","EditDate":1656474313000,"Editor":"malexander_GTFM","STATUS":null,"NRHP_ELIG":null,"NRHP_TRT":null,"NRHP_VAL":null,"NRHP_PHS":null,"EVENTS":"Athletic","CONSTDATE":null,"RENODATE":null,"BUILDING_TYPE_NEW":"Athletics","Photos":"https://fm-gis2.ad.gatech.edu/images/building/032A_small.jpg","FACUpdate":null,"DevAction":"Keep","Note":null,"PPV1":"False","Shape__Area":16565.21875,"Shape__Length":545.40580366257154,"WhiteRoof":"Yes","FloodedBldg":"No"}},{"type":"Feature","id":238,"geometry":{"type":"Polygon","coordinates":[[[-84.3989393423467,33.7769781574197],[-84.3989399021978,33.7769611611374],[-84.3989436328642,33.7769612469858],[-84.3989504314126,33.7769578791445],[-84.3989526541168,33.7769573159369],[-84.3989914735606,33.776958208532],[-84.3989917689739,33.7769492500684],[-84.3986688574872,33.7769418310442],[-84.3986717270032,33.7768547784117],[-84.3986728836573,33.7768196352717],[-84.3986783231629,33.7766545840479],[-84.3986829709069,33.7765242605156],[-84.3986837440578,33.7764858405913],[-84.3986847067552,33.7764608585252],[-84.3986852475384,33.7764475851977],[-84.3986866428748,33.7764020572856],[-84.3987796108955,33.7764041924953],[-84.3988327706532,33.7764054143209],[-84.39901037837,33.7764094954553],[-84.3990106737822,33.7764005378926],[-84.3989722821835,33.7763996553174],[-84.3989685026056,33.7763990402924],[-84.3989660158528,33.7763977763496],[-84.3989635193728,33.7763953087202],[-84.3989610331183,33.7763950293798],[-84.3989615790556,33.7763784812429],[-84.3989633043402,33.7763780452026],[-84.3989645863369,33.7763765848189],[-84.3989660753219,33.7763754071642],[-84.3989692898843,33.776374302],[-84.3990293850537,33.7763756829012],[-84.399028605673,33.7763993410005],[-84.3990266793448,33.7763992968399],[-84.3990263321298,33.7764098621449],[-84.3990656642227,33.7764107663752],[-84.3990630436834,33.776490307796],[-84.3990569922217,33.7766739657708],[-84.399047880129,33.776950539278],[-84.399007721754,33.776949616762],[-84.3990074803068,33.7769569674794],[-84.3990113308287,33.7769570558051],[-84.3990104445873,33.7769839284907],[-84.3989538691016,33.7769826284167],[-84.3989506617571,33.7769820159208],[-84.3989431561568,33.7769782449149],[-84.3989393423467,33.7769781574197]]]},"properties":{"OBJECTID":238,"ACCESSTYPE":"Faculty","Address":null,"ASF":null,"BLDG_CODE":"111A","CONDITION":null,"BLDG_TYPE":"Academic/Research","FLOORCOUNT":6,"GSF":96919,"BLDG_NAME":"Mason Building","OWNEDBY2":"GT","PLANRENO":null,"BLDG_NUM":"111A","Common_Name":"Mason CE","Heating":2,"Cooling":2,"Cistern":null,"Steam":"Yes","CHW":"HOL","Electric":"GTME","Gas":"No","OWNEDBY":null,"UNDERGROUND":"No","GlobalID":"ee76858f-1500-45b3-8b5d-a821e8549595","Creator":"malexander_GTFM","EditDate":1656474313000,"Editor":"malexander_GTFM","STATUS":null,"NRHP_ELIG":null,"NRHP_TRT":null,"NRHP_VAL":null,"NRHP_PHS":null,"EVENTS":null,"CONSTDATE":null,"RENODATE":null,"BUILDING_TYPE_NEW":"Academic","Photos":"https://fm-gis2.ad.gatech.edu/images/building/111A_small.jpg","FACUpdate":null,"DevAction":"Keep","Note":null,"PPV1":"False","Shape__Area":23043.019287109375,"Shape__Length":733.97284809551252,"WhiteRoof":"Yes","FloodedBldg":"No"}},{"type":"Feature","id":239,"geometry":{"type":"Polygon","coordinates":[[[-84.4021438645281,33.779880567731],[-84.4021409409985,33.7798748144649],[-84.4020274272652,33.7798740428052],[-84.4020258087382,33.7798772115887],[-84.4020232325538,33.7798812017993],[-84.4020215480447,33.7798831435615],[-84.4020182633691,33.7798858872384],[-84.4020127532216,33.77988859729],[-84.4020056084003,33.7798901518373],[-84.402001769792,33.7798901257966],[-84.4019954721842,33.7798891667281],[-84.4019908295321,33.779887303754],[-84.4019878313788,33.7798854511686],[-84.4019833446143,33.779881366229],[-84.4019808758591,33.779877655233],[-84.4019791709444,33.7798737146627],[-84.4019193977239,33.7798733092755],[-84.4019194070992,33.7798723940819],[-84.401918684775,33.7798724062787],[-84.4018689566728,33.7798720511443],[-84.4018688987526,33.7798729826601],[-84.4018082113849,33.7798727259306],[-84.401804973665,33.7798800111282],[-84.4018003272218,33.7798838718346],[-84.4017964307474,33.7798859828106],[-84.4017920259445,33.7798877854887],[-84.4017842521643,33.77988914376],[-84.4017769457736,33.7798876825794],[-84.4017693038978,33.7798839670084],[-84.4017658041681,33.7798807187159],[-84.401762348398,33.7798761710604],[-84.4017606434933,33.779872230487],[-84.4016471308469,33.779871459377],[-84.4016429371837,33.7798786183563],[-84.4016382156392,33.7798830535512],[-84.4016324567392,33.7798860138169],[-84.4016253119111,33.7798875683422],[-84.4016201046003,33.7798873041548],[-84.4016151756995,33.7798865832017],[-84.4016116248799,33.7798851851898],[-84.4016075349105,33.7798828676186],[-84.4016051689535,33.7798808136538],[-84.4016030481642,33.7798787826651],[-84.4016005794254,33.7798750716614],[-84.4015994305115,33.7798710975678],[-84.4015920201035,33.7798710846258],[-84.4014849230892,33.7798706041077],[-84.4014840165189,33.7798735298869],[-84.4014797547083,33.7798794618433],[-84.4014764710952,33.7798822055037],[-84.4014687600605,33.7798855878422],[-84.4014638160998,33.7798864700472],[-84.4014599774917,33.7798864439896],[-84.4014536798901,33.7798854848934],[-84.40144903617,33.779883621901],[-84.4014430800759,33.7798792124378],[-84.4014415523694,33.7798776843409],[-84.4014390836377,33.7798739733339],[-84.4014379608888,33.7798700884525],[-84.4013232129835,33.7798693094764],[-84.4013222464728,33.7798724301251],[-84.4013196702582,33.7798764212228],[-84.4013179846511,33.7798783620759],[-84.4013149497769,33.7798808564034],[-84.4013102909905,33.7798833664416],[-84.4013069899918,33.7798844880605],[-84.4013020460295,33.779885370259],[-84.4012957416674,33.7798850991272],[-84.4012897250967,33.7798834551352],[-84.4012842679694,33.7798806703925],[-84.4012797823182,33.7798765854251],[-84.4012773125112,33.7798728735152],[-84.40127618868,33.7798689850278],[-84.4011862236863,33.7798683256113],[-84.4011867246694,33.7798267170724],[-84.4011836423094,33.7798260512001],[-84.4011789623094,33.7798243433504],[-84.401175181469,33.7798217411573],[-84.401172264535,33.7798191760934],[-84.4011722092884,33.7798191103779],[-84.4011700015396,33.7798164664242],[-84.4011686599045,33.7798134809023],[-84.4011675940689,33.7798102685419],[-84.4011673401043,33.779808206047],[-84.4011673713201,33.7798050006184],[-84.4011687930683,33.7797997430946],[-84.4011703932503,33.7797973596952],[-84.401171854712,33.7797951848407],[-84.4011728434314,33.7797942686877],[-84.4011757503531,33.779791575342],[-84.4011784072422,33.7797898472379],[-84.401183063979,33.779788170334],[-84.4011869415525,33.7797870440161],[-84.4011870811028,33.7797804048946],[-84.4011874203173,33.779745603226],[-84.4012768052145,33.7797462114491],[-84.4012793319595,33.7797411060056],[-84.4012810249417,33.7797387025919],[-84.401285163928,33.7797348464764],[-84.4012909292962,33.7797318817063],[-84.4012969770673,33.7797303202697],[-84.4013021885175,33.7797301264242],[-84.401305748705,33.7797306083498],[-84.4013118258027,33.7797322783738],[-84.4013161305632,33.7797345721036],[-84.4013193627707,33.7797371311547],[-84.4013223651603,33.7797409403311],[-84.4013247881065,33.7797464745659],[-84.4014390813766,33.7797472922752],[-84.4014402639053,33.7797438024394],[-84.4014427947338,33.7797398015072],[-84.401446934795,33.7797359462859],[-84.4014513236123,33.7797334295429],[-84.4014562754075,33.7797318602654],[-84.4014612167451,33.7797312070851],[-84.4014639593757,33.7797312262114],[-84.4014688871842,33.779731946271],[-84.4014746279493,33.7797338170935],[-84.4014779003477,33.7797356709729],[-84.4014841360389,33.7797420400918],[-84.4014865589956,33.7797475743234],[-84.4016000705706,33.7797484086991],[-84.401601758369,33.7797449007684],[-84.4016042472979,33.7797405843349],[-84.401608429244,33.7797370446063],[-84.4016106141229,33.7797356582156],[-84.4016152957996,33.7797336287024],[-84.4016202423639,33.7797325174671],[-84.4016254538159,33.7797323245095],[-84.4016290140053,33.7797328064258],[-84.4016328458446,33.7797335195491],[-84.4016348716615,33.7797343821785],[-84.4016383045078,33.7797360752542],[-84.4016426270159,33.779739329197],[-84.4016446964843,33.7797415469246],[-84.4016483268205,33.7797487369902],[-84.4017623756304,33.77974939347],[-84.4017635281766,33.7797460001649],[-84.4017660589901,33.7797419992262],[-84.4017701990369,33.7797381439941],[-84.4017745889246,33.7797356272375],[-84.4017781641727,33.779734506887],[-84.4017820121484,33.7797336168394],[-84.4017850305742,33.779733408217],[-84.4017883206504,33.7797334308013],[-84.4017946156285,33.7797346180032],[-84.4017978921835,33.7797360147292],[-84.401801409307,33.7797381223993],[-84.4018064673656,33.7797426462627],[-84.4018098232815,33.7797497719275],[-84.4018635638829,33.7797501996855],[-84.4018637510217,33.7797309671132],[-84.4018755410892,33.77973104743],[-84.4019155726794,33.7797313191605],[-84.4019273616672,33.7797313994745],[-84.4019271745426,33.7797506320469],[-84.4019803664445,33.7797509922746],[-84.4019828931503,33.7797458877186],[-84.4019845861105,33.7797434833937],[-84.4019873546983,33.7797407542266],[-84.4019909110203,33.7797382417569],[-84.4019931160288,33.77973711139],[-84.4019980667369,33.7797355429946],[-84.4020030091477,33.7797348888888],[-84.4020068477491,33.7797349149295],[-84.4020117740315,33.7797358648913],[-84.4020150182933,33.7797369019143],[-84.4020175095828,33.7797381937372],[-84.4020215754223,33.7797407674097],[-84.4020249934081,33.7797441303607],[-84.4020283504219,33.7797512560174],[-84.4021421362679,33.7797520920763],[-84.4021446629616,33.7797469866154],[-84.4021471843869,33.7797439017642],[-84.4021504948698,33.7797407279472],[-84.4021537809357,33.7797388904234],[-84.4021584599896,33.7797370908156],[-84.4021634050142,33.7797362085808],[-84.4021675194098,33.7797360068741],[-84.4021724483064,33.7797367278052],[-84.4021762216401,33.7797377611093],[-84.4021814604208,33.7797404524577],[-84.4021867632188,33.779745230104],[-84.4021885028234,33.7797484294482],[-84.4021903925206,33.7797524201555],[-84.4022800516889,33.7797530289317],[-84.4022796521026,33.7797940133382],[-84.4022838540532,33.7797954227107],[-84.4022886442391,33.7797975360511],[-84.4022932621045,33.7798009931802],[-84.4022941418715,33.7798020906129],[-84.4022954615233,33.7798037372128],[-84.4022968125686,33.7798058075287],[-84.4022984191355,33.7798097104131],[-84.4022989053164,33.7798161256331],[-84.4022974836346,33.7798213822679],[-84.4022949799468,33.7798250288167],[-84.4022933098875,33.7798267244044],[-84.4022905264543,33.7798295500833],[-84.402285964872,33.7798320581694],[-84.4022792592704,33.7798343097718],[-84.4022788555364,33.7798757513227],[-84.4021891983998,33.7798751425421],[-84.4021872337462,33.7798788773235],[-84.4021850037019,33.7798823015416],[-84.4021833181167,33.7798842433082],[-84.4021789307136,33.7798876662337],[-84.4021745233038,33.7798896970481],[-84.4021673784854,33.7798912516048],[-84.4021610751978,33.7798909796136],[-84.4021572422674,33.7798902665088],[-84.4021525996117,33.7798884035409],[-84.4021496294668,33.7798865283647],[-84.4021461006311,33.7798833026798],[-84.4021438645281,33.779880567731]]]},"properties":{"OBJECTID":239,"ACCESSTYPE":"Student","Address":null,"ASF":null,"BLDG_CODE":"132S","CONDITION":null,"BLDG_TYPE":"Residence Halls","FLOORCOUNT":6,"GSF":152789,"BLDG_NAME":"Center Street Apts - S","OWNEDBY2":"GT","PLANRENO":null,"BLDG_NUM":"132S","Common_Name":"Center Street Apts","Heating":1,"Cooling":3,"Cistern":null,"Steam":"No","CHW":"TEN","Electric":"GTME","Gas":"WCGS","OWNEDBY":null,"UNDERGROUND":"No","GlobalID":"0d6f2d36-784a-444e-83c7-676a3600fb6e","Creator":"malexander_GTFM","EditDate":1656474313000,"Editor":"malexander_GTFM","STATUS":null,"NRHP_ELIG":null,"NRHP_TRT":null,"NRHP_VAL":null,"NRHP_PHS":null,"EVENTS":null,"CONSTDATE":null,"RENODATE":null,"BUILDING_TYPE_NEW":"Housing","Photos":"https://fm-gis2.ad.gatech.edu/images/building/132S_small.jpg","FACUpdate":null,"DevAction":"Keep","Note":null,"PPV1":"False","Shape__Area":15850.91015625,"Shape__Length":847.64579321155,"WhiteRoof":"No","FloodedBldg":"No"}},{"type":"Feature","id":240,"geometry":{"type":"Polygon","coordinates":[[[-84.4026334467107,33.780393156107],[-84.4026312825093,33.7803886952702],[-84.4025175024859,33.7803879281788],[-84.4025158796707,33.7803911050914],[-84.4025116093051,33.780397050624],[-84.4025072111162,33.780400482598],[-84.4025016932324,33.7804027400573],[-84.4024956329412,33.7804040761641],[-84.4024904137193,33.7804038120363],[-84.4024854728996,33.7804030893376],[-84.4024819133992,33.7804016886626],[-84.4024778136493,33.7803993657293],[-84.4024748480728,33.7803968025929],[-84.4024712249241,33.7803918765842],[-84.4024691325066,33.7803876022491],[-84.4023556267486,33.7803868362876],[-84.4023525882331,33.7803923331448],[-84.4023497346304,33.7803959587231],[-84.4023453375124,33.7803993897876],[-84.4023409203774,33.7804014260364],[-84.4023348600839,33.7804027621353],[-84.4023301863298,33.7804029604075],[-84.4023249712479,33.7804022364229],[-84.4023214091381,33.7804010647675],[-84.4023170314371,33.7803989695758],[-84.4023142266771,33.7803967740019],[-84.4023114424186,33.7803941789574],[-84.4023089671312,33.7803904589643],[-84.4023072578499,33.7803865102924],[-84.4022421362581,33.7803865192147],[-84.4022414621647,33.7803867964067],[-84.4021992806156,33.7803861871605],[-84.402195983762,33.7803860645169],[-84.4021363130154,33.7803853569871],[-84.4021346901837,33.7803885329932],[-84.4021321086175,33.7803925331342],[-84.4021288424352,33.7803965165484],[-84.4021227088912,33.7803994955846],[-84.4021155452305,33.7804012828001],[-84.4021105961302,33.7804014788845],[-84.4021020942891,33.7803995854085],[-84.4020966241286,33.7803967944153],[-84.4020936585635,33.7803942312696],[-84.4020896523118,33.7803889804846],[-84.4020879430381,33.780385030908],[-84.4019983480096,33.7803844263798],[-84.4019987479205,33.7803431164812],[-84.4019986495664,33.7803430815043],[-84.4019934422259,33.7803412376405],[-84.4019872779928,33.7803377329568],[-84.4019842590219,33.7803349859735],[-84.4019867463159,33.7803336260492],[-84.4019856647506,33.7803317824322],[-84.401998731203,33.780331871123],[-84.4019988564573,33.7803318717858],[-84.4019990340759,33.7803135120313],[-84.4019988656289,33.7803135105493],[-84.401985842372,33.7803134226778],[-84.4019858667809,33.7803108980087],[-84.4019847743179,33.7803102022141],[-84.4019878464022,33.7803074968131],[-84.4019932452858,33.7803047590237],[-84.4019989442928,33.7803027924749],[-84.4019991384665,33.7803027253824],[-84.4019992252052,33.7802937754301],[-84.4019994204756,33.780273578979],[-84.4019995383794,33.7802614163849],[-84.4020891332798,33.7802620209128],[-84.4020904081248,33.7802595236127],[-84.4020933626294,33.7802544939773],[-84.4020975112994,33.7802506297015],[-84.4021032896087,33.7802476567541],[-84.4021124004783,33.7802456250834],[-84.402121985225,33.78024709452],[-84.4021285493729,33.7802503522832],[-84.4021328759871,33.7802543013735],[-84.4021348003057,33.7802567357657],[-84.4021372298344,33.7802622834962],[-84.4021910960034,33.7802627090678],[-84.4021914981383,33.7802435482185],[-84.4021953992821,33.7802435353629],[-84.4022030989955,33.7802435107488],[-84.4022029120555,33.780262788402],[-84.4022430378324,33.7802630598459],[-84.4022432236835,33.7802437821947],[-84.4022550418926,33.7802438615198],[-84.4022548549643,33.7802631391731],[-84.4023084466983,33.7802635002985],[-84.4023097215369,33.7802610029961],[-84.4023117709983,33.7802570868193],[-84.402316824689,33.7802521090724],[-84.4023212253669,33.7802495859645],[-84.4023248092598,33.7802484628767],[-84.4023297651022,33.7802475779096],[-84.4023338892396,33.7802473761787],[-84.4023412986056,33.7802485738474],[-84.4023456762995,33.7802506690385],[-84.4023489310965,33.7802527844069],[-84.4023521893862,33.7802557806815],[-84.402354113711,33.7802582150703],[-84.4023568176873,33.7802638262895],[-84.4024703222033,33.7802645922526],[-84.4024745515197,33.7802570653041],[-84.4024787001726,33.7802532010156],[-84.4024844784713,33.7802502289521],[-84.4024891641877,33.7802488828496],[-84.4024957647169,33.7802484690012],[-84.4025031740827,33.7802496657586],[-84.4025086457788,33.7802522277115],[-84.4025129791629,33.7802554888158],[-84.4025159892064,33.7802593069645],[-84.4025186921159,33.7802649190838],[-84.4026324719742,33.7802656852732],[-84.402634165117,33.7802621692038],[-84.4026367012764,33.7802581583192],[-84.4026416078582,33.7802538796198],[-84.4026452505906,33.7802517709058],[-84.4026488344793,33.7802506478086],[-84.4026526900222,33.7802497559162],[-84.4026579144575,33.7802495619885],[-84.4026639518751,33.780250520619],[-84.40266860798,33.7802521581291],[-84.4026721337988,33.7802542711674],[-84.4026762146335,33.7802579655415],[-84.4026789478125,33.7802620123334],[-84.4026808429649,33.7802660111371],[-84.4027707110576,33.7802666173526],[-84.4027703152057,33.7803076973246],[-84.4027756209174,33.7803095770335],[-84.4027817840981,33.7803130807781],[-84.402784468751,33.7803155741159],[-84.4027823168951,33.7803171885817],[-84.4027833984772,33.7803190321916],[-84.4027702056924,33.780318942924],[-84.4027700282384,33.7803373026788],[-84.4027832199437,33.7803373910469],[-84.4027831955582,33.780339915716],[-84.4027842891078,33.7803406115014],[-84.4027825917276,33.78034218813],[-84.4027785547873,33.7803450495791],[-84.4027699239419,33.7803480884263],[-84.4027695228701,33.780389627348],[-84.4026929219502,33.7803891111686],[-84.4026796524894,33.7803890211363],[-84.4026766129174,33.7803945189051],[-84.4026737593258,33.7803981435892],[-84.4026693622232,33.7804015755669],[-84.4026644758347,33.780404164535],[-84.4026577829751,33.7804051691503],[-84.4026514645318,33.7804048972132],[-84.4026476240113,33.7804041823351],[-84.4026429694276,33.7804023149004],[-84.4026399916861,33.7804004361441],[-84.4026354671093,33.7803963648258],[-84.4026334467107,33.780393156107]]]},"properties":{"OBJECTID":240,"ACCESSTYPE":"Student","Address":null,"ASF":null,"BLDG_CODE":"132N","CONDITION":null,"BLDG_TYPE":"Residence Halls","FLOORCOUNT":6,"GSF":152789,"BLDG_NAME":"Center Street Apts - N","OWNEDBY2":"GT","PLANRENO":null,"BLDG_NUM":"132N","Common_Name":"Center Street Apts","Heating":1,"Cooling":3,"Cistern":null,"Steam":"No","CHW":"TEN","Electric":"GTME","Gas":"WCGS","OWNEDBY":null,"UNDERGROUND":"No","GlobalID":"c74241c9-e370-418e-ba95-d7a98e70d913","Creator":"malexander_GTFM","EditDate":1656474313000,"Editor":"malexander_GTFM","STATUS":null,"NRHP_ELIG":null,"NRHP_TRT":null,"NRHP_VAL":null,"NRHP_PHS":null,"EVENTS":null,"CONSTDATE":null,"RENODATE":null,"BUILDING_TYPE_NEW":"Housing","Photos":"https://fm-gis2.ad.gatech.edu/images/building/132N_small.jpg","FACUpdate":null,"DevAction":"Keep","Note":null,"PPV1":"False","Shape__Area":11102.854248046875,"Shape__Length":658.10363470795448,"WhiteRoof":"No","FloodedBldg":"No"}},{"type":"Feature","id":241,"geometry":{"type":"Polygon","coordinates":[[[-84.4057192793223,33.777370809236],[-84.405719474894,33.7773634748259],[-84.4055981550054,33.7773612221175],[-84.4055630221703,33.7773605706156],[-84.4054713455202,33.7773588690096],[-84.4054711510071,33.7773662034173],[-84.4053855135673,33.7773646135873],[-84.4053858792359,33.7773508608951],[-84.4053865138526,33.7773270227132],[-84.405386733902,33.7773187712769],[-84.4053702650907,33.7773184659153],[-84.4053707041102,33.7773019621431],[-84.405378061735,33.7773020993887],[-84.40537932969,33.7772668063056],[-84.4053802204934,33.7772333415989],[-84.4053890044999,33.7772335049377],[-84.4053891990198,33.7772261705299],[-84.4054193918092,33.7772267306539],[-84.4054292728712,33.7772269144086],[-84.4054660523159,33.7772275970253],[-84.4054748352422,33.77722776036],[-84.4054746407296,33.7772350947679],[-84.4055663161682,33.7772367963741],[-84.405601450035,33.7772374487749],[-84.4056492637529,33.7772383362871],[-84.4056607395174,33.7772291704182],[-84.4056614941748,33.777189488186],[-84.4056618109786,33.7771775956939],[-84.4056620984256,33.7771667960599],[-84.4056622753952,33.777160148744],[-84.4056636667099,33.7771078890463],[-84.4056644479264,33.7770785487022],[-84.4056657531355,33.7770294981475],[-84.4056481873228,33.7770291715044],[-84.4056487543678,33.7770078553697],[-84.4056465581019,33.7770078145402],[-84.4056383334431,33.777007661858],[-84.4056303646918,33.7770075140897],[-84.4056305533458,33.7770004078106],[-84.4056311878953,33.776976570528],[-84.4056313776315,33.7769694651484],[-84.4056393420604,33.776969612925],[-84.4056475721141,33.7769697655966],[-84.4056497672994,33.7769698064282],[-84.4056503343437,33.7769484902933],[-84.40566790014,33.7769488169361],[-84.4056693344989,33.7768949522139],[-84.4056701157146,33.7768656127704],[-84.4056715070208,33.7768133530702],[-84.4056722882352,33.7767840136263],[-84.4056733510012,33.7767440855454],[-84.4056626693689,33.7767347597142],[-84.4056148559308,33.7767338722059],[-84.4055797222695,33.7767332198079],[-84.4054545603631,33.7767308968518],[-84.4054194277836,33.7767302444062],[-84.4053562988485,33.7767290726519],[-84.4053394932601,33.776728760724],[-84.4053274786227,33.7767285369072],[-84.4053272830212,33.7767358722192],[-84.4052847388761,33.776735081689],[-84.4052803474382,33.7767350000149],[-84.4052496062985,33.7767344300967],[-84.4052452148606,33.7767343484213],[-84.4052419204725,33.7767342871662],[-84.4052435076457,33.7766746921566],[-84.4052347247762,33.7766745288052],[-84.4052366276623,33.776603015157],[-84.4052454105246,33.7766031785084],[-84.4052456061329,33.7765958431964],[-84.4053224599463,33.7765972706833],[-84.4053312428081,33.7765974340286],[-84.4053310482844,33.776604768437],[-84.4054227230517,33.7766064710546],[-84.4054578566604,33.7766071234974],[-84.4055830173046,33.7766094455515],[-84.4056181509154,33.7766100979487],[-84.4057394697453,33.7766123506423],[-84.405739665314,33.7766050162314],[-84.4057805605854,33.7766057755369],[-84.4058156941933,33.7766064269762],[-84.4058253009207,33.7766066049195],[-84.4058251053593,33.7766139393306],[-84.4058338893033,33.7766141026379],[-84.4058336809818,33.7766218960143],[-84.4058329009008,33.776651234556],[-84.4058319858336,33.7766856162951],[-84.4058232029621,33.7766854529855],[-84.4058180361129,33.7767867184431],[-84.4058175292129,33.7768160636677],[-84.4058161379977,33.7768683242708],[-84.405815082567,33.7768976579349],[-84.4058135994073,33.7769533558102],[-84.4058270490953,33.7769536047498],[-84.4058265348543,33.7769729254288],[-84.4058392555776,33.7769731180741],[-84.4058462988901,33.7769732243433],[-84.4058461033324,33.7769805596556],[-84.4058454688425,33.7770043969389],[-84.4058452732846,33.7770117322512],[-84.4058381521492,33.77701159728],[-84.4058255122511,33.7770113512805],[-84.4058249989413,33.7770306187601],[-84.405811823504,33.7770303746987],[-84.4058107686205,33.7770700088253],[-84.4058104694936,33.7770812611113],[-84.4058096894015,33.7771105996507],[-84.405808298178,33.7771628602513],[-84.4058075170049,33.7771921987924],[-84.4058048195677,33.7772935099484],[-84.4058157987745,33.7772937140855],[-84.4058148836953,33.777328095821],[-84.4058148387261,33.7773297865042],[-84.4058148279892,33.7773301967763],[-84.4058141025233,33.7773574343613],[-84.4058138952783,33.7773652277346],[-84.4058051123374,33.7773650644241],[-84.4058049167756,33.7773723997359],[-84.4057953099602,33.7773722208898],[-84.4057552360388,33.7773714771303],[-84.4057226903523,33.7773708729573],[-84.4057192793223,33.777370809236]]]},"properties":{"OBJECTID":241,"ACCESSTYPE":null,"Address":null,"ASF":null,"BLDG_CODE":"065A","CONDITION":null,"BLDG_TYPE":"Residence Halls","FLOORCOUNT":null,"GSF":null,"BLDG_NAME":"Maulding Residence Hall","OWNEDBY2":"GT","PLANRENO":null,"BLDG_NUM":"65A","Common_Name":"6th Street Apts West","Heating":1,"Cooling":3,"Cistern":null,"Steam":"Yes","CHW":"TEN","Electric":"GTME","Gas":"WCGS","OWNEDBY":null,"UNDERGROUND":"No","GlobalID":"451a8dfa-7533-4014-b473-0f12ade65c10","Creator":"malexander_GTFM","EditDate":1656474313000,"Editor":"malexander_GTFM","STATUS":null,"NRHP_ELIG":null,"NRHP_TRT":null,"NRHP_VAL":null,"NRHP_PHS":null,"EVENTS":null,"CONSTDATE":null,"RENODATE":null,"BUILDING_TYPE_NEW":"Housing","Photos":"https://fm-gis2.ad.gatech.edu/images/building/065A_small.jpg","FACUpdate":null,"DevAction":"Keep","Note":null,"PPV1":"False","Shape__Area":22960.185302734375,"Shape__Length":1160.7633439278306,"WhiteRoof":"No","FloodedBldg":"No"}},{"type":"Feature","id":242,"geometry":{"type":"Polygon","coordinates":[[[-84.3926767494421,33.7794116195297],[-84.3926767398181,33.7794079552366],[-84.3926416320824,33.77940810158],[-84.3926416366782,33.7794098516767],[-84.3926306675352,33.7794098717625],[-84.3926306424003,33.7794007110316],[-84.392639812685,33.7794006942398],[-84.3926394682302,33.7793805411614],[-84.3926305894792,33.7793805574194],[-84.3926305654241,33.7793713966865],[-84.3926337539136,33.7793713908481],[-84.3926334234913,33.7792064965644],[-84.3926301324322,33.7792065025907],[-84.392630102965,33.7791952806925],[-84.3926410737618,33.7791954896232],[-84.3926416300543,33.7791984523324],[-84.3926542452704,33.7791982353762],[-84.3926542495183,33.7791998529309],[-84.3926871603879,33.7791998999545],[-84.3926871485824,33.7791954052444],[-84.392698117698,33.7791953851537],[-84.3926981295041,33.7791998798638],[-84.3927310400917,33.7791998195797],[-84.392731028284,33.7791953248696],[-84.3927419984793,33.779195304773],[-84.3927420102876,33.7791997994831],[-84.3927880851102,33.7791997150666],[-84.3927880732994,33.7791952203565],[-84.3927990445744,33.7791952002529],[-84.3927990734594,33.7792061922309],[-84.3927969819958,33.7792061960633],[-84.3927970046027,33.7792538338661],[-84.3927991986432,33.7792538298457],[-84.3927992275307,33.7792648227252],[-84.3927971360656,33.7792648265577],[-84.392797158668,33.7793124625568],[-84.39279935271,33.7793124585363],[-84.3927995308504,33.7793802479592],[-84.3927906520995,33.7793802642287],[-84.3927907050582,33.7794004178408],[-84.3927995838112,33.7794004015712],[-84.3927996078843,33.779409562304],[-84.3927886376617,33.7794095824058],[-84.3927886977269,33.7794077862065],[-84.39273159201,33.7794078547653],[-84.3927316016363,33.7794115190584],[-84.3927206303337,33.7794115391562],[-84.3927206207078,33.7794078748631],[-84.3926877100405,33.7794079351447],[-84.392687719665,33.7794115994378],[-84.3926767494421,33.7794116195297]]]},"properties":{"OBJECTID":242,"ACCESSTYPE":"Public","Address":null,"ASF":null,"BLDG_CODE":"196A","CONDITION":null,"BLDG_TYPE":"Athletic","FLOORCOUNT":2,"GSF":6425,"BLDG_NAME":"Softball Ticketing Office","OWNEDBY2":"GT","PLANRENO":null,"BLDG_NUM":"196A","Common_Name":"Softball","Heating":1,"Cooling":1,"Cistern":null,"Steam":"No","CHW":"No","Electric":"GTME","Gas":"AGL","OWNEDBY":null,"UNDERGROUND":"No","GlobalID":"ed5e2a2e-bd29-457f-a591-19fad6da508a","Creator":"malexander_GTFM","EditDate":1656474313000,"Editor":"malexander_GTFM","STATUS":null,"NRHP_ELIG":null,"NRHP_TRT":null,"NRHP_VAL":null,"NRHP_PHS":null,"EVENTS":null,"CONSTDATE":null,"RENODATE":null,"BUILDING_TYPE_NEW":"Athletics","Photos":"https://fm-gis2.ad.gatech.edu/images/building/196A_small.jpg","FACUpdate":null,"DevAction":"Keep","Note":null,"PPV1":"False","Shape__Area":3802.488525390625,"Shape__Length":290.53953715821137,"WhiteRoof":"No","FloodedBldg":"No"}},{"type":"Feature","id":243,"geometry":{"type":"Polygon","coordinates":[[[-84.401866403824,33.7801946883598],[-84.4018664408281,33.7801896597821],[-84.4018708214796,33.7801896820888],[-84.4018708081218,33.7801915106624],[-84.4018927092204,33.7801916221981],[-84.4018928458557,33.7801728766149],[-84.4018686572194,33.7801725422231],[-84.4018665656448,33.7801725137501],[-84.4018667297462,33.7801499883937],[-84.4018673357544,33.780067126419],[-84.4018675807867,33.7800335214211],[-84.4019059084473,33.780033716155],[-84.401906164206,33.779998510706],[-84.4019063496588,33.7799731351896],[-84.4018740004655,33.7799728740603],[-84.4018740316438,33.7799747999273],[-84.4018680071338,33.7799749980516],[-84.4018680456689,33.7799697395497],[-84.4019102054197,33.7799699549298],[-84.4019101001048,33.7799843572013],[-84.4019591333425,33.7799844765097],[-84.401977879644,33.7799847013421],[-84.4019803784226,33.7799871499695],[-84.401992679233,33.7799789323091],[-84.4020007939062,33.7799735105354],[-84.4019990085947,33.7799705745579],[-84.4019989055546,33.779970405244],[-84.4020039502552,33.779970430788],[-84.4020355498207,33.7799705914265],[-84.4020470882795,33.7799706505672],[-84.4020470018454,33.7799824731794],[-84.4020468370864,33.7800051355887],[-84.4020467529371,33.7800166092575],[-84.4021543560961,33.7801277975322],[-84.402163393815,33.780127843401],[-84.4021904713397,33.7801279810714],[-84.4021984325235,33.7801280217791],[-84.4021984262102,33.7801288711463],[-84.4021980957045,33.7801742004741],[-84.402195905919,33.7801741893255],[-84.40219587282,33.7801786651839],[-84.4021954888994,33.7802313051988],[-84.4021954236233,33.780240199208],[-84.4021954001521,33.7802434587209],[-84.4021949355099,33.780307239688],[-84.4022518786588,33.7803075295225],[-84.4022513088031,33.7803857136612],[-84.4019983480096,33.7803844263798],[-84.401998731203,33.780331871123],[-84.4019988656289,33.7803135105493],[-84.4019989442928,33.7803027924749],[-84.4019990092489,33.7802937740387],[-84.4019991570076,33.7802735767765],[-84.4019997005278,33.7801991029807],[-84.4019959996335,33.7801953474491],[-84.401866403824,33.7801946883598]]]},"properties":{"OBJECTID":243,"ACCESSTYPE":"Student","Address":null,"ASF":null,"BLDG_CODE":" ","CONDITION":null,"BLDG_TYPE":"Residence Halls","FLOORCOUNT":6,"GSF":152789,"BLDG_NAME":"Center Street Apts","OWNEDBY2":"GT","PLANRENO":null,"BLDG_NUM":"132G","Common_Name":"Center Street Apts","Heating":1,"Cooling":3,"Cistern":null,"Steam":"No","CHW":"TEN","Electric":"GTME","Gas":"WCGS","OWNEDBY":null,"UNDERGROUND":"No","GlobalID":"4b7c39ea-c61a-461f-904a-b0eee87ddcf8","Creator":"malexander_GTFM","EditDate":1656474313000,"Editor":"malexander_GTFM","STATUS":null,"NRHP_ELIG":null,"NRHP_TRT":null,"NRHP_VAL":null,"NRHP_PHS":null,"EVENTS":null,"CONSTDATE":null,"RENODATE":null,"BUILDING_TYPE_NEW":"Housing","Photos":"https://fm-gis2.ad.gatech.edu/images/building/ _small.jpg","FACUpdate":null,"DevAction":"Keep","Note":null,"PPV1":"False","Shape__Area":10410.28564453125,"Shape__Length":566.71434619962542,"WhiteRoof":"No","FloodedBldg":"No"}},{"type":"Feature","id":244,"geometry":{"type":"Polygon","coordinates":[[[-84.390853484671,33.7701978060873],[-84.3908534849733,33.7701684888506],[-84.39084093313,33.7701684891082],[-84.3908182715771,33.7701684887911],[-84.3908182734558,33.7699424129036],[-84.390876148253,33.7699424132744],[-84.3908766406056,33.769951547925],[-84.3910261003937,33.7699510283687],[-84.3910259764547,33.7699424133026],[-84.3911676965483,33.7699419743663],[-84.3912111205278,33.7699424147235],[-84.3912107165269,33.7699874457967],[-84.3912152212184,33.7699983836646],[-84.3912215784019,33.7700196069206],[-84.3912248547017,33.7700397375687],[-84.3912256884472,33.7700534979764],[-84.3912253866141,33.7700594701712],[-84.3912250057585,33.770067017697],[-84.3912246751845,33.7700735606902],[-84.391221530928,33.7700916328254],[-84.3912166004429,33.7701086812279],[-84.3912151689848,33.7701128729105],[-84.3912107765402,33.7701234464677],[-84.3912111186011,33.7701684906087],[-84.3910383542237,33.7701684892254],[-84.3910383540024,33.770192842864],[-84.3910449570575,33.770192843483],[-84.3910448996378,33.7701969091392],[-84.3910273244771,33.7701969987952],[-84.3910272093873,33.770173967189],[-84.3909854494569,33.7701741125222],[-84.3909854221501,33.7701686052774],[-84.3908777229941,33.770168980403],[-84.3908778657877,33.7701976896659],[-84.390853484671,33.7701978060873]]]},"properties":{"OBJECTID":244,"ACCESSTYPE":null,"Address":"120 North Ave NW","ASF":null,"BLDG_CODE":"191","CONDITION":null,"BLDG_TYPE":"Residence Halls","FLOORCOUNT":10,"GSF":966203,"BLDG_NAME":"North Avenue Apts - Admin","OWNEDBY2":"GT","PLANRENO":null,"BLDG_NUM":"191R","Common_Name":"North Ave Apts","Heating":1,"Cooling":1,"Cistern":0,"Steam":"No","CHW":"No","Electric":"GTME","Gas":"AGL","OWNEDBY":null,"UNDERGROUND":"No","GlobalID":"1fb7a352-c59b-43db-8608-8e5bfe85418b","Creator":"malexander_GTFM","EditDate":1656474313000,"Editor":"malexander_GTFM","STATUS":null,"NRHP_ELIG":null,"NRHP_TRT":null,"NRHP_VAL":null,"NRHP_PHS":null,"EVENTS":null,"CONSTDATE":null,"RENODATE":null,"BUILDING_TYPE_NEW":"Housing","Photos":"https://fm-gis2.ad.gatech.edu/images/building/191_small.jpg","FACUpdate":null,"DevAction":"Keep","Note":null,"PPV1":"False","Shape__Area":9964.3544921875,"Shape__Length":456.5536926069916,"WhiteRoof":"No","FloodedBldg":"No"}},{"type":"Feature","id":245,"geometry":{"type":"Polygon","coordinates":[[[-84.3922749902911,33.7800838179529],[-84.3922750580175,33.7800750555829],[-84.3921106381636,33.7800740414605],[-84.3921092428456,33.780031076724],[-84.3921099337049,33.7799531114864],[-84.3920759272446,33.7799529013085],[-84.3920778330417,33.779737743109],[-84.3920819286022,33.7796771690094],[-84.3921877363683,33.7796781550514],[-84.3923880336358,33.7796800204333],[-84.3923880985783,33.7796726709553],[-84.3923881806392,33.7796726708052],[-84.3924908961415,33.7796733051895],[-84.3924920213287,33.779807467029],[-84.3924892263862,33.7800858127684],[-84.3924874519645,33.7800963671374],[-84.3923830127539,33.7801830355736],[-84.3923543639263,33.7801585161741],[-84.3923540151604,33.7801585150087],[-84.3923408544821,33.7801471881904],[-84.3922916652768,33.7801469201798],[-84.3922783224815,33.780146847196],[-84.3922744968341,33.780146826239],[-84.3922749902911,33.7800838179529]]]},"properties":{"OBJECTID":245,"ACCESSTYPE":"Private","Address":"177 Eighth St NW","ASF":16669,"BLDG_CODE":"073B","CONDITION":null,"BLDG_TYPE":"Athletic","FLOORCOUNT":1,"GSF":19825,"BLDG_NAME":"Zelnak Basketball Addition","OWNEDBY2":"GT","PLANRENO":null,"BLDG_NUM":"073B","Common_Name":"Zelnak BBPF","Heating":1,"Cooling":1,"Cistern":1,"Steam":"No","CHW":"No","Electric":"GTME","Gas":"AGL","OWNEDBY":null,"UNDERGROUND":"No","GlobalID":"058ffd6b-60f2-431d-b852-6f9dc6c6e96b","Creator":"malexander_GTFM","EditDate":1656474313000,"Editor":"malexander_GTFM","STATUS":null,"NRHP_ELIG":null,"NRHP_TRT":null,"NRHP_VAL":null,"NRHP_PHS":null,"EVENTS":"Athletic","CONSTDATE":null,"RENODATE":null,"BUILDING_TYPE_NEW":"Athletics","Photos":"https://fm-gis2.ad.gatech.edu/images/building/073B_small.jpg","FACUpdate":null,"DevAction":"Keep","Note":null,"PPV1":"False","Shape__Area":19436.65380859375,"Shape__Length":594.91026977179126,"WhiteRoof":"No","FloodedBldg":"No"}},{"type":"Feature","id":246,"geometry":{"type":"Polygon","coordinates":[[[-84.3915511449935,33.7709357188624],[-84.3915650653711,33.7709396337188],[-84.3916002003909,33.7709392676364],[-84.391600297419,33.770976399314],[-84.3916183706029,33.7709763663741],[-84.3916186840541,33.7710963108336],[-84.3916188145718,33.7711458410726],[-84.3915561672222,33.7711459552417],[-84.3915425658853,33.7711459809263],[-84.3915412687019,33.7711470192886],[-84.391508370329,33.7711464444628],[-84.3914934726671,33.7711461839748],[-84.3914935094637,33.7711602722281],[-84.3914656784283,33.7711603229233],[-84.3914137648776,33.7711604174689],[-84.3913934244047,33.7711604545072],[-84.3913934038455,33.7711525795117],[-84.3913933876998,33.7711463951066],[-84.3913457095958,33.7711464819114],[-84.3913457462882,33.7711605395088],[-84.3913187789668,33.7711605885985],[-84.3912458436876,33.771160721336],[-84.3912458357271,33.7711576701584],[-84.3912458077642,33.771146952266],[-84.3911985852711,33.7711470390865],[-84.3911986154505,33.7711586090366],[-84.391198618969,33.7711599579024],[-84.3910993749502,33.771160138413],[-84.3910993408511,33.7711470600053],[-84.3910589578921,33.7711471334332],[-84.3910589272915,33.7711465771693],[-84.3910515792427,33.7711465905287],[-84.3910514534615,33.7710983379213],[-84.391051425443,33.7710875893726],[-84.3910243642151,33.7710876385686],[-84.3909251785815,33.7710878197345],[-84.3909250977987,33.7710568120509],[-84.390931021621,33.7710567354663],[-84.3909502797006,33.7710564822713],[-84.3909502792881,33.7710567383413],[-84.3909580505841,33.7710567377435],[-84.3909580507334,33.7710563806889],[-84.3909777212265,33.7710561231335],[-84.3909777206696,33.7710567380615],[-84.390985561065,33.7710567382381],[-84.3909855613539,33.7710560205221],[-84.3910048183558,33.7710557682222],[-84.391004818725,33.7710567383997],[-84.3910125220059,33.7710567388237],[-84.3910125212898,33.7710456935815],[-84.3910125208984,33.7710356013855],[-84.3910126256237,33.7710356011952],[-84.3910288019683,33.7710356015441],[-84.3910401350181,33.7710356016795],[-84.3910401346977,33.7710259521947],[-84.3910695712557,33.7710259518739],[-84.3910695710227,33.771031246378],[-84.3910700386449,33.7710607025158],[-84.3910971852853,33.7710607027453],[-84.3910971850507,33.7710618550577],[-84.3911001465502,33.771061865902],[-84.3911006593894,33.7710618685761],[-84.3911005647596,33.7710781634126],[-84.3911202942302,33.7710781635998],[-84.3911202937573,33.7710763260328],[-84.3911219445368,33.7710763257356],[-84.3911714636273,33.7710763258338],[-84.3911731144092,33.7710763264376],[-84.3911731138036,33.7710781640065],[-84.3911962236494,33.7710781643441],[-84.3911962233007,33.7710726498379],[-84.391196953141,33.7710726494118],[-84.3911975361523,33.7710726501545],[-84.3911971424656,33.77106079414],[-84.3912446001418,33.7710614841167],[-84.3912463072688,33.7710781155976],[-84.3912523447793,33.7710781632188],[-84.391252345509,33.7710726496123],[-84.3912721527124,33.7710726496338],[-84.3912721530659,33.77107816414],[-84.3912798552666,33.7710781636477],[-84.3912798559946,33.7710726500412],[-84.391308329523,33.7710726496127],[-84.3913083287992,33.7710781641208],[-84.391316170276,33.7710781642744],[-84.3913161699197,33.7710726497683],[-84.391335977123,33.7710726497795],[-84.3913359774806,33.7710781642857],[-84.3913436807609,33.7710781637874],[-84.3913436804052,33.7710726501829],[-84.3913446887954,33.7710726501505],[-84.3913919039181,33.7710726507479],[-84.3913920993333,33.771072650392],[-84.3913920995054,33.7710776789078],[-84.3913922615185,33.7710818397391],[-84.3913998028552,33.7710818404339],[-84.3913998018951,33.7710781643983],[-84.3914190595596,33.7710781644953],[-84.3914190594408,33.7710818405328],[-84.3914267627238,33.771081840931],[-84.3914267628422,33.7710781648935],[-84.3914465700467,33.771078164887],[-84.3914465710088,33.7710818409226],[-84.3914542732097,33.7710818404194],[-84.3914542733269,33.7710781643818],[-84.3914735309913,33.7710781644703],[-84.3914735308749,33.7710818405078],[-84.3914812341579,33.7710818409026],[-84.391481234274,33.7710781648651],[-84.3915233253931,33.7710781648275],[-84.3915232319466,33.7710605773638],[-84.3915507915654,33.7710607895311],[-84.3915511814756,33.7710414267346],[-84.3915577478289,33.7710414048516],[-84.3915577477801,33.7710165913744],[-84.3915577480931,33.7709770394843],[-84.391557747728,33.7709768997288],[-84.3915577477004,33.7709752361799],[-84.3915511445878,33.7709752364902],[-84.3915511449429,33.7709658674182],[-84.3915511449935,33.7709357188624]]]},"properties":{"OBJECTID":246,"ACCESSTYPE":null,"Address":"120 North Ave NW","ASF":null,"BLDG_CODE":"191D","CONDITION":null,"BLDG_TYPE":"Residence Halls","FLOORCOUNT":null,"GSF":null,"BLDG_NAME":"North Avenue Dining","OWNEDBY2":"GT","PLANRENO":null,"BLDG_NUM":"191D","Common_Name":"North Ave Apts","Heating":1,"Cooling":1,"Cistern":0,"Steam":"No","CHW":"No","Electric":"GTME","Gas":"AGL","OWNEDBY":null,"UNDERGROUND":"No","GlobalID":"cb136518-4b02-45fc-9e85-089a04ad45a8","Creator":"malexander_GTFM","EditDate":1656474313000,"Editor":"malexander_GTFM","STATUS":null,"NRHP_ELIG":null,"NRHP_TRT":null,"NRHP_VAL":null,"NRHP_PHS":null,"EVENTS":null,"CONSTDATE":null,"RENODATE":null,"BUILDING_TYPE_NEW":"Dining / Food","Photos":"https://fm-gis2.ad.gatech.edu/images/building/191D_small.jpg","FACUpdate":null,"DevAction":"Keep","Note":null,"PPV1":"True","Shape__Area":6576.07421875,"Shape__Length":686.731570423883,"WhiteRoof":"No","FloodedBldg":"No"}},{"type":"Feature","id":247,"geometry":{"type":"Polygon","coordinates":[[[-84.4020499109575,33.7780443731088],[-84.4020562102005,33.7780511108548],[-84.4022353031664,33.7782426684496],[-84.4021663389914,33.7782879259138],[-84.402192679781,33.7783161559341],[-84.4022343873966,33.7782891566286],[-84.4023447470237,33.7784085030609],[-84.4024287243247,33.7784958307697],[-84.4023901769874,33.7785200407064],[-84.4024019971644,33.7785323554204],[-84.4023086034848,33.7785936972951],[-84.4022049203173,33.7784828614003],[-84.4022279778228,33.7784673558755],[-84.4021867546187,33.7784228361843],[-84.4022100095965,33.7784072915148],[-84.4020620106484,33.7782504927452],[-84.4021046460124,33.7782227938355],[-84.4020776402386,33.7781949861355],[-84.402116613236,33.778169307595],[-84.4020204416653,33.7780664422273],[-84.4020478377943,33.7780459251982],[-84.4020499109575,33.7780443731088]]]},"properties":{"OBJECTID":247,"ACCESSTYPE":"Public","Address":null,"ASF":null,"BLDG_CODE":"367","CONDITION":null,"BLDG_TYPE":"Athletic","FLOORCOUNT":1,"GSF":3885,"BLDG_NAME":"Challenge Course","OWNEDBY2":"GT","PLANRENO":null,"BLDG_NUM":"367","Common_Name":"Challenge Course","Heating":0,"Cooling":0,"Cistern":0,"Steam":"No","CHW":"No","Electric":"GTME","Gas":"No","OWNEDBY":null,"UNDERGROUND":"No","GlobalID":"74342378-e866-4f00-a5a3-ebcdea2deab5","Creator":"malexander_GTFM","EditDate":1656474313000,"Editor":"malexander_GTFM","STATUS":null,"NRHP_ELIG":null,"NRHP_TRT":null,"NRHP_VAL":null,"NRHP_PHS":null,"EVENTS":null,"CONSTDATE":null,"RENODATE":null,"BUILDING_TYPE_NEW":"Campus Life","Photos":"https://fm-gis2.ad.gatech.edu/images/building/367_small.jpg","FACUpdate":null,"DevAction":"Keep","Note":null,"PPV1":"False","Shape__Area":6740.812255859375,"Shape__Length":565.758225125405,"WhiteRoof":"No","FloodedBldg":"No"}},{"type":"Feature","id":248,"geometry":{"type":"Polygon","coordinates":[[[-84.3913847244734,33.7737736228479],[-84.3913846399166,33.7737846574205],[-84.3913503944072,33.773784585425],[-84.3913499449305,33.7738134111598],[-84.3912128299291,33.7738126643833],[-84.3912132326058,33.773760916032],[-84.3912115871497,33.7737609073043],[-84.3912106186619,33.7737609018532],[-84.391199522328,33.7737607272847],[-84.3912003176223,33.7736587489814],[-84.3912137555048,33.7736588228127],[-84.3912138939752,33.7736411312441],[-84.3913515571872,33.7736418806287],[-84.391351343036,33.7736694481311],[-84.3913856730132,33.7736696344825],[-84.3913847244734,33.7737736228479]]]},"properties":{"OBJECTID":248,"ACCESSTYPE":null,"Address":null,"ASF":null,"BLDG_CODE":"016A","CONDITION":null,"BLDG_TYPE":"Residence Halls","FLOORCOUNT":null,"GSF":8591,"BLDG_NAME":"GT Connector","OWNEDBY2":"GT","PLANRENO":null,"BLDG_NUM":"016A","Common_Name":"GT Connector","Heating":null,"Cooling":null,"Cistern":null,"Steam":null,"CHW":null,"Electric":null,"Gas":null,"OWNEDBY":null,"UNDERGROUND":"No","GlobalID":"fd6c4a70-71b4-4af1-a332-0dad4b8e8c11","Creator":"malexander_GTFM","EditDate":1656474313000,"Editor":"malexander_GTFM","STATUS":null,"NRHP_ELIG":null,"NRHP_TRT":null,"NRHP_VAL":null,"NRHP_PHS":null,"EVENTS":null,"CONSTDATE":null,"RENODATE":null,"BUILDING_TYPE_NEW":"Housing","Photos":"https://fm-gis2.ad.gatech.edu/images/building/016A_small.jpg","FACUpdate":null,"DevAction":"Keep","Note":null,"PPV1":"False","Shape__Area":3196.5166015625,"Shape__Length":237.33844335375471,"WhiteRoof":"No","FloodedBldg":"No"}},{"type":"Feature","id":250,"geometry":{"type":"Polygon","coordinates":[[[-84.3946392093079,33.7801744367084],[-84.3951411445804,33.7801901871674],[-84.3951338802118,33.7802756897629],[-84.3946369559674,33.7802661847723],[-84.3946392093079,33.7801744367084]]]},"properties":{"OBJECTID":250,"ACCESSTYPE":"Public","Address":null,"ASF":null,"BLDG_CODE":"080A","CONDITION":null,"BLDG_TYPE":"Athletic","FLOORCOUNT":1,"GSF":867,"BLDG_NAME":"Griffin Stands","OWNEDBY2":"GT","PLANRENO":null,"BLDG_NUM":"080A","Common_Name":"Griffin Stands","Heating":null,"Cooling":null,"Cistern":null,"Steam":null,"CHW":null,"Electric":null,"Gas":null,"OWNEDBY":null,"UNDERGROUND":"No","GlobalID":"9260a178-8c78-401e-8011-d41a72ca0d71","Creator":"malexander_GTFM","EditDate":1656474313000,"Editor":"malexander_GTFM","STATUS":"Demolished","NRHP_ELIG":null,"NRHP_TRT":null,"NRHP_VAL":null,"NRHP_PHS":null,"EVENTS":null,"CONSTDATE":null,"RENODATE":null,"BUILDING_TYPE_NEW":"Athletics","Photos":"https://fm-gis2.ad.gatech.edu/images/building/080A_small.jpg","FACUpdate":null,"DevAction":"Keep","Note":null,"PPV1":"False","Shape__Area":4900.33203125,"Shape__Length":368.23085544002674,"WhiteRoof":"No","FloodedBldg":"No"}},{"type":"Feature","id":252,"geometry":{"type":"Polygon","coordinates":[[[-84.3953335817973,33.7861899199824],[-84.3953296140401,33.7856640407285],[-84.3953109903604,33.7856685654573],[-84.3952907458798,33.7854138524934],[-84.3959008823539,33.7854145824366],[-84.3959104362774,33.7861625169362],[-84.3955160593752,33.7861632489929],[-84.3953335817973,33.7861899199824]]]},"properties":{"OBJECTID":252,"ACCESSTYPE":"Private","Address":null,"ASF":null,"BLDG_CODE":null,"CONDITION":null,"BLDG_TYPE":null,"FLOORCOUNT":2,"GSF":0,"BLDG_NAME":null,"OWNEDBY2":"GT","PLANRENO":null,"BLDG_NUM":"GPB","Common_Name":"GPB","Heating":null,"Cooling":null,"Cistern":null,"Steam":null,"CHW":null,"Electric":null,"Gas":null,"OWNEDBY":-2,"UNDERGROUND":"No","GlobalID":"f4e17fa3-2883-4d3e-b7e0-1016144a1681","Creator":"malexander_GTFM","EditDate":1656474313000,"Editor":"malexander_GTFM","STATUS":null,"NRHP_ELIG":null,"NRHP_TRT":null,"NRHP_VAL":null,"NRHP_PHS":null,"EVENTS":null,"CONSTDATE":null,"RENODATE":null,"BUILDING_TYPE_NEW":"Research","Photos":"https://fm-gis2.ad.gatech.edu/images/building/_small.jpg","FACUpdate":null,"DevAction":"Keep","Note":null,"PPV1":"False","Shape__Area":48654.47509765625,"Shape__Length":923.78817566398891,"WhiteRoof":"No","FloodedBldg":"No"}},{"type":"Feature","id":255,"geometry":{"type":"Polygon","coordinates":[[[-84.3917763596951,33.7709392908906],[-84.3917763679323,33.7709337709588],[-84.3917532397201,33.7709337509269],[-84.391756280559,33.7709277710315],[-84.3916470354957,33.7709281496499],[-84.3915277361484,33.7709287015744],[-84.3915200329711,33.7709287363467],[-84.3915002260413,33.7709288283329],[-84.3914925217819,33.7709288622039],[-84.3914639115331,33.7709289954667],[-84.391456208358,33.7709290311367],[-84.3914364014233,33.7709291213094],[-84.3914286982505,33.7709291578793],[-84.3913478877798,33.7709295295296],[-84.391340183525,33.7709295651943],[-84.3913203755126,33.770929656252],[-84.391312672335,33.7709296910114],[-84.3912840620854,33.7709298242325],[-84.3912763589078,33.7709298589897],[-84.3912565519772,33.7709299509368],[-84.3912488488019,33.7709299865939],[-84.3912004294573,33.7709302099389],[-84.3911261520392,33.7709302143074],[-84.3911013914586,33.7709302151552],[-84.3910520074165,33.7709302183897],[-84.3910519885366,33.7709262890223],[-84.3910425525227,33.7709263215053],[-84.3909935359973,33.7709264917557],[-84.3909206606097,33.7709267450133],[-84.3908665363276,33.7709269326088],[-84.3908662468908,33.7708895902925],[-84.3908658090367,33.7708014815996],[-84.3908641604334,33.7708014863977],[-84.390864013616,33.7707720603311],[-84.3908637204601,33.7707129773737],[-84.3908636914682,33.770707234801],[-84.390863541073,33.7706768493822],[-84.3908635234582,33.7706734023963],[-84.3908633692601,33.7706423858274],[-84.3908612613354,33.7706405493835],[-84.3908631758411,33.7706033572446],[-84.3908631628561,33.7706008587888],[-84.3908631394915,33.7705960331866],[-84.3908630470575,33.7705775386564],[-84.3908629316536,33.7705543700008],[-84.3908692507312,33.770554347702],[-84.3908690823933,33.7705203899674],[-84.3908627633134,33.7705204104628],[-84.3908624284326,33.770453182049],[-84.3908617673057,33.7703203815393],[-84.3908585109412,33.7702042410688],[-84.39085768965,33.7701749280295],[-84.3908451378058,33.7701749282876],[-84.3908224762488,33.7701749270696],[-84.3908224791984,33.769948852082],[-84.390880352918,33.7699488515511],[-84.3912153252201,33.7699488538904],[-84.3912182313537,33.7701784670778],[-84.3912023306243,33.770178523056],[-84.3912028633096,33.77028547432],[-84.3913294506918,33.7702850347751],[-84.3913294805969,33.770291115466],[-84.3913640988475,33.7702909947399],[-84.3916463274743,33.7702900144441],[-84.391646300575,33.7702822007715],[-84.3917331539508,33.7702808910088],[-84.3917540784447,33.7702809096539],[-84.3917541083305,33.7702576559783],[-84.3917772363633,33.7702576769124],[-84.3917772435234,33.7702521578836],[-84.39179816909,33.7702521765193],[-84.3918050482574,33.7702479424333],[-84.3918129460612,33.7702459786533],[-84.3918209235168,33.7702459866418],[-84.3918288555032,33.770248010808],[-84.3918356142162,33.770252210097],[-84.3918565397828,33.7702522287228],[-84.3918566833988,33.7702576032121],[-84.3919041710007,33.7702575192636],[-84.3919038617833,33.7702808699258],[-84.3919247862795,33.7702808894437],[-84.3919247493101,33.7703104952748],[-84.3919247181347,33.7703340636293],[-84.3919246811654,33.7703636694602],[-84.3919180716056,33.7703636634902],[-84.3919180319987,33.770394325161],[-84.39191810554,33.770405100677],[-84.3919179860014,33.7704312091478],[-84.3919245923275,33.7704312151236],[-84.3919245553583,33.7704608209541],[-84.3919245252627,33.7704843893061],[-84.3919244882959,33.7705139960378],[-84.3919112713124,33.7705139840936],[-84.391911218501,33.7705544539645],[-84.3919244354906,33.7705544659087],[-84.3919244200552,33.7705663082418],[-84.3919246462552,33.7706271693776],[-84.3919243292978,33.7706372459235],[-84.3919111122954,33.7706372339794],[-84.3919110605637,33.7706777038474],[-84.3919242764927,33.7706777157935],[-84.3919242646004,33.770687611452],[-84.3919241862735,33.7707488590497],[-84.3919241703002,33.7707604958067],[-84.3919175617896,33.7707604898348],[-84.3919174751116,33.7708280372933],[-84.3919240825477,33.7708280432671],[-84.3919239763557,33.7709108232783],[-84.3919030517088,33.7709108046625],[-84.3919030224884,33.7709338843156],[-84.3918556648219,33.7709338426977],[-84.3918556576694,33.7709393626274],[-84.3917763596951,33.7709392908906]]]},"properties":{"OBJECTID":255,"ACCESSTYPE":null,"Address":null,"ASF":null,"BLDG_CODE":"191P","CONDITION":null,"BLDG_TYPE":"Residence Halls","FLOORCOUNT":null,"GSF":null,"BLDG_NAME":"North Avenue Apts North D","OWNEDBY2":"GT","PLANRENO":null,"BLDG_NUM":"191P","Common_Name":"North Avenue Apts North D","Heating":null,"Cooling":null,"Cistern":null,"Steam":null,"CHW":null,"Electric":null,"Gas":null,"OWNEDBY":null,"UNDERGROUND":"Yes","GlobalID":"618991ac-16b3-4eb1-804f-95d9d67aa2eb","Creator":"malexander_GTFM","EditDate":1655950724000,"Editor":"malexander_GTFM","STATUS":null,"NRHP_ELIG":null,"NRHP_TRT":null,"NRHP_VAL":null,"NRHP_PHS":null,"EVENTS":null,"CONSTDATE":null,"RENODATE":null,"BUILDING_TYPE_NEW":"Housing","Photos":"https://fm-gis2.ad.gatech.edu/images/building/191P_small.jpg","FACUpdate":null,"DevAction":"Keep","Note":null,"PPV1":"True","Shape__Area":89776.30126953125,"Shape__Length":1456.3062433891641,"WhiteRoof":"No","FloodedBldg":"No"}},{"type":"Feature","id":257,"geometry":{"type":"Polygon","coordinates":[[[-84.3962945493029,33.7730893758535],[-84.3962319873386,33.7730884300942],[-84.396228332407,33.773088744356],[-84.3961440914589,33.7730881102718],[-84.3961431832614,33.7729697872518],[-84.3961432004394,33.7729559820242],[-84.3961466695728,33.7728309056027],[-84.3963692012259,33.7728317223832],[-84.3963670782567,33.7730144623674],[-84.3963665989076,33.7730897223576],[-84.3962945493029,33.7730893758535]]]},"properties":{"OBJECTID":257,"ACCESSTYPE":null,"Address":null,"ASF":null,"BLDG_CODE":"048","CONDITION":null,"BLDG_TYPE":"Academic/Research","FLOORCOUNT":null,"GSF":null,"BLDG_NAME":"Mech Eng Rsch Bldg","OWNEDBY2":"Other","PLANRENO":null,"BLDG_NUM":"048","Common_Name":"Mech Eng Rsch Bldg","Heating":null,"Cooling":null,"Cistern":null,"Steam":null,"CHW":null,"Electric":null,"Gas":null,"OWNEDBY":null,"UNDERGROUND":"No","GlobalID":"8ad015fc-adc3-4743-b95d-3425dcc429f6","Creator":"malexander_GTFM","EditDate":1656474313000,"Editor":"malexander_GTFM","STATUS":"Demolished","NRHP_ELIG":"Yes","NRHP_TRT":"Demolition","NRHP_VAL":"3","NRHP_PHS":"Phase II","EVENTS":null,"CONSTDATE":1941,"RENODATE":null,"BUILDING_TYPE_NEW":"Research","Photos":"https://fm-gis2.ad.gatech.edu/images/building/048_small.jpg","FACUpdate":null,"DevAction":"Keep","Note":null,"PPV1":"False","Shape__Area":6367.011962890625,"Shape__Length":322.73111810220905,"WhiteRoof":"No","FloodedBldg":"No"}},{"type":"Feature","id":259,"geometry":{"type":"Polygon","coordinates":[[[-84.3981189179742,33.7797957226069],[-84.3980357116952,33.7797952222354],[-84.3980356992009,33.77979659908],[-84.3979843775581,33.7797962904503],[-84.3979521387533,33.7797960957095],[-84.397952357041,33.7797708526767],[-84.3979525134441,33.7797527147703],[-84.3979526896055,33.779732286633],[-84.3979531652286,33.779677447322],[-84.3979533766664,33.7796528697199],[-84.3979104978436,33.7796526110559],[-84.397911878211,33.7794928584328],[-84.3979938025111,33.7794933513735],[-84.3980633310571,33.7794937710271],[-84.3980635815166,33.7794487826744],[-84.3980637550463,33.7794446518852],[-84.3980826146187,33.7794569303696],[-84.398117974466,33.7794686206847],[-84.3981212731624,33.7794686406457],[-84.3981207129448,33.7795333369676],[-84.3981434250968,33.7795452114901],[-84.3982242372852,33.7795456982489],[-84.3982770121531,33.7795460166749],[-84.3983050473172,33.7795461858604],[-84.3983050598048,33.7795448081141],[-84.3983061600919,33.7795448150653],[-84.3983259501233,33.7795449330004],[-84.3983864215944,33.7795452973417],[-84.3983863860765,33.7795493494284],[-84.3983848937454,33.77972213022],[-84.3983846047378,33.779755547755],[-84.398384232885,33.7797986987687],[-84.3983276095501,33.7797983578591],[-84.3983276220374,33.7797969801129],[-84.3983042137178,33.7797968743799],[-84.3981494939241,33.7797959059969],[-84.3981189179742,33.7797957226069]]]},"properties":{"OBJECTID":259,"ACCESSTYPE":null,"Address":null,"ASF":null,"BLDG_CODE":"087","CONDITION":null,"BLDG_TYPE":"Academic/Research","FLOORCOUNT":null,"GSF":null,"BLDG_NAME":"Neely Research Ctr","OWNEDBY2":"GT","PLANRENO":null,"BLDG_NUM":"087","Common_Name":"Neely Research Ctr","Heating":null,"Cooling":null,"Cistern":null,"Steam":null,"CHW":null,"Electric":null,"Gas":null,"OWNEDBY":null,"UNDERGROUND":"No","GlobalID":"19ec6c78-cc4c-4613-bf1b-cb009ca6db1f","Creator":"malexander_GTFM","EditDate":1656474313000,"Editor":"malexander_GTFM","STATUS":"Demolished","NRHP_ELIG":null,"NRHP_TRT":null,"NRHP_VAL":null,"NRHP_PHS":null,"EVENTS":null,"CONSTDATE":null,"RENODATE":null,"BUILDING_TYPE_NEW":"Research","Photos":"https://fm-gis2.ad.gatech.edu/images/building/087_small.jpg","FACUpdate":null,"DevAction":"Keep","Note":null,"PPV1":"False","Shape__Area":13940.272705078125,"Shape__Length":537.51901629618771,"WhiteRoof":"No","FloodedBldg":"No"}},{"type":"Feature","id":261,"geometry":{"type":"Polygon","coordinates":[[[-84.3915655162904,33.7702704606155],[-84.3916152227088,33.7701948295725],[-84.3917057831331,33.7702363424744],[-84.3916556026404,33.7703114956399],[-84.3915655162904,33.7702704606155]]]},"properties":{"OBJECTID":261,"ACCESSTYPE":null,"Address":null,"ASF":null,"BLDG_CODE":null,"CONDITION":null,"BLDG_TYPE":"","FLOORCOUNT":null,"GSF":null,"BLDG_NAME":null,"OWNEDBY2":"GT","PLANRENO":null,"BLDG_NUM":null,"Common_Name":"","Heating":null,"Cooling":null,"Cistern":null,"Steam":null,"CHW":null,"Electric":null,"Gas":null,"OWNEDBY":null,"UNDERGROUND":"No","GlobalID":"b2aaf3be-189b-47d4-a9bb-3b9f427fd3d3","Creator":"malexander_GTFM","EditDate":1656474313000,"Editor":"malexander_GTFM","STATUS":null,"NRHP_ELIG":null,"NRHP_TRT":null,"NRHP_VAL":null,"NRHP_PHS":null,"EVENTS":null,"CONSTDATE":null,"RENODATE":null,"BUILDING_TYPE_NEW":"Housing","Photos":"https://fm-gis2.ad.gatech.edu/images/building/_small.jpg","FACUpdate":null,"DevAction":"Keep","Note":null,"PPV1":"True","Shape__Area":980.906982421875,"Shape__Length":125.2788880818363,"WhiteRoof":"No","FloodedBldg":"No"}},{"type":"Feature","id":262,"geometry":{"type":"Polygon","coordinates":[[[-84.3912722183034,33.7706881515076],[-84.3913209057627,33.7706881196987],[-84.3913956994944,33.7706882891939],[-84.3914406359116,33.7706885310569],[-84.3914403870592,33.7707664712594],[-84.391398087821,33.7707665095167],[-84.3913178731072,33.7707663300542],[-84.3912719628041,33.7707660854107],[-84.3912722183034,33.7706881515076]]]},"properties":{"OBJECTID":262,"ACCESSTYPE":null,"Address":null,"ASF":null,"BLDG_CODE":"191P","CONDITION":null,"BLDG_TYPE":"Residence Halls","FLOORCOUNT":null,"GSF":null,"BLDG_NAME":"North Avenue Apts North D","OWNEDBY2":"GT","PLANRENO":null,"BLDG_NUM":"191P","Common_Name":"North Avenue Apts North D","Heating":null,"Cooling":null,"Cistern":null,"Steam":null,"CHW":null,"Electric":null,"Gas":null,"OWNEDBY":null,"UNDERGROUND":"Yes","GlobalID":"3a6594c1-261d-48ac-8169-4fcafaf46a40","Creator":"malexander_GTFM","EditDate":1655950724000,"Editor":"malexander_GTFM","STATUS":null,"NRHP_ELIG":null,"NRHP_TRT":null,"NRHP_VAL":null,"NRHP_PHS":null,"EVENTS":null,"CONSTDATE":null,"RENODATE":null,"BUILDING_TYPE_NEW":"Housing","Photos":"https://fm-gis2.ad.gatech.edu/images/building/191P_small.jpg","FACUpdate":null,"DevAction":"Keep","Note":null,"PPV1":"False","Shape__Area":1455.209716796875,"Shape__Length":159.07905866930983,"WhiteRoof":"No","FloodedBldg":"No"}},{"type":"Feature","id":270,"geometry":{"type":"Polygon","coordinates":[[[-84.4052668908906,33.7762361089605],[-84.4051424367171,33.7762325418418],[-84.4051490872129,33.7760722090535],[-84.4052735422345,33.7760757761644],[-84.4052668908906,33.7762361089605]]]},"properties":{"OBJECTID":270,"ACCESSTYPE":null,"Address":"750 Ferst Dr NW","ASF":2054,"BLDG_CODE":"212","CONDITION":null,"BLDG_TYPE":"Admin/Services","FLOORCOUNT":1,"GSF":2304,"BLDG_NAME":"CRC Storage Building","OWNEDBY2":"GT","PLANRENO":null,"BLDG_NUM":"212","Common_Name":"CRC storage","Heating":null,"Cooling":null,"Cistern":null,"Steam":null,"CHW":null,"Electric":null,"Gas":null,"OWNEDBY":null,"UNDERGROUND":"No","GlobalID":"cb1870fa-390a-4de9-b753-5512995fc295","Creator":"malexander_GTFM","EditDate":1657109420000,"Editor":"malexander_GTFM","STATUS":null,"NRHP_ELIG":null,"NRHP_TRT":null,"NRHP_VAL":null,"NRHP_PHS":null,"EVENTS":null,"CONSTDATE":null,"RENODATE":null,"BUILDING_TYPE_NEW":"Facilities Services and Campus Support","Photos":"https://fm-gis2.ad.gatech.edu/images/building/212_small.jpg","FACUpdate":null,"DevAction":"Keep","Note":null,"PPV1":"False","Shape__Area":2208.89013671875,"Shape__Length":192.429558770192,"WhiteRoof":"No","FloodedBldg":"No"}},{"type":"Feature","id":271,"geometry":{"type":"Polygon","coordinates":[[[-84.3955394794427,33.7742213572119],[-84.3955396580282,33.7742113710853],[-84.3955268946113,33.7742067368206],[-84.3955164920902,33.7742011478355],[-84.3955044900561,33.7741917162698],[-84.395495099114,33.7741804080321],[-84.3954887286939,33.7741677155674],[-84.3954866737676,33.7741586740049],[-84.3954856566719,33.7741541946804],[-84.395486018497,33.7741404357022],[-84.3954885396679,33.7741303226075],[-84.3954947809363,33.7741175860212],[-84.3954990613425,33.7741116957071],[-84.3955068050195,33.7741036404164],[-84.3955127662476,33.7740988758535],[-84.3955263083951,33.774091033419],[-84.3955382099035,33.7740866212048],[-84.3955542575064,33.7740834672195],[-84.395570066363,33.7740831042877],[-84.3955829505119,33.7740848304965],[-84.3955984639169,33.7740894821958],[-84.3956124813004,33.7740967271144],[-84.395624387479,33.7741062481112],[-84.3956336641733,33.7741176277816],[-84.3956407859439,33.7741331130643],[-84.3956427726972,33.7741433088652],[-84.3956428250119,33.7741536389947],[-84.3956398897435,33.7741671809415],[-84.3956315996508,33.7741829094107],[-84.3956216222606,33.7741938631559],[-84.3956124655612,33.7742008075349],[-84.3955994444211,33.7742076608016],[-84.3955871039948,33.7742118655542],[-84.3955867879337,33.7742119734371],[-84.3955866729997,33.7742219387077],[-84.3955394794427,33.7742213572119]]]},"properties":{"OBJECTID":271,"ACCESSTYPE":"Public","Address":"704 CHERRY ST","ASF":68145,"BLDG_CODE":"077","CONDITION":null,"BLDG_TYPE":"Academic/Research","FLOORCOUNT":5,"GSF":99832,"BLDG_NAME":"Gilbert Memorial Library","OWNEDBY2":"GT","PLANRENO":"Current","BLDG_NUM":"77","Common_Name":"Price Library","Heating":2,"Cooling":2,"Cistern":0,"Steam":"Yes","CHW":"HOL","Electric":"GTME","Gas":"AGL","OWNEDBY":null,"UNDERGROUND":"No","GlobalID":"5d0baa42-9474-4722-bb0c-4519c92df217","Creator":"malexander_GTFM","EditDate":1657150108000,"Editor":"malexander_GTFM","STATUS":"Demolished","NRHP_ELIG":"Yes","NRHP_TRT":"Extensive Rehab","NRHP_VAL":"1","NRHP_PHS":null,"EVENTS":null,"CONSTDATE":null,"RENODATE":null,"BUILDING_TYPE_NEW":"Library","Photos":"https://fm-gis2.ad.gatech.edu/images/building/077_small.jpg","FACUpdate":null,"DevAction":"Keep","Note":null,"PPV1":"False","Shape__Area":1833.929443359375,"Shape__Length":157.36069815419864,"WhiteRoof":"No","FloodedBldg":"No"}},{"type":"Feature","id":272,"geometry":{"type":"MultiPolygon","coordinates":[[[[-84.3968668087232,33.7800047321101],[-84.3968667443234,33.779980659048],[-84.3967026475877,33.7799829225327],[-84.3966828202732,33.7799454652321],[-84.3966693163673,33.7799061116918],[-84.3966623872466,33.7798655953892],[-84.3967593728436,33.7798553701999],[-84.3967590194748,33.7797232158552],[-84.3968098562619,33.7797231210576],[-84.3968097758716,33.779693062864],[-84.3974198149266,33.7796919236636],[-84.397419897902,33.7797228663712],[-84.3974823841082,33.7797227495127],[-84.3974826900097,33.7798367933778],[-84.3975144638519,33.7798367339436],[-84.3975147176202,33.7799313283887],[-84.3974808263484,33.7799313917834],[-84.3974810199929,33.780003584819],[-84.3968668087232,33.7800047321101]]],[[[-84.3964750859086,33.7800114807373],[-84.3959559567251,33.7800064278709],[-84.3958302906851,33.7800066612994],[-84.3958297651351,33.7798093178952],[-84.3958583591038,33.7798092647925],[-84.3958581458308,33.7797291904528],[-84.3959476182425,33.7797290242487],[-84.3959477372293,33.7797736810051],[-84.3959168809812,33.7797736580842],[-84.3959170441293,33.7798348970243],[-84.3959170475823,33.7798349772648],[-84.3959579032165,33.7798349013597],[-84.3959612145026,33.7797245592563],[-84.396015288384,33.7797244587711],[-84.3960164126159,33.7796953676126],[-84.3964790491446,33.7796955104632],[-84.3964585142184,33.7796554261292],[-84.3965332392424,33.7796322119049],[-84.3965621875689,33.7797001541963],[-84.3965848895658,33.7797697175651],[-84.3966012156689,33.7798405055299],[-84.396611073007,33.7799121152279],[-84.396614405408,33.7799841392193],[-84.3966122323896,33.7800704060307],[-84.3964716236651,33.7800646494343],[-84.3964750859086,33.7800114807373]]]]},"properties":{"OBJECTID":272,"ACCESSTYPE":"Faculty","Address":"901 ATLANTIC DR.","ASF":185511,"BLDG_CODE":"167","CONDITION":null,"BLDG_TYPE":"Academic/Research","FLOORCOUNT":6,"GSF":292838,"BLDG_NAME":null,"OWNEDBY2":"GT","PLANRENO":null,"BLDG_NUM":"167","Common_Name":"MS&E","Heating":1,"Cooling":3,"Cistern":0,"Steam":"No","CHW":"TEN","Electric":"GTME","Gas":"WCGS","OWNEDBY":null,"UNDERGROUND":"No","GlobalID":"34010b25-af9e-4197-abb1-5d87b3f27e27","Creator":"malexander_GTFM","EditDate":1657150543000,"Editor":"malexander_GTFM","STATUS":null,"NRHP_ELIG":null,"NRHP_TRT":null,"NRHP_VAL":null,"NRHP_PHS":null,"EVENTS":null,"CONSTDATE":null,"RENODATE":null,"BUILDING_TYPE_NEW":"Research","Photos":"https://fm-gis2.ad.gatech.edu/images/building/167_small.jpg","FACUpdate":null,"DevAction":"Keep","Note":null,"PPV1":"False","Shape__Area":52388.324462890625,"Shape__Length":1597.5218820479945,"WhiteRoof":"No","FloodedBldg":"No"}},{"type":"Feature","id":274,"geometry":{"type":"Polygon","coordinates":[[[-84.3959960258343,33.7769082208523],[-84.3959935663384,33.7770055064112],[-84.3957845944977,33.7770175123394],[-84.3957832810745,33.77699015867],[-84.3957839333807,33.7769577719387],[-84.3957853381702,33.776930626914],[-84.3957871212567,33.7769068750032],[-84.3957867794982,33.7768892231035],[-84.3959960258343,33.7769082208523]]]},"properties":{"OBJECTID":274,"ACCESSTYPE":null,"Address":null,"ASF":null,"BLDG_CODE":null,"CONDITION":null,"BLDG_TYPE":null,"FLOORCOUNT":null,"GSF":null,"BLDG_NAME":null,"OWNEDBY2":"GT","PLANRENO":null,"BLDG_NUM":null,"Common_Name":null,"Heating":null,"Cooling":null,"Cistern":null,"Steam":null,"CHW":null,"Electric":null,"Gas":null,"OWNEDBY":null,"UNDERGROUND":"No","GlobalID":"af8d990e-1feb-4407-a25c-11178a00f2d2","Creator":"malexander_GTFM","EditDate":1658159217000,"Editor":"malexander_GTFM","STATUS":null,"NRHP_ELIG":null,"NRHP_TRT":null,"NRHP_VAL":null,"NRHP_PHS":null,"EVENTS":null,"CONSTDATE":null,"RENODATE":null,"BUILDING_TYPE_NEW":"Academic","Photos":"https://fm-gis2.ad.gatech.edu/images/building/_small.jpg","FACUpdate":null,"DevAction":"Keep","Note":null,"PPV1":"False","Shape__Area":2620.57666015625,"Shape__Length":209.72917114427506,"WhiteRoof":"No","FloodedBldg":"No"}},{"type":"Feature","id":275,"geometry":{"type":"Polygon","coordinates":[[[-84.3959934407303,33.7770025348011],[-84.3957975196483,33.7770150060955],[-84.3957849225158,33.7770158085106],[-84.395784813206,33.7769747502072],[-84.3957844608895,33.776956377006],[-84.3957839559163,33.7769443363871],[-84.395785307394,33.7769190668965],[-84.3957857366903,33.776902682189],[-84.3957867741788,33.7768892528678],[-84.3959962299796,33.7769082502274],[-84.3959934407303,33.7770025348011]]]},"properties":{"OBJECTID":275,"ACCESSTYPE":null,"Address":null,"ASF":null,"BLDG_CODE":null,"CONDITION":null,"BLDG_TYPE":null,"FLOORCOUNT":null,"GSF":null,"BLDG_NAME":null,"OWNEDBY2":"GT","PLANRENO":null,"BLDG_NUM":null,"Common_Name":null,"Heating":null,"Cooling":null,"Cistern":null,"Steam":null,"CHW":null,"Electric":null,"Gas":null,"OWNEDBY":null,"UNDERGROUND":"No","GlobalID":"fda95826-f174-4ab2-ae7d-322358346284","Creator":"malexander_GTFM","EditDate":1658161282000,"Editor":"malexander_GTFM","STATUS":null,"NRHP_ELIG":null,"NRHP_TRT":null,"NRHP_VAL":null,"NRHP_PHS":null,"EVENTS":null,"CONSTDATE":null,"RENODATE":null,"BUILDING_TYPE_NEW":"Unknown","Photos":"https://fm-gis2.ad.gatech.edu/images/building/_small.jpg","FACUpdate":null,"DevAction":"Keep","Note":null,"PPV1":"False","Shape__Area":2564.66357421875,"Shape__Length":207.95576635891371,"WhiteRoof":"No","FloodedBldg":"No"}},{"type":"Feature","id":276,"geometry":{"type":"Polygon","coordinates":[[[-84.3959936402496,33.7770044747845],[-84.3957815472519,33.7770161934707],[-84.3957792033249,33.776984614772],[-84.3957791400984,33.7769608653876],[-84.3957790801557,33.7769383494564],[-84.3957808615998,33.7769139799174],[-84.3957830792331,33.7768896041587],[-84.3959962415,33.7769085216031],[-84.3959936402496,33.7770044747845]]]},"properties":{"OBJECTID":276,"ACCESSTYPE":"Faculty","Address":"266 FERST DR","ASF":null,"BLDG_CODE":null,"CONDITION":null,"BLDG_TYPE":null,"FLOORCOUNT":null,"GSF":null,"BLDG_NAME":"Progress Pride Staircase at Klaus Building","OWNEDBY2":"GT","PLANRENO":null,"BLDG_NUM":null,"Common_Name":"Klaus Bldg","Heating":null,"Cooling":null,"Cistern":null,"Steam":null,"CHW":null,"Electric":null,"Gas":null,"OWNEDBY":null,"UNDERGROUND":"No","GlobalID":"11b27254-a606-4e1c-8330-4a059f55f36c","Creator":"malexander_GTFM","EditDate":1658162814000,"Editor":"malexander_GTFM","STATUS":null,"NRHP_ELIG":null,"NRHP_TRT":null,"NRHP_VAL":null,"NRHP_PHS":null,"EVENTS":null,"CONSTDATE":null,"RENODATE":null,"BUILDING_TYPE_NEW":"Academic","Photos":"https://fm-gis2.ad.gatech.edu/images/building/_small.jpg","FACUpdate":null,"DevAction":"Keep","Note":null,"PPV1":"False","Shape__Area":2646.95849609375,"Shape__Length":210.77350062162037,"WhiteRoof":"No","FloodedBldg":"No"}},{"type":"Feature","id":277,"geometry":null,"properties":{"OBJECTID":277,"ACCESSTYPE":null,"Address":null,"ASF":null,"BLDG_CODE":null,"CONDITION":null,"BLDG_TYPE":null,"FLOORCOUNT":null,"GSF":null,"BLDG_NAME":null,"OWNEDBY2":"Other","PLANRENO":null,"BLDG_NUM":null,"Common_Name":null,"Heating":null,"Cooling":null,"Cistern":null,"Steam":null,"CHW":null,"Electric":null,"Gas":null,"OWNEDBY":null,"UNDERGROUND":"No","GlobalID":"805d01b8-8bd2-4faa-9678-13ded31cdfa9","Creator":"malexander_GTFM","EditDate":1658171312000,"Editor":"malexander_GTFM","STATUS":null,"NRHP_ELIG":null,"NRHP_TRT":null,"NRHP_VAL":null,"NRHP_PHS":null,"EVENTS":null,"CONSTDATE":null,"RENODATE":null,"BUILDING_TYPE_NEW":"Unknown","Photos":"https://fm-gis2.ad.gatech.edu/images/building/_small.jpg","FACUpdate":null,"DevAction":"Keep","Note":null,"PPV1":"False","Shape__Area":null,"Shape__Length":null,"WhiteRoof":"No","FloodedBldg":"No"}},{"type":"Feature","id":289,"geometry":{"type":"Polygon","coordinates":[[[-84.3920961180377,33.7731340269758],[-84.3926031483033,33.773133099802],[-84.3926049428243,33.7738167282641],[-84.3920979085316,33.7738176554617],[-84.3920961180377,33.7731340269758]]]},"properties":{"OBJECTID":289,"ACCESSTYPE":null,"Address":null,"ASF":null,"BLDG_CODE":null,"CONDITION":null,"BLDG_TYPE":null,"FLOORCOUNT":null,"GSF":null,"BLDG_NAME":"Student Athlete Performance Centre","OWNEDBY2":"GT","PLANRENO":null,"BLDG_NUM":null,"Common_Name":"SAPC","Heating":null,"Cooling":null,"Cistern":null,"Steam":null,"CHW":null,"Electric":null,"Gas":null,"OWNEDBY":null,"UNDERGROUND":null,"GlobalID":"8fb5aead-83ea-48fd-a6a3-18f80433121c","Creator":"malexander_GTFM","EditDate":1658518544000,"Editor":"malexander_GTFM","STATUS":"Proposed New","NRHP_ELIG":null,"NRHP_TRT":null,"NRHP_VAL":null,"NRHP_PHS":null,"EVENTS":"Athletic","CONSTDATE":null,"RENODATE":null,"BUILDING_TYPE_NEW":"Unknown","Photos":"https://fm-gis2.ad.gatech.edu/images/building/_small.jpg","FACUpdate":null,"DevAction":"Keep","Note":null,"PPV1":"False","Shape__Area":38326.16455078125,"Shape__Length":805.65193200111389,"WhiteRoof":"No","FloodedBldg":"No"}},{"type":"Feature","id":323,"geometry":{"type":"Polygon","coordinates":[[[-84.3980559489777,33.7735438097047],[-84.3978341383295,33.7735445019112],[-84.3978339143454,33.7734057058298],[-84.3980557244539,33.7734050136222],[-84.3980559489777,33.7735438097047]]]},"properties":{"OBJECTID":323,"ACCESSTYPE":null,"Address":null,"ASF":null,"BLDG_CODE":null,"CONDITION":null,"BLDG_TYPE":"Academic/Research","FLOORCOUNT":null,"GSF":null,"BLDG_NAME":"Ramblin' Reck Garage","OWNEDBY2":"GT","PLANRENO":null,"BLDG_NUM":null,"Common_Name":"Ramblin' Reck Garage","Heating":null,"Cooling":null,"Cistern":null,"Steam":null,"CHW":null,"Electric":null,"Gas":null,"OWNEDBY":null,"UNDERGROUND":"No","GlobalID":"08244f33-643c-4f52-90f2-7bc9553206b0","Creator":"malexander_GTFM","EditDate":1658866080000,"Editor":"malexander_GTFM","STATUS":"Proposed New","NRHP_ELIG":null,"NRHP_TRT":null,"NRHP_VAL":null,"NRHP_PHS":null,"EVENTS":null,"CONSTDATE":null,"RENODATE":null,"BUILDING_TYPE_NEW":"Campus Life","Photos":"https://fm-gis2.ad.gatech.edu/images/building/_small.jpg","FACUpdate":null,"DevAction":"Keep","Note":null,"PPV1":"False","Shape__Area":3404.074462890625,"Shape__Length":235.81267135254711,"WhiteRoof":"No","FloodedBldg":"No"}},{"type":"Feature","id":324,"geometry":{"type":"Polygon","coordinates":[[[-84.3919872924054,33.7772416630664],[-84.3918846446197,33.7772406268975],[-84.3918836906415,33.777274648855],[-84.3917494695312,33.7772727964897],[-84.3917536975205,33.7770299767025],[-84.3918904999581,33.7770318640258],[-84.3918895459959,33.7770658904928],[-84.3919908374052,33.7770673249596],[-84.3919872924054,33.7772416630664]]]},"properties":{"OBJECTID":324,"ACCESSTYPE":null,"Address":"825 Techwood Dr NW","ASF":null,"BLDG_CODE":"319","CONDITION":null,"BLDG_TYPE":null,"FLOORCOUNT":null,"GSF":null,"BLDG_NAME":"Phi Sigma Kappa","OWNEDBY2":"CampusOrg","PLANRENO":null,"BLDG_NUM":"319","Common_Name":"Phi Sigma Kappa","Heating":null,"Cooling":null,"Cistern":null,"Steam":null,"CHW":null,"Electric":null,"Gas":null,"OWNEDBY":null,"UNDERGROUND":"No","GlobalID":"4aae21e5-bbff-4f76-ad47-f7deced0cd0c","Creator":"malexander_GTFM","EditDate":1658947817000,"Editor":"malexander_GTFM","STATUS":null,"NRHP_ELIG":null,"NRHP_TRT":null,"NRHP_VAL":null,"NRHP_PHS":null,"EVENTS":null,"CONSTDATE":null,"RENODATE":null,"BUILDING_TYPE_NEW":"Housing- Greek","Photos":"https://fm-gis2.ad.gatech.edu/images/building/319_small.jpg","FACUpdate":null,"DevAction":"Keep","Note":null,"PPV1":"False","Shape__Area":5607.39208984375,"Shape__Length":320.91723967296468,"WhiteRoof":"No","FloodedBldg":"No"}},{"type":"Feature","id":325,"geometry":{"type":"Polygon","coordinates":[[[-84.391536057278,33.777190022609],[-84.3915667716614,33.7771902380362],[-84.3915682794892,33.7770404646413],[-84.3916261439245,33.7770408713133],[-84.3916262270914,33.7770326210492],[-84.3916256094935,33.777032622175],[-84.3916257021593,33.7770234621271],[-84.3916263186915,33.7770234664132],[-84.3916264387243,33.7770115580811],[-84.3916424815194,33.7770116703953],[-84.3916425604977,33.7770038835878],[-84.3916908260074,33.7770042220712],[-84.3916907481108,33.7770120079751],[-84.3917067909084,33.7770121211826],[-84.3917066898495,33.777022197324],[-84.3917073063818,33.7770222016097],[-84.391707213727,33.7770313625592],[-84.3917065971947,33.7770313582736],[-84.3917064498085,33.7770460148897],[-84.3917070663409,33.7770460191753],[-84.3917069747493,33.7770551738114],[-84.3917063571513,33.7770551749376],[-84.3917059697237,33.7770936491192],[-84.3917058781462,33.7771028091651],[-84.3917055344055,33.7771369318959],[-84.3917054417505,33.7771460928453],[-84.3917048582649,33.7772041467486],[-84.3917047656099,33.777213307698],[-84.3917037768115,33.7773116679695],[-84.3915655597308,33.7773106981947],[-84.3915658819207,33.7772786366798],[-84.3915307794237,33.7772783904772],[-84.3915309526492,33.7772612146002],[-84.3915216279753,33.7772611486385],[-84.3915221723892,33.7772071026489],[-84.3915314959752,33.7772071677109],[-84.3915316692005,33.7771899918336],[-84.3915327662205,33.7771899997529],[-84.391536057278,33.777190022609]]]},"properties":{"OBJECTID":325,"ACCESSTYPE":null,"Address":"129 5th St NW","ASF":null,"BLDG_CODE":"306","CONDITION":null,"BLDG_TYPE":null,"FLOORCOUNT":null,"GSF":null,"BLDG_NAME":"Kappa Alpha Theta","OWNEDBY2":"CampusOrg","PLANRENO":null,"BLDG_NUM":"306","Common_Name":"Kappa Alpha Theta","Heating":null,"Cooling":null,"Cistern":null,"Steam":null,"CHW":null,"Electric":null,"Gas":null,"OWNEDBY":null,"UNDERGROUND":"No","GlobalID":"b0e51805-9f46-4a6b-a5ce-f68f4ddbe49b","Creator":"malexander_GTFM","EditDate":1658947922000,"Editor":"malexander_GTFM","STATUS":null,"NRHP_ELIG":null,"NRHP_TRT":null,"NRHP_VAL":null,"NRHP_PHS":null,"EVENTS":null,"CONSTDATE":null,"RENODATE":null,"BUILDING_TYPE_NEW":"Housing- Greek","Photos":"https://fm-gis2.ad.gatech.edu/images/building/306_small.jpg","FACUpdate":null,"DevAction":"Keep","Note":null,"PPV1":"False","Shape__Area":4832.6904296875,"Shape__Length":335.79043758981118,"WhiteRoof":"No","FloodedBldg":"No"}},{"type":"Feature","id":327,"geometry":{"type":"Polygon","coordinates":[[[-84.3980293195654,33.7736688123359],[-84.3986321683794,33.7736680639222],[-84.3986289514229,33.7737335461304],[-84.3985969278738,33.7737334584446],[-84.3985982883255,33.7739346162385],[-84.3980342189181,33.7739358228696],[-84.3980293195654,33.7736688123359]]]},"properties":{"OBJECTID":327,"ACCESSTYPE":null,"Address":null,"ASF":null,"BLDG_CODE":"214","CONDITION":null,"BLDG_TYPE":"Academic/Research","FLOORCOUNT":4,"GSF":null,"BLDG_NAME":"John Lewis Student Center","OWNEDBY2":"GT","PLANRENO":null,"BLDG_NUM":"214","Common_Name":null,"Heating":null,"Cooling":null,"Cistern":null,"Steam":null,"CHW":null,"Electric":null,"Gas":null,"OWNEDBY":null,"UNDERGROUND":"No","GlobalID":"98597254-7449-4c46-8989-8d0b0f124d79","Creator":"malexander_GTFM","EditDate":1659374570000,"Editor":"malexander_GTFM","STATUS":"Proposed New","NRHP_ELIG":null,"NRHP_TRT":null,"NRHP_VAL":null,"NRHP_PHS":null,"EVENTS":null,"CONSTDATE":null,"RENODATE":null,"BUILDING_TYPE_NEW":"Campus Life","Photos":"https://fm-gis2.ad.gatech.edu/images/building/_small.jpg","FACUpdate":null,"DevAction":"Keep","Note":null,"PPV1":"True","Shape__Area":16928.393798828125,"Shape__Length":558.53701869570386,"WhiteRoof":"Yes","FloodedBldg":"No"}},{"type":"Feature","id":328,"geometry":{"type":"Polygon","coordinates":[[[-84.3985969278738,33.7737334584446],[-84.3990531489847,33.773734700185],[-84.3990453943485,33.774485171373],[-84.3985989513665,33.7744843746867],[-84.3985969278738,33.7737334584446]]]},"properties":{"OBJECTID":328,"ACCESSTYPE":null,"Address":null,"ASF":null,"BLDG_CODE":"104","CONDITION":null,"BLDG_TYPE":"Academic/Research","FLOORCOUNT":4,"GSF":107903,"BLDG_NAME":"John Lewis Student Center","OWNEDBY2":"GT","PLANRENO":null,"BLDG_NUM":"104","Common_Name":"Student Center","Heating":null,"Cooling":null,"Cistern":null,"Steam":null,"CHW":null,"Electric":null,"Gas":null,"OWNEDBY":null,"UNDERGROUND":"No","GlobalID":"be44b6ec-bdb1-4956-a14d-276a21df874e","Creator":"malexander_GTFM","EditDate":1659374571000,"Editor":"malexander_GTFM","STATUS":"Proposed New","NRHP_ELIG":null,"NRHP_TRT":null,"NRHP_VAL":null,"NRHP_PHS":null,"EVENTS":null,"CONSTDATE":null,"RENODATE":null,"BUILDING_TYPE_NEW":"Campus Life","Photos":"https://fm-gis2.ad.gatech.edu/images/building/_small.jpg","FACUpdate":null,"DevAction":"Keep","Note":null,"PPV1":"True","Shape__Area":37462.55078125,"Shape__Length":820.61473016285777,"WhiteRoof":"Yes","FloodedBldg":"No"}},{"type":"Feature","id":331,"geometry":{"type":"Polygon","coordinates":[[[-84.4035607622728,33.770825740062],[-84.4035579111513,33.771021975718],[-84.4033070059644,33.7710193066764],[-84.4033120734015,33.7708239711324],[-84.4035607622728,33.770825740062]]]},"properties":{"OBJECTID":331,"ACCESSTYPE":null,"Address":null,"ASF":null,"BLDG_CODE":null,"CONDITION":null,"BLDG_TYPE":null,"FLOORCOUNT":null,"GSF":null,"BLDG_NAME":"Aerospace Engineering Aircraft Hangar","OWNEDBY2":"GT","PLANRENO":null,"BLDG_NUM":null,"Common_Name":"AE Hangar","Heating":null,"Cooling":null,"Cistern":null,"Steam":null,"CHW":null,"Electric":null,"Gas":null,"OWNEDBY":null,"UNDERGROUND":"No","GlobalID":"d203271b-d6a2-455d-bb03-f2a9cf928a45","Creator":"malexander_GTFM","EditDate":1671119404000,"Editor":"malexander_GTFM","STATUS":"Proposed New","NRHP_ELIG":null,"NRHP_TRT":null,"NRHP_VAL":null,"NRHP_PHS":null,"EVENTS":null,"CONSTDATE":null,"RENODATE":null,"BUILDING_TYPE_NEW":null,"Photos":null,"FACUpdate":null,"DevAction":"Keep","Note":null,"PPV1":"False","Shape__Area":5408.747314453125,"Shape__Length":294.32932750488806,"WhiteRoof":"No","FloodedBldg":"No"}}]}