{"type": "FeatureCollection", "features": [{"type": "Feature", "id": 1, "geometry": {"type": "Point", "coordinates": [-84.3921464920016, 33.7782510929219]}, "properties": {"OBJECTID": 1, "esrignss_receiver": null, "esrignss_h_rms": null, "esrignss_v_rms": null, "esrignss_latitude": null, "esrignss_longitude": null, "esrignss_altitude": null, "esrignss_pdop": null, "esrignss_hdop": null, "esrignss_vdop": null, "esrignss_fixtype": null, "esrignss_correctionage": null, "esrignss_stationid": null, "esrignss_numsats": null, "esrignss_fixdatetime": null, "esrignss_avg_h_rms": null, "esrignss_avg_v_rms": null, "esrignss_avg_positions": null, "esrignss_h_stddev": null, "GlobalID": "b277faa0-3c47-49b7-aa1d-822e11d6e0ed", "CreationDate": 1547667296276, "Creator": "dsimsGT", "EditDate": 1547667437058, "Editor": "dsimsGT", "signType": "Primary", "bldgName": "O'Keefe Main", "address": "151 Sixth St NW", "bldgNum": "033", "condition": 3}}, {"type": "Feature", "id": 2, "geometry": {"type": "Point", "coordinates": [-84.3919801950427, 33.7794772762889]}, "properties": {"OBJECTID": 2, "esrignss_receiver": null, "esrignss_h_rms": null, "esrignss_v_rms": null, "esrignss_latitude": null, "esrignss_longitude": null, "esrignss_altitude": null, "esrignss_pdop": null, "esrignss_hdop": null, "esrignss_vdop": null, "esrignss_fixtype": null, "esrignss_correctionage": null, "esrignss_stationid": null, "esrignss_numsats": null, "esrignss_fixdatetime": null, "esrignss_avg_h_rms": null, "esrignss_avg_v_rms": null, "esrignss_avg_positions": null, "esrignss_h_stddev": null, "GlobalID": "5ec5af08-8b22-47df-9eaf-8dd700f58a6f", "CreationDate": 1547667448268, "Creator": "dsimsGT", "EditDate": 1547667476313, "Editor": "dsimsGT", "signType": "Secondary", "bldgName": "O'Keefe Storeroom", "address": "8th Street NW", "bldgNum": "033A", "condition": 3}}, {"type": "Feature", "id": 3, "geometry": {"type": "Point", "coordinates": [-84.3956670467242, 33.7771416228904]}, "properties": {"OBJECTID": 3, "esrignss_receiver": "iPhone 8", "esrignss_h_rms": 6.000906205260658, "esrignss_v_rms": 3, "esrignss_latitude": 33.77714162282316, "esrignss_longitude": -84.39566704637703, "esrignss_altitude": 278.802401657823, "esrignss_pdop": null, "esrignss_hdop": null, "esrignss_vdop": null, "esrignss_fixtype": null, "esrignss_correctionage": null, "esrignss_stationid": null, "esrignss_numsats": null, "esrignss_fixdatetime": 1547742531113, "esrignss_avg_h_rms": null, "esrignss_avg_v_rms": null, "esrignss_avg_positions": null, "esrignss_h_stddev": null, "GlobalID": "13614fe7-b2e2-4094-90ad-4bd3b6c0713a", "CreationDate": 1547742586006, "Creator": "", "EditDate": 1547742586006, "Editor": "", "signType": "Primary", "bldgName": "Klaus", "address": "266 Ferat Drive", "bldgNum": "153", "condition": 2}}, {"type": "Feature", "id": 4, "geometry": {"type": "Point", "coordinates": [-84.3966622075825, 33.7750835130454]}, "properties": {"OBJECTID": 4, "esrignss_receiver": "iPhone 8", "esrignss_h_rms": 6.000906205260658, "esrignss_v_rms": 3, "esrignss_latitude": 33.77508351339821, "esrignss_longitude": -84.39666220721023, "esrignss_altitude": 285.45971240304874, "esrignss_pdop": null, "esrignss_hdop": null, "esrignss_vdop": null, "esrignss_fixtype": null, "esrignss_correctionage": null, "esrignss_stationid": null, "esrignss_numsats": null, "esrignss_fixdatetime": 1547742802127, "esrignss_avg_h_rms": null, "esrignss_avg_v_rms": null, "esrignss_avg_positions": null, "esrignss_h_stddev": null, "GlobalID": "fee7b5f7-0b3f-4f7b-89bc-fc7a8496d9a9", "CreationDate": 1547742844146, "Creator": "", "EditDate": 1547742844146, "Editor": "", "signType": "Primary", "bldgName": "Clough Commons ", "address": "266 4th Street NW", "bldgNum": "166", "condition": 3}}, {"type": "Feature", "id": 5, "geometry": {"type": "Point", "coordinates": [-84.3977107148939, 33.7737931985352]}, "properties": {"OBJECTID": 5, "esrignss_receiver": null, "esrignss_h_rms": null, "esrignss_v_rms": null, "esrignss_latitude": null, "esrignss_longitude": null, "esrignss_altitude": null, "esrignss_pdop": null, "esrignss_hdop": null, "esrignss_vdop": null, "esrignss_fixtype": null, "esrignss_correctionage": null, "esrignss_stationid": null, "esrignss_numsats": null, "esrignss_fixdatetime": null, "esrignss_avg_h_rms": null, "esrignss_avg_v_rms": null, "esrignss_avg_positions": null, "esrignss_h_stddev": null, "GlobalID": "7765f054-5930-4fe2-82a5-ba873abbe9f6", "CreationDate": 1547743105677, "Creator": "", "EditDate": 1547743105677, "Editor": "", "signType": "Secondary", "bldgName": "Penny & Roe Stamps Student Center Commons ", "address": "350 Ferat Drive", "bldgNum": "114", "condition": 3}}, {"type": "Feature", "id": 6, "geometry": {"type": "Point", "coordinates": [-84.3977233766478, 33.7755715517042]}, "properties": {"OBJECTID": 6, "esrignss_receiver": null, "esrignss_h_rms": null, "esrignss_v_rms": null, "esrignss_latitude": null, "esrignss_longitude": null, "esrignss_altitude": null, "esrignss_pdop": null, "esrignss_hdop": null, "esrignss_vdop": null, "esrignss_fixtype": null, "esrignss_correctionage": null, "esrignss_stationid": null, "esrignss_numsats": null, "esrignss_fixdatetime": null, "esrignss_avg_h_rms": null, "esrignss_avg_v_rms": null, "esrignss_avg_positions": null, "esrignss_h_stddev": null, "GlobalID": "a4e913f7-9058-4683-b5c5-fef5e2b09104", "CreationDate": 1547744764176, "Creator": "", "EditDate": 1547744764176, "Editor": "", "signType": "Primary", "bldgName": "Blake R. Van Leer Building ", "address": "777 Atlantic Drive", "bldgNum": "85", "condition": 3}}, {"type": "Feature", "id": 7, "geometry": {"type": "Point", "coordinates": [-84.3978353705126, 33.7758712463085]}, "properties": {"OBJECTID": 7, "esrignss_receiver": "iPhone 8", "esrignss_h_rms": 6.000906205260658, "esrignss_v_rms": 3, "esrignss_latitude": 33.77587124619377, "esrignss_longitude": -84.39783537016649, "esrignss_altitude": 289.2494188379607, "esrignss_pdop": null, "esrignss_hdop": null, "esrignss_vdop": null, "esrignss_fixtype": null, "esrignss_correctionage": null, "esrignss_stationid": null, "esrignss_numsats": null, "esrignss_fixdatetime": 1547744797154, "esrignss_avg_h_rms": null, "esrignss_avg_v_rms": null, "esrignss_avg_positions": null, "esrignss_h_stddev": null, "GlobalID": "d72ec904-6d26-490c-b8e7-dba67b1faa64", "CreationDate": 1547744825568, "Creator": "", "EditDate": 1547744825568, "Editor": "", "signType": "Primary", "bldgName": "Bunger-Henry", "address": "778", "bldgNum": "86", "condition": 3}}, {"type": "Feature", "id": 8, "geometry": {"type": "Point", "coordinates": [-84.3977176624643, 33.7768330777573]}, "properties": {"OBJECTID": 8, "esrignss_receiver": "iPhone 8", "esrignss_h_rms": 6.000906205260658, "esrignss_v_rms": 3, "esrignss_latitude": 33.77683307758943, "esrignss_longitude": -84.39771766246822, "esrignss_altitude": 292.5692693630577, "esrignss_pdop": null, "esrignss_hdop": null, "esrignss_vdop": null, "esrignss_fixtype": null, "esrignss_correctionage": null, "esrignss_stationid": null, "esrignss_numsats": null, "esrignss_fixdatetime": 1547744905116, "esrignss_avg_h_rms": null, "esrignss_avg_v_rms": null, "esrignss_avg_positions": null, "esrignss_h_stddev": null, "GlobalID": "879ae695-05bf-4101-a8a8-087095874681", "CreationDate": 1547744937118, "Creator": "", "EditDate": 1547744937118, "Editor": "", "signType": "Primary", "bldgName": "Petit ", "address": "791", "bldgNum": "95", "condition": 5}}, {"type": "Feature", "id": 9, "geometry": {"type": "Point", "coordinates": [-84.3978516929014, 33.7766849683214]}, "properties": {"OBJECTID": 9, "esrignss_receiver": null, "esrignss_h_rms": null, "esrignss_v_rms": null, "esrignss_latitude": null, "esrignss_longitude": null, "esrignss_altitude": null, "esrignss_pdop": null, "esrignss_hdop": null, "esrignss_vdop": null, "esrignss_fixtype": null, "esrignss_correctionage": null, "esrignss_stationid": null, "esrignss_numsats": null, "esrignss_fixdatetime": null, "esrignss_avg_h_rms": null, "esrignss_avg_v_rms": null, "esrignss_avg_positions": null, "esrignss_h_stddev": null, "GlobalID": "94f72a99-76f7-40e1-b19b-d6dba1e922b1", "CreationDate": 1547745009297, "Creator": "", "EditDate": 1547745009297, "Editor": "", "signType": "Primary", "bldgName": "Mason", "address": "790", "bldgNum": "111", "condition": 5}}, {"type": "Feature", "id": 10, "geometry": {"type": "Point", "coordinates": [-84.3978546842912, 33.7772508591553]}, "properties": {"OBJECTID": 10, "esrignss_receiver": "iPhone 8", "esrignss_h_rms": 6.000906205260658, "esrignss_v_rms": 3, "esrignss_latitude": 33.77725085931435, "esrignss_longitude": -84.39785468410784, "esrignss_altitude": 292.67189643168825, "esrignss_pdop": null, "esrignss_hdop": null, "esrignss_vdop": null, "esrignss_fixtype": null, "esrignss_correctionage": null, "esrignss_stationid": null, "esrignss_numsats": null, "esrignss_fixdatetime": 1547745061000, "esrignss_avg_h_rms": null, "esrignss_avg_v_rms": null, "esrignss_avg_positions": null, "esrignss_h_stddev": null, "GlobalID": "6e1e4fa9-5fb8-45d6-a0d8-a26980ee6577", "CreationDate": 1547745093129, "Creator": "", "EditDate": 1547745093129, "Editor": "", "signType": "Primary", "bldgName": "Howey Physics", "address": "800", "bldgNum": "81", "condition": 5}}, {"type": "Feature", "id": 11, "geometry": {"type": "Point", "coordinates": [-84.3977614149102, 33.7772376951082]}, "properties": {"OBJECTID": 11, "esrignss_receiver": null, "esrignss_h_rms": null, "esrignss_v_rms": null, "esrignss_latitude": null, "esrignss_longitude": null, "esrignss_altitude": null, "esrignss_pdop": null, "esrignss_hdop": null, "esrignss_vdop": null, "esrignss_fixtype": null, "esrignss_correctionage": null, "esrignss_stationid": null, "esrignss_numsats": null, "esrignss_fixdatetime": null, "esrignss_avg_h_rms": null, "esrignss_avg_v_rms": null, "esrignss_avg_positions": null, "esrignss_h_stddev": null, "GlobalID": "821ae3eb-85f4-4d2f-979c-9096040097a9", "CreationDate": 1547745140504, "Creator": "", "EditDate": 1547745140504, "Editor": "", "signType": "Primary", "bldgName": "College of Computing ", "address": "801", "bldgNum": "50", "condition": 5}}, {"type": "Feature", "id": 12, "geometry": {"type": "Point", "coordinates": [-84.3970063135403, 33.7781363035626]}, "properties": {"OBJECTID": 12, "esrignss_receiver": null, "esrignss_h_rms": null, "esrignss_v_rms": null, "esrignss_latitude": null, "esrignss_longitude": null, "esrignss_altitude": null, "esrignss_pdop": null, "esrignss_hdop": null, "esrignss_vdop": null, "esrignss_fixtype": null, "esrignss_correctionage": null, "esrignss_stationid": null, "esrignss_numsats": null, "esrignss_fixdatetime": null, "esrignss_avg_h_rms": null, "esrignss_avg_v_rms": null, "esrignss_avg_positions": null, "esrignss_h_stddev": null, "GlobalID": "1cf94909-8c9f-4a3d-9d1c-91bc1c98bb78", "CreationDate": 1547745326129, "Creator": "", "EditDate": 1547745326129, "Editor": "", "signType": "Primary", "bldgName": "Cherry Emerson ", "address": "310 Ferst ", "bldgNum": "66", "condition": 4}}, {"type": "Feature", "id": 13, "geometry": {"type": "Point", "coordinates": [-84.3962246516823, 33.7782997352536]}, "properties": {"OBJECTID": 13, "esrignss_receiver": "iPhone 8", "esrignss_h_rms": 6.00090620526066, "esrignss_v_rms": 3, "esrignss_latitude": 33.7782997354452, "esrignss_longitude": -84.3962246519806, "esrignss_altitude": 285.608807575802, "esrignss_pdop": null, "esrignss_hdop": null, "esrignss_vdop": null, "esrignss_fixtype": null, "esrignss_correctionage": null, "esrignss_stationid": null, "esrignss_numsats": null, "esrignss_fixdatetime": 1547745389111, "esrignss_avg_h_rms": null, "esrignss_avg_v_rms": null, "esrignss_avg_positions": null, "esrignss_h_stddev": null, "GlobalID": "3d4a703b-783f-43f7-9351-f6d33df9cb2b", "CreationDate": 1547745399861, "Creator": "", "EditDate": 1563452593923, "Editor": "gtfm_kabernathy", "signType": "Secondary", "bldgName": "Ford ES&T", "address": "311 Ferst Dr", "bldgNum": "147", "condition": 3}}, {"type": "Feature", "id": 14, "geometry": {"type": "Point", "coordinates": [-84.3919707551129, 33.779389250736]}, "properties": {"OBJECTID": 14, "esrignss_receiver": null, "esrignss_h_rms": null, "esrignss_v_rms": null, "esrignss_latitude": null, "esrignss_longitude": null, "esrignss_altitude": null, "esrignss_pdop": null, "esrignss_hdop": null, "esrignss_vdop": null, "esrignss_fixtype": null, "esrignss_correctionage": null, "esrignss_stationid": null, "esrignss_numsats": null, "esrignss_fixdatetime": null, "esrignss_avg_h_rms": null, "esrignss_avg_v_rms": null, "esrignss_avg_positions": null, "esrignss_h_stddev": null, "GlobalID": "12d0e3f3-fd7c-43af-a661-eaef3d8b8150", "CreationDate": 1547829744283, "Creator": "", "EditDate": 1547829744283, "Editor": "", "signType": "Secondary", "bldgName": "O'Keefe ", "address": "151 sixth st", "bldgNum": "033", "condition": 3}}, {"type": "Feature", "id": 15, "geometry": {"type": "Point", "coordinates": [-84.3935682372675, 33.7797111773162]}, "properties": {"OBJECTID": 15, "esrignss_receiver": "iPhone 8", "esrignss_h_rms": 8.001208273680877, "esrignss_v_rms": 3, "esrignss_latitude": 33.779711177059575, "esrignss_longitude": -84.39356823757531, "esrignss_altitude": 281.18115593727833, "esrignss_pdop": null, "esrignss_hdop": null, "esrignss_vdop": null, "esrignss_fixtype": null, "esrignss_correctionage": null, "esrignss_stationid": null, "esrignss_numsats": null, "esrignss_fixdatetime": 1547829886110, "esrignss_avg_h_rms": null, "esrignss_avg_v_rms": null, "esrignss_avg_positions": null, "esrignss_h_stddev": null, "GlobalID": "239f110e-fad7-4d55-9629-ce001b6055d8", "CreationDate": 1547829919917, "Creator": "", "EditDate": 1547829919917, "Editor": "", "signType": "Primary", "bldgName": null, "address": "955 Fowler ", "bldgNum": "032", "condition": 3}}, {"type": "Feature", "id": 16, "geometry": {"type": "Point", "coordinates": [-84.3936750667177, 33.7807021732772]}, "properties": {"OBJECTID": 16, "esrignss_receiver": "iPhone 8", "esrignss_h_rms": 4.000604136840439, "esrignss_v_rms": 3, "esrignss_latitude": 33.78070217364576, "esrignss_longitude": -84.39367506661122, "esrignss_altitude": 276.84925763598534, "esrignss_pdop": null, "esrignss_hdop": null, "esrignss_vdop": null, "esrignss_fixtype": null, "esrignss_correctionage": null, "esrignss_stationid": null, "esrignss_numsats": null, "esrignss_fixdatetime": 1547830039134, "esrignss_avg_h_rms": null, "esrignss_avg_v_rms": null, "esrignss_avg_positions": null, "esrignss_h_stddev": null, "GlobalID": "601888f6-5061-40a8-b402-78970180aa77", "CreationDate": 1547830094307, "Creator": "", "EditDate": 1547830094307, "Editor": "", "signType": "Primary", "bldgName": "Ken Byers Tennis Complex ", "address": "960 Fowler St", "bldgNum": "203", "condition": 3}}, {"type": "Feature", "id": 17, "geometry": {"type": "Point", "coordinates": [-84.3967253133329, 33.7796333406539]}, "properties": {"OBJECTID": 17, "esrignss_receiver": null, "esrignss_h_rms": null, "esrignss_v_rms": null, "esrignss_latitude": null, "esrignss_longitude": null, "esrignss_altitude": null, "esrignss_pdop": null, "esrignss_hdop": null, "esrignss_vdop": null, "esrignss_fixtype": null, "esrignss_correctionage": null, "esrignss_stationid": null, "esrignss_numsats": null, "esrignss_fixdatetime": null, "esrignss_avg_h_rms": null, "esrignss_avg_v_rms": null, "esrignss_avg_positions": null, "esrignss_h_stddev": null, "GlobalID": "7eec4522-87c5-4a71-a4ea-7ac6e509dd69", "CreationDate": 1547830458112, "Creator": "", "EditDate": 1547830458112, "Editor": "", "signType": "Secondary", "bldgName": "Molecular science and engineering ", "address": "901 Atlantic Drive", "bldgNum": "167", "condition": 3}}, {"type": "Feature", "id": 18, "geometry": {"type": "Point", "coordinates": [-84.3963392641362, 33.7790217044705]}, "properties": {"OBJECTID": 18, "esrignss_receiver": null, "esrignss_h_rms": null, "esrignss_v_rms": null, "esrignss_latitude": null, "esrignss_longitude": null, "esrignss_altitude": null, "esrignss_pdop": null, "esrignss_hdop": null, "esrignss_vdop": null, "esrignss_fixtype": null, "esrignss_correctionage": null, "esrignss_stationid": null, "esrignss_numsats": null, "esrignss_fixdatetime": null, "esrignss_avg_h_rms": null, "esrignss_avg_v_rms": null, "esrignss_avg_positions": null, "esrignss_h_stddev": null, "GlobalID": "5d077292-f3c7-459a-bbf1-9ba6b856ef9f", "CreationDate": 1547830596188, "Creator": "", "EditDate": 1547830596188, "Editor": "", "signType": "Secondary", "bldgName": "Ford ES&T", "address": "311 Ferst Dr", "bldgNum": "147", "condition": 3}}, {"type": "Feature", "id": 19, "geometry": {"type": "Point", "coordinates": [-84.3968497273048, 33.7790259455501]}, "properties": {"OBJECTID": 19, "esrignss_receiver": null, "esrignss_h_rms": null, "esrignss_v_rms": null, "esrignss_latitude": null, "esrignss_longitude": null, "esrignss_altitude": null, "esrignss_pdop": null, "esrignss_hdop": null, "esrignss_vdop": null, "esrignss_fixtype": null, "esrignss_correctionage": null, "esrignss_stationid": null, "esrignss_numsats": null, "esrignss_fixdatetime": null, "esrignss_avg_h_rms": null, "esrignss_avg_v_rms": null, "esrignss_avg_positions": null, "esrignss_h_stddev": null, "GlobalID": "bd56d423-2259-4bb4-b610-a1400aa25093", "CreationDate": 1547830677265, "Creator": "", "EditDate": 1547830677265, "Editor": "", "signType": "Secondary", "bldgName": "Parker H. Petit", "address": "315 Ferst Dr", "bldgNum": "146", "condition": 3}}, {"type": "Feature", "id": 20, "geometry": {"type": "Point", "coordinates": [-84.3967643370472, 33.7786148084886]}, "properties": {"OBJECTID": 20, "esrignss_receiver": null, "esrignss_h_rms": null, "esrignss_v_rms": null, "esrignss_latitude": null, "esrignss_longitude": null, "esrignss_altitude": null, "esrignss_pdop": null, "esrignss_hdop": null, "esrignss_vdop": null, "esrignss_fixtype": null, "esrignss_correctionage": null, "esrignss_stationid": null, "esrignss_numsats": null, "esrignss_fixdatetime": null, "esrignss_avg_h_rms": null, "esrignss_avg_v_rms": null, "esrignss_avg_positions": null, "esrignss_h_stddev": null, "GlobalID": "898ad3ca-ac59-4c5d-a98e-956c51fe478e", "CreationDate": 1547830855016, "Creator": "", "EditDate": 1547830855016, "Editor": "", "signType": "Secondary", "bldgName": "Whitaker Biomedical Engineering ", "address": "313 Ferst Dr", "bldgNum": "165", "condition": 3}}, {"type": "Feature", "id": 21, "geometry": {"type": "Point", "coordinates": [-84.3968193049594, 33.778238065828]}, "properties": {"OBJECTID": 21, "esrignss_receiver": "iPhone 8", "esrignss_h_rms": 6.000906205260658, "esrignss_v_rms": 3, "esrignss_latitude": 33.77823806593112, "esrignss_longitude": -84.39681930514925, "esrignss_altitude": 287.9782247629045, "esrignss_pdop": null, "esrignss_hdop": null, "esrignss_vdop": null, "esrignss_fixtype": null, "esrignss_correctionage": null, "esrignss_stationid": null, "esrignss_numsats": null, "esrignss_fixdatetime": 1547830955095, "esrignss_avg_h_rms": null, "esrignss_avg_v_rms": null, "esrignss_avg_positions": null, "esrignss_h_stddev": null, "GlobalID": "c4db9a25-eb54-4cc0-8c8b-579931d109df", "CreationDate": 1547830986560, "Creator": "", "EditDate": 1547830986560, "Editor": "", "signType": "Primary", "bldgName": "U. A. Whitaker ", "address": "313 Ferst Dr", "bldgNum": "165", "condition": 3}}, {"type": "Feature", "id": 22, "geometry": {"type": "Point", "coordinates": [-84.3974902126277, 33.7782743341041]}, "properties": {"OBJECTID": 22, "esrignss_receiver": null, "esrignss_h_rms": null, "esrignss_v_rms": null, "esrignss_latitude": null, "esrignss_longitude": null, "esrignss_altitude": null, "esrignss_pdop": null, "esrignss_hdop": null, "esrignss_vdop": null, "esrignss_fixtype": null, "esrignss_correctionage": null, "esrignss_stationid": null, "esrignss_numsats": null, "esrignss_fixdatetime": null, "esrignss_avg_h_rms": null, "esrignss_avg_v_rms": null, "esrignss_avg_positions": null, "esrignss_h_stddev": null, "GlobalID": "19a9a6b8-b9d2-4ab1-8633-4423342a8484", "CreationDate": 1547831072605, "Creator": "", "EditDate": 1547831072605, "Editor": "", "signType": "Primary", "bldgName": "BioQuad", "address": null, "bldgNum": null, "condition": 3}}, {"type": "Feature", "id": 23, "geometry": {"type": "Point", "coordinates": [-84.3977252298723, 33.7783104433229]}, "properties": {"OBJECTID": 23, "esrignss_receiver": null, "esrignss_h_rms": null, "esrignss_v_rms": null, "esrignss_latitude": null, "esrignss_longitude": null, "esrignss_altitude": null, "esrignss_pdop": null, "esrignss_hdop": null, "esrignss_vdop": null, "esrignss_fixtype": null, "esrignss_correctionage": null, "esrignss_stationid": null, "esrignss_numsats": null, "esrignss_fixdatetime": null, "esrignss_avg_h_rms": null, "esrignss_avg_v_rms": null, "esrignss_avg_positions": null, "esrignss_h_stddev": null, "GlobalID": "ee7332b9-cdf8-4d4d-929e-307dd639db9a", "CreationDate": 1547831146121, "Creator": "", "EditDate": 1547831146121, "Editor": "", "signType": "Primary", "bldgName": "Parker H. Petit", "address": "315 Ferst Dr", "bldgNum": "146", "condition": 3}}, {"type": "Feature", "id": 24, "geometry": {"type": "Point", "coordinates": [-84.3990955334814, 33.7762093684532]}, "properties": {"OBJECTID": 24, "esrignss_receiver": "iPhone 8", "esrignss_h_rms": 6.000906205260658, "esrignss_v_rms": 3, "esrignss_latitude": 33.77620936843439, "esrignss_longitude": -84.39909553374397, "esrignss_altitude": 295.1170380129589, "esrignss_pdop": null, "esrignss_hdop": null, "esrignss_vdop": null, "esrignss_fixtype": null, "esrignss_correctionage": null, "esrignss_stationid": null, "esrignss_numsats": null, "esrignss_fixdatetime": 1547831430121, "esrignss_avg_h_rms": null, "esrignss_avg_v_rms": null, "esrignss_avg_positions": null, "esrignss_h_stddev": null, "GlobalID": "21c1c059-035e-4c94-a5de-931717457989", "CreationDate": 1547831456405, "Creator": "", "EditDate": 1547831456405, "Editor": "", "signType": "Primary", "bldgName": "SEB", "address": "788 Atlantic ", "bldgNum": "145", "condition": 3}}, {"type": "Feature", "id": 25, "geometry": {"type": "Point", "coordinates": [-84.3991682467138, 33.7746318213222]}, "properties": {"OBJECTID": 25, "esrignss_receiver": null, "esrignss_h_rms": null, "esrignss_v_rms": null, "esrignss_latitude": null, "esrignss_longitude": null, "esrignss_altitude": null, "esrignss_pdop": null, "esrignss_hdop": null, "esrignss_vdop": null, "esrignss_fixtype": null, "esrignss_correctionage": null, "esrignss_stationid": null, "esrignss_numsats": null, "esrignss_fixdatetime": null, "esrignss_avg_h_rms": null, "esrignss_avg_v_rms": null, "esrignss_avg_positions": null, "esrignss_h_stddev": null, "GlobalID": "796d2347-ff5a-45eb-a2d1-068eb36c3e59", "CreationDate": 1547831657786, "Creator": "", "EditDate": 1547831657786, "Editor": "", "signType": "Primary", "bldgName": "Robert Ferst Center for the Arts", "address": "349 Ferst Dr", "bldgNum": "124", "condition": 3}}, {"type": "Feature", "id": 26, "geometry": {"type": "Point", "coordinates": [-84.3993331836881, 33.7741099214043]}, "properties": {"OBJECTID": 26, "esrignss_receiver": null, "esrignss_h_rms": null, "esrignss_v_rms": null, "esrignss_latitude": null, "esrignss_longitude": null, "esrignss_altitude": null, "esrignss_pdop": null, "esrignss_hdop": null, "esrignss_vdop": null, "esrignss_fixtype": null, "esrignss_correctionage": null, "esrignss_stationid": null, "esrignss_numsats": null, "esrignss_fixdatetime": null, "esrignss_avg_h_rms": null, "esrignss_avg_v_rms": null, "esrignss_avg_positions": null, "esrignss_h_stddev": null, "GlobalID": "6b996c07-d386-4906-811f-bb398145a561", "CreationDate": 1547831741291, "Creator": "", "EditDate": 1547831741291, "Editor": "", "signType": "Primary", "bldgName": "Student services ", "address": "353 Ferst ", "bldgNum": "123", "condition": 3}}, {"type": "Feature", "id": 27, "geometry": {"type": "Point", "coordinates": [-84.3991331423491, 33.774069465297]}, "properties": {"OBJECTID": 27, "esrignss_receiver": "iPhone 8", "esrignss_h_rms": 4.000604136840439, "esrignss_v_rms": 3, "esrignss_latitude": 33.77406946553909, "esrignss_longitude": -84.39913314215225, "esrignss_altitude": 296.53656417392307, "esrignss_pdop": null, "esrignss_hdop": null, "esrignss_vdop": null, "esrignss_fixtype": null, "esrignss_correctionage": null, "esrignss_stationid": null, "esrignss_numsats": null, "esrignss_fixdatetime": 1547831769999, "esrignss_avg_h_rms": null, "esrignss_avg_v_rms": null, "esrignss_avg_positions": null, "esrignss_h_stddev": null, "GlobalID": "c4599fbd-a69e-4e59-91e3-f7af7550d5ea", "CreationDate": 1547831801695, "Creator": "", "EditDate": 1547831801695, "Editor": "", "signType": "Primary", "bldgName": "Student Center ", "address": "350 Ferst ", "bldgNum": "104", "condition": 3}}, {"type": "Feature", "id": 28, "geometry": {"type": "Point", "coordinates": [-84.3953333540372, 33.7754769135216]}, "properties": {"OBJECTID": 28, "esrignss_receiver": null, "esrignss_h_rms": null, "esrignss_v_rms": null, "esrignss_latitude": null, "esrignss_longitude": null, "esrignss_altitude": null, "esrignss_pdop": null, "esrignss_hdop": null, "esrignss_vdop": null, "esrignss_fixtype": null, "esrignss_correctionage": null, "esrignss_stationid": null, "esrignss_numsats": null, "esrignss_fixdatetime": null, "esrignss_avg_h_rms": null, "esrignss_avg_v_rms": null, "esrignss_avg_positions": null, "esrignss_h_stddev": null, "GlobalID": "55383323-8a2a-4254-9a89-adffe2aecc9e", "CreationDate": 1548692913164, "Creator": "", "EditDate": 1548692913164, "Editor": "", "signType": "Primary", "bldgName": "Architecture ", "address": "245 Fourth St", "bldgNum": "076", "condition": 3}}, {"type": "Feature", "id": 29, "geometry": {"type": "Point", "coordinates": [-84.3954225675247, 33.7753181985838]}, "properties": {"OBJECTID": 29, "esrignss_receiver": null, "esrignss_h_rms": null, "esrignss_v_rms": null, "esrignss_latitude": null, "esrignss_longitude": null, "esrignss_altitude": null, "esrignss_pdop": null, "esrignss_hdop": null, "esrignss_vdop": null, "esrignss_fixtype": null, "esrignss_correctionage": null, "esrignss_stationid": null, "esrignss_numsats": null, "esrignss_fixdatetime": null, "esrignss_avg_h_rms": null, "esrignss_avg_v_rms": null, "esrignss_avg_positions": null, "esrignss_h_stddev": null, "GlobalID": "0e89fd71-be03-4dcb-9206-d3e4fa684a50", "CreationDate": 1548692985824, "Creator": "", "EditDate": 1548692985824, "Editor": "", "signType": "Primary", "bldgName": "Rich computer center", "address": "258 Fourth St", "bldgNum": "51D", "condition": 3}}, {"type": "Feature", "id": 30, "geometry": {"type": "Point", "coordinates": [-84.3963527128143, 33.7741730648229]}, "properties": {"OBJECTID": 30, "esrignss_receiver": "iPhone 8", "esrignss_h_rms": 6.000906205260658, "esrignss_v_rms": 3, "esrignss_latitude": 33.77417306517415, "esrignss_longitude": -84.39635271303398, "esrignss_altitude": 293.2408661148194, "esrignss_pdop": null, "esrignss_hdop": null, "esrignss_vdop": null, "esrignss_fixtype": null, "esrignss_correctionage": null, "esrignss_stationid": null, "esrignss_numsats": null, "esrignss_fixdatetime": 1548693207120, "esrignss_avg_h_rms": null, "esrignss_avg_v_rms": null, "esrignss_avg_positions": null, "esrignss_h_stddev": null, "GlobalID": "b0913d5d-22a8-4862-ab81-adb0e1c9f5e4", "CreationDate": 1548693241788, "Creator": "", "EditDate": 1548693241788, "Editor": "", "signType": "Primary", "bldgName": "Skiles", "address": "686 Cherry", "bldgNum": "002", "condition": 3}}, {"type": "Feature", "id": 31, "geometry": {"type": "Point", "coordinates": [-84.3980722769143, 33.773267774968]}, "properties": {"OBJECTID": 31, "esrignss_receiver": null, "esrignss_h_rms": null, "esrignss_v_rms": null, "esrignss_latitude": null, "esrignss_longitude": null, "esrignss_altitude": null, "esrignss_pdop": null, "esrignss_hdop": null, "esrignss_vdop": null, "esrignss_fixtype": null, "esrignss_correctionage": null, "esrignss_stationid": null, "esrignss_numsats": null, "esrignss_fixdatetime": null, "esrignss_avg_h_rms": null, "esrignss_avg_v_rms": null, "esrignss_avg_positions": null, "esrignss_h_stddev": null, "GlobalID": "26fa251f-fc80-4282-863f-b9f6fba6d604", "CreationDate": 1548695368416, "Creator": "", "EditDate": 1548695368416, "Editor": "", "signType": "Primary", "bldgName": "Student Center Commons ", "address": "350 Ferst ", "bldgNum": "114A", "condition": 3}}, {"type": "Feature", "id": 32, "geometry": {"type": "Point", "coordinates": [-84.3967847395839, 33.7726015928848]}, "properties": {"OBJECTID": 32, "esrignss_receiver": "iPhone 8", "esrignss_h_rms": 6.000906205260658, "esrignss_v_rms": 3, "esrignss_latitude": 33.77260159306096, "esrignss_longitude": -84.39678473985565, "esrignss_altitude": 296.63357627308443, "esrignss_pdop": null, "esrignss_hdop": null, "esrignss_vdop": null, "esrignss_fixtype": null, "esrignss_correctionage": null, "esrignss_stationid": null, "esrignss_numsats": null, "esrignss_fixdatetime": 1548695486118, "esrignss_avg_h_rms": null, "esrignss_avg_v_rms": null, "esrignss_avg_positions": null, "esrignss_h_stddev": null, "GlobalID": "1d5dede1-7437-4ca1-867b-75edaa4ef66f", "CreationDate": 1548695527637, "Creator": "", "EditDate": 1548695527637, "Editor": "", "signType": "Primary", "bldgName": "Weber SST I", "address": "281 Ferst ", "bldgNum": "084", "condition": 3}}, {"type": "Feature", "id": 33, "geometry": {"type": "Point", "coordinates": [-84.3966348413057, 33.7724801760717]}, "properties": {"OBJECTID": 33, "esrignss_receiver": "iPhone 8", "esrignss_h_rms": 6.000906205260658, "esrignss_v_rms": 3, "esrignss_latitude": 33.772480176041746, "esrignss_longitude": -84.39663484173948, "esrignss_altitude": 297.0570138347874, "esrignss_pdop": null, "esrignss_hdop": null, "esrignss_vdop": null, "esrignss_fixtype": null, "esrignss_correctionage": null, "esrignss_stationid": null, "esrignss_numsats": null, "esrignss_fixdatetime": 1548695552000, "esrignss_avg_h_rms": null, "esrignss_avg_v_rms": null, "esrignss_avg_positions": null, "esrignss_h_stddev": null, "GlobalID": "f8ee51ad-b8c1-4a2c-8d3c-e2a2308b8c5c", "CreationDate": 1548695583985, "Creator": "", "EditDate": 1548695583985, "Editor": "", "signType": "Primary", "bldgName": "Weber SST III", "address": "276 Ferst ", "bldgNum": "098", "condition": 3}}, {"type": "Feature", "id": 34, "geometry": {"type": "Point", "coordinates": [-84.3961339990937, 33.7723128846449]}, "properties": {"OBJECTID": 34, "esrignss_receiver": "iPhone 8", "esrignss_h_rms": 8.001208273680877, "esrignss_v_rms": 3, "esrignss_latitude": 33.77231288439473, "esrignss_longitude": -84.39613399900739, "esrignss_altitude": 300.6621561645023, "esrignss_pdop": null, "esrignss_hdop": null, "esrignss_vdop": null, "esrignss_fixtype": null, "esrignss_correctionage": null, "esrignss_stationid": null, "esrignss_numsats": null, "esrignss_fixdatetime": 1548695647127, "esrignss_avg_h_rms": null, "esrignss_avg_v_rms": null, "esrignss_avg_positions": null, "esrignss_h_stddev": null, "GlobalID": "62577a24-00e3-416e-b5b5-ff940ea8a7d5", "CreationDate": 1548695682696, "Creator": "", "EditDate": 1548695682696, "Editor": "", "signType": "Primary", "bldgName": "Montgomery Knight ", "address": "270 Ferst ", "bldgNum": "101", "condition": 3}}, {"type": "Feature", "id": 35, "geometry": {"type": "Point", "coordinates": [-84.3955255225411, 33.7725541997338]}, "properties": {"OBJECTID": 35, "esrignss_receiver": null, "esrignss_h_rms": null, "esrignss_v_rms": null, "esrignss_latitude": null, "esrignss_longitude": null, "esrignss_altitude": null, "esrignss_pdop": null, "esrignss_hdop": null, "esrignss_vdop": null, "esrignss_fixtype": null, "esrignss_correctionage": null, "esrignss_stationid": null, "esrignss_numsats": null, "esrignss_fixdatetime": null, "esrignss_avg_h_rms": null, "esrignss_avg_v_rms": null, "esrignss_avg_positions": null, "esrignss_h_stddev": null, "GlobalID": "d118503a-be44-4afb-84ed-364a90ef3e87", "CreationDate": 1548695794569, "Creator": "", "EditDate": 1548695794569, "Editor": "", "signType": "Primary", "bldgName": "John Saylor Coon", "address": "654 Cherry", "bldgNum": "045", "condition": 3}}, {"type": "Feature", "id": 36, "geometry": {"type": "Point", "coordinates": [-84.3949708937015, 33.7724711929576]}, "properties": {"OBJECTID": 36, "esrignss_receiver": null, "esrignss_h_rms": null, "esrignss_v_rms": null, "esrignss_latitude": null, "esrignss_longitude": null, "esrignss_altitude": null, "esrignss_pdop": null, "esrignss_hdop": null, "esrignss_vdop": null, "esrignss_fixtype": null, "esrignss_correctionage": null, "esrignss_stationid": null, "esrignss_numsats": null, "esrignss_fixdatetime": null, "esrignss_avg_h_rms": null, "esrignss_avg_v_rms": null, "esrignss_avg_positions": null, "esrignss_h_stddev": null, "GlobalID": "40a71acf-fef7-4537-b883-4cce40d9f446", "CreationDate": 1548695905079, "Creator": "", "EditDate": 1548695905079, "Editor": "", "signType": "Primary", "bldgName": "Evans Administration Building ", "address": "225 North Ave", "bldgNum": "035", "condition": 3}}, {"type": "Feature", "id": 37, "geometry": {"type": "Point", "coordinates": [-84.3947692982771, 33.7727264048792]}, "properties": {"OBJECTID": 37, "esrignss_receiver": null, "esrignss_h_rms": null, "esrignss_v_rms": null, "esrignss_latitude": null, "esrignss_longitude": null, "esrignss_altitude": null, "esrignss_pdop": null, "esrignss_hdop": null, "esrignss_vdop": null, "esrignss_fixtype": null, "esrignss_correctionage": null, "esrignss_stationid": null, "esrignss_numsats": null, "esrignss_fixdatetime": null, "esrignss_avg_h_rms": null, "esrignss_avg_v_rms": null, "esrignss_avg_positions": null, "esrignss_h_stddev": null, "GlobalID": "2d7768a8-6298-4834-893e-7928dee7b50b", "CreationDate": 1548696024938, "Creator": "", "EditDate": 1548696024938, "Editor": "", "signType": "Primary", "bldgName": "Evans Administration Building ", "address": "225 North Ave", "bldgNum": "035", "condition": 3}}, {"type": "Feature", "id": 38, "geometry": {"type": "Point", "coordinates": [-84.3946590561271, 33.7727940341375]}, "properties": {"OBJECTID": 38, "esrignss_receiver": "iPhone 8", "esrignss_h_rms": 6.000906205260658, "esrignss_v_rms": 3, "esrignss_latitude": 33.77279403391078, "esrignss_longitude": -84.39465905594022, "esrignss_altitude": 302.16778543895185, "esrignss_pdop": null, "esrignss_hdop": null, "esrignss_vdop": null, "esrignss_fixtype": null, "esrignss_correctionage": null, "esrignss_stationid": null, "esrignss_numsats": null, "esrignss_fixdatetime": 1548696041999, "esrignss_avg_h_rms": null, "esrignss_avg_v_rms": null, "esrignss_avg_positions": null, "esrignss_h_stddev": null, "GlobalID": "566a3ba1-b432-426b-85bd-384628d5c01c", "CreationDate": 1548696078017, "Creator": "", "EditDate": 1548696078017, "Editor": "", "signType": "Primary", "bldgName": "A. French ", "address": "237 Uncle Heinie Way", "bldgNum": "030", "condition": 3}}, {"type": "Feature", "id": 39, "geometry": {"type": "Point", "coordinates": [-84.3942071137076, 33.7727808313226]}, "properties": {"OBJECTID": 39, "esrignss_receiver": "iPhone 8", "esrignss_h_rms": 6.000906205260658, "esrignss_v_rms": 3, "esrignss_latitude": 33.77278083138116, "esrignss_longitude": -84.39420711339378, "esrignss_altitude": 298.1813562762956, "esrignss_pdop": null, "esrignss_hdop": null, "esrignss_vdop": null, "esrignss_fixtype": null, "esrignss_correctionage": null, "esrignss_stationid": null, "esrignss_numsats": null, "esrignss_fixdatetime": 1548696112999, "esrignss_avg_h_rms": null, "esrignss_avg_v_rms": null, "esrignss_avg_positions": null, "esrignss_h_stddev": null, "GlobalID": "7c602407-1c71-427f-a686-4e2e4dce045c", "CreationDate": 1548696153292, "Creator": "", "EditDate": 1548696153292, "Editor": "", "signType": "Primary", "bldgName": "Lyman Hall", "address": "221 Uncle Heinie Way", "bldgNum": "029A", "condition": 3}}, {"type": "Feature", "id": 40, "geometry": {"type": "Point", "coordinates": [-84.3940936726569, 33.7723244238233]}, "properties": {"OBJECTID": 40, "esrignss_receiver": null, "esrignss_h_rms": null, "esrignss_v_rms": null, "esrignss_latitude": null, "esrignss_longitude": null, "esrignss_altitude": null, "esrignss_pdop": null, "esrignss_hdop": null, "esrignss_vdop": null, "esrignss_fixtype": null, "esrignss_correctionage": null, "esrignss_stationid": null, "esrignss_numsats": null, "esrignss_fixdatetime": null, "esrignss_avg_h_rms": null, "esrignss_avg_v_rms": null, "esrignss_avg_positions": null, "esrignss_h_stddev": null, "GlobalID": "2af07685-8b07-478e-ba2a-e638c82b6c1d", "CreationDate": 1548696267592, "Creator": "", "EditDate": 1548696267592, "Editor": "", "signType": "Primary", "bldgName": "Bill Moore Student Success", "address": "219 Uncle Heinie Way", "bldgNum": "031", "condition": 3}}, {"type": "Feature", "id": 41, "geometry": {"type": "Point", "coordinates": [-84.3943577854353, 33.7723289206153]}, "properties": {"OBJECTID": 41, "esrignss_receiver": null, "esrignss_h_rms": null, "esrignss_v_rms": null, "esrignss_latitude": null, "esrignss_longitude": null, "esrignss_altitude": null, "esrignss_pdop": null, "esrignss_hdop": null, "esrignss_vdop": null, "esrignss_fixtype": null, "esrignss_correctionage": null, "esrignss_stationid": null, "esrignss_numsats": null, "esrignss_fixdatetime": null, "esrignss_avg_h_rms": null, "esrignss_avg_v_rms": null, "esrignss_avg_positions": null, "esrignss_h_stddev": null, "GlobalID": "a4bc4ceb-cc69-4b62-a97b-93801abf9779", "CreationDate": 1548696329722, "Creator": "", "EditDate": 1548696329722, "Editor": "", "signType": "Primary", "bldgName": "Andrew Carnegie ", "address": "223 Uncle Heinie Way", "bldgNum": "036", "condition": 3}}, {"type": "Feature", "id": 42, "geometry": {"type": "Point", "coordinates": [-84.394281818505, 33.7731617945506]}, "properties": {"OBJECTID": 42, "esrignss_receiver": null, "esrignss_h_rms": null, "esrignss_v_rms": null, "esrignss_latitude": null, "esrignss_longitude": null, "esrignss_altitude": null, "esrignss_pdop": null, "esrignss_hdop": null, "esrignss_vdop": null, "esrignss_fixtype": null, "esrignss_correctionage": null, "esrignss_stationid": null, "esrignss_numsats": null, "esrignss_fixdatetime": null, "esrignss_avg_h_rms": null, "esrignss_avg_v_rms": null, "esrignss_avg_positions": null, "esrignss_h_stddev": null, "GlobalID": "f3ca015f-c37a-4cc8-b45c-0f2c44383bd4", "CreationDate": 1548696481882, "Creator": "", "EditDate": 1548696481882, "Editor": "", "signType": "Secondary", "bldgName": "Holland Plant", "address": "680 Power Plant Dr.", "bldgNum": "026", "condition": 3}}, {"type": "Feature", "id": 43, "geometry": {"type": "Point", "coordinates": [-84.394629444062, 33.7739217662556]}, "properties": {"OBJECTID": 43, "esrignss_receiver": "iPhone 8", "esrignss_h_rms": 6.000906205260658, "esrignss_v_rms": 3, "esrignss_latitude": 33.773921766346504, "esrignss_longitude": -84.39462944407983, "esrignss_altitude": 293.11315495940073, "esrignss_pdop": null, "esrignss_hdop": null, "esrignss_vdop": null, "esrignss_fixtype": null, "esrignss_correctionage": null, "esrignss_stationid": null, "esrignss_numsats": null, "esrignss_fixdatetime": 1548696577148, "esrignss_avg_h_rms": null, "esrignss_avg_v_rms": null, "esrignss_avg_positions": null, "esrignss_h_stddev": null, "GlobalID": "4f4a9ec9-78c3-44c4-a1f4-2c02760f097c", "CreationDate": 1548696615911, "Creator": "", "EditDate": 1548696615911, "Editor": "", "signType": "Secondary", "bldgName": "Office of Information Technology ", "address": "220 Bobby Dodds Way", "bldgNum": "023A", "condition": 3}}, {"type": "Feature", "id": 44, "geometry": {"type": "Point", "coordinates": [-84.3945194426606, 33.773981409223]}, "properties": {"OBJECTID": 44, "esrignss_receiver": null, "esrignss_h_rms": null, "esrignss_v_rms": null, "esrignss_latitude": null, "esrignss_longitude": null, "esrignss_altitude": null, "esrignss_pdop": null, "esrignss_hdop": null, "esrignss_vdop": null, "esrignss_fixtype": null, "esrignss_correctionage": null, "esrignss_stationid": null, "esrignss_numsats": null, "esrignss_fixdatetime": null, "esrignss_avg_h_rms": null, "esrignss_avg_v_rms": null, "esrignss_avg_positions": null, "esrignss_h_stddev": null, "GlobalID": "202136f8-6f74-428d-9972-0bda407223d7", "CreationDate": 1548696681388, "Creator": "", "EditDate": 1548696681388, "Editor": "", "signType": "Primary", "bldgName": "Old Civil Engineering ", "address": "221 Bobby Dodd Way", "bldgNum": "058", "condition": 3}}, {"type": "Feature", "id": 45, "geometry": {"type": "Point", "coordinates": [-84.3940937112845, 33.7739819677642]}, "properties": {"OBJECTID": 45, "esrignss_receiver": null, "esrignss_h_rms": null, "esrignss_v_rms": null, "esrignss_latitude": null, "esrignss_longitude": null, "esrignss_altitude": null, "esrignss_pdop": null, "esrignss_hdop": null, "esrignss_vdop": null, "esrignss_fixtype": null, "esrignss_correctionage": null, "esrignss_stationid": null, "esrignss_numsats": null, "esrignss_fixdatetime": null, "esrignss_avg_h_rms": null, "esrignss_avg_v_rms": null, "esrignss_avg_positions": null, "esrignss_h_stddev": null, "GlobalID": "9671b46b-bcc7-4684-a961-d4e60a5ca9f8", "CreationDate": 1548696758559, "Creator": "", "EditDate": 1548696758559, "Editor": "", "signType": "Primary", "bldgName": "Stephen C. Hall", "address": "215 Bobby Dodd Way", "bldgNum": "059", "condition": 3}}, {"type": "Feature", "id": 46, "geometry": {"type": "Point", "coordinates": [-84.3938918715182, 33.7738720231797]}, "properties": {"OBJECTID": 46, "esrignss_receiver": null, "esrignss_h_rms": null, "esrignss_v_rms": null, "esrignss_latitude": null, "esrignss_longitude": null, "esrignss_altitude": null, "esrignss_pdop": null, "esrignss_hdop": null, "esrignss_vdop": null, "esrignss_fixtype": null, "esrignss_correctionage": null, "esrignss_stationid": null, "esrignss_numsats": null, "esrignss_fixdatetime": null, "esrignss_avg_h_rms": null, "esrignss_avg_v_rms": null, "esrignss_avg_positions": null, "esrignss_h_stddev": null, "GlobalID": "72850887-4f6e-4d5d-bc8a-b60b28e25641", "CreationDate": 1548696828578, "Creator": "", "EditDate": 1548696828578, "Editor": "", "signType": "Primary", "bldgName": "Daniel Laboratory ", "address": "200 Bobby Dodd Way", "bldgNum": "022", "condition": 3}}, {"type": "Feature", "id": 47, "geometry": {"type": "Point", "coordinates": [-84.3919115803604, 33.7740493335451]}, "properties": {"OBJECTID": 47, "esrignss_receiver": null, "esrignss_h_rms": null, "esrignss_v_rms": null, "esrignss_latitude": null, "esrignss_longitude": null, "esrignss_altitude": null, "esrignss_pdop": null, "esrignss_hdop": null, "esrignss_vdop": null, "esrignss_fixtype": null, "esrignss_correctionage": null, "esrignss_stationid": null, "esrignss_numsats": null, "esrignss_fixdatetime": null, "esrignss_avg_h_rms": null, "esrignss_avg_v_rms": null, "esrignss_avg_positions": null, "esrignss_h_stddev": null, "GlobalID": "c98544b9-a42d-44eb-b708-062352ee90d8", "CreationDate": 1548697072861, "Creator": "", "EditDate": 1548959989571, "Editor": "dsimsGT", "signType": "Primary", "bldgName": "Field Residence ", "address": "711 Techwood Dr.", "bldgNum": "090", "condition": 3}}, {"type": "Feature", "id": 48, "geometry": {"type": "Point", "coordinates": [-84.3919209830563, 33.7742744920432]}, "properties": {"OBJECTID": 48, "esrignss_receiver": null, "esrignss_h_rms": null, "esrignss_v_rms": null, "esrignss_latitude": null, "esrignss_longitude": null, "esrignss_altitude": null, "esrignss_pdop": null, "esrignss_hdop": null, "esrignss_vdop": null, "esrignss_fixtype": null, "esrignss_correctionage": null, "esrignss_stationid": null, "esrignss_numsats": null, "esrignss_fixdatetime": null, "esrignss_avg_h_rms": null, "esrignss_avg_v_rms": null, "esrignss_avg_positions": null, "esrignss_h_stddev": null, "GlobalID": "f96f0b13-2971-421b-8d17-f30018d201b2", "CreationDate": 1548697135054, "Creator": "", "EditDate": 1548697135054, "Editor": "", "signType": "Primary", "bldgName": "Matheson Residence ", "address": "711 Techwood ", "bldgNum": "091", "condition": 3}}, {"type": "Feature", "id": 49, "geometry": {"type": "Point", "coordinates": [-84.3919118903089, 33.7743855091326]}, "properties": {"OBJECTID": 49, "esrignss_receiver": null, "esrignss_h_rms": null, "esrignss_v_rms": null, "esrignss_latitude": null, "esrignss_longitude": null, "esrignss_altitude": null, "esrignss_pdop": null, "esrignss_hdop": null, "esrignss_vdop": null, "esrignss_fixtype": null, "esrignss_correctionage": null, "esrignss_stationid": null, "esrignss_numsats": null, "esrignss_fixdatetime": null, "esrignss_avg_h_rms": null, "esrignss_avg_v_rms": null, "esrignss_avg_positions": null, "esrignss_h_stddev": null, "GlobalID": "510d08ff-1396-4c03-9e9c-61263a9f2821", "CreationDate": 1548697193996, "Creator": "", "EditDate": 1548697193996, "Editor": "", "signType": "Primary", "bldgName": "Perry Residence ", "address": "711 Techwood ", "bldgNum": "092", "condition": 3}}, {"type": "Feature", "id": 50, "geometry": {"type": "Point", "coordinates": [-84.3919179898697, 33.7750117958971]}, "properties": {"OBJECTID": 50, "esrignss_receiver": null, "esrignss_h_rms": null, "esrignss_v_rms": null, "esrignss_latitude": null, "esrignss_longitude": null, "esrignss_altitude": null, "esrignss_pdop": null, "esrignss_hdop": null, "esrignss_vdop": null, "esrignss_fixtype": null, "esrignss_correctionage": null, "esrignss_stationid": null, "esrignss_numsats": null, "esrignss_fixdatetime": null, "esrignss_avg_h_rms": null, "esrignss_avg_v_rms": null, "esrignss_avg_positions": null, "esrignss_h_stddev": null, "GlobalID": "b8bcfbf2-6086-4de4-83f4-85e79bb09c49", "CreationDate": 1548697271878, "Creator": "", "EditDate": 1548697271878, "Editor": "", "signType": "Primary", "bldgName": "Fourth Street Houses", "address": "733 Techwood Dr", "bldgNum": "134", "condition": 3}}, {"type": "Feature", "id": 51, "geometry": {"type": "Point", "coordinates": [-84.3999644576861, 33.7760568457193]}, "properties": {"OBJECTID": 51, "esrignss_receiver": null, "esrignss_h_rms": null, "esrignss_v_rms": null, "esrignss_latitude": null, "esrignss_longitude": null, "esrignss_altitude": null, "esrignss_pdop": null, "esrignss_hdop": null, "esrignss_vdop": null, "esrignss_fixtype": null, "esrignss_correctionage": null, "esrignss_stationid": null, "esrignss_numsats": null, "esrignss_fixdatetime": null, "esrignss_avg_h_rms": null, "esrignss_avg_v_rms": null, "esrignss_avg_positions": null, "esrignss_h_stddev": null, "GlobalID": "52792000-341b-459c-899f-db4a1f1dda2f", "CreationDate": 1550080715856, "Creator": "", "EditDate": 1550080715856, "Editor": "", "signType": "Primary", "bldgName": "Gilbert Hillhouse Boggs", "address": "770 State st", "bldgNum": "103", "condition": 3}}, {"type": "Feature", "id": 52, "geometry": {"type": "Point", "coordinates": [-84.3998536208514, 33.7766662055096]}, "properties": {"OBJECTID": 52, "esrignss_receiver": null, "esrignss_h_rms": null, "esrignss_v_rms": null, "esrignss_latitude": null, "esrignss_longitude": null, "esrignss_altitude": null, "esrignss_pdop": null, "esrignss_hdop": null, "esrignss_vdop": null, "esrignss_fixtype": null, "esrignss_correctionage": null, "esrignss_stationid": null, "esrignss_numsats": null, "esrignss_fixdatetime": null, "esrignss_avg_h_rms": null, "esrignss_avg_v_rms": null, "esrignss_avg_positions": null, "esrignss_h_stddev": null, "GlobalID": "5c7e2b2b-4e93-426d-a8c0-25a21dddb180", "CreationDate": 1550080869300, "Creator": "", "EditDate": 1550080869300, "Editor": "", "signType": "Primary", "bldgName": "Manufacturing Related Disiciplines Complex", "address": "801 Ferst Dr", "bldgNum": "135", "condition": 3}}, {"type": "Feature", "id": 53, "geometry": {"type": "Point", "coordinates": [-84.3982623828863, 33.7783680052392]}, "properties": {"OBJECTID": 53, "esrignss_receiver": null, "esrignss_h_rms": null, "esrignss_v_rms": null, "esrignss_latitude": null, "esrignss_longitude": null, "esrignss_altitude": null, "esrignss_pdop": null, "esrignss_hdop": null, "esrignss_vdop": null, "esrignss_fixtype": null, "esrignss_correctionage": null, "esrignss_stationid": null, "esrignss_numsats": null, "esrignss_fixdatetime": null, "esrignss_avg_h_rms": null, "esrignss_avg_v_rms": null, "esrignss_avg_positions": null, "esrignss_h_stddev": null, "GlobalID": "3bdffd4c-4f65-4bd0-a8e5-4e10f5dc12f6", "CreationDate": 1550082764862, "Creator": "", "EditDate": 1550082764862, "Editor": "", "signType": "Primary", "bldgName": "Marcus Nanotechnology Building ", "address": "345 Ferst Dr", "bldgNum": "181", "condition": 3}}, {"type": "Feature", "id": 54, "geometry": {"type": "Point", "coordinates": [-84.3995538799905, 33.7746875450783]}, "properties": {"OBJECTID": 54, "esrignss_receiver": "iPhone 8", "esrignss_h_rms": 4.000604136840439, "esrignss_v_rms": 3, "esrignss_latitude": 33.774687545289545, "esrignss_longitude": -84.39955388036692, "esrignss_altitude": 296.866698744136, "esrignss_pdop": null, "esrignss_hdop": null, "esrignss_vdop": null, "esrignss_fixtype": null, "esrignss_correctionage": null, "esrignss_stationid": null, "esrignss_numsats": null, "esrignss_fixdatetime": 1551458305000, "esrignss_avg_h_rms": null, "esrignss_avg_v_rms": null, "esrignss_avg_positions": null, "esrignss_h_stddev": null, "GlobalID": "8e8a1423-076c-4460-bd24-4f04c71545bc", "CreationDate": 1551458364747, "Creator": "", "EditDate": 1551458364747, "Editor": "", "signType": "Secondary", "bldgName": "Boggs", "address": "770 State St", "bldgNum": "103", "condition": 3}}, {"type": "Feature", "id": 55, "geometry": {"type": "Point", "coordinates": [-84.4033967811478, 33.7733006716727]}, "properties": {"OBJECTID": 55, "esrignss_receiver": "Eos Positioning Systems #18308770", "esrignss_h_rms": null, "esrignss_v_rms": null, "esrignss_latitude": 33.773300671499996, "esrignss_longitude": -84.40339678103332, "esrignss_altitude": 276.25139999999993, "esrignss_pdop": null, "esrignss_hdop": null, "esrignss_vdop": null, "esrignss_fixtype": null, "esrignss_correctionage": null, "esrignss_stationid": null, "esrignss_numsats": null, "esrignss_fixdatetime": 1551461384000, "esrignss_avg_h_rms": 1.0896882358691162, "esrignss_avg_v_rms": 2.0132, "esrignss_avg_positions": 5, "esrignss_h_stddev": 0.05855695525222684, "GlobalID": "fe6519fa-fd46-4dae-a59f-c6579cdd2976", "CreationDate": 1551461415403, "Creator": "", "EditDate": 1551461415403, "Editor": "", "signType": "Primary", "bldgName": "ERP", "address": "755 Marietta St", "bldgNum": "186", "condition": 3}}, {"type": "Feature", "id": 56, "geometry": {"type": "Point", "coordinates": [-84.4049287815081, 33.7738477497489]}, "properties": {"OBJECTID": 56, "esrignss_receiver": "Eos Positioning Systems #18308770", "esrignss_h_rms": null, "esrignss_v_rms": null, "esrignss_latitude": 33.77384774946667, "esrignss_longitude": -84.40492878146667, "esrignss_altitude": 277.2354, "esrignss_pdop": null, "esrignss_hdop": null, "esrignss_vdop": null, "esrignss_fixtype": null, "esrignss_correctionage": null, "esrignss_stationid": null, "esrignss_numsats": null, "esrignss_fixdatetime": 1551461669000, "esrignss_avg_h_rms": 0.4175029182602964, "esrignss_avg_v_rms": 0.833, "esrignss_avg_positions": 5, "esrignss_h_stddev": 0.0009173814292432478, "GlobalID": "0680fc55-5a76-4640-9883-32483a9d3ba0", "CreationDate": 1551461751827, "Creator": "", "EditDate": 1551461751827, "Editor": "", "signType": "Primary", "bldgName": "EH&S", "address": "793 Marietta St", "bldgNum": "187", "condition": 3}}, {"type": "Feature", "id": 57, "geometry": {"type": "Point", "coordinates": [-84.4042020094089, 33.7737281268182]}, "properties": {"OBJECTID": 57, "esrignss_receiver": "Eos Positioning Systems #18308770", "esrignss_h_rms": null, "esrignss_v_rms": null, "esrignss_latitude": 33.773728127000005, "esrignss_longitude": -84.40420200983333, "esrignss_altitude": 275.2478, "esrignss_pdop": null, "esrignss_hdop": null, "esrignss_vdop": null, "esrignss_fixtype": null, "esrignss_correctionage": null, "esrignss_stationid": null, "esrignss_numsats": null, "esrignss_fixdatetime": 1551461841000, "esrignss_avg_h_rms": 1.028940789290795, "esrignss_avg_v_rms": 1.7588000000000001, "esrignss_avg_positions": 5, "esrignss_h_stddev": 0.03133927954154977, "GlobalID": "27573eab-2dbe-46f7-8be8-40e7da9c5f34", "CreationDate": 1551461924819, "Creator": "", "EditDate": 1551461924819, "Editor": "", "signType": "Primary", "bldgName": "Ivan Allen College", "address": "781 Marietta St", "bldgNum": "137", "condition": 3}}, {"type": "Feature", "id": 58, "geometry": {"type": "Point", "coordinates": [-84.4053633271537, 33.7750382433993]}, "properties": {"OBJECTID": 58, "esrignss_receiver": "Eos Positioning Systems #18308770", "esrignss_h_rms": null, "esrignss_v_rms": null, "esrignss_latitude": 33.7750382435, "esrignss_longitude": -84.40536332713333, "esrignss_altitude": 274.12019999999995, "esrignss_pdop": null, "esrignss_hdop": null, "esrignss_vdop": null, "esrignss_fixtype": null, "esrignss_correctionage": null, "esrignss_stationid": null, "esrignss_numsats": null, "esrignss_fixdatetime": 1551462286000, "esrignss_avg_h_rms": 1.4077564827614073, "esrignss_avg_v_rms": 1.6677999999999997, "esrignss_avg_positions": 5, "esrignss_h_stddev": 0.07916688285363523, "GlobalID": "16400a12-b5da-4699-adb0-3425091c1793", "CreationDate": 1551462318328, "Creator": "", "EditDate": 1551462318328, "Editor": "", "signType": "Secondary", "bldgName": "811 Marietta St", "address": "811 Marietta St", "bldgNum": null, "condition": 3}}, {"type": "Feature", "id": 59, "geometry": {"type": "Point", "coordinates": [-84.4049985069438, 33.7750361653228]}, "properties": {"OBJECTID": 59, "esrignss_receiver": "Eos Positioning Systems #18308770", "esrignss_h_rms": null, "esrignss_v_rms": null, "esrignss_latitude": 33.7750361652, "esrignss_longitude": -84.40499850683334, "esrignss_altitude": 270.1204, "esrignss_pdop": null, "esrignss_hdop": null, "esrignss_vdop": null, "esrignss_fixtype": null, "esrignss_correctionage": null, "esrignss_stationid": null, "esrignss_numsats": null, "esrignss_fixdatetime": 1551462421000, "esrignss_avg_h_rms": 0.4766830316009953, "esrignss_avg_v_rms": 0.8342, "esrignss_avg_positions": 5, "esrignss_h_stddev": 0.019016860001969626, "GlobalID": "ca875be6-099d-4f8d-ac28-9814caf3fb2d", "CreationDate": 1551462455570, "Creator": "", "EditDate": 1551462455570, "Editor": "", "signType": "Secondary", "bldgName": "811 Marietta St", "address": "811 Marietta St", "bldgNum": "138", "condition": 3}}, {"type": "Feature", "id": 60, "geometry": {"type": "Point", "coordinates": [-84.4060953714653, 33.7745915424311]}, "properties": {"OBJECTID": 60, "esrignss_receiver": "Eos Positioning Systems #18308770", "esrignss_h_rms": null, "esrignss_v_rms": null, "esrignss_latitude": 33.77459154256667, "esrignss_longitude": -84.40609537116667, "esrignss_altitude": 275.04679999999996, "esrignss_pdop": null, "esrignss_hdop": null, "esrignss_vdop": null, "esrignss_fixtype": null, "esrignss_correctionage": null, "esrignss_stationid": null, "esrignss_numsats": null, "esrignss_fixdatetime": 1551462569000, "esrignss_avg_h_rms": 1.0682437146900767, "esrignss_avg_v_rms": 1.5388000000000002, "esrignss_avg_positions": 5, "esrignss_h_stddev": 0.014923213133272302, "GlobalID": "664f9e4b-e71f-425c-b0f6-8fbab6ac67e6", "CreationDate": 1551462798407, "Creator": "", "EditDate": 1551462798407, "Editor": "", "signType": "Primary", "bldgName": "811 Marietta St", "address": "811 Marietta St", "bldgNum": "138", "condition": 3}}, {"type": "Feature", "id": 61, "geometry": {"type": "Point", "coordinates": [-84.4064990725573, 33.7752066637451]}, "properties": {"OBJECTID": 61, "esrignss_receiver": "Eos Positioning Systems #18308770", "esrignss_h_rms": null, "esrignss_v_rms": null, "esrignss_latitude": 33.77520666393333, "esrignss_longitude": -84.40649907296668, "esrignss_altitude": 275.70939999999996, "esrignss_pdop": null, "esrignss_hdop": null, "esrignss_vdop": null, "esrignss_fixtype": null, "esrignss_correctionage": null, "esrignss_stationid": null, "esrignss_numsats": null, "esrignss_fixdatetime": 1551462872000, "esrignss_avg_h_rms": 0.5053737119511327, "esrignss_avg_v_rms": 0.8506, "esrignss_avg_positions": 5, "esrignss_h_stddev": 0.010742969652548541, "GlobalID": "322f7299-0baf-4553-9dc7-3456e7a6777d", "CreationDate": 1551462929659, "Creator": "", "EditDate": 1551462929659, "Editor": "", "signType": "Primary", "bldgName": "831 Marietta St", "address": "831 Marietta St", "bldgNum": "184", "condition": 3}}, {"type": "Feature", "id": 62, "geometry": {"type": "Point", "coordinates": [-84.4066336015593, 33.7754709615767]}, "properties": {"OBJECTID": 62, "esrignss_receiver": "Eos Positioning Systems #18308770", "esrignss_h_rms": null, "esrignss_v_rms": null, "esrignss_latitude": 33.775470961333326, "esrignss_longitude": -84.40663360153333, "esrignss_altitude": 275.164, "esrignss_pdop": null, "esrignss_hdop": null, "esrignss_vdop": null, "esrignss_fixtype": null, "esrignss_correctionage": null, "esrignss_stationid": null, "esrignss_numsats": null, "esrignss_fixdatetime": 1551462977000, "esrignss_avg_h_rms": 1.2097867220016014, "esrignss_avg_v_rms": 1.8194, "esrignss_avg_positions": 5, "esrignss_h_stddev": 0.03644584991914879, "GlobalID": "3cb8cf4f-315c-47cb-be15-538bf20530e1", "CreationDate": 1551463033505, "Creator": "", "EditDate": 1551463033505, "Editor": "", "signType": "Primary", "bldgName": "845 Marietta St", "address": "845 Marietta St", "bldgNum": "156", "condition": 3}}, {"type": "Feature", "id": 63, "geometry": {"type": "Point", "coordinates": [-84.3989619369307, 33.7798131721625]}, "properties": {"OBJECTID": 63, "esrignss_receiver": null, "esrignss_h_rms": null, "esrignss_v_rms": null, "esrignss_latitude": null, "esrignss_longitude": null, "esrignss_altitude": null, "esrignss_pdop": null, "esrignss_hdop": null, "esrignss_vdop": null, "esrignss_fixtype": null, "esrignss_correctionage": null, "esrignss_stationid": null, "esrignss_numsats": null, "esrignss_fixdatetime": null, "esrignss_avg_h_rms": null, "esrignss_avg_v_rms": null, "esrignss_avg_positions": null, "esrignss_h_stddev": null, "GlobalID": "651bcb64-a9ba-424e-8b8e-be79f3f4d74e", "CreationDate": 1551712587039, "Creator": "", "EditDate": 1551712587039, "Editor": "", "signType": "Primary", "bldgName": "North campus deck", "address": null, "bldgNum": null, "condition": 3}}, {"type": "Feature", "id": 64, "geometry": {"type": "Point", "coordinates": [-84.397644268309, 33.7808399644881]}, "properties": {"OBJECTID": 64, "esrignss_receiver": null, "esrignss_h_rms": null, "esrignss_v_rms": null, "esrignss_latitude": null, "esrignss_longitude": null, "esrignss_altitude": null, "esrignss_pdop": null, "esrignss_hdop": null, "esrignss_vdop": null, "esrignss_fixtype": null, "esrignss_correctionage": null, "esrignss_stationid": null, "esrignss_numsats": null, "esrignss_fixdatetime": null, "esrignss_avg_h_rms": null, "esrignss_avg_v_rms": null, "esrignss_avg_positions": null, "esrignss_h_stddev": null, "GlobalID": "877ce8ce-c634-4a2d-a19e-16cd9901d93b", "CreationDate": 1551713059099, "Creator": "", "EditDate": 1551713059099, "Editor": "", "signType": "Primary", "bldgName": "EBB", "address": "950 Atlantic Dr", "bldgNum": "195", "condition": 3}}, {"type": "Feature", "id": 65, "geometry": {"type": "Point", "coordinates": [-84.3976451908788, 33.7796168998656]}, "properties": {"OBJECTID": 65, "esrignss_receiver": null, "esrignss_h_rms": null, "esrignss_v_rms": null, "esrignss_latitude": null, "esrignss_longitude": null, "esrignss_altitude": null, "esrignss_pdop": null, "esrignss_hdop": null, "esrignss_vdop": null, "esrignss_fixtype": null, "esrignss_correctionage": null, "esrignss_stationid": null, "esrignss_numsats": null, "esrignss_fixdatetime": null, "esrignss_avg_h_rms": null, "esrignss_avg_v_rms": null, "esrignss_avg_positions": null, "esrignss_h_stddev": null, "GlobalID": "dc0b314b-c7a0-4736-bec2-d75174606610", "CreationDate": 1551713243971, "Creator": "", "EditDate": 1551713243971, "Editor": "", "signType": "Primary", "bldgName": "BioQuad", "address": null, "bldgNum": "BioQuad", "condition": 3}}, {"type": "Feature", "id": 66, "geometry": {"type": "Point", "coordinates": [-84.3976500902903, 33.7795528532625]}, "properties": {"OBJECTID": 66, "esrignss_receiver": "iPhone 8", "esrignss_h_rms": 6.000906205260658, "esrignss_v_rms": 3, "esrignss_latitude": 33.77955285346975, "esrignss_longitude": -84.397650089867, "esrignss_altitude": 278.7389114228783, "esrignss_pdop": null, "esrignss_hdop": null, "esrignss_vdop": null, "esrignss_fixtype": null, "esrignss_correctionage": null, "esrignss_stationid": null, "esrignss_numsats": null, "esrignss_fixdatetime": 1551713256999, "esrignss_avg_h_rms": null, "esrignss_avg_v_rms": null, "esrignss_avg_positions": null, "esrignss_h_stddev": null, "GlobalID": "0921e7dd-8e7f-490d-a611-59fad16b7f7e", "CreationDate": 1551713301564, "Creator": "", "EditDate": 1551713301564, "Editor": "", "signType": "Secondary", "bldgName": "IBB", "address": "315 Ferst Dr", "bldgNum": "146", "condition": 3}}, {"type": "Feature", "id": 67, "geometry": {"type": "Point", "coordinates": [-84.3955509556434, 33.7776442765589]}, "properties": {"OBJECTID": 67, "esrignss_receiver": null, "esrignss_h_rms": null, "esrignss_v_rms": null, "esrignss_latitude": null, "esrignss_longitude": null, "esrignss_altitude": null, "esrignss_pdop": null, "esrignss_hdop": null, "esrignss_vdop": null, "esrignss_fixtype": null, "esrignss_correctionage": null, "esrignss_stationid": null, "esrignss_numsats": null, "esrignss_fixdatetime": null, "esrignss_avg_h_rms": null, "esrignss_avg_v_rms": null, "esrignss_avg_positions": null, "esrignss_h_stddev": null, "GlobalID": "933b18db-0671-4e32-b3f2-36ded3020588", "CreationDate": 1551713941656, "Creator": "", "EditDate": 1551713941656, "Editor": "", "signType": "Primary", "bldgName": "Russ Chandler Stadium", "address": "255 Ferst Dr", "bldgNum": "168", "condition": 2}}, {"type": "Feature", "id": 68, "geometry": {"type": "Point", "coordinates": [-84.3963177827228, 33.7765343415353]}, "properties": {"OBJECTID": 68, "esrignss_receiver": null, "esrignss_h_rms": null, "esrignss_v_rms": null, "esrignss_latitude": null, "esrignss_longitude": null, "esrignss_altitude": null, "esrignss_pdop": null, "esrignss_hdop": null, "esrignss_vdop": null, "esrignss_fixtype": null, "esrignss_correctionage": null, "esrignss_stationid": null, "esrignss_numsats": null, "esrignss_fixdatetime": null, "esrignss_avg_h_rms": null, "esrignss_avg_v_rms": null, "esrignss_avg_positions": null, "esrignss_h_stddev": null, "GlobalID": "ed16454c-c229-41d9-b16c-4e37ac1d79a4", "CreationDate": 1551714176542, "Creator": "", "EditDate": 1551714176542, "Editor": "", "signType": "Secondary", "bldgName": "Laud", "address": "266 Ferst", "bldgNum": "153", "condition": 1}}, {"type": "Feature", "id": 69, "geometry": {"type": "Point", "coordinates": [-84.3967096745621, 33.7766335355976]}, "properties": {"OBJECTID": 69, "esrignss_receiver": null, "esrignss_h_rms": null, "esrignss_v_rms": null, "esrignss_latitude": null, "esrignss_longitude": null, "esrignss_altitude": null, "esrignss_pdop": null, "esrignss_hdop": null, "esrignss_vdop": null, "esrignss_fixtype": null, "esrignss_correctionage": null, "esrignss_stationid": null, "esrignss_numsats": null, "esrignss_fixdatetime": null, "esrignss_avg_h_rms": null, "esrignss_avg_v_rms": null, "esrignss_avg_positions": null, "esrignss_h_stddev": null, "GlobalID": "019be090-61ad-4ef9-ab38-a254c14c1213", "CreationDate": 1551714305273, "Creator": "", "EditDate": 1551714305273, "Editor": "", "signType": "Primary", "bldgName": "Candlelight", "address": "280 Ferst Dr", "bldgNum": "060A", "condition": 3}}, {"type": "Feature", "id": 70, "geometry": {"type": "Point", "coordinates": [-84.402361236526, 33.7707657290653]}, "properties": {"OBJECTID": 70, "esrignss_receiver": null, "esrignss_h_rms": null, "esrignss_v_rms": null, "esrignss_latitude": null, "esrignss_longitude": null, "esrignss_altitude": null, "esrignss_pdop": null, "esrignss_hdop": null, "esrignss_vdop": null, "esrignss_fixtype": null, "esrignss_correctionage": null, "esrignss_stationid": null, "esrignss_numsats": null, "esrignss_fixdatetime": null, "esrignss_avg_h_rms": null, "esrignss_avg_v_rms": null, "esrignss_avg_positions": null, "esrignss_h_stddev": null, "GlobalID": "7e7daa1a-1beb-4a39-ba38-2e2f93085256", "CreationDate": 1553621553874, "Creator": "", "EditDate": 1553621553874, "Editor": "", "signType": "Primary", "bldgName": "NARA Tech Way", "address": "505 Tech Way", "bldgNum": "136", "condition": 3}}, {"type": "Feature", "id": 71, "geometry": {"type": "Point", "coordinates": [-84.4020408550748, 33.7707303865564]}, "properties": {"OBJECTID": 71, "esrignss_receiver": null, "esrignss_h_rms": null, "esrignss_v_rms": null, "esrignss_latitude": null, "esrignss_longitude": null, "esrignss_altitude": null, "esrignss_pdop": null, "esrignss_hdop": null, "esrignss_vdop": null, "esrignss_fixtype": null, "esrignss_correctionage": null, "esrignss_stationid": null, "esrignss_numsats": null, "esrignss_fixdatetime": null, "esrignss_avg_h_rms": null, "esrignss_avg_v_rms": null, "esrignss_avg_positions": null, "esrignss_h_stddev": null, "GlobalID": "783d421a-d9fc-4398-b774-d00644b04d6e", "CreationDate": 1553621665445, "Creator": "", "EditDate": 1553621665445, "Editor": "", "signType": "Primary", "bldgName": "CNES", "address": "495 Tech Way", "bldgNum": "199", "condition": 3}}, {"type": "Feature", "id": 72, "geometry": {"type": "Point", "coordinates": [-84.4020408550748, 33.7707303865564]}, "properties": {"OBJECTID": 72, "esrignss_receiver": null, "esrignss_h_rms": null, "esrignss_v_rms": null, "esrignss_latitude": null, "esrignss_longitude": null, "esrignss_altitude": null, "esrignss_pdop": null, "esrignss_hdop": null, "esrignss_vdop": null, "esrignss_fixtype": null, "esrignss_correctionage": null, "esrignss_stationid": null, "esrignss_numsats": null, "esrignss_fixdatetime": null, "esrignss_avg_h_rms": null, "esrignss_avg_v_rms": null, "esrignss_avg_positions": null, "esrignss_h_stddev": null, "GlobalID": "2c6089eb-2988-43e2-8878-53ec801270bc", "CreationDate": 1553621732369, "Creator": "", "EditDate": 1553621732369, "Editor": "", "signType": "Primary", "bldgName": "CNES", "address": "495 Tech Way", "bldgNum": "199", "condition": 3}}, {"type": "Feature", "id": 73, "geometry": {"type": "Point", "coordinates": [-84.4030810179355, 33.7704926962501]}, "properties": {"OBJECTID": 73, "esrignss_receiver": null, "esrignss_h_rms": null, "esrignss_v_rms": null, "esrignss_latitude": null, "esrignss_longitude": null, "esrignss_altitude": null, "esrignss_pdop": null, "esrignss_hdop": null, "esrignss_vdop": null, "esrignss_fixtype": null, "esrignss_correctionage": null, "esrignss_stationid": null, "esrignss_numsats": null, "esrignss_fixdatetime": null, "esrignss_avg_h_rms": null, "esrignss_avg_v_rms": null, "esrignss_avg_positions": null, "esrignss_h_stddev": null, "GlobalID": "09a8ba1b-9855-4017-b53f-ddababd5747d", "CreationDate": 1553621874831, "Creator": "", "EditDate": 1553621874831, "Editor": "", "signType": "Primary", "bldgName": "Ben T. Zinn Combustion lab", "address": "635 Strong St", "bldgNum": "151", "condition": 3}}, {"type": "Feature", "id": 74, "geometry": {"type": "Point", "coordinates": [-84.4033100164678, 33.7704970945681]}, "properties": {"OBJECTID": 74, "esrignss_receiver": null, "esrignss_h_rms": null, "esrignss_v_rms": null, "esrignss_latitude": null, "esrignss_longitude": null, "esrignss_altitude": null, "esrignss_pdop": null, "esrignss_hdop": null, "esrignss_vdop": null, "esrignss_fixtype": null, "esrignss_correctionage": null, "esrignss_stationid": null, "esrignss_numsats": null, "esrignss_fixdatetime": null, "esrignss_avg_h_rms": null, "esrignss_avg_v_rms": null, "esrignss_avg_positions": null, "esrignss_h_stddev": null, "GlobalID": "02a0db6c-6b7c-420f-a559-d8913fe06697", "CreationDate": 1553621960478, "Creator": "", "EditDate": 1553621960478, "Editor": "", "signType": "Primary", "bldgName": "Food Processing ", "address": "640 Strong St", "bldgNum": "159", "condition": 3}}, {"type": "Feature", "id": 75, "geometry": {"type": "Point", "coordinates": [-84.4030604105829, 33.7708088697715]}, "properties": {"OBJECTID": 75, "esrignss_receiver": null, "esrignss_h_rms": null, "esrignss_v_rms": null, "esrignss_latitude": null, "esrignss_longitude": null, "esrignss_altitude": null, "esrignss_pdop": null, "esrignss_hdop": null, "esrignss_vdop": null, "esrignss_fixtype": null, "esrignss_correctionage": null, "esrignss_stationid": null, "esrignss_numsats": null, "esrignss_fixdatetime": null, "esrignss_avg_h_rms": null, "esrignss_avg_v_rms": null, "esrignss_avg_positions": null, "esrignss_h_stddev": null, "GlobalID": "4462fe73-b9ea-455c-b77b-8453afead1dd", "CreationDate": 1553622052959, "Creator": "", "EditDate": 1553622052959, "Editor": "", "signType": "Primary", "bldgName": "Tech Way building ", "address": "505 Tech Way", "bldgNum": "136", "condition": 3}}, {"type": "Feature", "id": 76, "geometry": {"type": "Point", "coordinates": [-84.4045392657127, 33.7707722167502]}, "properties": {"OBJECTID": 76, "esrignss_receiver": null, "esrignss_h_rms": null, "esrignss_v_rms": null, "esrignss_latitude": null, "esrignss_longitude": null, "esrignss_altitude": null, "esrignss_pdop": null, "esrignss_hdop": null, "esrignss_vdop": null, "esrignss_fixtype": null, "esrignss_correctionage": null, "esrignss_stationid": null, "esrignss_numsats": null, "esrignss_fixdatetime": null, "esrignss_avg_h_rms": null, "esrignss_avg_v_rms": null, "esrignss_avg_positions": null, "esrignss_h_stddev": null, "GlobalID": "44014dc2-de04-4e9b-812c-43e0ea68d2c6", "CreationDate": 1553622339924, "Creator": "", "EditDate": 1553622339924, "Editor": "", "signType": "Primary", "bldgName": "Structural engineering and materials research lab", "address": "625 lambert st", "bldgNum": "149", "condition": 3}}, {"type": "Feature", "id": 77, "geometry": {"type": "Point", "coordinates": [-84.4025771007904, 33.7729969499675]}, "properties": {"OBJECTID": 77, "esrignss_receiver": "Eos Positioning Systems #18308770", "esrignss_h_rms": 0.4214451328464952, "esrignss_v_rms": 0.689, "esrignss_latitude": 33.772996950166664, "esrignss_longitude": -84.4025771005, "esrignss_altitude": 273.702, "esrignss_pdop": 1.1, "esrignss_hdop": 0.6, "esrignss_vdop": 0.9, "esrignss_fixtype": 2, "esrignss_correctionage": 6, "esrignss_stationid": 138, "esrignss_numsats": 23, "esrignss_fixdatetime": 1557841633000, "esrignss_avg_h_rms": null, "esrignss_avg_v_rms": null, "esrignss_avg_positions": null, "esrignss_h_stddev": null, "GlobalID": "792dbc74-b525-4e70-831d-e68a0c83f015", "CreationDate": 1557841727835, "Creator": "", "EditDate": 1557841727835, "Editor": "", "signType": "Primary", "bldgName": "Human Resources building ", "address": "500 Tech Parkway", "bldgNum": "142", "condition": 3}}, {"type": "Feature", "id": 78, "geometry": {"type": "Point", "coordinates": [-84.4019483753129, 33.7726430450691]}, "properties": {"OBJECTID": 78, "esrignss_receiver": "iPhone 8", "esrignss_h_rms": 4.000604136840439, "esrignss_v_rms": 3, "esrignss_latitude": 33.77264304473506, "esrignss_longitude": -84.40194837533369, "esrignss_altitude": 306.78186224668036, "esrignss_pdop": null, "esrignss_hdop": null, "esrignss_vdop": null, "esrignss_fixtype": null, "esrignss_correctionage": null, "esrignss_stationid": null, "esrignss_numsats": null, "esrignss_fixdatetime": 1557842759999, "esrignss_avg_h_rms": null, "esrignss_avg_v_rms": null, "esrignss_avg_positions": null, "esrignss_h_stddev": null, "GlobalID": "3a4a8383-a7cb-4906-ae05-f406946d8a45", "CreationDate": 1557842836240, "Creator": "", "EditDate": 1557842836240, "Editor": "", "signType": "Primary", "bldgName": "Business Services Building ", "address": "711 Marietta St", "bldgNum": "164", "condition": 3}}, {"type": "Feature", "id": 79, "geometry": {"type": "Point", "coordinates": [-84.4035384068406, 33.7744729987861]}, "properties": {"OBJECTID": 79, "esrignss_receiver": null, "esrignss_h_rms": null, "esrignss_v_rms": null, "esrignss_latitude": null, "esrignss_longitude": null, "esrignss_altitude": null, "esrignss_pdop": null, "esrignss_hdop": null, "esrignss_vdop": null, "esrignss_fixtype": null, "esrignss_correctionage": null, "esrignss_stationid": null, "esrignss_numsats": null, "esrignss_fixdatetime": null, "esrignss_avg_h_rms": null, "esrignss_avg_v_rms": null, "esrignss_avg_positions": null, "esrignss_h_stddev": null, "GlobalID": "668d60fe-64e1-48a6-a392-22414e5842e1", "CreationDate": 1557844718071, "Creator": "", "EditDate": 1557844718071, "Editor": "", "signType": "Primary", "bldgName": "Joseph Brown Whitehead ", "address": "740 Ferst Dr", "bldgNum": "177", "condition": 3}}, {"type": "Feature", "id": 80, "geometry": {"type": "Point", "coordinates": [-84.4026877157412, 33.7746959649431]}, "properties": {"OBJECTID": 80, "esrignss_receiver": null, "esrignss_h_rms": null, "esrignss_v_rms": null, "esrignss_latitude": null, "esrignss_longitude": null, "esrignss_altitude": null, "esrignss_pdop": null, "esrignss_hdop": null, "esrignss_vdop": null, "esrignss_fixtype": null, "esrignss_correctionage": null, "esrignss_stationid": null, "esrignss_numsats": null, "esrignss_fixdatetime": null, "esrignss_avg_h_rms": null, "esrignss_avg_v_rms": null, "esrignss_avg_positions": null, "esrignss_h_stddev": null, "GlobalID": "d33ffc78-31d5-445e-833a-9d17ba788ac9", "CreationDate": 1557846064344, "Creator": "", "EditDate": 1557846064344, "Editor": "", "signType": "Primary", "bldgName": "Joseph Brown Whitehead", "address": "740 Ferst Dr", "bldgNum": "177", "condition": 3}}, {"type": "Feature", "id": 81, "geometry": {"type": "Point", "coordinates": [-84.402670557021, 33.7753181724493]}, "properties": {"OBJECTID": 81, "esrignss_receiver": null, "esrignss_h_rms": null, "esrignss_v_rms": null, "esrignss_latitude": null, "esrignss_longitude": null, "esrignss_altitude": null, "esrignss_pdop": null, "esrignss_hdop": null, "esrignss_vdop": null, "esrignss_fixtype": null, "esrignss_correctionage": null, "esrignss_stationid": null, "esrignss_numsats": null, "esrignss_fixdatetime": null, "esrignss_avg_h_rms": null, "esrignss_avg_v_rms": null, "esrignss_avg_positions": null, "esrignss_h_stddev": null, "GlobalID": "cd419fd3-a3c8-4cc5-87a1-692aa78ad5de", "CreationDate": 1557846186759, "Creator": "", "EditDate": 1557846186759, "Editor": "", "signType": "Primary", "bldgName": "Campus recreation department ", "address": "750 Ferst Dr", "bldgNum": "160", "condition": 3}}, {"type": "Feature", "id": 82, "geometry": {"type": "Point", "coordinates": [-84.4056130758707, 33.7762458817568]}, "properties": {"OBJECTID": 82, "esrignss_receiver": null, "esrignss_h_rms": null, "esrignss_v_rms": null, "esrignss_latitude": null, "esrignss_longitude": null, "esrignss_altitude": null, "esrignss_pdop": null, "esrignss_hdop": null, "esrignss_vdop": null, "esrignss_fixtype": null, "esrignss_correctionage": null, "esrignss_stationid": null, "esrignss_numsats": null, "esrignss_fixdatetime": null, "esrignss_avg_h_rms": null, "esrignss_avg_v_rms": null, "esrignss_avg_positions": null, "esrignss_h_stddev": null, "GlobalID": "06b96195-7d88-4b89-ac26-e2f107510abb", "CreationDate": 1557850522427, "Creator": "", "EditDate": 1557850522427, "Editor": "", "signType": "Primary", "bldgName": "Campus recreation center deck", "address": "750 Ferst Dr", "bldgNum": "162", "condition": 2}}, {"type": "Feature", "id": 83, "geometry": {"type": "Point", "coordinates": [-84.4044541117119, 33.7772972700587]}, "properties": {"OBJECTID": 83, "esrignss_receiver": null, "esrignss_h_rms": null, "esrignss_v_rms": null, "esrignss_latitude": null, "esrignss_longitude": null, "esrignss_altitude": null, "esrignss_pdop": null, "esrignss_hdop": null, "esrignss_vdop": null, "esrignss_fixtype": null, "esrignss_correctionage": null, "esrignss_stationid": null, "esrignss_numsats": null, "esrignss_fixdatetime": null, "esrignss_avg_h_rms": null, "esrignss_avg_v_rms": null, "esrignss_avg_positions": null, "esrignss_h_stddev": null, "GlobalID": "72f58381-78c5-4161-a5bb-0b2ef4c238c3", "CreationDate": 1557852739466, "Creator": "", "EditDate": 1557852739466, "Editor": "", "signType": "Primary", "bldgName": "Maulding residence hall", "address": "501 Sixth St", "bldgNum": "65A", "condition": 3}}, {"type": "Feature", "id": 84, "geometry": {"type": "Point", "coordinates": [-84.4041317072548, 33.777673320204]}, "properties": {"OBJECTID": 84, "esrignss_receiver": null, "esrignss_h_rms": null, "esrignss_v_rms": null, "esrignss_latitude": null, "esrignss_longitude": null, "esrignss_altitude": null, "esrignss_pdop": null, "esrignss_hdop": null, "esrignss_vdop": null, "esrignss_fixtype": null, "esrignss_correctionage": null, "esrignss_stationid": null, "esrignss_numsats": null, "esrignss_fixdatetime": null, "esrignss_avg_h_rms": null, "esrignss_avg_v_rms": null, "esrignss_avg_positions": null, "esrignss_h_stddev": null, "GlobalID": "3864163a-1e16-44b7-b78e-b6e1955b908c", "CreationDate": 1557852879916, "Creator": "", "EditDate": 1557852879916, "Editor": "", "signType": "Primary", "bldgName": "Freeman residence hall", "address": "835 McMillan St", "bldgNum": "117", "condition": 3}}, {"type": "Feature", "id": 85, "geometry": {"type": "Point", "coordinates": [-84.4041281400448, 33.777739094537]}, "properties": {"OBJECTID": 85, "esrignss_receiver": null, "esrignss_h_rms": null, "esrignss_v_rms": null, "esrignss_latitude": null, "esrignss_longitude": null, "esrignss_altitude": null, "esrignss_pdop": null, "esrignss_hdop": null, "esrignss_vdop": null, "esrignss_fixtype": null, "esrignss_correctionage": null, "esrignss_stationid": null, "esrignss_numsats": null, "esrignss_fixdatetime": null, "esrignss_avg_h_rms": null, "esrignss_avg_v_rms": null, "esrignss_avg_positions": null, "esrignss_h_stddev": null, "GlobalID": "27bdbcd5-5c31-4764-8aa1-6fd8162858bf", "CreationDate": 1557852984319, "Creator": "", "EditDate": 1557852984319, "Editor": "", "signType": "Primary", "bldgName": "Montag residence hall", "address": "845 McMillan St", "bldgNum": "118", "condition": 1}}, {"type": "Feature", "id": 86, "geometry": {"type": "Point", "coordinates": [-84.4041275552415, 33.7781725039342]}, "properties": {"OBJECTID": 86, "esrignss_receiver": "iPhone 8", "esrignss_h_rms": 6.000906205260658, "esrignss_v_rms": 3.1622776985168457, "esrignss_latitude": 33.77817250363299, "esrignss_longitude": -84.40412755559429, "esrignss_altitude": 296.64738985098893, "esrignss_pdop": null, "esrignss_hdop": null, "esrignss_vdop": null, "esrignss_fixtype": null, "esrignss_correctionage": null, "esrignss_stationid": null, "esrignss_numsats": null, "esrignss_fixdatetime": 1557853104999, "esrignss_avg_h_rms": null, "esrignss_avg_v_rms": null, "esrignss_avg_positions": null, "esrignss_h_stddev": null, "GlobalID": "b48b25f7-d4e7-44f5-aa8a-4baf206c8ad4", "CreationDate": 1557853174056, "Creator": "", "EditDate": 1557853174056, "Editor": "", "signType": "Primary", "bldgName": "Fitten residence hall", "address": "855 McMillan St", "bldgNum": "119", "condition": 3}}, {"type": "Feature", "id": 87, "geometry": {"type": "Point", "coordinates": [-84.4042725298537, 33.7783739875964]}, "properties": {"OBJECTID": 87, "esrignss_receiver": null, "esrignss_h_rms": null, "esrignss_v_rms": null, "esrignss_latitude": null, "esrignss_longitude": null, "esrignss_altitude": null, "esrignss_pdop": null, "esrignss_hdop": null, "esrignss_vdop": null, "esrignss_fixtype": null, "esrignss_correctionage": null, "esrignss_stationid": null, "esrignss_numsats": null, "esrignss_fixdatetime": null, "esrignss_avg_h_rms": null, "esrignss_avg_v_rms": null, "esrignss_avg_positions": null, "esrignss_h_stddev": null, "GlobalID": "2d61b87a-1ea8-4976-b9ec-50861bab250a", "CreationDate": 1557853763406, "Creator": "", "EditDate": 1557853763406, "Editor": "", "signType": "Primary", "bldgName": "J Allen Couch", "address": "840 McMillan St", "bldgNum": "115", "condition": 3}}, {"type": "Feature", "id": 88, "geometry": {"type": "Point", "coordinates": [-84.4045567325551, 33.7787413626668]}, "properties": {"OBJECTID": 88, "esrignss_receiver": null, "esrignss_h_rms": null, "esrignss_v_rms": null, "esrignss_latitude": null, "esrignss_longitude": null, "esrignss_altitude": null, "esrignss_pdop": null, "esrignss_hdop": null, "esrignss_vdop": null, "esrignss_fixtype": null, "esrignss_correctionage": null, "esrignss_stationid": null, "esrignss_numsats": null, "esrignss_fixdatetime": null, "esrignss_avg_h_rms": null, "esrignss_avg_v_rms": null, "esrignss_avg_positions": null, "esrignss_h_stddev": null, "GlobalID": "c25baf1d-97b0-4266-b7cc-f3ec0ffa6ac8", "CreationDate": 1557854473231, "Creator": "", "EditDate": 1557854473231, "Editor": "", "signType": "Primary", "bldgName": "Caldwell", "address": "521 Turner Place", "bldgNum": "109", "condition": 3}}, {"type": "Feature", "id": 89, "geometry": {"type": "Point", "coordinates": [-84.4047072542641, 33.7787475368924]}, "properties": {"OBJECTID": 89, "esrignss_receiver": null, "esrignss_h_rms": null, "esrignss_v_rms": null, "esrignss_latitude": null, "esrignss_longitude": null, "esrignss_altitude": null, "esrignss_pdop": null, "esrignss_hdop": null, "esrignss_vdop": null, "esrignss_fixtype": null, "esrignss_correctionage": null, "esrignss_stationid": null, "esrignss_numsats": null, "esrignss_fixdatetime": null, "esrignss_avg_h_rms": null, "esrignss_avg_v_rms": null, "esrignss_avg_positions": null, "esrignss_h_stddev": null, "GlobalID": "452aa737-74fb-4f8e-be0d-0c4b655fece4", "CreationDate": 1557854540668, "Creator": "", "EditDate": 1557854540668, "Editor": "", "signType": "Primary", "bldgName": "Folk Residence Hall", "address": "531 Turner Place", "bldgNum": "110", "condition": 3}}, {"type": "Feature", "id": 90, "geometry": {"type": "Point", "coordinates": [-84.406224856427, 33.7790641018175]}, "properties": {"OBJECTID": 90, "esrignss_receiver": null, "esrignss_h_rms": null, "esrignss_v_rms": null, "esrignss_latitude": null, "esrignss_longitude": null, "esrignss_altitude": null, "esrignss_pdop": null, "esrignss_hdop": null, "esrignss_vdop": null, "esrignss_fixtype": null, "esrignss_correctionage": null, "esrignss_stationid": null, "esrignss_numsats": null, "esrignss_fixdatetime": null, "esrignss_avg_h_rms": null, "esrignss_avg_v_rms": null, "esrignss_avg_positions": null, "esrignss_h_stddev": null, "GlobalID": "312684ec-50b0-4612-9136-61f9992b4dc0", "CreationDate": 1557855154730, "Creator": "", "EditDate": 1557855154730, "Editor": "", "signType": "Primary", "bldgName": "Woodruff", "address": "870 Curran St", "bldgNum": "116", "condition": 3}}, {"type": "Feature", "id": 91, "geometry": {"type": "Point", "coordinates": [-84.4047167018459, 33.7795977404709]}, "properties": {"OBJECTID": 91, "esrignss_receiver": null, "esrignss_h_rms": null, "esrignss_v_rms": null, "esrignss_latitude": null, "esrignss_longitude": null, "esrignss_altitude": null, "esrignss_pdop": null, "esrignss_hdop": null, "esrignss_vdop": null, "esrignss_fixtype": null, "esrignss_correctionage": null, "esrignss_stationid": null, "esrignss_numsats": null, "esrignss_fixdatetime": null, "esrignss_avg_h_rms": null, "esrignss_avg_v_rms": null, "esrignss_avg_positions": null, "esrignss_h_stddev": null, "GlobalID": "9f6cb2e7-48aa-47dc-8f29-05f5ec3bde26", "CreationDate": 1557856835552, "Creator": "", "EditDate": 1557856835552, "Editor": "", "signType": "Primary", "bldgName": "West Village Dining Commons", "address": "532 Eighth St", "bldgNum": "209", "condition": 3}}, {"type": "Feature", "id": 92, "geometry": {"type": "Point", "coordinates": [-84.4045501056832, 33.7797269520631]}, "properties": {"OBJECTID": 92, "esrignss_receiver": null, "esrignss_h_rms": null, "esrignss_v_rms": null, "esrignss_latitude": null, "esrignss_longitude": null, "esrignss_altitude": null, "esrignss_pdop": null, "esrignss_hdop": null, "esrignss_vdop": null, "esrignss_fixtype": null, "esrignss_correctionage": null, "esrignss_stationid": null, "esrignss_numsats": null, "esrignss_fixdatetime": null, "esrignss_avg_h_rms": null, "esrignss_avg_v_rms": null, "esrignss_avg_positions": null, "esrignss_h_stddev": null, "GlobalID": "d8f6931a-687b-4fd6-a2df-dc815ffe10d1", "CreationDate": 1557857699656, "Creator": "", "EditDate": 1557857699656, "Editor": "", "signType": "Primary", "bldgName": "Eighth street apartments ", "address": "555 Eighth St", "bldgNum": "130", "condition": 3}}, {"type": "Feature", "id": 93, "geometry": {"type": "Point", "coordinates": [-84.4039072452148, 33.7795869549095]}, "properties": {"OBJECTID": 93, "esrignss_receiver": null, "esrignss_h_rms": null, "esrignss_v_rms": null, "esrignss_latitude": null, "esrignss_longitude": null, "esrignss_altitude": null, "esrignss_pdop": null, "esrignss_hdop": null, "esrignss_vdop": null, "esrignss_fixtype": null, "esrignss_correctionage": null, "esrignss_stationid": null, "esrignss_numsats": null, "esrignss_fixdatetime": null, "esrignss_avg_h_rms": null, "esrignss_avg_v_rms": null, "esrignss_avg_positions": null, "esrignss_h_stddev": null, "GlobalID": "ad3c45c1-c47d-480e-9daa-de00329c5c81", "CreationDate": 1557858317723, "Creator": "", "EditDate": 1557858317723, "Editor": "", "signType": "Primary", "bldgName": "Hefner", "address": "510 Eighth St", "bldgNum": "107", "condition": 3}}, {"type": "Feature", "id": 94, "geometry": {"type": "Point", "coordinates": [-84.4036589966843, 33.7795874656277]}, "properties": {"OBJECTID": 94, "esrignss_receiver": null, "esrignss_h_rms": null, "esrignss_v_rms": null, "esrignss_latitude": null, "esrignss_longitude": null, "esrignss_altitude": null, "esrignss_pdop": null, "esrignss_hdop": null, "esrignss_vdop": null, "esrignss_fixtype": null, "esrignss_correctionage": null, "esrignss_stationid": null, "esrignss_numsats": null, "esrignss_fixdatetime": null, "esrignss_avg_h_rms": null, "esrignss_avg_v_rms": null, "esrignss_avg_positions": null, "esrignss_h_stddev": null, "GlobalID": "ead9460b-35b1-4d6a-907c-e0e022cdc86e", "CreationDate": 1557858409494, "Creator": "", "EditDate": 1557858409494, "Editor": "", "signType": "Primary", "bldgName": "Armstrong", "address": "498 Eighth St", "bldgNum": "108", "condition": 3}}, {"type": "Feature", "id": 95, "geometry": {"type": "Point", "coordinates": [-84.4021162219305, 33.7751469820555]}, "properties": {"OBJECTID": 95, "esrignss_receiver": null, "esrignss_h_rms": null, "esrignss_v_rms": null, "esrignss_latitude": null, "esrignss_longitude": null, "esrignss_altitude": null, "esrignss_pdop": null, "esrignss_hdop": null, "esrignss_vdop": null, "esrignss_fixtype": null, "esrignss_correctionage": null, "esrignss_stationid": null, "esrignss_numsats": null, "esrignss_fixdatetime": null, "esrignss_avg_h_rms": null, "esrignss_avg_v_rms": null, "esrignss_avg_positions": null, "esrignss_h_stddev": null, "GlobalID": "b0d1eae2-62bc-477d-a5ad-3b0e5a70a9d2", "CreationDate": 1557929106186, "Creator": "", "EditDate": 1557929106186, "Editor": "", "signType": "Primary", "bldgName": "Industrial and systems engineering ", "address": "755 Ferst Dr", "bldgNum": "057", "condition": 3}}, {"type": "Feature", "id": 96, "geometry": {"type": "Point", "coordinates": [-84.4012898410394, 33.7766297685475]}, "properties": {"OBJECTID": 96, "esrignss_receiver": "iPhone 8", "esrignss_h_rms": 4.000604136840439, "esrignss_v_rms": 3.1622776985168457, "esrignss_latitude": 33.77662976820313, "esrignss_longitude": -84.40128984111726, "esrignss_altitude": 299.6043197632087, "esrignss_pdop": null, "esrignss_hdop": null, "esrignss_vdop": null, "esrignss_fixtype": null, "esrignss_correctionage": null, "esrignss_stationid": null, "esrignss_numsats": null, "esrignss_fixdatetime": 1557930712000, "esrignss_avg_h_rms": null, "esrignss_avg_v_rms": null, "esrignss_avg_positions": null, "esrignss_h_stddev": null, "GlobalID": "96e38eac-62cc-4c1b-b5a2-4b483972820f", "CreationDate": 1557930761975, "Creator": "", "EditDate": 1557930761975, "Editor": "", "signType": "Secondary", "bldgName": "Love manufacturing ", "address": "771 Ferst Dr", "bldgNum": "144", "condition": 3}}, {"type": "Feature", "id": 97, "geometry": {"type": "Point", "coordinates": [-84.4010416140685, 33.7766123430454]}, "properties": {"OBJECTID": 97, "esrignss_receiver": null, "esrignss_h_rms": null, "esrignss_v_rms": null, "esrignss_latitude": null, "esrignss_longitude": null, "esrignss_altitude": null, "esrignss_pdop": null, "esrignss_hdop": null, "esrignss_vdop": null, "esrignss_fixtype": null, "esrignss_correctionage": null, "esrignss_stationid": null, "esrignss_numsats": null, "esrignss_fixdatetime": null, "esrignss_avg_h_rms": null, "esrignss_avg_v_rms": null, "esrignss_avg_positions": null, "esrignss_h_stddev": null, "GlobalID": "18d2d2bb-e861-4289-ad03-11738f7df022", "CreationDate": 1557930822856, "Creator": "", "EditDate": 1557930822856, "Editor": "", "signType": "Secondary", "bldgName": "MRDC", "address": "801 Ferst Dr", "bldgNum": "135", "condition": 3}}, {"type": "Feature", "id": 98, "geometry": {"type": "Point", "coordinates": [-84.402447154993, 33.7797726702155]}, "properties": {"OBJECTID": 98, "esrignss_receiver": "Eos Positioning Systems #18308770", "esrignss_h_rms": 0.8539701399931967, "esrignss_v_rms": 1.531, "esrignss_latitude": 33.77977267, "esrignss_longitude": -84.40244715466666, "esrignss_altitude": 251.92399999999998, "esrignss_pdop": 1.5, "esrignss_hdop": 0.8, "esrignss_vdop": 1.3, "esrignss_fixtype": 2, "esrignss_correctionage": 7, "esrignss_stationid": 138, "esrignss_numsats": 20, "esrignss_fixdatetime": 1558015953000, "esrignss_avg_h_rms": null, "esrignss_avg_v_rms": null, "esrignss_avg_positions": null, "esrignss_h_stddev": null, "GlobalID": "f58817a6-c97d-4afc-a117-680a4ea9b540", "CreationDate": 1558016013123, "Creator": "", "EditDate": 1558016013123, "Editor": "", "signType": "Primary", "bldgName": "Center Street Apartments", "address": "939 Hemphill ave", "bldgNum": "132", "condition": 2}}, {"type": "Feature", "id": 99, "geometry": {"type": "Point", "coordinates": [-84.4013960740083, 33.778209887772]}, "properties": {"OBJECTID": 99, "esrignss_receiver": "Eos Positioning Systems #18308770", "esrignss_h_rms": 0.7015988882545354, "esrignss_v_rms": 1.253, "esrignss_latitude": 33.778209887833334, "esrignss_longitude": -84.40139607383335, "esrignss_altitude": 255.39299999999997, "esrignss_pdop": 1.7, "esrignss_hdop": 0.8, "esrignss_vdop": 1.5, "esrignss_fixtype": 2, "esrignss_correctionage": 4, "esrignss_stationid": 138, "esrignss_numsats": 18, "esrignss_fixdatetime": 1558016807000, "esrignss_avg_h_rms": null, "esrignss_avg_v_rms": null, "esrignss_avg_positions": null, "esrignss_h_stddev": null, "GlobalID": "209e8ded-52e7-4d58-a846-6d494ac89272", "CreationDate": 1558016891756, "Creator": "", "EditDate": 1558016891756, "Editor": "", "signType": "Primary", "bldgName": "Fuller E. Callaway Jr manufacturing research ", "address": "813 Ferst Dr", "bldgNum": "126", "condition": 3}}, {"type": "Feature", "id": 100, "geometry": {"type": "Point", "coordinates": [-84.3985189246635, 33.7762489118377]}, "properties": {"OBJECTID": 100, "esrignss_receiver": "Eos Positioning Systems #18308770", "esrignss_h_rms": 1.4889949630539385, "esrignss_v_rms": 3.002, "esrignss_latitude": 33.77624891199999, "esrignss_longitude": -84.39851892483331, "esrignss_altitude": 264.865, "esrignss_pdop": 2.2, "esrignss_hdop": 1, "esrignss_vdop": 1.9, "esrignss_fixtype": 2, "esrignss_correctionage": 13, "esrignss_stationid": 138, "esrignss_numsats": 12, "esrignss_fixdatetime": 1558018142000, "esrignss_avg_h_rms": null, "esrignss_avg_v_rms": null, "esrignss_avg_positions": null, "esrignss_h_stddev": null, "GlobalID": "69e4dffb-87e0-40df-8c7a-8a1eda655fce", "CreationDate": 1558018207594, "Creator": "", "EditDate": 1558018207594, "Editor": "", "signType": "Secondary", "bldgName": "O Lamar Allen Sustainable Education ", "address": "788 Atlantic Dr", "bldgNum": "145", "condition": 3}}, {"type": "Feature", "id": 101, "geometry": {"type": "Point", "coordinates": [-84.3985503378506, 33.7740621826132]}, "properties": {"OBJECTID": 101, "esrignss_receiver": "Eos Positioning Systems #18308770", "esrignss_h_rms": 1.1199897320957903, "esrignss_v_rms": 2.284, "esrignss_latitude": 33.774062182499996, "esrignss_longitude": -84.39855033783333, "esrignss_altitude": 259.017, "esrignss_pdop": 3.5, "esrignss_hdop": 1.5, "esrignss_vdop": 3.1, "esrignss_fixtype": 2, "esrignss_correctionage": 110, "esrignss_stationid": 138, "esrignss_numsats": 13, "esrignss_fixdatetime": 1558018828000, "esrignss_avg_h_rms": null, "esrignss_avg_v_rms": null, "esrignss_avg_positions": null, "esrignss_h_stddev": null, "GlobalID": "cd2d3571-3ac6-4f86-89a8-881fef08e106", "CreationDate": 1558018880240, "Creator": "", "EditDate": 1558018880240, "Editor": "", "signType": "Secondary", "bldgName": "Fred B. Went Student Center", "address": "350 Ferst Dr", "bldgNum": "104", "condition": 3}}, {"type": "Feature", "id": 102, "geometry": {"type": "Point", "coordinates": [-84.3979981353607, 33.7732837562492]}, "properties": {"OBJECTID": 102, "esrignss_receiver": null, "esrignss_h_rms": null, "esrignss_v_rms": null, "esrignss_latitude": null, "esrignss_longitude": null, "esrignss_altitude": null, "esrignss_pdop": null, "esrignss_hdop": null, "esrignss_vdop": null, "esrignss_fixtype": null, "esrignss_correctionage": null, "esrignss_stationid": null, "esrignss_numsats": null, "esrignss_fixdatetime": null, "esrignss_avg_h_rms": null, "esrignss_avg_v_rms": null, "esrignss_avg_positions": null, "esrignss_h_stddev": null, "GlobalID": "4dcfd6f3-2dd3-45ee-958f-4965b1eaa87a", "CreationDate": 1558022271628, "Creator": "", "EditDate": 1558022271628, "Editor": "", "signType": "Primary", "bldgName": "Penny and Roe Stamps Student Center Commons", "address": "350 Ferst Dr", "bldgNum": "114", "condition": 3}}, {"type": "Feature", "id": 103, "geometry": {"type": "Point", "coordinates": [-84.395432953846, 33.7733435004677]}, "properties": {"OBJECTID": 103, "esrignss_receiver": null, "esrignss_h_rms": null, "esrignss_v_rms": null, "esrignss_latitude": null, "esrignss_longitude": null, "esrignss_altitude": null, "esrignss_pdop": null, "esrignss_hdop": null, "esrignss_vdop": null, "esrignss_fixtype": null, "esrignss_correctionage": null, "esrignss_stationid": null, "esrignss_numsats": null, "esrignss_fixdatetime": null, "esrignss_avg_h_rms": null, "esrignss_avg_v_rms": null, "esrignss_avg_positions": null, "esrignss_h_stddev": null, "GlobalID": "b59ca2f3-b726-4338-9432-b643f8a25b7e", "CreationDate": 1558024555991, "Creator": "", "EditDate": 1558024555991, "Editor": "", "signType": "Primary", "bldgName": "Chapin ", "address": "681 Cherry St", "bldgNum": "025", "condition": 3}}, {"type": "Feature", "id": 104, "geometry": {"type": "Point", "coordinates": [-84.3953977470734, 33.7736122619428]}, "properties": {"OBJECTID": 104, "esrignss_receiver": "Eos Positioning Systems #18308770", "esrignss_h_rms": 0.9631458871842833, "esrignss_v_rms": 1.362, "esrignss_latitude": 33.77361226199999, "esrignss_longitude": -84.39539774683331, "esrignss_altitude": 269.8, "esrignss_pdop": 2.3, "esrignss_hdop": 1.3, "esrignss_vdop": 1.9, "esrignss_fixtype": 2, "esrignss_correctionage": 4, "esrignss_stationid": 138, "esrignss_numsats": 12, "esrignss_fixdatetime": 1558024601000, "esrignss_avg_h_rms": null, "esrignss_avg_v_rms": null, "esrignss_avg_positions": null, "esrignss_h_stddev": null, "GlobalID": "cad7634d-bab5-43d2-a4b0-daf04186665a", "CreationDate": 1558024675126, "Creator": "", "EditDate": 1558024675126, "Editor": "", "signType": "Primary", "bldgName": "D. M. Smith", "address": "685 Cherry St", "bldgNum": "024", "condition": 3}}, {"type": "Feature", "id": 105, "geometry": {"type": "Point", "coordinates": [-84.3936264301316, 33.7712034883896]}, "properties": {"OBJECTID": 105, "esrignss_receiver": null, "esrignss_h_rms": null, "esrignss_v_rms": null, "esrignss_latitude": null, "esrignss_longitude": null, "esrignss_altitude": null, "esrignss_pdop": null, "esrignss_hdop": null, "esrignss_vdop": null, "esrignss_fixtype": null, "esrignss_correctionage": null, "esrignss_stationid": null, "esrignss_numsats": null, "esrignss_fixdatetime": null, "esrignss_avg_h_rms": null, "esrignss_avg_v_rms": null, "esrignss_avg_positions": null, "esrignss_h_stddev": null, "GlobalID": "44ae309f-7255-44ed-87b4-0450912bad95", "CreationDate": 1558359937408, "Creator": "", "EditDate": 1558359937408, "Editor": "", "signType": "Primary", "bldgName": "Alumni house", "address": "190 North Ave", "bldgNum": "003", "condition": 3}}, {"type": "Feature", "id": 106, "geometry": {"type": "Point", "coordinates": [-84.391746735044, 33.7714251689635]}, "properties": {"OBJECTID": 106, "esrignss_receiver": null, "esrignss_h_rms": null, "esrignss_v_rms": null, "esrignss_latitude": null, "esrignss_longitude": null, "esrignss_altitude": null, "esrignss_pdop": null, "esrignss_hdop": null, "esrignss_vdop": null, "esrignss_fixtype": null, "esrignss_correctionage": null, "esrignss_stationid": null, "esrignss_numsats": null, "esrignss_fixdatetime": null, "esrignss_avg_h_rms": null, "esrignss_avg_v_rms": null, "esrignss_avg_positions": null, "esrignss_h_stddev": null, "GlobalID": "f4bb1813-fe97-46e3-a1cd-ba3c16629a4a", "CreationDate": 1558442249524, "Creator": "", "EditDate": 1558442249524, "Editor": "", "signType": "Primary", "bldgName": "Brown Residence hall", "address": "625 Techwood dr", "bldgNum": "007", "condition": 3}}, {"type": "Feature", "id": 107, "geometry": {"type": "Point", "coordinates": [-84.3911244774365, 33.7714457952803]}, "properties": {"OBJECTID": 107, "esrignss_receiver": "iPhone 8", "esrignss_h_rms": 6.000906205260658, "esrignss_v_rms": 3, "esrignss_latitude": 33.77144579528913, "esrignss_longitude": -84.39112447781963, "esrignss_altitude": 289.7756137845312, "esrignss_pdop": null, "esrignss_hdop": null, "esrignss_vdop": null, "esrignss_fixtype": null, "esrignss_correctionage": null, "esrignss_stationid": null, "esrignss_numsats": null, "esrignss_fixdatetime": 1558443907113, "esrignss_avg_h_rms": null, "esrignss_avg_v_rms": null, "esrignss_avg_positions": null, "esrignss_h_stddev": null, "GlobalID": "cab3357b-3001-4669-85bc-acf0c3d2670f", "CreationDate": 1558443960319, "Creator": "", "EditDate": 1558443960319, "Editor": "", "signType": "Primary", "bldgName": "Smith Residence hall", "address": "630 Williams", "bldgNum": "006", "condition": 3}}, {"type": "Feature", "id": 108, "geometry": {"type": "Point", "coordinates": [-84.3907657469059, 33.7720929051771]}, "properties": {"OBJECTID": 108, "esrignss_receiver": null, "esrignss_h_rms": null, "esrignss_v_rms": null, "esrignss_latitude": null, "esrignss_longitude": null, "esrignss_altitude": null, "esrignss_pdop": null, "esrignss_hdop": null, "esrignss_vdop": null, "esrignss_fixtype": null, "esrignss_correctionage": null, "esrignss_stationid": null, "esrignss_numsats": null, "esrignss_fixdatetime": null, "esrignss_avg_h_rms": null, "esrignss_avg_v_rms": null, "esrignss_avg_positions": null, "esrignss_h_stddev": null, "GlobalID": "afd74a0e-ae76-4d1e-981f-2665c6f912b7", "CreationDate": 1558444529542, "Creator": "", "EditDate": 1558444529542, "Editor": "", "signType": "Primary", "bldgName": "Howell Residence hall", "address": "640 Williams St", "bldgNum": "010", "condition": 2}}, {"type": "Feature", "id": 109, "geometry": {"type": "Point", "coordinates": [-84.3907571239775, 33.7727669333062]}, "properties": {"OBJECTID": 109, "esrignss_receiver": null, "esrignss_h_rms": null, "esrignss_v_rms": null, "esrignss_latitude": null, "esrignss_longitude": null, "esrignss_altitude": null, "esrignss_pdop": null, "esrignss_hdop": null, "esrignss_vdop": null, "esrignss_fixtype": null, "esrignss_correctionage": null, "esrignss_stationid": null, "esrignss_numsats": null, "esrignss_fixdatetime": null, "esrignss_avg_h_rms": null, "esrignss_avg_v_rms": null, "esrignss_avg_positions": null, "esrignss_h_stddev": null, "GlobalID": "70d97ee7-7cbb-4fc6-b1b4-8d613dfca0e5", "CreationDate": 1558445593468, "Creator": "", "EditDate": 1558445593468, "Editor": "", "signType": "Primary", "bldgName": "Harrison residence hall ", "address": "660 Williams st", "bldgNum": "014", "condition": 3}}, {"type": "Feature", "id": 110, "geometry": {"type": "Point", "coordinates": [-84.3911618814883, 33.7738426885208]}, "properties": {"OBJECTID": 110, "esrignss_receiver": null, "esrignss_h_rms": null, "esrignss_v_rms": null, "esrignss_latitude": null, "esrignss_longitude": null, "esrignss_altitude": null, "esrignss_pdop": null, "esrignss_hdop": null, "esrignss_vdop": null, "esrignss_fixtype": null, "esrignss_correctionage": null, "esrignss_stationid": null, "esrignss_numsats": null, "esrignss_fixdatetime": null, "esrignss_avg_h_rms": null, "esrignss_avg_v_rms": null, "esrignss_avg_positions": null, "esrignss_h_stddev": null, "GlobalID": "089f982c-4e1d-43a2-9f6c-1e625a20152a", "CreationDate": 1558447442194, "Creator": "", "EditDate": 1558447442194, "Editor": "", "signType": "Primary", "bldgName": "Towers residence hall ", "address": "112 Bobby Dodd way", "bldgNum": "015", "condition": 3}}, {"type": "Feature", "id": 111, "geometry": {"type": "Point", "coordinates": [-84.3913294720861, 33.7738724771818]}, "properties": {"OBJECTID": 111, "esrignss_receiver": null, "esrignss_h_rms": null, "esrignss_v_rms": null, "esrignss_latitude": null, "esrignss_longitude": null, "esrignss_altitude": null, "esrignss_pdop": null, "esrignss_hdop": null, "esrignss_vdop": null, "esrignss_fixtype": null, "esrignss_correctionage": null, "esrignss_stationid": null, "esrignss_numsats": null, "esrignss_fixdatetime": null, "esrignss_avg_h_rms": null, "esrignss_avg_v_rms": null, "esrignss_avg_positions": null, "esrignss_h_stddev": null, "GlobalID": "07b9e191-79d3-4394-9c2e-98f953b8b23f", "CreationDate": 1558447536222, "Creator": "", "EditDate": 1558447536222, "Editor": "", "signType": "Primary", "bldgName": "GT connector", "address": "116 Bobby Dodd way", "bldgNum": "016A", "condition": 3}}, {"type": "Feature", "id": 112, "geometry": {"type": "Point", "coordinates": [-84.391485885845, 33.7738668148504]}, "properties": {"OBJECTID": 112, "esrignss_receiver": null, "esrignss_h_rms": null, "esrignss_v_rms": null, "esrignss_latitude": null, "esrignss_longitude": null, "esrignss_altitude": null, "esrignss_pdop": null, "esrignss_hdop": null, "esrignss_vdop": null, "esrignss_fixtype": null, "esrignss_correctionage": null, "esrignss_stationid": null, "esrignss_numsats": null, "esrignss_fixdatetime": null, "esrignss_avg_h_rms": null, "esrignss_avg_v_rms": null, "esrignss_avg_positions": null, "esrignss_h_stddev": null, "GlobalID": "ad9e712a-4a14-4f8a-bc2a-09996fd69853", "CreationDate": 1558447641921, "Creator": "", "EditDate": 1558447641921, "Editor": "", "signType": "Primary", "bldgName": "Glenn Residence hall ", "address": "118 Bobby Dodd way ", "bldgNum": "016", "condition": 3}}, {"type": "Feature", "id": 113, "geometry": {"type": "Point", "coordinates": [-84.3914394133004, 33.7739824426736]}, "properties": {"OBJECTID": 113, "esrignss_receiver": null, "esrignss_h_rms": null, "esrignss_v_rms": null, "esrignss_latitude": null, "esrignss_longitude": null, "esrignss_altitude": null, "esrignss_pdop": null, "esrignss_hdop": null, "esrignss_vdop": null, "esrignss_fixtype": null, "esrignss_correctionage": null, "esrignss_stationid": null, "esrignss_numsats": null, "esrignss_fixdatetime": null, "esrignss_avg_h_rms": null, "esrignss_avg_v_rms": null, "esrignss_avg_positions": null, "esrignss_h_stddev": null, "GlobalID": "d790203b-965b-40f3-bd5d-0a0d051f0976", "CreationDate": 1558447727475, "Creator": "", "EditDate": 1558447727475, "Editor": "", "signType": "Primary", "bldgName": "Hopkins Residence hall ", "address": "115 Bobby Dodd way ", "bldgNum": "094", "condition": 3}}, {"type": "Feature", "id": 114, "geometry": {"type": "Point", "coordinates": [-84.3910230001488, 33.7739782229989]}, "properties": {"OBJECTID": 114, "esrignss_receiver": null, "esrignss_h_rms": null, "esrignss_v_rms": null, "esrignss_latitude": null, "esrignss_longitude": null, "esrignss_altitude": null, "esrignss_pdop": null, "esrignss_hdop": null, "esrignss_vdop": null, "esrignss_fixtype": null, "esrignss_correctionage": null, "esrignss_stationid": null, "esrignss_numsats": null, "esrignss_fixdatetime": null, "esrignss_avg_h_rms": null, "esrignss_avg_v_rms": null, "esrignss_avg_positions": null, "esrignss_h_stddev": null, "GlobalID": "938e5a2e-dca9-4cd6-8fa4-1a87a59ae27c", "CreationDate": 1558447814486, "Creator": "", "EditDate": 1558447814486, "Editor": "", "signType": "Primary", "bldgName": "Hanson Residence hall ", "address": "109 Bobby Dodd way ", "bldgNum": "093", "condition": 3}}, {"type": "Feature", "id": 115, "geometry": {"type": "Point", "coordinates": [-84.3918790425123, 33.7729527686861]}, "properties": {"OBJECTID": 115, "esrignss_receiver": null, "esrignss_h_rms": null, "esrignss_v_rms": null, "esrignss_latitude": null, "esrignss_longitude": null, "esrignss_altitude": null, "esrignss_pdop": null, "esrignss_hdop": null, "esrignss_vdop": null, "esrignss_fixtype": null, "esrignss_correctionage": null, "esrignss_stationid": null, "esrignss_numsats": null, "esrignss_fixdatetime": null, "esrignss_avg_h_rms": null, "esrignss_avg_v_rms": null, "esrignss_avg_positions": null, "esrignss_h_stddev": null, "GlobalID": "36eff37b-7463-49c1-981f-de90842b264d", "CreationDate": 1558448576859, "Creator": "", "EditDate": 1558448576859, "Editor": "", "signType": "Primary", "bldgName": "Cloudman Residence hall ", "address": "661 techwood dr", "bldgNum": "013", "condition": 3}}, {"type": "Feature", "id": 116, "geometry": {"type": "Point", "coordinates": [-84.3918859532517, 33.772570396205]}, "properties": {"OBJECTID": 116, "esrignss_receiver": null, "esrignss_h_rms": null, "esrignss_v_rms": null, "esrignss_latitude": null, "esrignss_longitude": null, "esrignss_altitude": null, "esrignss_pdop": null, "esrignss_hdop": null, "esrignss_vdop": null, "esrignss_fixtype": null, "esrignss_correctionage": null, "esrignss_stationid": null, "esrignss_numsats": null, "esrignss_fixdatetime": null, "esrignss_avg_h_rms": null, "esrignss_avg_v_rms": null, "esrignss_avg_positions": null, "esrignss_h_stddev": null, "GlobalID": "05e66e38-83ae-4007-8b16-bd24cd23bc7d", "CreationDate": 1558448995643, "Creator": "", "EditDate": 1558448995643, "Editor": "", "signType": "Primary", "bldgName": "Brittain dining hall", "address": "649 techwood dr", "bldgNum": "012", "condition": 1}}, {"type": "Feature", "id": 117, "geometry": {"type": "Point", "coordinates": [-84.3918757205423, 33.7722988230192]}, "properties": {"OBJECTID": 117, "esrignss_receiver": null, "esrignss_h_rms": null, "esrignss_v_rms": null, "esrignss_latitude": null, "esrignss_longitude": null, "esrignss_altitude": null, "esrignss_pdop": null, "esrignss_hdop": null, "esrignss_vdop": null, "esrignss_fixtype": null, "esrignss_correctionage": null, "esrignss_stationid": null, "esrignss_numsats": null, "esrignss_fixdatetime": null, "esrignss_avg_h_rms": null, "esrignss_avg_v_rms": null, "esrignss_avg_positions": null, "esrignss_h_stddev": null, "GlobalID": "2ca833cb-441a-46c9-9071-996f60d556df", "CreationDate": 1558449110299, "Creator": "", "EditDate": 1558449110299, "Editor": "", "signType": "Primary", "bldgName": "Harris Residence hall", "address": "633 techwood dr", "bldgNum": "011", "condition": 2}}, {"type": "Feature", "id": 118, "geometry": {"type": "Point", "coordinates": [-84.3964131209239, 33.7785582301066]}, "properties": {"OBJECTID": 118, "esrignss_receiver": null, "esrignss_h_rms": null, "esrignss_v_rms": null, "esrignss_latitude": null, "esrignss_longitude": null, "esrignss_altitude": null, "esrignss_pdop": null, "esrignss_hdop": null, "esrignss_vdop": null, "esrignss_fixtype": null, "esrignss_correctionage": null, "esrignss_stationid": null, "esrignss_numsats": null, "esrignss_fixdatetime": null, "esrignss_avg_h_rms": null, "esrignss_avg_v_rms": null, "esrignss_avg_positions": null, "esrignss_h_stddev": null, "GlobalID": "a7a05bfa-9460-48d1-a9c1-23b2e6fdf055", "CreationDate": 1558535008007, "Creator": "", "EditDate": 1558535008007, "Editor": "", "signType": "Secondary", "bldgName": "Whitaker biomedical engineering ", "address": "313 Ferst Dr", "bldgNum": "165", "condition": 3}}, {"type": "Feature", "id": 119, "geometry": {"type": "Point", "coordinates": [-84.3976681787669, 33.7787563677742]}, "properties": {"OBJECTID": 119, "esrignss_receiver": null, "esrignss_h_rms": null, "esrignss_v_rms": null, "esrignss_latitude": null, "esrignss_longitude": null, "esrignss_altitude": null, "esrignss_pdop": null, "esrignss_hdop": null, "esrignss_vdop": null, "esrignss_fixtype": null, "esrignss_correctionage": null, "esrignss_stationid": null, "esrignss_numsats": null, "esrignss_fixdatetime": null, "esrignss_avg_h_rms": null, "esrignss_avg_v_rms": null, "esrignss_avg_positions": null, "esrignss_h_stddev": null, "GlobalID": "7cc6558b-25bf-4de1-8549-8b3fe2ac1621", "CreationDate": 1558535245715, "Creator": "", "EditDate": 1558535245715, "Editor": "", "signType": "Secondary", "bldgName": "Parker H. Petit biotechnology building ", "address": "315 Ferst Dr", "bldgNum": null, "condition": 2}}, {"type": "Feature", "id": 120, "geometry": {"type": "Point", "coordinates": [-84.3978533736492, 33.7787013224028]}, "properties": {"OBJECTID": 120, "esrignss_receiver": "iPhone 8", "esrignss_h_rms": 6.000906205260658, "esrignss_v_rms": 3, "esrignss_latitude": 33.778701322485624, "esrignss_longitude": -84.3978533736458, "esrignss_altitude": 286.48642316285935, "esrignss_pdop": null, "esrignss_hdop": null, "esrignss_vdop": null, "esrignss_fixtype": null, "esrignss_correctionage": null, "esrignss_stationid": null, "esrignss_numsats": null, "esrignss_fixdatetime": 1558535269120, "esrignss_avg_h_rms": null, "esrignss_avg_v_rms": null, "esrignss_avg_positions": null, "esrignss_h_stddev": null, "GlobalID": "23f13485-9d69-4824-887f-68eafdd8a240", "CreationDate": 1558535345395, "Creator": "", "EditDate": 1558535345395, "Editor": "", "signType": "Secondary", "bldgName": "Marcus nanotechnology Building ", "address": "345 Ferst Dr", "bldgNum": "181", "condition": 3}}, {"type": "Feature", "id": 121, "geometry": {"type": "Point", "coordinates": [-84.4040962327842, 33.7788219434079]}, "properties": {"OBJECTID": 121, "esrignss_receiver": null, "esrignss_h_rms": null, "esrignss_v_rms": null, "esrignss_latitude": null, "esrignss_longitude": null, "esrignss_altitude": null, "esrignss_pdop": null, "esrignss_hdop": null, "esrignss_vdop": null, "esrignss_fixtype": null, "esrignss_correctionage": null, "esrignss_stationid": null, "esrignss_numsats": null, "esrignss_fixdatetime": null, "esrignss_avg_h_rms": null, "esrignss_avg_v_rms": null, "esrignss_avg_positions": null, "esrignss_h_stddev": null, "GlobalID": "a3076487-45e1-468c-b064-8635eea8bc59", "CreationDate": 1562076231660, "Creator": "gtfm_kabernathy", "EditDate": 1562076231660, "Editor": "gtfm_kabernathy", "signType": "Primary", "bldgName": "Robert C Commander Building ", "address": null, "bldgNum": "105", "condition": 3}}, {"type": "Feature", "id": 122, "geometry": {"type": "Point", "coordinates": [-84.4041411575316, 33.7786149921701]}, "properties": {"OBJECTID": 122, "esrignss_receiver": "Eos Positioning Systems #18308770", "esrignss_h_rms": 2.8592044348034995, "esrignss_v_rms": 4.522, "esrignss_latitude": 33.77861499183334, "esrignss_longitude": -84.40414115733331, "esrignss_altitude": 263.689, "esrignss_pdop": 2.7, "esrignss_hdop": 1.5, "esrignss_vdop": 2.3, "esrignss_fixtype": 1, "esrignss_correctionage": null, "esrignss_stationid": null, "esrignss_numsats": 13, "esrignss_fixdatetime": 1562076254000, "esrignss_avg_h_rms": null, "esrignss_avg_v_rms": null, "esrignss_avg_positions": null, "esrignss_h_stddev": null, "GlobalID": "2d1d04c6-d7dd-4622-adb1-33d1817f348a", "CreationDate": 1562076327619, "Creator": "gtfm_kabernathy", "EditDate": 1562076327619, "Editor": "gtfm_kabernathy", "signType": "Primary", "bldgName": "Fuller Residence Hall", "address": null, "bldgNum": "106", "condition": 3}}, {"type": "Feature", "id": 123, "geometry": {"type": "Point", "coordinates": [-84.4054354376165, 33.778657297131]}, "properties": {"OBJECTID": 123, "esrignss_receiver": "Eos Positioning Systems #18308770", "esrignss_h_rms": 0.5741959595817442, "esrignss_v_rms": 1.013, "esrignss_latitude": 33.7786572975, "esrignss_longitude": -84.4054354376667, "esrignss_altitude": 262.92, "esrignss_pdop": 2.4, "esrignss_hdop": 1.1, "esrignss_vdop": 2.1, "esrignss_fixtype": 2, "esrignss_correctionage": 6, "esrignss_stationid": 138, "esrignss_numsats": 14, "esrignss_fixdatetime": 1562076739000, "esrignss_avg_h_rms": null, "esrignss_avg_v_rms": null, "esrignss_avg_positions": null, "esrignss_h_stddev": null, "GlobalID": "f48a0078-f1dd-4c19-8355-c7102d3abdf6", "CreationDate": 1562076826712, "Creator": "gtfm_kabernathy", "EditDate": 1562076826712, "Editor": "gtfm_kabernathy", "signType": "Primary", "bldgName": "Kurt S. Nelson Shell Residence Hall", "address": null, "bldgNum": "64", "condition": 3}}, {"type": "Feature", "id": 124, "geometry": {"type": "Point", "coordinates": [-84.3949791411342, 33.7863179317149]}, "properties": {"OBJECTID": 124, "esrignss_receiver": null, "esrignss_h_rms": null, "esrignss_v_rms": null, "esrignss_latitude": null, "esrignss_longitude": null, "esrignss_altitude": null, "esrignss_pdop": null, "esrignss_hdop": null, "esrignss_vdop": null, "esrignss_fixtype": null, "esrignss_correctionage": null, "esrignss_stationid": null, "esrignss_numsats": null, "esrignss_fixdatetime": null, "esrignss_avg_h_rms": null, "esrignss_avg_v_rms": null, "esrignss_avg_positions": null, "esrignss_h_stddev": null, "GlobalID": "4baba60d-2b64-4c01-89a8-4f887d7a5db8", "CreationDate": 1562093948723, "Creator": "dsimsGT", "EditDate": 1562093948723, "Editor": "dsimsGT", "signType": "Primary", "bldgName": "GCATT", "address": "250 14th Street", "bldgNum": "141", "condition": 3}}]}