{"type": "FeatureCollection", "features": [{"type": "Feature", "geometry": {"type": "LineString", "coordinates": [[-84.4165336, 33.7636997], [-84.4165457, 33.763689]]}, "properties": {"highway": "steps", "incline": "up", "handrail": "yes", "surface": "concrete"}}, {"type": "Feature", "geometry": {"type": "LineString", "coordinates": [[-84.4165579, 33.7636783], [-84.4165671, 33.7636657]]}, "properties": {"highway": "steps", "incline": "up", "handrail": "yes", "surface": "concrete"}}, {"type": "Feature", "geometry": {"type": "LineString", "coordinates": [[-84.4165763, 33.763653], [-84.4165844, 33.7636375]]}, "properties": {"highway": "steps", "incline": "up", "handrail": "yes", "surface": "concrete"}}, {"type": "Feature", "geometry": {"type": "LineString", "coordinates": [[-84.4165928, 33.763615], [-84.4165947, 33.7635869]]}, "properties": {"highway": "steps", "incline": "up", "handrail": "yes", "surface": "concrete"}}, {"type": "Feature", "geometry": {"type": "LineString", "coordinates": [[-84.4113997, 33.761798], [-84.4113173, 33.7617987]]}, "properties": {"highway": "steps", "incline": "down", "surface": "concrete"}}, {"type": "Feature", "geometry": {"type": "LineString", "coordinates": [[-84.4023057, 33.7593882], [-84.4023034, 33.7599292]]}, "properties": {"highway": "steps"}}, {"type": "Feature", "geometry": {"type": "LineString", "coordinates": [[-84.406774, 33.7682839], [-84.4067754, 33.7683328]]}, "properties": {"highway": "steps"}}, {"type": "Feature", "geometry": {"type": "LineString", "coordinates": [[-84.4067869, 33.7683544], [-84.4068514, 33.7683923]]}, "properties": {"highway": "steps"}}, {"type": "Feature", "geometry": {"type": "LineString", "coordinates": [[-84.4067737, 33.7682733], [-84.406774, 33.7682839]]}, "properties": {"highway": "steps"}}, {"type": "Feature", "geometry": {"type": "LineString", "coordinates": [[-84.402943, 33.7600726], [-84.4028838, 33.7600725]]}, "properties": {"highway": "steps"}}, {"type": "Feature", "geometry": {"type": "LineString", "coordinates": [[-84.4028844, 33.7599905], [-84.4029062, 33.7599902], [-84.4029502, 33.7599898]]}, "properties": {"highway": "steps"}}, {"type": "Feature", "geometry": {"type": "LineString", "coordinates": [[-84.4029062, 33.7599902], [-84.4029083, 33.7599369]]}, "properties": {"highway": "steps"}}, {"type": "Feature", "geometry": {"type": "LineString", "coordinates": [[-84.4029571, 33.7592604], [-84.4029002, 33.7592607]]}, "properties": {"highway": "steps", "incline": "down"}}, {"type": "Feature", "geometry": {"type": "LineString", "coordinates": [[-84.4029016, 33.7591945], [-84.4029535, 33.7591979]]}, "properties": {"highway": "steps", "incline": "up"}}, {"type": "Feature", "geometry": {"type": "LineString", "coordinates": [[-84.3901887, 33.7591499], [-84.3900818, 33.7592262], [-84.3899852, 33.7592945]]}, "properties": {"highway": "steps"}}, {"type": "Feature", "geometry": {"type": "LineString", "coordinates": [[-84.3925856, 33.7634613], [-84.3926173, 33.7634611]]}, "properties": {"highway": "steps"}}, {"type": "Feature", "geometry": {"type": "LineString", "coordinates": [[-84.3925027, 33.7634305], [-84.3925335, 33.7634306]]}, "properties": {"highway": "steps"}}, {"type": "Feature", "geometry": {"type": "LineString", "coordinates": [[-84.392425, 33.763398], [-84.3924572, 33.763398]]}, "properties": {"highway": "steps"}}, {"type": "Feature", "geometry": {"type": "LineString", "coordinates": [[-84.3923419, 33.7633657], [-84.3923697, 33.7633664]]}, "properties": {"highway": "steps"}}, {"type": "Feature", "geometry": {"type": "LineString", "coordinates": [[-84.3936471, 33.7607784], [-84.3936739, 33.7608017]]}, "properties": {"highway": "steps", "step_count": "5", "incline": "up", "handrail": "yes", "surface": "paving_stones", "ramp": "no"}}, {"type": "Feature", "geometry": {"type": "LineString", "coordinates": [[-84.393643, 33.7608642], [-84.3936702, 33.7608406]]}, "properties": {"highway": "steps", "step_count": "8", "incline": "up", "handrail": "yes", "surface": "paving_stones", "ramp": "no"}}, {"type": "Feature", "geometry": {"type": "LineString", "coordinates": [[-84.3923083, 33.7596932], [-84.3922658, 33.7596681]]}, "properties": {"highway": "steps", "step_count": "4", "incline": "up", "handrail": "yes"}}, {"type": "Feature", "geometry": {"type": "LineString", "coordinates": [[-84.3924362, 33.7619272], [-84.3923971, 33.7619584]]}, "properties": {"highway": "steps", "step_count": "14", "incline": "down", "handrail": "yes", "surface": "paving_stones", "ramp": "no"}}, {"type": "Feature", "geometry": {"type": "LineString", "coordinates": [[-84.3923701, 33.7593078], [-84.3922453, 33.7593074], [-84.3922146, 33.7593068]]}, "properties": {"highway": "steps", "step_count": "11", "incline": "up", "handrail": "yes", "ramp": "no"}}, {"type": "Feature", "geometry": {"type": "LineString", "coordinates": [[-84.392711, 33.7640833], [-84.392756, 33.7639952], [-84.3927706, 33.7639748], [-84.3928073, 33.7639413], [-84.3928666, 33.7639102]]}, "properties": {"highway": "steps"}}, {"type": "Feature", "geometry": {"type": "LineString", "coordinates": [[-84.387341, 33.7603374], [-84.3872368, 33.7603359]]}, "properties": {"highway": "steps", "incline": "down", "handrail": "yes", "surface": "concrete", "ramp": "no"}}, {"type": "Feature", "geometry": {"type": "LineString", "coordinates": [[-84.3874474, 33.7607006], [-84.3873831, 33.7606991]]}, "properties": {"highway": "steps", "incline": "down", "handrail": "yes", "surface": "concrete", "ramp": "no"}}, {"type": "Feature", "geometry": {"type": "LineString", "coordinates": [[-84.3878474, 33.7603697], [-84.3878465, 33.7604801]]}, "properties": {"highway": "steps", "incline": "down"}}, {"type": "Feature", "geometry": {"type": "LineString", "coordinates": [[-84.3877516, 33.7604789], [-84.3877592, 33.7600457]]}, "properties": {"highway": "steps", "incline": "down", "handrail": "yes", "layer": "-1"}}, {"type": "Feature", "geometry": {"type": "LineString", "coordinates": [[-84.387409, 33.7607161], [-84.3874232, 33.7602037]]}, "properties": {"highway": "steps", "incline": "down", "handrail": "no", "conveying": "yes", "surface": "paving_stones", "ramp": "no"}}, {"type": "Feature", "geometry": {"type": "LineString", "coordinates": [[-84.387544, 33.7631273], [-84.3874884, 33.763127]]}, "properties": {"highway": "steps", "step_count": "5", "incline": "up", "surface": "paving_stones", "ramp": "no"}}, {"type": "Feature", "geometry": {"type": "LineString", "coordinates": [[-84.3888013, 33.7645295], [-84.3888014, 33.7645119]]}, "properties": {"highway": "steps", "step_count": "6", "incline": "up", "surface": "concrete", "ramp": "no"}}, {"type": "Feature", "geometry": {"type": "LineString", "coordinates": [[-84.3897766, 33.7647527], [-84.3897763, 33.764792]]}, "properties": {"highway": "steps", "step_count": "8", "incline": "up", "handrail": "yes", "surface": "concrete", "ramp": "no"}}, {"type": "Feature", "geometry": {"type": "LineString", "coordinates": [[-84.388613, 33.7683263], [-84.3886126, 33.7683575]]}, "properties": {"highway": "steps", "handrail": "yes", "surface": "concrete"}}, {"type": "Feature", "geometry": {"type": "LineString", "coordinates": [[-84.3886314, 33.7683265], [-84.3886545, 33.768341], [-84.3887664, 33.7683418], [-84.3887663, 33.7683586], [-84.3886311, 33.7683577]]}, "properties": {"highway": "steps", "surface": "paving_stones"}}, {"type": "Feature", "geometry": {"type": "LineString", "coordinates": [[-84.3876885, 33.768204], [-84.3876887, 33.7681868], [-84.3876954, 33.7681869], [-84.3877911, 33.7681874], [-84.3877913, 33.7681599]]}, "properties": {"highway": "steps", "surface": "concrete"}}, {"type": "Feature", "geometry": {"type": "LineString", "coordinates": [[-84.3872878, 33.767419], [-84.3872876, 33.7674363]]}, "properties": {"highway": "steps", "handrail": "yes", "surface": "concrete"}}, {"type": "Feature", "geometry": {"type": "LineString", "coordinates": [[-84.3941997, 33.7618774], [-84.3941717, 33.7618772]]}, "properties": {"highway": "steps"}}, {"type": "Feature", "geometry": {"type": "LineString", "coordinates": [[-84.3936226, 33.7592134], [-84.3936059, 33.7592272]]}, "properties": {"highway": "steps"}}, {"type": "Feature", "geometry": {"type": "LineString", "coordinates": [[-84.3876561, 33.7625471], [-84.3876712, 33.7625474]]}, "properties": {"highway": "steps", "incline": "up", "surface": "concrete"}}, {"type": "Feature", "geometry": {"type": "LineString", "coordinates": [[-84.3876712, 33.7625474], [-84.3876818, 33.7625475]]}, "properties": {"highway": "steps", "incline": "up", "surface": "concrete"}}, {"type": "Feature", "geometry": {"type": "LineString", "coordinates": [[-84.3874306, 33.7631007], [-84.3874311, 33.7630342]]}, "properties": {"highway": "steps", "step_count": "14", "incline": "up", "surface": "paving_stones", "ramp": "no"}}, {"type": "Feature", "geometry": {"type": "LineString", "coordinates": [[-84.386398, 33.7631972], [-84.3863662, 33.7632228]]}, "properties": {"highway": "steps", "incline": "down", "surface": "paving_stones"}}, {"type": "Feature", "geometry": {"type": "LineString", "coordinates": [[-84.386397, 33.7631397], [-84.3863551, 33.7631241]]}, "properties": {"highway": "steps", "incline": "down", "surface": "paving_stones"}}, {"type": "Feature", "geometry": {"type": "LineString", "coordinates": [[-84.3865432, 33.7632677], [-84.3865448, 33.7631687], [-84.3865465, 33.7630655]]}, "properties": {"highway": "steps", "incline": "up", "surface": "paving_stones"}}, {"type": "Feature", "geometry": {"type": "LineString", "coordinates": [[-84.3861347, 33.7642827], [-84.3861457, 33.764286]]}, "properties": {"highway": "steps", "incline": "up", "surface": "concrete"}}, {"type": "Feature", "geometry": {"type": "LineString", "coordinates": [[-84.3861719, 33.7641695], [-84.3861649, 33.7641855]]}, "properties": {"highway": "steps", "incline": "up", "surface": "concrete"}}, {"type": "Feature", "geometry": {"type": "LineString", "coordinates": [[-84.3860501, 33.7642571], [-84.3860754, 33.7642647]]}, "properties": {"highway": "steps", "incline": "up", "surface": "concrete"}}, {"type": "Feature", "geometry": {"type": "LineString", "coordinates": [[-84.3861054, 33.7643536], [-84.3861157, 33.7643567]]}, "properties": {"highway": "steps", "incline": "up", "surface": "concrete"}}, {"type": "Feature", "geometry": {"type": "LineString", "coordinates": [[-84.3861694, 33.7642035], [-84.3861795, 33.7642066]]}, "properties": {"highway": "steps", "incline": "up", "surface": "concrete"}}, {"type": "Feature", "geometry": {"type": "LineString", "coordinates": [[-84.3887872, 33.764786], [-84.3887879, 33.7648154]]}, "properties": {"highway": "steps", "incline": "down", "surface": "concrete"}}, {"type": "Feature", "geometry": {"type": "LineString", "coordinates": [[-84.3806638, 33.7684547], [-84.3806562, 33.7682975], [-84.3805855, 33.7683118], [-84.3805149, 33.7682991]]}, "properties": {"highway": "steps"}}, {"type": "Feature", "geometry": {"type": "LineString", "coordinates": [[-84.3817241, 33.7677926], [-84.3817929, 33.7677168]]}, "properties": {"highway": "steps"}}, {"type": "Feature", "geometry": {"type": "LineString", "coordinates": [[-84.3751156, 33.7630052], [-84.3750981, 33.7630027]]}, "properties": {"highway": "steps"}}, {"type": "Feature", "geometry": {"type": "LineString", "coordinates": [[-84.4106587, 33.7714314], [-84.4106026, 33.7714293]]}, "properties": {"highway": "steps", "step_count": "6", "width": "3", "handrail": "yes", "surface": "paving_stones", "ramp": "no"}}, {"type": "Feature", "geometry": {"type": "LineString", "coordinates": [[-84.4019926, 33.775065], [-84.4019923, 33.7750321]]}, "properties": {"highway": "steps"}}, {"type": "Feature", "geometry": {"type": "LineString", "coordinates": [[-84.3994401, 33.7749022], [-84.399427, 33.7749013]]}, "properties": {"highway": "steps"}}, {"type": "Feature", "geometry": {"type": "LineString", "coordinates": [[-84.398655, 33.7771549], [-84.398656, 33.7770864]]}, "properties": {"highway": "steps"}}, {"type": "Feature", "geometry": {"type": "LineString", "coordinates": [[-84.3982944, 33.7776122], [-84.3982943, 33.7775901]]}, "properties": {"highway": "steps"}}, {"type": "Feature", "geometry": {"type": "LineString", "coordinates": [[-84.3990343, 33.7776569], [-84.3990343, 33.7776267]]}, "properties": {"highway": "steps"}}, {"type": "Feature", "geometry": {"type": "LineString", "coordinates": [[-84.4030467, 33.7709742], [-84.4030219, 33.7709748]]}, "properties": {"highway": "steps"}}, {"type": "Feature", "geometry": {"type": "LineString", "coordinates": [[-84.4027895, 33.7707731], [-84.4028052, 33.7707728]]}, "properties": {"highway": "steps"}}, {"type": "Feature", "geometry": {"type": "LineString", "coordinates": [[-84.4028775, 33.7707739], [-84.4028581, 33.7707742]]}, "properties": {"highway": "steps"}}, {"type": "Feature", "geometry": {"type": "LineString", "coordinates": [[-84.4064277, 33.775775], [-84.4063958, 33.7757545]]}, "properties": {"highway": "steps"}}, {"type": "Feature", "geometry": {"type": "LineString", "coordinates": [[-84.4062045, 33.7759465], [-84.40619, 33.7759371]]}, "properties": {"highway": "steps"}}, {"type": "Feature", "geometry": {"type": "LineString", "coordinates": [[-84.4058247, 33.7755782], [-84.4058095, 33.7755933]]}, "properties": {"highway": "steps"}}, {"type": "Feature", "geometry": {"type": "LineString", "coordinates": [[-84.4054647, 33.7751334], [-84.4054934, 33.7751558], [-84.4055055, 33.7751657], [-84.4055341, 33.7751892]]}, "properties": {"highway": "steps"}}, {"type": "Feature", "geometry": {"type": "LineString", "coordinates": [[-84.4053783, 33.775056], [-84.4054211, 33.7750112]]}, "properties": {"highway": "steps"}}, {"type": "Feature", "geometry": {"type": "LineString", "coordinates": [[-84.4051134, 33.7748462], [-84.4051291, 33.7748291]]}, "properties": {"highway": "steps"}}, {"type": "Feature", "geometry": {"type": "LineString", "coordinates": [[-84.4040561, 33.774198], [-84.4040775, 33.7742059], [-84.40409, 33.7742048], [-84.4041042, 33.7742027], [-84.4041115, 33.7741996], [-84.404124, 33.7741873]]}, "properties": {"highway": "steps"}}, {"type": "Feature", "geometry": {"type": "LineString", "coordinates": [[-84.4039989, 33.7739071], [-84.4040337, 33.7739246]]}, "properties": {"highway": "steps"}}, {"type": "Feature", "geometry": {"type": "LineString", "coordinates": [[-84.4027079, 33.7749115], [-84.4027436, 33.7749073]]}, "properties": {"highway": "steps"}}, {"type": "Feature", "geometry": {"type": "LineString", "coordinates": [[-84.4024652, 33.7749081], [-84.4024135, 33.7749227]]}, "properties": {"highway": "steps"}}, {"type": "Feature", "geometry": {"type": "LineString", "coordinates": [[-84.4017244, 33.7755499], [-84.4017331, 33.7755437], [-84.4017577, 33.7755258]]}, "properties": {"highway": "steps"}}, {"type": "Feature", "geometry": {"type": "LineString", "coordinates": [[-84.4018917, 33.7754946], [-84.4019623, 33.7754979]]}, "properties": {"highway": "steps"}}, {"type": "Feature", "geometry": {"type": "LineString", "coordinates": [[-84.3965184, 33.7739372], [-84.3965191, 33.7739127]]}, "properties": {"highway": "steps", "incline": "up", "handrail": "yes"}}, {"type": "Feature", "geometry": {"type": "LineString", "coordinates": [[-84.4004327, 33.7768278], [-84.4004625, 33.7768263]]}, "properties": {"highway": "steps"}}, {"type": "Feature", "geometry": {"type": "LineString", "coordinates": [[-84.4051837, 33.7774272], [-84.4051859, 33.7773822]]}, "properties": {"highway": "steps"}}, {"type": "Feature", "geometry": {"type": "LineString", "coordinates": [[-84.4052046, 33.7774268], [-84.4051837, 33.7774272]]}, "properties": {"highway": "steps"}}, {"type": "Feature", "geometry": {"type": "LineString", "coordinates": [[-84.4056275, 33.7769834], [-84.4056462, 33.7769834]]}, "properties": {"highway": "steps"}}, {"type": "Feature", "geometry": {"type": "LineString", "coordinates": [[-84.404232, 33.7777304], [-84.404287, 33.7777336], [-84.4043304, 33.7777362]]}, "properties": {"highway": "steps", "incline": "up", "handrail": "yes", "surface": "concrete", "ramp": "no"}}, {"type": "Feature", "geometry": {"type": "LineString", "coordinates": [[-84.3964598, 33.7778368], [-84.3965027, 33.7778598]]}, "properties": {"highway": "steps"}}, {"type": "Feature", "geometry": {"type": "LineString", "coordinates": [[-84.3969642, 33.776795], [-84.3969224, 33.7767929]]}, "properties": {"highway": "steps"}}, {"type": "Feature", "geometry": {"type": "LineString", "coordinates": [[-84.3969642, 33.776795], [-84.3970345, 33.7768085]]}, "properties": {"highway": "steps"}}, {"type": "Feature", "geometry": {"type": "LineString", "coordinates": [[-84.3961452, 33.7739902], [-84.3961145, 33.773991]]}, "properties": {"highway": "steps", "step_count": "5", "incline": "up", "handrail": "yes"}}, {"type": "Feature", "geometry": {"type": "LineString", "coordinates": [[-84.3977444, 33.7776212], [-84.3976869, 33.77762]]}, "properties": {"highway": "steps", "incline": "down"}}, {"type": "Feature", "geometry": {"type": "LineString", "coordinates": [[-84.397872, 33.7774184], [-84.3979166, 33.7774199]]}, "properties": {"highway": "steps"}}, {"type": "Feature", "geometry": {"type": "LineString", "coordinates": [[-84.3976409, 33.7771353], [-84.3975536, 33.7772089]]}, "properties": {"highway": "steps", "incline": "down"}}, {"type": "Feature", "geometry": {"type": "LineString", "coordinates": [[-84.3980979, 33.7753408], [-84.398066, 33.7753173]]}, "properties": {"highway": "steps"}}, {"type": "Feature", "geometry": {"type": "LineString", "coordinates": [[-84.3975074, 33.7754384], [-84.3974906, 33.7754235]]}, "properties": {"highway": "steps"}}, {"type": "Feature", "geometry": {"type": "LineString", "coordinates": [[-84.3960944, 33.7715684], [-84.3960639, 33.7715683]]}, "properties": {"highway": "steps"}}, {"type": "Feature", "geometry": {"type": "LineString", "coordinates": [[-84.3967722, 33.7726277], [-84.3967935, 33.7726276]]}, "properties": {"highway": "steps"}}, {"type": "Feature", "geometry": {"type": "LineString", "coordinates": [[-84.3965576, 33.772513], [-84.3965582, 33.7724883]]}, "properties": {"highway": "steps"}}, {"type": "Feature", "geometry": {"type": "LineString", "coordinates": [[-84.3965006, 33.7760723], [-84.396483, 33.7760729]]}, "properties": {"highway": "steps"}}, {"type": "Feature", "geometry": {"type": "LineString", "coordinates": [[-84.3969336, 33.7765168], [-84.3969626, 33.7765168], [-84.3969626, 33.776494], [-84.3969797, 33.776494], [-84.3969802, 33.7765199]]}, "properties": {"highway": "steps"}}, {"type": "Feature", "geometry": {"type": "LineString", "coordinates": [[-84.3971097, 33.7770047], [-84.3972762, 33.7770076]]}, "properties": {"highway": "steps", "incline": "up", "handrail": "yes"}}, {"type": "Feature", "geometry": {"type": "LineString", "coordinates": [[-84.3969842, 33.7769947], [-84.3970561, 33.7770025]]}, "properties": {"highway": "steps", "incline": "up", "handrail": "yes"}}, {"type": "Feature", "geometry": {"type": "LineString", "coordinates": [[-84.3992052, 33.7746456], [-84.3992108, 33.7747135]]}, "properties": {"highway": "steps"}}, {"type": "Feature", "geometry": {"type": "LineString", "coordinates": [[-84.4020299, 33.7760736], [-84.4020339, 33.7759772]]}, "properties": {"highway": "steps"}}, {"type": "Feature", "geometry": {"type": "LineString", "coordinates": [[-84.3983463, 33.7778175], [-84.3983479, 33.7777938]]}, "properties": {"highway": "steps"}}, {"type": "Feature", "geometry": {"type": "LineString", "coordinates": [[-84.3978974, 33.7756475], [-84.3979888, 33.7756355]]}, "properties": {"highway": "steps", "surface": "concrete"}}, {"type": "Feature", "geometry": {"type": "LineString", "coordinates": [[-84.4000103, 33.7743367], [-84.4000219, 33.7742925]]}, "properties": {"highway": "steps"}}, {"type": "Feature", "geometry": {"type": "LineString", "coordinates": [[-84.3985603, 33.7768771], [-84.3985604, 33.7768503]]}, "properties": {"highway": "steps"}}, {"type": "Feature", "geometry": {"type": "LineString", "coordinates": [[-84.3994869, 33.7747109], [-84.3994851, 33.7747004]]}, "properties": {"highway": "steps"}}, {"type": "Feature", "geometry": {"type": "LineString", "coordinates": [[-84.3995322, 33.7747909], [-84.3995224, 33.7747789]]}, "properties": {"highway": "steps"}}, {"type": "Feature", "geometry": {"type": "LineString", "coordinates": [[-84.3998661, 33.7741311], [-84.3999515, 33.7741328]]}, "properties": {"highway": "steps"}}, {"type": "Feature", "geometry": {"type": "LineString", "coordinates": [[-84.3967641, 33.7725959], [-84.3967634, 33.7726277]]}, "properties": {"highway": "steps"}}, {"type": "Feature", "geometry": {"type": "LineString", "coordinates": [[-84.3963291, 33.7739901], [-84.396352, 33.77399]]}, "properties": {"highway": "steps", "step_count": "6", "incline": "down", "handrail": "yes"}}, {"type": "Feature", "geometry": {"type": "LineString", "coordinates": [[-84.3961644, 33.7739902], [-84.3961882, 33.7739902]]}, "properties": {"highway": "steps", "step_count": "5", "incline": "down", "handrail": "yes", "surface": "concrete"}}, {"type": "Feature", "geometry": {"type": "LineString", "coordinates": [[-84.3962884, 33.7739901], [-84.3963023, 33.7739901]]}, "properties": {"highway": "steps", "step_count": "5", "incline": "down", "handrail": "yes"}}, {"type": "Feature", "geometry": {"type": "LineString", "coordinates": [[-84.396211, 33.7739901], [-84.3962349, 33.7739901]]}, "properties": {"highway": "steps", "step_count": "5", "incline": "down", "handrail": "yes"}}, {"type": "Feature", "geometry": {"type": "LineString", "coordinates": [[-84.3963999, 33.7732269], [-84.3963717, 33.7732268]]}, "properties": {"highway": "steps"}}, {"type": "Feature", "geometry": {"type": "LineString", "coordinates": [[-84.3962098, 33.7732265], [-84.3961772, 33.7732264]]}, "properties": {"highway": "steps"}}, {"type": "Feature", "geometry": {"type": "LineString", "coordinates": [[-84.3969828, 33.7768899], [-84.3969849, 33.7768151]]}, "properties": {"highway": "steps"}}, {"type": "Feature", "geometry": {"type": "LineString", "coordinates": [[-84.4029687, 33.7762836], [-84.4029672, 33.7763255], [-84.4028866, 33.7763236], [-84.4028855, 33.7763791]]}, "properties": {"highway": "steps"}}, {"type": "Feature", "geometry": {"type": "LineString", "coordinates": [[-84.4008837, 33.7774402], [-84.4008324, 33.7774782], [-84.4007919, 33.7775257], [-84.4007752, 33.777552]]}, "properties": {"highway": "steps"}}, {"type": "Feature", "geometry": {"type": "LineString", "coordinates": [[-84.3996357, 33.7776838], [-84.3995225, 33.7776896]]}, "properties": {"highway": "steps"}}, {"type": "Feature", "geometry": {"type": "LineString", "coordinates": [[-84.3996682, 33.7772882], [-84.3995492, 33.7772643]]}, "properties": {"highway": "steps"}}, {"type": "Feature", "geometry": {"type": "LineString", "coordinates": [[-84.4020893, 33.7765876], [-84.4021724, 33.7765863]]}, "properties": {"highway": "steps"}}, {"type": "Feature", "geometry": {"type": "LineString", "coordinates": [[-84.3985809, 33.7743264], [-84.398579, 33.7745041]]}, "properties": {"highway": "steps"}}, {"type": "Feature", "geometry": {"type": "LineString", "coordinates": [[-84.3983054, 33.7736261], [-84.3983673, 33.773625]]}, "properties": {"highway": "steps"}}, {"type": "Feature", "geometry": {"type": "LineString", "coordinates": [[-84.4076817, 33.7717788], [-84.407693, 33.7717226]]}, "properties": {"highway": "steps", "step_count": "6", "incline": "down", "handrail": "no", "surface": "wood", "ramp": "no"}}, {"type": "Feature", "geometry": {"type": "LineString", "coordinates": [[-84.4080554, 33.7712771], [-84.4080558, 33.7712676]]}, "properties": {"highway": "steps", "step_count": "5", "incline": "up", "handrail": "yes", "surface": "concrete", "ramp": "no"}}, {"type": "Feature", "geometry": {"type": "LineString", "coordinates": [[-84.4082334, 33.7715995], [-84.4082335, 33.7716089]]}, "properties": {"highway": "steps", "step_count": "3", "incline": "up", "handrail": "no", "surface": "paving_stones", "ramp": "no"}}, {"type": "Feature", "geometry": {"type": "LineString", "coordinates": [[-84.3990819, 33.7746266], [-84.3989317, 33.7746857], [-84.3988307, 33.7747303]]}, "properties": {"highway": "steps"}}, {"type": "Feature", "geometry": {"type": "LineString", "coordinates": [[-84.3988307, 33.7747303], [-84.398812, 33.7747386]]}, "properties": {"highway": "steps"}}, {"type": "Feature", "geometry": {"type": "LineString", "coordinates": [[-84.3987712, 33.7747566], [-84.3987541, 33.7747642]]}, "properties": {"highway": "steps"}}, {"type": "Feature", "geometry": {"type": "LineString", "coordinates": [[-84.3986219, 33.7748227], [-84.3985987, 33.7748329]]}, "properties": {"highway": "steps"}}, {"type": "Feature", "geometry": {"type": "LineString", "coordinates": [[-84.3987055, 33.7747857], [-84.3986874, 33.7747937]]}, "properties": {"highway": "steps"}}, {"type": "Feature", "geometry": {"type": "LineString", "coordinates": [[-84.3985492, 33.7748549], [-84.3985323, 33.7748623]]}, "properties": {"highway": "steps"}}, {"type": "Feature", "geometry": {"type": "LineString", "coordinates": [[-84.3984909, 33.7748806], [-84.398454, 33.7748969]]}, "properties": {"highway": "steps"}}, {"type": "Feature", "geometry": {"type": "LineString", "coordinates": [[-84.405156, 33.7771903], [-84.4050784, 33.777114]]}, "properties": {"highway": "steps"}}, {"type": "Feature", "geometry": {"type": "LineString", "coordinates": [[-84.4051162, 33.7768566], [-84.4052355, 33.7768613]]}, "properties": {"highway": "steps"}}, {"type": "Feature", "geometry": {"type": "LineString", "coordinates": [[-84.395074, 33.77225], [-84.395075, 33.7722127]]}, "properties": {"highway": "steps", "incline": "down"}}, {"type": "Feature", "geometry": {"type": "LineString", "coordinates": [[-84.3938752, 33.7717931], [-84.3937703, 33.7717945]]}, "properties": {"highway": "steps"}}, {"type": "Feature", "geometry": {"type": "LineString", "coordinates": [[-84.3940583, 33.7720783], [-84.3940578, 33.7720516]]}, "properties": {"highway": "steps", "incline": "down"}}, {"type": "Feature", "geometry": {"type": "LineString", "coordinates": [[-84.3942817, 33.7723818], [-84.3942825, 33.7723521]]}, "properties": {"highway": "steps"}}, {"type": "Feature", "geometry": {"type": "LineString", "coordinates": [[-84.3949629, 33.7760627], [-84.3949752, 33.7760635]]}, "properties": {"highway": "steps"}}, {"type": "Feature", "geometry": {"type": "LineString", "coordinates": [[-84.3960111, 33.7739898], [-84.3959069, 33.77399]]}, "properties": {"highway": "steps", "handrail": "yes"}}, {"type": "Feature", "geometry": {"type": "LineString", "coordinates": [[-84.3943324, 33.7742095], [-84.3943096, 33.7742095], [-84.3942801, 33.7742141], [-84.3942731, 33.7742225]]}, "properties": {"highway": "steps", "incline": "down", "handrail": "yes"}}, {"type": "Feature", "geometry": {"type": "LineString", "coordinates": [[-84.3941408, 33.7740375], [-84.3941394, 33.7740149]]}, "properties": {"highway": "steps", "step_count": "3", "incline": "down", "handrail": "no"}}, {"type": "Feature", "geometry": {"type": "LineString", "coordinates": [[-84.3937946, 33.7734508], [-84.3937924, 33.7733522]]}, "properties": {"highway": "steps"}}, {"type": "Feature", "geometry": {"type": "LineString", "coordinates": [[-84.3935163, 33.7736194], [-84.3933549, 33.773695]]}, "properties": {"highway": "steps"}}, {"type": "Feature", "geometry": {"type": "LineString", "coordinates": [[-84.3942784, 33.7728614], [-84.3942787, 33.7728342]]}, "properties": {"highway": "steps"}}, {"type": "Feature", "geometry": {"type": "LineString", "coordinates": [[-84.3942771, 33.7729725], [-84.3942777, 33.772922]]}, "properties": {"highway": "steps"}}, {"type": "Feature", "geometry": {"type": "LineString", "coordinates": [[-84.3943932, 33.7726973], [-84.3943291, 33.7726966]]}, "properties": {"highway": "steps"}}, {"type": "Feature", "geometry": {"type": "LineString", "coordinates": [[-84.3945356, 33.772805], [-84.3945371, 33.7728307]]}, "properties": {"highway": "steps"}}, {"type": "Feature", "geometry": {"type": "LineString", "coordinates": [[-84.3946731, 33.7723088], [-84.3946455, 33.7723081]]}, "properties": {"highway": "steps"}}, {"type": "Feature", "geometry": {"type": "LineString", "coordinates": [[-84.3947445, 33.7723106], [-84.3947719, 33.7723106]]}, "properties": {"highway": "steps"}}, {"type": "Feature", "geometry": {"type": "LineString", "coordinates": [[-84.3947074, 33.7722934], [-84.3947074, 33.7722705]]}, "properties": {"highway": "steps"}}, {"type": "Feature", "geometry": {"type": "LineString", "coordinates": [[-84.3938384, 33.7714448], [-84.3938929, 33.7714867]]}, "properties": {"highway": "steps", "incline": "up"}}, {"type": "Feature", "geometry": {"type": "LineString", "coordinates": [[-84.3933904, 33.7708961], [-84.3933908, 33.770959]]}, "properties": {"highway": "steps"}}, {"type": "Feature", "geometry": {"type": "LineString", "coordinates": [[-84.3933446, 33.7711953], [-84.3933243, 33.7711685]]}, "properties": {"highway": "steps"}}, {"type": "Feature", "geometry": {"type": "LineString", "coordinates": [[-84.3928272, 33.7714809], [-84.3928282, 33.7713996]]}, "properties": {"highway": "steps", "step_count": "15", "incline": "down", "handrail": "yes", "surface": "concrete", "ramp": "no"}}, {"type": "Feature", "geometry": {"type": "LineString", "coordinates": [[-84.3956256, 33.7764763], [-84.3955627, 33.7764735]]}, "properties": {"highway": "steps"}}, {"type": "Feature", "geometry": {"type": "LineString", "coordinates": [[-84.3942917, 33.7765493], [-84.3942911, 33.7765642], [-84.3942704, 33.7765638]]}, "properties": {"highway": "steps"}}, {"type": "Feature", "geometry": {"type": "LineString", "coordinates": [[-84.3940158, 33.7765841], [-84.3940162, 33.7765506], [-84.3939553, 33.7765498]]}, "properties": {"highway": "steps"}}, {"type": "Feature", "geometry": {"type": "LineString", "coordinates": [[-84.3935126, 33.7766375], [-84.3935244, 33.7766375]]}, "properties": {"highway": "steps"}}, {"type": "Feature", "geometry": {"type": "LineString", "coordinates": [[-84.3934791, 33.7766693], [-84.3934599, 33.776669]]}, "properties": {"highway": "steps"}}, {"type": "Feature", "geometry": {"type": "LineString", "coordinates": [[-84.3925254, 33.7766685], [-84.392524, 33.7766494]]}, "properties": {"highway": "steps"}}, {"type": "Feature", "geometry": {"type": "LineString", "coordinates": [[-84.3916142, 33.7744163], [-84.3915258, 33.7744136]]}, "properties": {"highway": "steps"}}, {"type": "Feature", "geometry": {"type": "LineString", "coordinates": [[-84.3918816, 33.7744007], [-84.3918408, 33.7744004]]}, "properties": {"highway": "steps"}}, {"type": "Feature", "geometry": {"type": "LineString", "coordinates": [[-84.3918746, 33.7747139], [-84.3918386, 33.7747145], [-84.3918193, 33.77471]]}, "properties": {"highway": "steps"}}, {"type": "Feature", "geometry": {"type": "LineString", "coordinates": [[-84.3914745, 33.7769645], [-84.3914733, 33.7770005]]}, "properties": {"highway": "steps"}}, {"type": "Feature", "geometry": {"type": "LineString", "coordinates": [[-84.3915963, 33.775374], [-84.3915959, 33.7753377]]}, "properties": {"highway": "steps"}}, {"type": "Feature", "geometry": {"type": "LineString", "coordinates": [[-84.3915878, 33.774808], [-84.3915878, 33.77479]]}, "properties": {"highway": "steps"}}, {"type": "Feature", "geometry": {"type": "LineString", "coordinates": [[-84.3907807, 33.7736153], [-84.390732, 33.7736171]]}, "properties": {"highway": "steps"}}, {"type": "Feature", "geometry": {"type": "LineString", "coordinates": [[-84.3915113, 33.7737827], [-84.3915353, 33.7737821]]}, "properties": {"highway": "steps"}}, {"type": "Feature", "geometry": {"type": "LineString", "coordinates": [[-84.3918617, 33.7720512], [-84.3918823, 33.7720511]]}, "properties": {"highway": "steps", "step_count": "3", "incline": "down", "handrail": "no"}}, {"type": "Feature", "geometry": {"type": "LineString", "coordinates": [[-84.3918246, 33.7721539], [-84.3917822, 33.7721517]]}, "properties": {"highway": "steps", "incline": "up", "handrail": "no"}}, {"type": "Feature", "geometry": {"type": "LineString", "coordinates": [[-84.391825, 33.7729759], [-84.3918241, 33.7729407]]}, "properties": {"highway": "steps", "incline": "up", "handrail": "yes"}}, {"type": "Feature", "geometry": {"type": "LineString", "coordinates": [[-84.3917609, 33.7729284], [-84.3917185, 33.7729305]]}, "properties": {"highway": "steps", "incline": "up", "handrail": "yes"}}, {"type": "Feature", "geometry": {"type": "LineString", "coordinates": [[-84.3914442, 33.7732402], [-84.3914702, 33.7732444]]}, "properties": {"highway": "steps"}}, {"type": "Feature", "geometry": {"type": "LineString", "coordinates": [[-84.391192, 33.7732486], [-84.3911422, 33.7732467]]}, "properties": {"highway": "steps"}}, {"type": "Feature", "geometry": {"type": "LineString", "coordinates": [[-84.3907887, 33.7727239], [-84.390737, 33.7727203]]}, "properties": {"highway": "steps"}}, {"type": "Feature", "geometry": {"type": "LineString", "coordinates": [[-84.3907581, 33.7718325], [-84.3907849, 33.7718333]]}, "properties": {"highway": "steps"}}, {"type": "Feature", "geometry": {"type": "LineString", "coordinates": [[-84.3916869, 33.7690383], [-84.3916848, 33.7689805]]}, "properties": {"highway": "steps"}}, {"type": "Feature", "geometry": {"type": "LineString", "coordinates": [[-84.3917353, 33.7711025], [-84.3916757, 33.7711031]]}, "properties": {"highway": "steps", "incline": "up"}}, {"type": "Feature", "geometry": {"type": "LineString", "coordinates": [[-84.3917372, 33.7711281], [-84.3916752, 33.7711293]]}, "properties": {"highway": "steps", "incline": "up"}}, {"type": "Feature", "geometry": {"type": "LineString", "coordinates": [[-84.3913254, 33.7700531], [-84.3912898, 33.7700544]]}, "properties": {"highway": "steps"}}, {"type": "Feature", "geometry": {"type": "LineString", "coordinates": [[-84.3914362, 33.7700531], [-84.3914018, 33.770052]]}, "properties": {"highway": "steps", "incline": "up"}}, {"type": "Feature", "geometry": {"type": "LineString", "coordinates": [[-84.3913645, 33.7701153], [-84.3913634, 33.7700874]]}, "properties": {"highway": "steps", "incline": "down"}}, {"type": "Feature", "geometry": {"type": "LineString", "coordinates": [[-84.391642, 33.7698822], [-84.3916287, 33.769865], [-84.3915823, 33.7698894], [-84.3915132, 33.769948]]}, "properties": {"highway": "steps", "incline": "up"}}, {"type": "Feature", "geometry": {"type": "LineString", "coordinates": [[-84.391126, 33.7694789], [-84.3911029, 33.7694777]]}, "properties": {"highway": "steps"}}, {"type": "Feature", "geometry": {"type": "LineString", "coordinates": [[-84.3953956, 33.7714688], [-84.3954285, 33.7714694], [-84.3954478, 33.7714695]]}, "properties": {"highway": "steps"}}, {"type": "Feature", "geometry": {"type": "LineString", "coordinates": [[-84.3952666, 33.7714726], [-84.3952666, 33.7714891]]}, "properties": {"highway": "steps"}}, {"type": "Feature", "geometry": {"type": "LineString", "coordinates": [[-84.3952598, 33.7718989], [-84.3952656, 33.7719334]]}, "properties": {"highway": "steps"}}, {"type": "Feature", "geometry": {"type": "LineString", "coordinates": [[-84.3955808, 33.7718743], [-84.3956651, 33.7718765]]}, "properties": {"highway": "steps"}}, {"type": "Feature", "geometry": {"type": "LineString", "coordinates": [[-84.3958575, 33.7728485], [-84.3958593, 33.7729031]]}, "properties": {"highway": "steps"}}, {"type": "Feature", "geometry": {"type": "LineString", "coordinates": [[-84.3956208, 33.7732572], [-84.3955696, 33.773259]]}, "properties": {"highway": "steps"}}, {"type": "Feature", "geometry": {"type": "LineString", "coordinates": [[-84.3949273, 33.7742427], [-84.3949268, 33.7741998]]}, "properties": {"highway": "steps"}}, {"type": "Feature", "geometry": {"type": "LineString", "coordinates": [[-84.3953924, 33.7746609], [-84.3953316, 33.7746618]]}, "properties": {"highway": "steps"}}, {"type": "Feature", "geometry": {"type": "LineString", "coordinates": [[-84.3953912, 33.7748333], [-84.3953645, 33.7748286]]}, "properties": {"highway": "steps"}}, {"type": "Feature", "geometry": {"type": "LineString", "coordinates": [[-84.3946345, 33.7752804], [-84.3946333, 33.7753633]]}, "properties": {"highway": "steps"}}, {"type": "Feature", "geometry": {"type": "LineString", "coordinates": [[-84.3951462, 33.7757624], [-84.3951452, 33.7757768]]}, "properties": {"highway": "steps", "incline": "down", "handrail": "yes"}}, {"type": "Feature", "geometry": {"type": "LineString", "coordinates": [[-84.3949611, 33.7761008], [-84.3949618, 33.7760731]]}, "properties": {"highway": "steps"}}, {"type": "Feature", "geometry": {"type": "LineString", "coordinates": [[-84.3957278, 33.7762376], [-84.3957286, 33.7761605]]}, "properties": {"highway": "steps", "incline": "up", "handrail": "yes"}}, {"type": "Feature", "geometry": {"type": "LineString", "coordinates": [[-84.3938966, 33.7737857], [-84.39388, 33.7738252]]}, "properties": {"highway": "steps", "step_count": "1", "incline": "down", "handrail": "no"}}, {"type": "Feature", "geometry": {"type": "LineString", "coordinates": [[-84.3959527, 33.7769526], [-84.3957808, 33.7769516]]}, "properties": {"highway": "steps", "incline": "down", "handrail": "yes"}}, {"type": "Feature", "geometry": {"type": "LineString", "coordinates": [[-84.3955838, 33.7725364], [-84.3956241, 33.7725368]]}, "properties": {"highway": "steps"}}, {"type": "Feature", "geometry": {"type": "LineString", "coordinates": [[-84.3956386, 33.7731689], [-84.3956708, 33.7731687]]}, "properties": {"highway": "steps"}}, {"type": "Feature", "geometry": {"type": "LineString", "coordinates": [[-84.3914723, 33.7719217], [-84.3914426, 33.7719032]]}, "properties": {"highway": "steps", "step_count": "5"}}, {"type": "Feature", "geometry": {"type": "LineString", "coordinates": [[-84.3918509, 33.7726205], [-84.3918634, 33.7726226]]}, "properties": {"highway": "steps", "step_count": "4", "incline": "down", "handrail": "yes"}}, {"type": "Feature", "geometry": {"type": "LineString", "coordinates": [[-84.3910725, 33.7719183], [-84.3910884, 33.7719024]]}, "properties": {"highway": "steps"}}, {"type": "Feature", "geometry": {"type": "LineString", "coordinates": [[-84.3957808, 33.7769516], [-84.3956559, 33.7769531]]}, "properties": {"highway": "steps", "incline": "down", "handrail": "yes"}}, {"type": "Feature", "geometry": {"type": "LineString", "coordinates": [[-84.3916469, 33.7710817], [-84.3916469, 33.7710484]]}, "properties": {"highway": "steps", "incline": "up"}}, {"type": "Feature", "geometry": {"type": "LineString", "coordinates": [[-84.3916647, 33.7710811], [-84.3916647, 33.7710477]]}, "properties": {"highway": "steps", "incline": "up"}}, {"type": "Feature", "geometry": {"type": "LineString", "coordinates": [[-84.3916632, 33.7710258], [-84.3916632, 33.7709925]]}, "properties": {"highway": "steps", "incline": "up"}}, {"type": "Feature", "geometry": {"type": "LineString", "coordinates": [[-84.3916454, 33.7710264], [-84.3916454, 33.7709931]]}, "properties": {"highway": "steps", "incline": "up"}}, {"type": "Feature", "geometry": {"type": "LineString", "coordinates": [[-84.3918289, 33.7737865], [-84.3918218, 33.7737421], [-84.39182, 33.7737014]]}, "properties": {"highway": "steps", "incline": "up", "handrail": "yes"}}, {"type": "Feature", "geometry": {"type": "LineString", "coordinates": [[-84.3912549, 33.7701889], [-84.3912564, 33.7702877]]}, "properties": {"highway": "steps", "incline": "up"}}, {"type": "Feature", "geometry": {"type": "LineString", "coordinates": [[-84.3954521, 33.7742417], [-84.3954525, 33.7742524]]}, "properties": {"highway": "steps", "surface": "concrete"}}, {"type": "Feature", "geometry": {"type": "LineString", "coordinates": [[-84.391662, 33.7715412], [-84.3916795, 33.7715179]]}, "properties": {"highway": "steps"}}, {"type": "Feature", "geometry": {"type": "LineString", "coordinates": [[-84.3911293, 33.7723818], [-84.3911293, 33.7723977]]}, "properties": {"highway": "steps"}}, {"type": "Feature", "geometry": {"type": "LineString", "coordinates": [[-84.391158, 33.7715598], [-84.3912162, 33.7716044]]}, "properties": {"highway": "steps", "surface": "concrete"}}, {"type": "Feature", "geometry": {"type": "LineString", "coordinates": [[-84.3911303, 33.7723264], [-84.3911296, 33.7723461]]}, "properties": {"highway": "steps"}}, {"type": "Feature", "geometry": {"type": "LineString", "coordinates": [[-84.3915208, 33.7724466], [-84.3914818, 33.7724465]]}, "properties": {"highway": "steps", "incline": "up"}}, {"type": "Feature", "geometry": {"type": "LineString", "coordinates": [[-84.3918057, 33.7726112], [-84.3917833, 33.7726029]]}, "properties": {"highway": "steps", "incline": "up", "handrail": "yes"}}, {"type": "Feature", "geometry": {"type": "LineString", "coordinates": [[-84.3916162, 33.7702479], [-84.3915888, 33.770232], [-84.3915663, 33.7702157], [-84.3915427, 33.7701919], [-84.3915209, 33.7701648], [-84.3915096, 33.7701448]]}, "properties": {"highway": "steps", "incline": "up"}}, {"type": "Feature", "geometry": {"type": "LineString", "coordinates": [[-84.3957917, 33.7739223], [-84.3957153, 33.7738162]]}, "properties": {"highway": "steps", "incline": "down"}}, {"type": "Feature", "geometry": {"type": "LineString", "coordinates": [[-84.3957011, 33.7732991], [-84.3956427, 33.7734]]}, "properties": {"highway": "steps", "incline": "down"}}, {"type": "Feature", "geometry": {"type": "LineString", "coordinates": [[-84.3911444, 33.7737767], [-84.3911444, 33.7736768]]}, "properties": {"highway": "steps"}}, {"type": "Feature", "geometry": {"type": "LineString", "coordinates": [[-84.3914098, 33.7737621], [-84.3914108, 33.7736599]]}, "properties": {"highway": "steps", "incline": "up"}}, {"type": "Feature", "geometry": {"type": "LineString", "coordinates": [[-84.3916008, 33.7739854], [-84.3916525, 33.7739857]]}, "properties": {"highway": "steps", "incline": "down", "handrail": "both"}}, {"type": "Feature", "geometry": {"type": "LineString", "coordinates": [[-84.3915317, 33.7739854], [-84.3914955, 33.7739851]]}, "properties": {"highway": "steps", "incline": "down", "handrail": "both"}}, {"type": "Feature", "geometry": {"type": "LineString", "coordinates": [[-84.3950533, 33.7727228], [-84.3950524, 33.7727559]]}, "properties": {"highway": "steps", "surface": "paved"}}, {"type": "Feature", "geometry": {"type": "LineString", "coordinates": [[-84.3938075, 33.7727797], [-84.3938487, 33.7727779]]}, "properties": {"highway": "steps"}}, {"type": "Feature", "geometry": {"type": "LineString", "coordinates": [[-84.3918171, 33.772252], [-84.3918174, 33.7722292]]}, "properties": {"highway": "steps", "step_count": "8", "incline": "up", "handrail": "yes"}}, {"type": "Feature", "geometry": {"type": "LineString", "coordinates": [[-84.3918618, 33.7721555], [-84.3918808, 33.7721556]]}, "properties": {"highway": "steps", "step_count": "6", "incline": "down", "handrail": "yes"}}, {"type": "Feature", "geometry": {"type": "LineString", "coordinates": [[-84.3937959, 33.7734683], [-84.3937979, 33.7735089]]}, "properties": {"highway": "steps"}}, {"type": "Feature", "geometry": {"type": "LineString", "coordinates": [[-84.3937954, 33.7734608], [-84.393745, 33.7734607]]}, "properties": {"highway": "steps"}}, {"type": "Feature", "geometry": {"type": "LineString", "coordinates": [[-84.3910326, 33.7730337], [-84.3910135, 33.7730343]]}, "properties": {"highway": "steps"}}, {"type": "Feature", "geometry": {"type": "LineString", "coordinates": [[-84.3909774, 33.773033], [-84.3909561, 33.7730337]]}, "properties": {"highway": "steps"}}, {"type": "Feature", "geometry": {"type": "LineString", "coordinates": [[-84.3918768, 33.7732547], [-84.391834, 33.773255]]}, "properties": {"highway": "steps", "incline": "up", "handrail": "yes"}}, {"type": "Feature", "geometry": {"type": "LineString", "coordinates": [[-84.3938988, 33.774368], [-84.3939485, 33.7743589]]}, "properties": {"highway": "steps"}}, {"type": "Feature", "geometry": {"type": "LineString", "coordinates": [[-84.3930533, 33.7749264], [-84.3930217, 33.7749264]]}, "properties": {"highway": "steps"}}, {"type": "Feature", "geometry": {"type": "LineString", "coordinates": [[-84.3935317, 33.7776401], [-84.3935179, 33.77764]]}, "properties": {"highway": "steps"}}, {"type": "Feature", "geometry": {"type": "LineString", "coordinates": [[-84.3935065, 33.7778961], [-84.3935294, 33.7778956]]}, "properties": {"highway": "steps"}}, {"type": "Feature", "geometry": {"type": "LineString", "coordinates": [[-84.3954519, 33.7744431], [-84.3954498, 33.7743448]]}, "properties": {"highway": "steps"}}, {"type": "Feature", "geometry": {"type": "LineString", "coordinates": [[-84.3870561, 33.7719139], [-84.3870418, 33.7719774]]}, "properties": {"highway": "steps", "incline": "down", "layer": "-2"}}, {"type": "Feature", "geometry": {"type": "LineString", "coordinates": [[-84.3872263, 33.7720066], [-84.3872408, 33.7719431]]}, "properties": {"highway": "steps", "incline": "up", "layer": "-2"}}, {"type": "Feature", "geometry": {"type": "LineString", "coordinates": [[-84.386955, 33.7717998], [-84.3869155, 33.7717974], [-84.3868619, 33.7717945]]}, "properties": {"highway": "steps", "incline": "up", "layer": "-1"}}, {"type": "Feature", "geometry": {"type": "LineString", "coordinates": [[-84.3870504, 33.77168], [-84.3870378, 33.7718063]]}, "properties": {"highway": "steps", "incline": "down", "layer": "-1"}}, {"type": "Feature", "geometry": {"type": "LineString", "coordinates": [[-84.3869297, 33.7732837], [-84.386945, 33.7732193]]}, "properties": {"highway": "steps", "incline": "down"}}, {"type": "Feature", "geometry": {"type": "LineString", "coordinates": [[-84.38675, 33.7732531], [-84.3867658, 33.7731892]]}, "properties": {"highway": "steps", "incline": "down"}}, {"type": "Feature", "geometry": {"type": "LineString", "coordinates": [[-84.3917204, 33.7716024], [-84.3916794, 33.7716029]]}, "properties": {"highway": "steps", "surface": "concrete"}}, {"type": "Feature", "geometry": {"type": "LineString", "coordinates": [[-84.388905, 33.7777507], [-84.3891607, 33.7777529]]}, "properties": {"highway": "steps", "incline": "down", "handrail": "yes"}}, {"type": "Feature", "geometry": {"type": "LineString", "coordinates": [[-84.3890534, 33.7778839], [-84.3889151, 33.7778832]]}, "properties": {"highway": "steps", "incline": "down", "handrail": "yes"}}, {"type": "Feature", "geometry": {"type": "LineString", "coordinates": [[-84.393043, 33.7743348], [-84.3931092, 33.7743183], [-84.3931297, 33.7743722]]}, "properties": {"highway": "steps"}}, {"type": "Feature", "geometry": {"type": "LineString", "coordinates": [[-84.38599, 33.7711306], [-84.3859426, 33.7711308]]}, "properties": {"highway": "steps", "handrail": "yes", "surface": "paving_stones"}}, {"type": "Feature", "geometry": {"type": "LineString", "coordinates": [[-84.3862897, 33.7711325], [-84.3863488, 33.7711328]]}, "properties": {"highway": "steps", "handrail": "yes", "surface": "paving_stones"}}, {"type": "Feature", "geometry": {"type": "LineString", "coordinates": [[-84.3856797, 33.77115], [-84.3856804, 33.7710971]]}, "properties": {"highway": "steps", "handrail": "yes", "surface": "paving_stones"}}, {"type": "Feature", "geometry": {"type": "LineString", "coordinates": [[-84.3853237, 33.7711196], [-84.385307, 33.7711336]]}, "properties": {"highway": "steps", "incline": "down", "handrail": "yes", "surface": "paving_stones"}}, {"type": "Feature", "geometry": {"type": "LineString", "coordinates": [[-84.3854384, 33.7710238], [-84.3854249, 33.7710351]]}, "properties": {"highway": "steps", "incline": "down", "handrail": "yes", "surface": "paving_stones"}}, {"type": "Feature", "geometry": {"type": "LineString", "coordinates": [[-84.3870344, 33.770876], [-84.3865551, 33.7708741]]}, "properties": {"name": "Bank Of America Plaza Walkway", "highway": "steps", "handrail": "yes", "surface": "paving_stones"}}, {"type": "Feature", "geometry": {"type": "LineString", "coordinates": [[-84.3853731, 33.7714245], [-84.3853446, 33.7714242]]}, "properties": {"highway": "steps", "step_count": "4", "incline": "down", "surface": "concrete"}}, {"type": "Feature", "geometry": {"type": "LineString", "coordinates": [[-84.3856918, 33.7714276], [-84.3856397, 33.7714271]]}, "properties": {"highway": "steps", "step_count": "4", "surface": "concrete"}}, {"type": "Feature", "geometry": {"type": "LineString", "coordinates": [[-84.3850636, 33.7691562], [-84.3850479, 33.769156]]}, "properties": {"highway": "steps", "step_count": "8", "surface": "concrete"}}, {"type": "Feature", "geometry": {"type": "LineString", "coordinates": [[-84.3876386, 33.7711207], [-84.3876385, 33.7710619]]}, "properties": {"highway": "steps", "incline": "down", "handrail": "yes", "surface": "concrete"}}, {"type": "Feature", "geometry": {"type": "LineString", "coordinates": [[-84.3877712, 33.7711218], [-84.3877712, 33.7710627]]}, "properties": {"highway": "steps", "incline": "down", "handrail": "yes", "surface": "concrete"}}, {"type": "Feature", "geometry": {"type": "LineString", "coordinates": [[-84.3879029, 33.7711228], [-84.3879028, 33.7710635]]}, "properties": {"highway": "steps", "incline": "down", "handrail": "yes", "surface": "concrete"}}, {"type": "Feature", "geometry": {"type": "LineString", "coordinates": [[-84.3880337, 33.7711238], [-84.3880336, 33.7710642]]}, "properties": {"highway": "steps", "incline": "down", "handrail": "yes", "surface": "concrete"}}, {"type": "Feature", "geometry": {"type": "LineString", "coordinates": [[-84.3877664, 33.7689595], [-84.3877292, 33.7689594]]}, "properties": {"highway": "steps", "handrail": "yes", "surface": "concrete"}}, {"type": "Feature", "geometry": {"type": "LineString", "coordinates": [[-84.3861995, 33.769699], [-84.3861994, 33.7696861]]}, "properties": {"highway": "steps", "handrail": "yes", "surface": "concrete"}}, {"type": "Feature", "geometry": {"type": "LineString", "coordinates": [[-84.3861997, 33.7697093], [-84.3861995, 33.769699]]}, "properties": {"highway": "steps", "handrail": "yes", "surface": "concrete"}}, {"type": "Feature", "geometry": {"type": "LineString", "coordinates": [[-84.3864514, 33.7697281], [-84.386451, 33.7697078], [-84.3865099, 33.7697071], [-84.3865098, 33.7697]]}, "properties": {"highway": "steps", "handrail": "yes", "surface": "concrete"}}, {"type": "Feature", "geometry": {"type": "LineString", "coordinates": [[-84.3862658, 33.7697304], [-84.3862655, 33.7697087], [-84.3861997, 33.7697093], [-84.3861321, 33.7697098], [-84.3861324, 33.7697322]]}, "properties": {"highway": "steps", "handrail": "yes", "surface": "concrete"}}, {"type": "Feature", "geometry": {"type": "LineString", "coordinates": [[-84.3855005, 33.768937], [-84.3855002, 33.768909]]}, "properties": {"highway": "steps", "incline": "down", "handrail": "yes", "surface": "concrete"}}, {"type": "Feature", "geometry": {"type": "LineString", "coordinates": [[-84.3853742, 33.7696093], [-84.3853299, 33.7696095]]}, "properties": {"highway": "steps", "incline": "down", "handrail": "yes", "surface": "concrete"}}, {"type": "Feature", "geometry": {"type": "LineString", "coordinates": [[-84.387072, 33.7727044], [-84.3871401, 33.7727206]]}, "properties": {"highway": "steps", "handrail": "yes", "surface": "concrete"}}, {"type": "Feature", "geometry": {"type": "LineString", "coordinates": [[-84.3868646, 33.7724321], [-84.386866, 33.772414]]}, "properties": {"highway": "steps", "handrail": "yes", "surface": "concrete"}}, {"type": "Feature", "geometry": {"type": "LineString", "coordinates": [[-84.3870435, 33.772463], [-84.3870357, 33.7724927]]}, "properties": {"highway": "steps", "handrail": "yes", "surface": "concrete"}}, {"type": "Feature", "geometry": {"type": "LineString", "coordinates": [[-84.3870344, 33.7731445], [-84.3871008, 33.773149]]}, "properties": {"highway": "steps", "handrail": "yes", "surface": "concrete"}}, {"type": "Feature", "geometry": {"type": "LineString", "coordinates": [[-84.3871189, 33.7731502], [-84.3871558, 33.7731527]]}, "properties": {"highway": "steps", "handrail": "yes", "surface": "concrete"}}, {"type": "Feature", "geometry": {"type": "LineString", "coordinates": [[-84.3861217, 33.7730827], [-84.3861673, 33.7730858]]}, "properties": {"highway": "steps", "handrail": "yes", "surface": "concrete"}}, {"type": "Feature", "geometry": {"type": "LineString", "coordinates": [[-84.3860206, 33.7730758], [-84.3860681, 33.7730791]]}, "properties": {"highway": "steps", "handrail": "yes", "surface": "concrete"}}, {"type": "Feature", "geometry": {"type": "LineString", "coordinates": [[-84.385922, 33.7730692], [-84.385969, 33.7730723]]}, "properties": {"highway": "steps", "handrail": "yes", "surface": "concrete"}}, {"type": "Feature", "geometry": {"type": "LineString", "coordinates": [[-84.3858301, 33.7729746], [-84.3858341, 33.7729309]]}, "properties": {"highway": "steps", "handrail": "yes", "surface": "concrete"}}, {"type": "Feature", "geometry": {"type": "LineString", "coordinates": [[-84.3856732, 33.7735903], [-84.3856859, 33.7734343]]}, "properties": {"highway": "steps", "handrail": "yes", "surface": "concrete"}}, {"type": "Feature", "geometry": {"type": "LineString", "coordinates": [[-84.3844355, 33.7724228], [-84.3844471, 33.7724505]]}, "properties": {"highway": "steps", "handrail": "yes", "surface": "concrete"}}, {"type": "Feature", "geometry": {"type": "LineString", "coordinates": [[-84.3847632, 33.7726055], [-84.3847302, 33.7726037]]}, "properties": {"highway": "steps", "handrail": "yes", "surface": "concrete"}}, {"type": "Feature", "geometry": {"type": "LineString", "coordinates": [[-84.3844327, 33.7724163], [-84.3844355, 33.7724228]]}, "properties": {"highway": "steps", "handrail": "yes", "surface": "concrete"}}, {"type": "Feature", "geometry": {"type": "LineString", "coordinates": [[-84.3847339, 33.7723288], [-84.3847371, 33.7723436]]}, "properties": {"highway": "steps", "handrail": "yes", "surface": "concrete"}}, {"type": "Feature", "geometry": {"type": "LineString", "coordinates": [[-84.3847447, 33.7723484], [-84.3847259, 33.7723712]]}, "properties": {"highway": "steps", "handrail": "yes", "surface": "concrete", "ramp": "no"}}, {"type": "Feature", "geometry": {"type": "LineString", "coordinates": [[-84.3847014, 33.7727718], [-84.3847018, 33.7727619]]}, "properties": {"highway": "steps", "handrail": "yes", "surface": "concrete"}}, {"type": "Feature", "geometry": {"type": "LineString", "coordinates": [[-84.3872667, 33.7716943], [-84.3872352, 33.771692]]}, "properties": {"highway": "steps", "handrail": "yes", "surface": "concrete"}}, {"type": "Feature", "geometry": {"type": "LineString", "coordinates": [[-84.3870904, 33.7722052], [-84.387092, 33.7721818]]}, "properties": {"highway": "steps", "handrail": "yes", "surface": "concrete"}}, {"type": "Feature", "geometry": {"type": "LineString", "coordinates": [[-84.3846874, 33.7732074], [-84.3846721, 33.7732066]]}, "properties": {"highway": "steps", "incline": "up", "handrail": "yes", "surface": "concrete"}}, {"type": "Feature", "geometry": {"type": "LineString", "coordinates": [[-84.3847901, 33.7745192], [-84.3848209, 33.774521]]}, "properties": {"highway": "steps", "incline": "up", "handrail": "yes", "surface": "concrete"}}, {"type": "Feature", "geometry": {"type": "LineString", "coordinates": [[-84.3848075, 33.774344], [-84.3848383, 33.7743459]]}, "properties": {"highway": "steps", "incline": "up", "handrail": "yes", "surface": "concrete"}}, {"type": "Feature", "geometry": {"type": "LineString", "coordinates": [[-84.3853505, 33.7737837], [-84.3853472, 33.7738201]]}, "properties": {"highway": "steps", "handrail": "yes", "surface": "concrete"}}, {"type": "Feature", "geometry": {"type": "LineString", "coordinates": [[-84.3836051, 33.7744155], [-84.3836437, 33.7744175]]}, "properties": {"highway": "steps", "handrail": "yes", "surface": "paving_stones"}}, {"type": "Feature", "geometry": {"type": "LineString", "coordinates": [[-84.3838789, 33.7747864], [-84.3838811, 33.7747635], [-84.3839169, 33.7747659]]}, "properties": {"highway": "steps", "handrail": "yes", "surface": "paving_stones"}}, {"type": "Feature", "geometry": {"type": "LineString", "coordinates": [[-84.3845654, 33.7746202], [-84.3845111, 33.7746175]]}, "properties": {"highway": "steps", "incline": "up", "handrail": "yes", "surface": "paving_stones", "ramp": "no"}}, {"type": "Feature", "geometry": {"type": "LineString", "coordinates": [[-84.3871863, 33.7748913], [-84.3871725, 33.7748903]]}, "properties": {"highway": "steps", "incline": "up", "handrail": "yes", "surface": "concrete", "ramp": "no"}}, {"type": "Feature", "geometry": {"type": "LineString", "coordinates": [[-84.3875863, 33.7714832], [-84.3876052, 33.7714837]]}, "properties": {"highway": "steps", "incline": "up", "handrail": "yes", "surface": "concrete", "ramp": "no"}}, {"type": "Feature", "geometry": {"type": "LineString", "coordinates": [[-84.3898235, 33.7750384], [-84.3898235, 33.7750234]]}, "properties": {"highway": "steps", "handrail": "yes", "surface": "concrete"}}, {"type": "Feature", "geometry": {"type": "LineString", "coordinates": [[-84.387863, 33.7724465], [-84.3878628, 33.7724848]]}, "properties": {"highway": "steps", "handrail": "yes", "surface": "concrete"}}, {"type": "Feature", "geometry": {"type": "LineString", "coordinates": [[-84.3871464, 33.776197], [-84.3871078, 33.776195]]}, "properties": {"highway": "steps", "handrail": "yes", "surface": "concrete"}}, {"type": "Feature", "geometry": {"type": "LineString", "coordinates": [[-84.3864045, 33.7761883], [-84.3864064, 33.7761669]]}, "properties": {"highway": "steps", "handrail": "yes", "surface": "concrete"}}, {"type": "Feature", "geometry": {"type": "LineString", "coordinates": [[-84.3848374, 33.7755291], [-84.3850299, 33.7755423]]}, "properties": {"highway": "steps", "incline": "up", "handrail": "yes", "surface": "concrete"}}, {"type": "Feature", "geometry": {"type": "LineString", "coordinates": [[-84.3858096, 33.7772519], [-84.3857784, 33.7772497]]}, "properties": {"highway": "steps", "handrail": "yes", "surface": "concrete"}}, {"type": "Feature", "geometry": {"type": "LineString", "coordinates": [[-84.3897082, 33.7774522], [-84.3897075, 33.777498], [-84.389703, 33.7777586]]}, "properties": {"highway": "steps"}}, {"type": "Feature", "geometry": {"type": "LineString", "coordinates": [[-84.3877913, 33.7718634], [-84.3877964, 33.7718774]]}, "properties": {"highway": "steps", "incline": "up", "surface": "concrete"}}, {"type": "Feature", "geometry": {"type": "LineString", "coordinates": [[-84.3877755, 33.7718196], [-84.3877687, 33.771803]]}, "properties": {"highway": "steps", "incline": "up", "surface": "concrete"}}, {"type": "Feature", "geometry": {"type": "LineString", "coordinates": [[-84.3878963, 33.7717711], [-84.3878964, 33.7717579]]}, "properties": {"highway": "steps", "incline": "up", "surface": "concrete"}}, {"type": "Feature", "geometry": {"type": "LineString", "coordinates": [[-84.3878965, 33.7717438], [-84.3878967, 33.7717187]]}, "properties": {"highway": "steps", "incline": "up", "surface": "concrete"}}, {"type": "Feature", "geometry": {"type": "LineString", "coordinates": [[-84.3881167, 33.7717584], [-84.388117, 33.7717431]]}, "properties": {"highway": "steps", "incline": "up", "surface": "concrete"}}, {"type": "Feature", "geometry": {"type": "LineString", "coordinates": [[-84.3806591, 33.7723559], [-84.3806368, 33.7723659], [-84.3806247, 33.7723857], [-84.3806255, 33.772411], [-84.3806271, 33.7724397], [-84.3806278, 33.7724583]]}, "properties": {"highway": "steps"}}, {"type": "Feature", "geometry": {"type": "LineString", "coordinates": [[-84.3755971, 33.7691326], [-84.3756443, 33.7691321]]}, "properties": {"highway": "steps", "incline": "up", "handrail": "no", "surface": "concrete", "ramp": "no"}}, {"type": "Feature", "geometry": {"type": "LineString", "coordinates": [[-84.3753829, 33.7695227], [-84.3754, 33.7695243]]}, "properties": {"highway": "steps", "incline": "up", "surface": "concrete"}}, {"type": "Feature", "geometry": {"type": "LineString", "coordinates": [[-84.3754312, 33.7695272], [-84.3754478, 33.7695288]]}, "properties": {"highway": "steps", "incline": "up", "surface": "concrete"}}, {"type": "Feature", "geometry": {"type": "LineString", "coordinates": [[-84.3754804, 33.7695318], [-84.3755004, 33.7695337]]}, "properties": {"highway": "steps", "incline": "up", "surface": "concrete"}}, {"type": "Feature", "geometry": {"type": "LineString", "coordinates": [[-84.3755318, 33.7695366], [-84.3755555, 33.7695388]]}, "properties": {"highway": "steps", "incline": "up", "surface": "concrete"}}, {"type": "Feature", "geometry": {"type": "LineString", "coordinates": [[-84.3830286, 33.7723209], [-84.3830307, 33.77229]]}, "properties": {"highway": "steps", "incline": "up", "handrail": "yes", "surface": "concrete", "ramp": "no"}}, {"type": "Feature", "geometry": {"type": "LineString", "coordinates": [[-84.3820915, 33.7722702], [-84.3820813, 33.7723557]]}, "properties": {"highway": "steps", "incline": "down", "handrail": "yes", "surface": "concrete", "ramp": "no"}}, {"type": "Feature", "geometry": {"type": "LineString", "coordinates": [[-84.3819837, 33.7720318], [-84.3819169, 33.7720279]]}, "properties": {"highway": "steps", "handrail": "yes", "surface": "paving_stones"}}, {"type": "Feature", "geometry": {"type": "LineString", "coordinates": [[-84.3720208, 33.76892], [-84.372092, 33.7689199]]}, "properties": {"highway": "steps"}}, {"type": "Feature", "geometry": {"type": "LineString", "coordinates": [[-84.4120578, 33.7854722], [-84.4120308, 33.7854318]]}, "properties": {"highway": "steps"}}, {"type": "Feature", "geometry": {"type": "LineString", "coordinates": [[-84.4120831, 33.7857469], [-84.412049, 33.785701]]}, "properties": {"highway": "steps"}}, {"type": "Feature", "geometry": {"type": "LineString", "coordinates": [[-84.412345, 33.7799641], [-84.4123128, 33.7799771]]}, "properties": {"highway": "steps", "step_count": "2", "incline": "down", "handrail": "no", "surface": "concrete"}}, {"type": "Feature", "geometry": {"type": "LineString", "coordinates": [[-84.4013829, 33.7804653], [-84.4013828, 33.7804541], [-84.4013834, 33.7804464]]}, "properties": {"highway": "steps"}}, {"type": "Feature", "geometry": {"type": "LineString", "coordinates": [[-84.4014876, 33.7804658], [-84.4014881, 33.7804547], [-84.4014886, 33.7804469]]}, "properties": {"highway": "steps"}}, {"type": "Feature", "geometry": {"type": "LineString", "coordinates": [[-84.4017836, 33.7805598], [-84.4018163, 33.7805607]]}, "properties": {"highway": "steps"}}, {"type": "Feature", "geometry": {"type": "LineString", "coordinates": [[-84.4049508, 33.7790668], [-84.405084, 33.7790673]]}, "properties": {"highway": "steps"}}, {"type": "Feature", "geometry": {"type": "LineString", "coordinates": [[-84.3976832, 33.7790446], [-84.3976561, 33.7790446]]}, "properties": {"highway": "steps"}}, {"type": "Feature", "geometry": {"type": "LineString", "coordinates": [[-84.4053404, 33.7783138], [-84.4054254, 33.7783148]]}, "properties": {"highway": "steps"}}, {"type": "Feature", "geometry": {"type": "LineString", "coordinates": [[-84.4053485, 33.7779522], [-84.4054362, 33.7779544]]}, "properties": {"highway": "steps"}}, {"type": "Feature", "geometry": {"type": "LineString", "coordinates": [[-84.404348, 33.7780395], [-84.4042731, 33.7780358], [-84.4042622, 33.7780353]]}, "properties": {"highway": "steps"}}, {"type": "Feature", "geometry": {"type": "LineString", "coordinates": [[-84.404303, 33.7784515], [-84.4042539, 33.7784533]]}, "properties": {"highway": "steps"}}, {"type": "Feature", "geometry": {"type": "LineString", "coordinates": [[-84.404303, 33.7784515], [-84.4043319, 33.7784515], [-84.4043956, 33.7784514]]}, "properties": {"highway": "steps"}}, {"type": "Feature", "geometry": {"type": "LineString", "coordinates": [[-84.4047956, 33.7783427], [-84.4047953, 33.7783272], [-84.4047977, 33.7782936]]}, "properties": {"highway": "steps"}}, {"type": "Feature", "geometry": {"type": "LineString", "coordinates": [[-84.4045973, 33.7782987], [-84.404597, 33.7783482]]}, "properties": {"highway": "steps"}}, {"type": "Feature", "geometry": {"type": "LineString", "coordinates": [[-84.4049508, 33.7790668], [-84.4049496, 33.7790157]]}, "properties": {"highway": "steps"}}, {"type": "Feature", "geometry": {"type": "LineString", "coordinates": [[-84.4059055, 33.7798401], [-84.405868, 33.7798402]]}, "properties": {"highway": "steps"}}, {"type": "Feature", "geometry": {"type": "LineString", "coordinates": [[-84.4060075, 33.7798412], [-84.4059718, 33.7798405]]}, "properties": {"highway": "steps"}}, {"type": "Feature", "geometry": {"type": "LineString", "coordinates": [[-84.4054059, 33.7801734], [-84.4053453, 33.7801746]]}, "properties": {"highway": "steps"}}, {"type": "Feature", "geometry": {"type": "LineString", "coordinates": [[-84.4050836, 33.7803461], [-84.4050836, 33.7803791]]}, "properties": {"highway": "steps"}}, {"type": "Feature", "geometry": {"type": "LineString", "coordinates": [[-84.4049249, 33.780933], [-84.4049258, 33.7809639]]}, "properties": {"highway": "steps"}}, {"type": "Feature", "geometry": {"type": "LineString", "coordinates": [[-84.4045647, 33.7807582], [-84.4045642, 33.7807771]]}, "properties": {"highway": "steps"}}, {"type": "Feature", "geometry": {"type": "LineString", "coordinates": [[-84.4037511, 33.7803516], [-84.4037394, 33.7803223], [-84.4037278, 33.7803038], [-84.4037008, 33.7802773]]}, "properties": {"highway": "steps"}}, {"type": "Feature", "geometry": {"type": "LineString", "coordinates": [[-84.40226, 33.7801849], [-84.4022824, 33.780083]]}, "properties": {"highway": "steps"}}, {"type": "Feature", "geometry": {"type": "LineString", "coordinates": [[-84.4024196, 33.7806324], [-84.4023169, 33.7806309]]}, "properties": {"highway": "steps"}}, {"type": "Feature", "geometry": {"type": "LineString", "coordinates": [[-84.4018253, 33.7813744], [-84.4018237, 33.7813535]]}, "properties": {"highway": "steps"}}, {"type": "Feature", "geometry": {"type": "LineString", "coordinates": [[-84.401803, 33.7810693], [-84.4017893, 33.7810818]]}, "properties": {"highway": "steps"}}, {"type": "Feature", "geometry": {"type": "LineString", "coordinates": [[-84.4018263, 33.7810068], [-84.4018263, 33.7810235]]}, "properties": {"highway": "steps"}}, {"type": "Feature", "geometry": {"type": "LineString", "coordinates": [[-84.4018263, 33.7809372], [-84.4018263, 33.7809541]]}, "properties": {"highway": "steps"}}, {"type": "Feature", "geometry": {"type": "LineString", "coordinates": [[-84.4013847, 33.7808976], [-84.401385, 33.7808852]]}, "properties": {"highway": "steps"}}, {"type": "Feature", "geometry": {"type": "LineString", "coordinates": [[-84.4014882, 33.780898], [-84.4014898, 33.7808853]]}, "properties": {"highway": "steps"}}, {"type": "Feature", "geometry": {"type": "LineString", "coordinates": [[-84.4005985, 33.7808992], [-84.4005961, 33.7808857]]}, "properties": {"highway": "steps"}}, {"type": "Feature", "geometry": {"type": "LineString", "coordinates": [[-84.3998641, 33.780126], [-84.3997733, 33.7801265]]}, "properties": {"highway": "steps"}}, {"type": "Feature", "geometry": {"type": "LineString", "coordinates": [[-84.3972647, 33.780736], [-84.3972649, 33.7808049]]}, "properties": {"highway": "steps"}}, {"type": "Feature", "geometry": {"type": "LineString", "coordinates": [[-84.3970719, 33.7810097], [-84.3970315, 33.7810083]]}, "properties": {"highway": "steps"}}, {"type": "Feature", "geometry": {"type": "LineString", "coordinates": [[-84.3966, 33.7827176], [-84.3965748, 33.7826951]]}, "properties": {"highway": "steps"}}, {"type": "Feature", "geometry": {"type": "LineString", "coordinates": [[-84.3961896, 33.7825048], [-84.3961958, 33.7825029]]}, "properties": {"highway": "steps"}}, {"type": "Feature", "geometry": {"type": "LineString", "coordinates": [[-84.3961635, 33.7825296], [-84.396177, 33.7825455]]}, "properties": {"highway": "steps"}}, {"type": "Feature", "geometry": {"type": "LineString", "coordinates": [[-84.3962406, 33.782603], [-84.396197, 33.782564]]}, "properties": {"highway": "steps"}}, {"type": "Feature", "geometry": {"type": "LineString", "coordinates": [[-84.3960645, 33.7827829], [-84.3960939, 33.7827569]]}, "properties": {"highway": "steps"}}, {"type": "Feature", "geometry": {"type": "LineString", "coordinates": [[-84.3978654, 33.7793504], [-84.3978936, 33.7793484], [-84.3979255, 33.7793356], [-84.3979931, 33.7792598], [-84.3980211, 33.7792417], [-84.3981016, 33.779211], [-84.3981207, 33.7791943], [-84.3981363, 33.7791634], [-84.3981387, 33.779135], [-84.3981408, 33.7791094], [-84.3981206, 33.7790782], [-84.3980643, 33.7790514], [-84.3980321, 33.7790046], [-84.3979275, 33.7789823], [-84.3978846, 33.7789422], [-84.3978846, 33.7789201]]}, "properties": {"highway": "steps"}}, {"type": "Feature", "geometry": {"type": "LineString", "coordinates": [[-84.3976275, 33.7788504], [-84.3976001, 33.7788611], [-84.397559, 33.7788732], [-84.3975247, 33.7788775]]}, "properties": {"highway": "steps"}}, {"type": "Feature", "geometry": {"type": "LineString", "coordinates": [[-84.3976474, 33.7795066], [-84.3976278, 33.7794682], [-84.3976328, 33.7793976], [-84.3976126, 33.7793667], [-84.3975575, 33.7793387], [-84.3974712, 33.7793373], [-84.3974426, 33.7793282], [-84.3973583, 33.7792516], [-84.3972705, 33.7792084], [-84.3972344, 33.7791803]]}, "properties": {"highway": "steps"}}, {"type": "Feature", "geometry": {"type": "LineString", "coordinates": [[-84.3974677, 33.7799738], [-84.3974685, 33.7799245]]}, "properties": {"highway": "steps"}}, {"type": "Feature", "geometry": {"type": "LineString", "coordinates": [[-84.3966174, 33.7798153], [-84.3966102, 33.7796433]]}, "properties": {"highway": "steps"}}, {"type": "Feature", "geometry": {"type": "LineString", "coordinates": [[-84.3968094, 33.7794865], [-84.3968129, 33.779194]]}, "properties": {"highway": "steps", "step_count": "6"}}, {"type": "Feature", "geometry": {"type": "LineString", "coordinates": [[-84.3965085, 33.7794744], [-84.3964758, 33.7794221], [-84.3964492, 33.7793668], [-84.3964353, 33.7793215], [-84.396423, 33.7792736], [-84.396411, 33.7792204]]}, "properties": {"highway": "steps", "step_count": "6"}}, {"type": "Feature", "geometry": {"type": "LineString", "coordinates": [[-84.3962509, 33.7782749], [-84.396201, 33.7782491], [-84.3961378, 33.7782237], [-84.3961068, 33.7782128]]}, "properties": {"highway": "steps", "incline": "down", "handrail": "yes"}}, {"type": "Feature", "geometry": {"type": "LineString", "coordinates": [[-84.3963087, 33.7783219], [-84.3963087, 33.7783538]]}, "properties": {"highway": "steps"}}, {"type": "Feature", "geometry": {"type": "LineString", "coordinates": [[-84.3964162, 33.778461], [-84.3964437, 33.7784611]]}, "properties": {"highway": "steps"}}, {"type": "Feature", "geometry": {"type": "LineString", "coordinates": [[-84.3974744, 33.7795593], [-84.3970952, 33.7795575]]}, "properties": {"highway": "steps"}}, {"type": "Feature", "geometry": {"type": "LineString", "coordinates": [[-84.3964779, 33.7824969], [-84.3964967, 33.7824535]]}, "properties": {"highway": "steps"}}, {"type": "Feature", "geometry": {"type": "LineString", "coordinates": [[-84.4028608, 33.7797229], [-84.4029146, 33.7797753]]}, "properties": {"highway": "steps", "incline": "up", "handrail": "yes"}}, {"type": "Feature", "geometry": {"type": "LineString", "coordinates": [[-84.4031586, 33.7797259], [-84.4031569, 33.7797753]]}, "properties": {"highway": "steps"}}, {"type": "Feature", "geometry": {"type": "LineString", "coordinates": [[-84.4033881, 33.7786684], [-84.4029857, 33.7785347]]}, "properties": {"highway": "steps", "surface": "concrete"}}, {"type": "Feature", "geometry": {"type": "LineString", "coordinates": [[-84.4037387, 33.7789669], [-84.4037426, 33.778842]]}, "properties": {"highway": "steps"}}, {"type": "Feature", "geometry": {"type": "LineString", "coordinates": [[-84.4037682, 33.7794086], [-84.4037656, 33.7791644]]}, "properties": {"highway": "steps"}}, {"type": "Feature", "geometry": {"type": "LineString", "coordinates": [[-84.4038462, 33.7780329], [-84.4038141, 33.778014]]}, "properties": {"highway": "steps"}}, {"type": "Feature", "geometry": {"type": "LineString", "coordinates": [[-84.4049634, 33.7800719], [-84.404784, 33.7800689]]}, "properties": {"highway": "steps"}}, {"type": "Feature", "geometry": {"type": "LineString", "coordinates": [[-84.4004918, 33.7789396], [-84.4005144, 33.77898], [-84.4005228, 33.7790118], [-84.4005319, 33.7790318], [-84.4005349, 33.7790389], [-84.4005504, 33.7790702], [-84.4005642, 33.7790851]]}, "properties": {"highway": "steps", "incline": "down", "handrail": "no", "surface": "stepping_stones"}}, {"type": "Feature", "geometry": {"type": "LineString", "coordinates": [[-84.3992698, 33.7794408], [-84.399318, 33.7794151], [-84.3993547, 33.7793857], [-84.3993693, 33.7793473], [-84.3993724, 33.7792874], [-84.3993844, 33.7792459], [-84.3994255, 33.7792049]]}, "properties": {"highway": "steps"}}, {"type": "Feature", "geometry": {"type": "LineString", "coordinates": [[-84.3959632, 33.7781788], [-84.3957897, 33.7781698]]}, "properties": {"highway": "steps", "incline": "down", "handrail": "yes"}}, {"type": "Feature", "geometry": {"type": "LineString", "coordinates": [[-84.3958107, 33.7799278], [-84.3958701, 33.7799279]]}, "properties": {"highway": "steps"}}, {"type": "Feature", "geometry": {"type": "LineString", "coordinates": [[-84.3959516, 33.7795989], [-84.3959525, 33.7795824]]}, "properties": {"highway": "steps"}}, {"type": "Feature", "geometry": {"type": "LineString", "coordinates": [[-84.3953708, 33.7810796], [-84.3953668, 33.7810706]]}, "properties": {"highway": "steps"}}, {"type": "Feature", "geometry": {"type": "LineString", "coordinates": [[-84.3954044, 33.7810887], [-84.3953921, 33.7810928]]}, "properties": {"highway": "steps"}}, {"type": "Feature", "geometry": {"type": "LineString", "coordinates": [[-84.3954216, 33.7812363], [-84.3953816, 33.7812189], [-84.3953754, 33.7811974]]}, "properties": {"highway": "steps"}}, {"type": "Feature", "geometry": {"type": "LineString", "coordinates": [[-84.3921285, 33.7803833], [-84.3921057, 33.7803693], [-84.3920646, 33.7803307]]}, "properties": {"highway": "steps"}}, {"type": "Feature", "geometry": {"type": "LineString", "coordinates": [[-84.3930641, 33.7800342], [-84.3930644, 33.7800009]]}, "properties": {"highway": "steps"}}, {"type": "Feature", "geometry": {"type": "LineString", "coordinates": [[-84.3927016, 33.7797796], [-84.3927056, 33.7797305]]}, "properties": {"highway": "steps"}}, {"type": "Feature", "geometry": {"type": "LineString", "coordinates": [[-84.3933431, 33.7791247], [-84.3933241, 33.7791205], [-84.393315, 33.7791246], [-84.3933125, 33.7791341], [-84.3933738, 33.7791428]]}, "properties": {"highway": "steps"}}, {"type": "Feature", "geometry": {"type": "LineString", "coordinates": [[-84.3932944, 33.7791454], [-84.3932604, 33.7791376]]}, "properties": {"highway": "steps"}}, {"type": "Feature", "geometry": {"type": "LineString", "coordinates": [[-84.3928211, 33.7791609], [-84.3928199, 33.7791861]]}, "properties": {"highway": "steps"}}, {"type": "Feature", "geometry": {"type": "LineString", "coordinates": [[-84.3923098, 33.7789228], [-84.3923098, 33.7789049]]}, "properties": {"highway": "steps"}}, {"type": "Feature", "geometry": {"type": "LineString", "coordinates": [[-84.3922694, 33.7790541], [-84.3922694, 33.778983]]}, "properties": {"highway": "steps"}}, {"type": "Feature", "geometry": {"type": "LineString", "coordinates": [[-84.392552, 33.7792116], [-84.3924891, 33.7792127]]}, "properties": {"highway": "steps"}}, {"type": "Feature", "geometry": {"type": "LineString", "coordinates": [[-84.3926229, 33.7791875], [-84.3925946, 33.7791906]]}, "properties": {"highway": "steps"}}, {"type": "Feature", "geometry": {"type": "LineString", "coordinates": [[-84.3922695, 33.7791224], [-84.3922705, 33.7790773]]}, "properties": {"highway": "steps"}}, {"type": "Feature", "geometry": {"type": "LineString", "coordinates": [[-84.3920272, 33.7795204], [-84.3920835, 33.7794285]]}, "properties": {"highway": "steps"}}, {"type": "Feature", "geometry": {"type": "LineString", "coordinates": [[-84.3919288, 33.7790671], [-84.3919269, 33.7790892]]}, "properties": {"highway": "steps"}}, {"type": "Feature", "geometry": {"type": "LineString", "coordinates": [[-84.3919839, 33.7790032], [-84.3920199, 33.7789719]]}, "properties": {"highway": "steps"}}, {"type": "Feature", "geometry": {"type": "LineString", "coordinates": [[-84.391983, 33.7787377], [-84.3920217, 33.7787704]]}, "properties": {"highway": "steps"}}, {"type": "Feature", "geometry": {"type": "LineString", "coordinates": [[-84.3919365, 33.7785198], [-84.3919353, 33.7785385]]}, "properties": {"highway": "steps"}}, {"type": "Feature", "geometry": {"type": "LineString", "coordinates": [[-84.3920878, 33.7783771], [-84.39213, 33.7783781]]}, "properties": {"highway": "steps"}}, {"type": "Feature", "geometry": {"type": "LineString", "coordinates": [[-84.3957751, 33.7821573], [-84.395765, 33.7821835]]}, "properties": {"highway": "steps"}}, {"type": "Feature", "geometry": {"type": "LineString", "coordinates": [[-84.3953164, 33.7809848], [-84.3952692, 33.7809905], [-84.3952247, 33.7809868]]}, "properties": {"highway": "steps"}}, {"type": "Feature", "geometry": {"type": "LineString", "coordinates": [[-84.3956157, 33.7809549], [-84.3956058, 33.7809303]]}, "properties": {"highway": "steps"}}, {"type": "Feature", "geometry": {"type": "LineString", "coordinates": [[-84.395387, 33.7808587], [-84.3954257, 33.7807821], [-84.3954143, 33.7807425]]}, "properties": {"highway": "steps"}}, {"type": "Feature", "geometry": {"type": "LineString", "coordinates": [[-84.3958963, 33.781672], [-84.3958955, 33.7816489]]}, "properties": {"highway": "steps"}}, {"type": "Feature", "geometry": {"type": "LineString", "coordinates": [[-84.3930905, 33.7792322], [-84.3930966, 33.7792106]]}, "properties": {"highway": "steps"}}, {"type": "Feature", "geometry": {"type": "LineString", "coordinates": [[-84.3926999, 33.7795171], [-84.3927009, 33.7794622]]}, "properties": {"highway": "steps"}}, {"type": "Feature", "geometry": {"type": "LineString", "coordinates": [[-84.3930572, 33.7792669], [-84.393062, 33.7792565]]}, "properties": {"highway": "steps"}}, {"type": "Feature", "geometry": {"type": "LineString", "coordinates": [[-84.3934287, 33.7795097], [-84.393394, 33.7794598]]}, "properties": {"highway": "steps"}}, {"type": "Feature", "geometry": {"type": "LineString", "coordinates": [[-84.3866551, 33.7819811], [-84.3864827, 33.7819798]]}, "properties": {"highway": "steps", "incline": "down", "handrail": "yes", "surface": "concrete"}}, {"type": "Feature", "geometry": {"type": "LineString", "coordinates": [[-84.386125, 33.7860243], [-84.3861246, 33.7861122]]}, "properties": {"highway": "steps", "handrail": "yes", "surface": "concrete"}}, {"type": "Feature", "geometry": {"type": "LineString", "coordinates": [[-84.3845203, 33.7867818], [-84.384408, 33.7867807]]}, "properties": {"highway": "steps", "surface": "concrete"}}, {"type": "Feature", "geometry": {"type": "LineString", "coordinates": [[-84.3934149, 33.7813163], [-84.3932627, 33.7812341]]}, "properties": {"highway": "steps"}}, {"type": "Feature", "geometry": {"type": "LineString", "coordinates": [[-84.3935316, 33.7780052], [-84.3935086, 33.7780054]]}, "properties": {"highway": "steps"}}, {"type": "Feature", "geometry": {"type": "LineString", "coordinates": [[-84.386472, 33.7811257], [-84.3864805, 33.7812875]]}, "properties": {"highway": "steps", "incline": "down"}}, {"type": "Feature", "geometry": {"type": "LineString", "coordinates": [[-84.386472, 33.7811257], [-84.3864629, 33.780968]]}, "properties": {"highway": "steps", "incline": "down"}}, {"type": "Feature", "geometry": {"type": "LineString", "coordinates": [[-84.3861721, 33.7811243], [-84.3861631, 33.7809761]]}, "properties": {"highway": "steps", "incline": "down"}}, {"type": "Feature", "geometry": {"type": "LineString", "coordinates": [[-84.3861721, 33.7811243], [-84.3861834, 33.7812934]]}, "properties": {"highway": "steps", "incline": "down"}}, {"type": "Feature", "geometry": {"type": "LineString", "coordinates": [[-84.3932935, 33.7792042], [-84.3932899, 33.7792162]]}, "properties": {"highway": "steps"}}, {"type": "Feature", "geometry": {"type": "LineString", "coordinates": [[-84.3931888, 33.7792811], [-84.3931568, 33.7792747]]}, "properties": {"highway": "steps"}}, {"type": "Feature", "geometry": {"type": "LineString", "coordinates": [[-84.3932935, 33.7792042], [-84.3932985, 33.7791963], [-84.3932779, 33.7791944]]}, "properties": {"highway": "steps"}}, {"type": "Feature", "geometry": {"type": "LineString", "coordinates": [[-84.3932362, 33.7792052], [-84.3932634, 33.77922]]}, "properties": {"highway": "steps"}}, {"type": "Feature", "geometry": {"type": "LineString", "coordinates": [[-84.3931822, 33.7792583], [-84.3931789, 33.779238]]}, "properties": {"highway": "steps"}}, {"type": "Feature", "geometry": {"type": "LineString", "coordinates": [[-84.3931103, 33.7792275], [-84.3930994, 33.7792537]]}, "properties": {"highway": "steps"}}, {"type": "Feature", "geometry": {"type": "LineString", "coordinates": [[-84.386958, 33.7870802], [-84.3869285, 33.7870801]]}, "properties": {"highway": "steps", "incline": "up", "surface": "concrete"}}, {"type": "Feature", "geometry": {"type": "LineString", "coordinates": [[-84.3876865, 33.7870827], [-84.3876687, 33.7870827]]}, "properties": {"highway": "steps", "incline": "up", "surface": "concrete"}}, {"type": "Feature", "geometry": {"type": "LineString", "coordinates": [[-84.3876758, 33.7851584], [-84.3876265, 33.7851583]]}, "properties": {"highway": "steps", "step_count": "5", "incline": "down", "handrail": "yes", "surface": "concrete", "ramp": "no"}}, {"type": "Feature", "geometry": {"type": "LineString", "coordinates": [[-84.3876771, 33.7854077], [-84.3876368, 33.7854076]]}, "properties": {"highway": "steps", "step_count": "4", "incline": "up", "handrail": "yes", "surface": "concrete", "ramp": "no"}}, {"type": "Feature", "geometry": {"type": "LineString", "coordinates": [[-84.3840672, 33.7861103], [-84.3841517, 33.7861112]]}, "properties": {"highway": "steps", "step_count": "30", "incline": "down", "handrail": "yes", "surface": "concrete", "ramp": "no"}}, {"type": "Feature", "geometry": {"type": "LineString", "coordinates": [[-84.3876753, 33.7834556], [-84.3876441, 33.7834556]]}, "properties": {"highway": "steps", "step_count": "8", "incline": "up", "handrail": "yes", "surface": "concrete", "ramp": "no"}}, {"type": "Feature", "geometry": {"type": "LineString", "coordinates": [[-84.3877383, 33.7834557], [-84.3877257, 33.7834557]]}, "properties": {"highway": "steps", "step_count": "2", "incline": "up", "handrail": "no", "surface": "concrete", "ramp": "no"}}, {"type": "Feature", "geometry": {"type": "LineString", "coordinates": [[-84.3864509, 33.7819796], [-84.3864349, 33.7819795]]}, "properties": {"highway": "steps", "step_count": "6", "incline": "down", "handrail": "yes", "surface": "concrete", "ramp": "no"}}, {"type": "Feature", "geometry": {"type": "LineString", "coordinates": [[-84.3855718, 33.781354], [-84.3856554, 33.7813536]]}, "properties": {"highway": "steps", "incline": "up", "surface": "concrete", "ramp": "yes"}}, {"type": "Feature", "geometry": {"type": "LineString", "coordinates": [[-84.3857331, 33.7813533], [-84.3857042, 33.7813534]]}, "properties": {"highway": "steps", "surface": "concrete"}}, {"type": "Feature", "geometry": {"type": "LineString", "coordinates": [[-84.3868467, 33.781329], [-84.3868467, 33.7812351]]}, "properties": {"highway": "steps", "incline": "up", "surface": "concrete"}}, {"type": "Feature", "geometry": {"type": "LineString", "coordinates": [[-84.3862799, 33.781643], [-84.3862951, 33.7816432]]}, "properties": {"highway": "steps", "incline": "down", "handrail": "yes", "surface": "concrete", "ramp": "yes"}}, {"type": "Feature", "geometry": {"type": "LineString", "coordinates": [[-84.386438, 33.781646], [-84.3864549, 33.7816465]]}, "properties": {"highway": "steps", "incline": "up", "handrail": "yes", "surface": "concrete", "ramp": "yes"}}, {"type": "Feature", "geometry": {"type": "LineString", "coordinates": [[-84.3898923, 33.7835648], [-84.3899821, 33.7835651]]}, "properties": {"highway": "steps", "incline": "down", "surface": "concrete"}}, {"type": "Feature", "geometry": {"type": "LineString", "coordinates": [[-84.389991, 33.7835403], [-84.3899986, 33.7835403]]}, "properties": {"highway": "steps", "incline": "down", "surface": "concrete"}}, {"type": "Feature", "geometry": {"type": "LineString", "coordinates": [[-84.3844471, 33.7813457], [-84.3844692, 33.7813458]]}, "properties": {"highway": "steps", "incline": "up", "surface": "concrete"}}, {"type": "Feature", "geometry": {"type": "LineString", "coordinates": [[-84.3844998, 33.7812382], [-84.3844997, 33.7812856], [-84.3844798, 33.7812855]]}, "properties": {"highway": "steps", "incline": "up", "surface": "concrete"}}, {"type": "Feature", "geometry": {"type": "LineString", "coordinates": [[-84.3845986, 33.7811429], [-84.3845989, 33.7811688]]}, "properties": {"highway": "steps", "incline": "down", "surface": "concrete"}}, {"type": "Feature", "geometry": {"type": "LineString", "coordinates": [[-84.384467, 33.7812855], [-84.3844669, 33.7813297], [-84.3845154, 33.7813297]]}, "properties": {"highway": "steps", "incline": "up", "ramp": "yes"}}, {"type": "Feature", "geometry": {"type": "LineString", "coordinates": [[-84.3898255, 33.7781213], [-84.3898263, 33.7781736], [-84.3898018, 33.7781739], [-84.3898007, 33.7781312]]}, "properties": {"highway": "steps"}}, {"type": "Feature", "geometry": {"type": "LineString", "coordinates": [[-84.384365, 33.7818549], [-84.3843645, 33.7818753]]}, "properties": {"highway": "steps", "incline": "up", "handrail": "yes", "surface": "paving_stones", "ramp": "no"}}, {"type": "Feature", "geometry": {"type": "LineString", "coordinates": [[-84.3843641, 33.7818934], [-84.3843636, 33.7819129]]}, "properties": {"highway": "steps", "incline": "up", "handrail": "yes", "surface": "paving_stones", "ramp": "no"}}, {"type": "Feature", "geometry": {"type": "LineString", "coordinates": [[-84.38375, 33.7815511], [-84.3837467, 33.7815883]]}, "properties": {"highway": "steps", "incline": "down", "surface": "concrete"}}, {"type": "Feature", "geometry": {"type": "LineString", "coordinates": [[-84.3718172, 33.7855211], [-84.3717616, 33.7854854], [-84.3717159, 33.7854612], [-84.3716562, 33.7854331]]}, "properties": {"highway": "steps", "step_count": "20", "incline": "down", "handrail": "yes", "surface": "concrete", "ramp": "no"}}, {"type": "Feature", "geometry": {"type": "LineString", "coordinates": [[-84.3772924, 33.7864978], [-84.3771385, 33.7864658]]}, "properties": {"highway": "steps", "step_count": "17", "width": "10", "incline": "down", "handrail": "no", "surface": "concrete", "ramp": "no"}}, {"type": "Feature", "geometry": {"type": "LineString", "coordinates": [[-84.3713417, 33.7866364], [-84.3713962, 33.7866349], [-84.3714517, 33.7866248], [-84.3715194, 33.7865916], [-84.371554, 33.7865484], [-84.3715853, 33.7864951], [-84.3716174, 33.786443], [-84.3716572, 33.7863853]]}, "properties": {"highway": "steps", "handrail": "yes", "surface": "concrete"}}, {"type": "Feature", "geometry": {"type": "LineString", "coordinates": [[-84.3714524, 33.7854159], [-84.3713331, 33.7853742]]}, "properties": {"highway": "steps", "step_count": "20", "incline": "down", "handrail": "yes", "surface": "concrete", "ramp": "no"}}, {"type": "Feature", "geometry": {"type": "LineString", "coordinates": [[-84.3715703, 33.785433], [-84.3715234, 33.78543]]}, "properties": {"highway": "steps", "step_count": "7", "incline": "down", "handrail": "yes", "surface": "concrete", "ramp": "no"}}, {"type": "Feature", "geometry": {"type": "LineString", "coordinates": [[-84.3779428, 33.7828975], [-84.3780053, 33.7827351]]}, "properties": {"highway": "steps", "step_count": "24", "incline": "up", "handrail": "yes", "surface": "concrete", "ramp": "no"}}, {"type": "Feature", "geometry": {"type": "LineString", "coordinates": [[-84.377218, 33.7839763], [-84.3773438, 33.7839658]]}, "properties": {"highway": "steps", "step_count": "23", "incline": "up", "handrail": "yes", "surface": "concrete", "ramp": "no"}}, {"type": "Feature", "geometry": {"type": "LineString", "coordinates": [[-84.3773335, 33.7841944], [-84.3772005, 33.7841583]]}, "properties": {"highway": "steps", "step_count": "27", "incline": "down", "handrail": "yes", "surface": "concrete", "ramp": "no"}}, {"type": "Feature", "geometry": {"type": "LineString", "coordinates": [[-84.3750136, 33.7859644], [-84.3750537, 33.7857964]]}, "properties": {"highway": "steps", "step_count": "16", "incline": "down", "handrail": "no", "surface": "concrete", "ramp": "no"}}, {"type": "Feature", "geometry": {"type": "LineString", "coordinates": [[-84.3749513, 33.7861557], [-84.3749343, 33.7862355]]}, "properties": {"highway": "steps", "step_count": "17", "incline": "down", "handrail": "no", "surface": "concrete", "ramp": "no"}}, {"type": "Feature", "geometry": {"type": "LineString", "coordinates": [[-84.3754336, 33.7849478], [-84.3754641, 33.7849666]]}, "properties": {"highway": "steps", "step_count": "16", "incline": "up", "handrail": "no", "surface": "concrete", "ramp": "no"}}, {"type": "Feature", "geometry": {"type": "LineString", "coordinates": [[-84.3775776, 33.7844249], [-84.3776196, 33.7845224]]}, "properties": {"highway": "steps", "step_count": "22", "incline": "up", "handrail": "no", "surface": "asphalt", "ramp": "no"}}, {"type": "Feature", "geometry": {"type": "LineString", "coordinates": [[-84.376178, 33.7836411], [-84.3761793, 33.7836277]]}, "properties": {"highway": "steps", "step_count": "8", "incline": "up", "handrail": "yes", "surface": "concrete", "ramp": "no"}}, {"type": "Feature", "geometry": {"type": "LineString", "coordinates": [[-84.3745311, 33.783679], [-84.3745456, 33.7836182]]}, "properties": {"highway": "steps", "step_count": "21", "incline": "up", "handrail": "yes", "surface": "concrete", "ramp": "no"}}, {"type": "Feature", "geometry": {"type": "LineString", "coordinates": [[-84.376178, 33.7836834], [-84.3761793, 33.7836634]]}, "properties": {"highway": "steps", "step_count": "6", "incline": "up", "handrail": "yes", "surface": "concrete", "ramp": "no"}}, {"type": "Feature", "geometry": {"type": "LineString", "coordinates": [[-84.3769558, 33.7838049], [-84.3769746, 33.7837849]]}, "properties": {"highway": "steps", "step_count": "10", "incline": "up", "handrail": "yes", "surface": "concrete", "ramp": "no"}}, {"type": "Feature", "geometry": {"type": "LineString", "coordinates": [[-84.3800256, 33.7825406], [-84.38006, 33.7824888]]}, "properties": {"highway": "steps"}}, {"type": "Feature", "geometry": {"type": "LineString", "coordinates": [[-84.3801802, 33.7824146], [-84.380128, 33.7824125]]}, "properties": {"highway": "steps"}}, {"type": "Feature", "geometry": {"type": "LineString", "coordinates": [[-84.378256, 33.7825632], [-84.3782087, 33.7825636], [-84.3781686, 33.7825548], [-84.3780654, 33.7824906], [-84.3780421, 33.7824796], [-84.3780171, 33.7824754], [-84.3779976, 33.7824745]]}, "properties": {"highway": "steps", "step_count": "13", "incline": "down", "handrail": "no", "surface": "rock"}}, {"type": "Feature", "geometry": {"type": "LineString", "coordinates": [[-84.3764136, 33.7846834], [-84.3764358, 33.7845911]]}, "properties": {"highway": "steps", "step_count": "17", "incline": "down", "handrail": "yes", "surface": "concrete", "ramp": "no"}}, {"type": "Feature", "geometry": {"type": "LineString", "coordinates": [[-84.3815924, 33.7866015], [-84.3816086, 33.7866721]]}, "properties": {"highway": "steps", "handrail": "yes", "surface": "concrete"}}, {"type": "Feature", "geometry": {"type": "LineString", "coordinates": [[-84.3826585, 33.7866542], [-84.382659, 33.7866256], [-84.3826591, 33.7866195]]}, "properties": {"highway": "steps", "step_count": "14", "incline": "down", "handrail": "yes", "surface": "concrete", "ramp": "no"}}, {"type": "Feature", "geometry": {"type": "LineString", "coordinates": [[-84.382343, 33.7868332], [-84.3823436, 33.7867738]]}, "properties": {"highway": "steps", "step_count": "8", "incline": "down", "handrail": "yes", "surface": "concrete", "ramp": "no"}}, {"type": "Feature", "geometry": {"type": "LineString", "coordinates": [[-84.3824174, 33.7867487], [-84.3824176, 33.7867304]]}, "properties": {"highway": "steps", "step_count": "5", "incline": "down", "handrail": "yes", "surface": "concrete", "ramp": "no"}}, {"type": "Feature", "geometry": {"type": "LineString", "coordinates": [[-84.3806497, 33.7845414], [-84.3806489, 33.7845579]]}, "properties": {"highway": "steps", "incline": "down", "surface": "wood"}}, {"type": "Feature", "geometry": {"type": "LineString", "coordinates": [[-84.3806038, 33.7843771], [-84.3806038, 33.7843949]]}, "properties": {"highway": "steps", "incline": "up", "surface": "concrete"}}, {"type": "Feature", "geometry": {"type": "LineString", "coordinates": [[-84.3805603, 33.786673], [-84.3805735, 33.7866658], [-84.3805857, 33.7866561], [-84.3805977, 33.786641], [-84.380607, 33.7866185]]}, "properties": {"highway": "steps", "incline": "down", "surface": "concrete"}}, {"type": "Feature", "geometry": {"type": "LineString", "coordinates": [[-84.3803651, 33.7866122], [-84.3803729, 33.7866329], [-84.3803831, 33.7866479], [-84.3803994, 33.7866631], [-84.3804106, 33.7866705]]}, "properties": {"highway": "steps", "incline": "up", "surface": "concrete"}}, {"type": "Feature", "geometry": {"type": "LineString", "coordinates": [[-84.3823102, 33.7866471], [-84.3823103, 33.7866319]]}, "properties": {"highway": "steps", "step_count": "5", "incline": "down", "handrail": "yes", "surface": "concrete", "ramp": "no"}}, {"type": "Feature", "geometry": {"type": "LineString", "coordinates": [[-84.3822366, 33.7867074], [-84.3822247, 33.7867074]]}, "properties": {"highway": "steps", "step_count": "6", "incline": "down", "handrail": "yes", "surface": "concrete", "ramp": "no"}}, {"type": "Feature", "geometry": {"type": "LineString", "coordinates": [[-84.3822749, 33.7866201], [-84.3822748, 33.7866108]]}, "properties": {"highway": "steps", "step_count": "2", "incline": "down", "handrail": "yes", "surface": "concrete", "ramp": "no"}}, {"type": "Feature", "geometry": {"type": "LineString", "coordinates": [[-84.3822885, 33.7867507], [-84.3822885, 33.7867384]]}, "properties": {"highway": "steps", "step_count": "3", "incline": "down", "handrail": "yes", "surface": "concrete", "ramp": "no"}}, {"type": "Feature", "geometry": {"type": "LineString", "coordinates": [[-84.3832116, 33.7819647], [-84.3832128, 33.7820047]]}, "properties": {"highway": "steps", "incline": "down", "surface": "concrete"}}, {"type": "Feature", "geometry": {"type": "LineString", "coordinates": [[-84.3999828, 33.7911321], [-84.3999856, 33.7911606], [-84.3999563, 33.7911646], [-84.3999278, 33.7911652], [-84.3998968, 33.7911614]]}, "properties": {"highway": "steps"}}, {"type": "Feature", "geometry": {"type": "LineString", "coordinates": [[-84.3998717, 33.7909562], [-84.399846, 33.7909385], [-84.3998269, 33.7909579], [-84.3998122, 33.7909731], [-84.3998006, 33.7909913]]}, "properties": {"highway": "steps"}}, {"type": "Feature", "geometry": {"type": "LineString", "coordinates": [[-84.3841618, 33.7885746], [-84.3843314, 33.7886453]]}, "properties": {"highway": "steps", "incline": "up", "surface": "concrete"}}, {"type": "Feature", "geometry": {"type": "LineString", "coordinates": [[-84.3847491, 33.7898332], [-84.384898, 33.7897634]]}, "properties": {"highway": "steps"}}, {"type": "Feature", "geometry": {"type": "LineString", "coordinates": [[-84.3858776, 33.7898864], [-84.3858204, 33.7898016]]}, "properties": {"highway": "steps", "surface": "paving_stones"}}, {"type": "Feature", "geometry": {"type": "LineString", "coordinates": [[-84.3863695, 33.789491], [-84.3863415, 33.7895037]]}, "properties": {"highway": "steps", "incline": "up", "surface": "paving_stones"}}, {"type": "Feature", "geometry": {"type": "LineString", "coordinates": [[-84.386291, 33.789162], [-84.3862654, 33.789174]]}, "properties": {"highway": "steps", "incline": "up", "surface": "paving_stones"}}, {"type": "Feature", "geometry": {"type": "LineString", "coordinates": [[-84.3876894, 33.7892326], [-84.3875631, 33.7892502]]}, "properties": {"highway": "steps", "incline": "up"}}, {"type": "Feature", "geometry": {"type": "LineString", "coordinates": [[-84.387024, 33.7894094], [-84.3869858, 33.789217]]}, "properties": {"highway": "steps", "incline": "down", "conveying": "forward"}}, {"type": "Feature", "geometry": {"type": "LineString", "coordinates": [[-84.3869858, 33.789217], [-84.3869524, 33.7890402]]}, "properties": {"highway": "steps", "incline": "up", "conveying": "forward"}}, {"type": "Feature", "geometry": {"type": "LineString", "coordinates": [[-84.3869676, 33.7890381], [-84.387005, 33.789228]]}, "properties": {"highway": "steps", "incline": "up", "conveying": "forward", "layer": "1"}}, {"type": "Feature", "geometry": {"type": "LineString", "coordinates": [[-84.3870177, 33.7892128], [-84.3869842, 33.7890362]]}, "properties": {"highway": "steps", "step_count": "27", "incline": "up", "handrail": "yes", "surface": "paving_stones", "ramp": "no"}}, {"type": "Feature", "geometry": {"type": "LineString", "coordinates": [[-84.387054, 33.7894055], [-84.3870195, 33.7892261]]}, "properties": {"highway": "steps", "step_count": "26", "incline": "up", "handrail": "yes", "surface": "paving_stones", "ramp": "no"}}, {"type": "Feature", "geometry": {"type": "LineString", "coordinates": [[-84.3873151, 33.7891726], [-84.3872988, 33.7890899]]}, "properties": {"highway": "steps", "incline": "down", "conveying": "forward"}}, {"type": "Feature", "geometry": {"type": "LineString", "coordinates": [[-84.3873497, 33.7891678], [-84.3873333, 33.7890851]]}, "properties": {"highway": "steps", "step_count": "28", "incline": "down", "handrail": "yes", "surface": "paving_stones", "ramp": "no"}}, {"type": "Feature", "geometry": {"type": "LineString", "coordinates": [[-84.3865405, 33.7884714], [-84.3865358, 33.7885327]]}, "properties": {"highway": "steps", "incline": "up", "handrail": "yes", "ramp": "no"}}, {"type": "Feature", "geometry": {"type": "LineString", "coordinates": [[-84.3875849, 33.7930286], [-84.3875841, 33.7930971]]}, "properties": {"highway": "steps", "incline": "down", "surface": "concrete"}}, {"type": "Feature", "geometry": {"type": "LineString", "coordinates": [[-84.3835628, 33.7883962], [-84.3835507, 33.7884001]]}, "properties": {"highway": "steps", "surface": "concrete"}}, {"type": "Feature", "geometry": {"type": "LineString", "coordinates": [[-84.3835957, 33.7883285], [-84.3835918, 33.7883212]]}, "properties": {"highway": "steps", "surface": "concrete"}}, {"type": "Feature", "geometry": {"type": "LineString", "coordinates": [[-84.3836389, 33.7884254], [-84.383644, 33.7884377]]}, "properties": {"highway": "steps", "surface": "concrete"}}, {"type": "Feature", "geometry": {"type": "LineString", "coordinates": [[-84.3852598, 33.7887259], [-84.3852114, 33.7887486]]}, "properties": {"highway": "steps", "incline": "up", "surface": "concrete"}}, {"type": "Feature", "geometry": {"type": "LineString", "coordinates": [[-84.3853547, 33.7886302], [-84.3854307, 33.7885956]]}, "properties": {"highway": "steps", "incline": "up", "surface": "concrete"}}, {"type": "Feature", "geometry": {"type": "LineString", "coordinates": [[-84.385204, 33.790044], [-84.3851445, 33.7900367]]}, "properties": {"highway": "steps", "incline": "up", "surface": "concrete"}}, {"type": "Feature", "geometry": {"type": "LineString", "coordinates": [[-84.3853382, 33.7900081], [-84.3852068, 33.7899755]]}, "properties": {"highway": "steps", "incline": "up", "surface": "concrete"}}, {"type": "Feature", "geometry": {"type": "LineString", "coordinates": [[-84.3862654, 33.789174], [-84.3860213, 33.7892883]]}, "properties": {"highway": "steps", "incline": "up", "surface": "paving_stones"}}, {"type": "Feature", "geometry": {"type": "LineString", "coordinates": [[-84.3863415, 33.7895037], [-84.3862041, 33.789565]]}, "properties": {"highway": "steps", "incline": "up", "surface": "paving_stones"}}, {"type": "Feature", "geometry": {"type": "LineString", "coordinates": [[-84.386156, 33.7887122], [-84.3860802, 33.7887455]]}, "properties": {"highway": "steps", "incline": "up", "surface": "paving_stones"}}, {"type": "Feature", "geometry": {"type": "LineString", "coordinates": [[-84.3857079, 33.7887248], [-84.3856702, 33.7887418]]}, "properties": {"highway": "steps", "incline": "up", "surface": "paving_stones"}}, {"type": "Feature", "geometry": {"type": "LineString", "coordinates": [[-84.3845842, 33.7894856], [-84.3846358, 33.78946]]}, "properties": {"highway": "steps", "surface": "concrete"}}, {"type": "Feature", "geometry": {"type": "LineString", "coordinates": [[-84.3848863, 33.7880269], [-84.3847794, 33.7879468]]}, "properties": {"highway": "steps", "incline": "up", "surface": "concrete"}}, {"type": "Feature", "geometry": {"type": "LineString", "coordinates": [[-84.3853178, 33.78822], [-84.3852923, 33.7882]]}, "properties": {"highway": "steps", "incline": "up", "surface": "concrete"}}, {"type": "Feature", "geometry": {"type": "LineString", "coordinates": [[-84.3852977, 33.7882565], [-84.3852783, 33.788273]]}, "properties": {"highway": "steps", "incline": "down", "surface": "concrete"}}, {"type": "Feature", "geometry": {"type": "LineString", "coordinates": [[-84.3852081, 33.788201], [-84.3851689, 33.7882348]]}, "properties": {"highway": "steps", "incline": "down", "surface": "concrete"}}, {"type": "Feature", "geometry": {"type": "LineString", "coordinates": [[-84.38539, 33.788178], [-84.3853578, 33.7882054]]}, "properties": {"highway": "steps", "incline": "up", "surface": "concrete"}}, {"type": "Feature", "geometry": {"type": "LineString", "coordinates": [[-84.3850504, 33.7875293], [-84.385118, 33.7875869]]}, "properties": {"highway": "steps", "incline": "down", "surface": "concrete"}}, {"type": "Feature", "geometry": {"type": "LineString", "coordinates": [[-84.3849535, 33.7875845], [-84.3850182, 33.7875282]]}, "properties": {"highway": "steps", "incline": "down", "surface": "concrete"}}, {"type": "Feature", "geometry": {"type": "LineString", "coordinates": [[-84.3840803, 33.7880617], [-84.3840908, 33.7881164]]}, "properties": {"highway": "steps", "incline": "down", "surface": "concrete"}}, {"type": "Feature", "geometry": {"type": "LineString", "coordinates": [[-84.384038, 33.7882167], [-84.3840151, 33.7882344]]}, "properties": {"highway": "steps", "incline": "down", "surface": "concrete"}}, {"type": "Feature", "geometry": {"type": "LineString", "coordinates": [[-84.3841045, 33.7881561], [-84.3840873, 33.7881727]]}, "properties": {"highway": "steps", "incline": "down", "surface": "concrete"}}, {"type": "Feature", "geometry": {"type": "LineString", "coordinates": [[-84.3879245, 33.7896796], [-84.387933, 33.7896796], [-84.3879326, 33.7897629], [-84.3879644, 33.7897631], [-84.3879649, 33.7896796]]}, "properties": {"highway": "steps", "width": "1", "incline": "up", "surface": "concrete", "ramp": "yes"}}, {"type": "Feature", "geometry": {"type": "LineString", "coordinates": [[-84.3879249, 33.7896385], [-84.3879652, 33.7896387]]}, "properties": {"highway": "steps", "incline": "up", "surface": "concrete"}}, {"type": "Feature", "geometry": {"type": "LineString", "coordinates": [[-84.3894626, 33.7897501], [-84.3894501, 33.7897751]]}, "properties": {"highway": "steps", "incline": "down", "surface": "concrete"}}, {"type": "Feature", "geometry": {"type": "LineString", "coordinates": [[-84.3876791, 33.7939676], [-84.387662, 33.7939675]]}, "properties": {"highway": "steps", "incline": "up", "surface": "concrete"}}, {"type": "Feature", "geometry": {"type": "LineString", "coordinates": [[-84.3876138, 33.7935966], [-84.3875893, 33.7936256], [-84.3875571, 33.7936512], [-84.3875252, 33.7936699]]}, "properties": {"highway": "steps", "incline": "up", "surface": "concrete"}}, {"type": "Feature", "geometry": {"type": "LineString", "coordinates": [[-84.3876787, 33.7937828], [-84.3876269, 33.793782]]}, "properties": {"highway": "steps", "incline": "up", "surface": "concrete"}}, {"type": "Feature", "geometry": {"type": "LineString", "coordinates": [[-84.3879643, 33.7945281], [-84.3880144, 33.7945279]]}, "properties": {"highway": "steps", "incline": "up", "surface": "concrete"}}, {"type": "Feature", "geometry": {"type": "LineString", "coordinates": [[-84.3880939, 33.7947251], [-84.3880935, 33.7946875]]}, "properties": {"highway": "steps", "incline": "up", "surface": "concrete"}}, {"type": "Feature", "geometry": {"type": "LineString", "coordinates": [[-84.3885031, 33.794519], [-84.3885037, 33.7945286]]}, "properties": {"highway": "steps", "incline": "down", "surface": "concrete"}}, {"type": "Feature", "geometry": {"type": "LineString", "coordinates": [[-84.3885036, 33.7946092], [-84.3885036, 33.7946212]]}, "properties": {"highway": "steps", "incline": "down", "surface": "wood"}}, {"type": "Feature", "geometry": {"type": "LineString", "coordinates": [[-84.3854258, 33.7914925], [-84.3855212, 33.7914486]]}, "properties": {"highway": "steps", "incline": "down", "surface": "concrete", "ramp": "yes"}}, {"type": "Feature", "geometry": {"type": "LineString", "coordinates": [[-84.3856482, 33.7916608], [-84.3855637, 33.7916996]]}, "properties": {"highway": "steps", "incline": "up", "surface": "concrete", "ramp": "yes"}}, {"type": "Feature", "geometry": {"type": "LineString", "coordinates": [[-84.3855473, 33.7915744], [-84.3855754, 33.7915625]]}, "properties": {"highway": "steps", "incline": "down", "surface": "concrete"}}, {"type": "Feature", "geometry": {"type": "LineString", "coordinates": [[-84.3881435, 33.7959703], [-84.3881647, 33.7959702]]}, "properties": {"highway": "steps", "incline": "up", "handrail": "yes", "surface": "concrete"}}, {"type": "Feature", "geometry": {"type": "LineString", "coordinates": [[-84.3878778, 33.7959807], [-84.3878939, 33.7959807]]}, "properties": {"highway": "steps", "incline": "up", "handrail": "yes", "surface": "concrete"}}, {"type": "Feature", "geometry": {"type": "LineString", "coordinates": [[-84.3885294, 33.7958407], [-84.3885163, 33.795846]]}, "properties": {"highway": "steps", "incline": "up", "handrail": "yes", "surface": "concrete"}}, {"type": "Feature", "geometry": {"type": "LineString", "coordinates": [[-84.3885633, 33.7958167], [-84.3885452, 33.7958294]]}, "properties": {"highway": "steps", "incline": "up", "handrail": "yes", "surface": "concrete"}}, {"type": "Feature", "geometry": {"type": "LineString", "coordinates": [[-84.3881985, 33.79595], [-84.388198, 33.7958859]]}, "properties": {"highway": "steps", "incline": "down", "surface": "concrete"}}, {"type": "Feature", "geometry": {"type": "LineString", "coordinates": [[-84.3880863, 33.7961176], [-84.3880859, 33.7960959]]}, "properties": {"highway": "steps", "incline": "up", "handrail": "yes", "surface": "concrete"}}, {"type": "Feature", "geometry": {"type": "Polygon", "coordinates": [[[-84.3879709, 33.7950034], [-84.3879708, 33.7950309], [-84.3879528, 33.7950276], [-84.3879347, 33.7950199], [-84.3879177, 33.7950063], [-84.3879067, 33.7949892], [-84.3879029, 33.7949744], [-84.3879031, 33.794961], [-84.3879056, 33.7949511], [-84.3879115, 33.7949391], [-84.3879191, 33.7949296], [-84.3879444, 33.7949427], [-84.387936, 33.7949535], [-84.3879327, 33.7949666], [-84.3879355, 33.7949803], [-84.3879389, 33.794985], [-84.3879432, 33.794991], [-84.3879532, 33.7949981], [-84.3879709, 33.7950034]]]}, "properties": {"highway": "steps", "surface": "concrete"}}, {"type": "Feature", "geometry": {"type": "LineString", "coordinates": [[-84.3872612, 33.7942327], [-84.3872449, 33.7942396], [-84.3872151, 33.7942523]]}, "properties": {"highway": "steps", "incline": "up", "surface": "concrete"}}, {"type": "Feature", "geometry": {"type": "LineString", "coordinates": [[-84.3872942, 33.7942181], [-84.3872834, 33.7942228]]}, "properties": {"highway": "steps", "incline": "up", "surface": "concrete"}}, {"type": "Feature", "geometry": {"type": "LineString", "coordinates": [[-84.387258, 33.7941734], [-84.3872473, 33.7941795], [-84.3872434, 33.7941859], [-84.3872441, 33.7941957], [-84.3872729, 33.7942273], [-84.3872859, 33.7942456], [-84.3872958, 33.7942625], [-84.3872935, 33.7942775], [-84.3872851, 33.7942872], [-84.3872695, 33.7942936], [-84.3872513, 33.7942923], [-84.3872364, 33.7942829], [-84.3872245, 33.7942662]]}, "properties": {"highway": "steps", "incline": "up", "surface": "concrete", "ramp": "yes"}}, {"type": "Feature", "geometry": {"type": "LineString", "coordinates": [[-84.3836109, 33.7887013], [-84.3835965, 33.7887482]]}, "properties": {"highway": "steps", "incline": "up", "surface": "concrete"}}, {"type": "Feature", "geometry": {"type": "LineString", "coordinates": [[-84.3866062, 33.793224], [-84.3865765, 33.793237]]}, "properties": {"highway": "steps", "incline": "up", "surface": "concrete"}}, {"type": "Feature", "geometry": {"type": "LineString", "coordinates": [[-84.3866648, 33.7933742], [-84.3866533, 33.7933796]]}, "properties": {"highway": "steps", "incline": "up", "surface": "concrete"}}, {"type": "Feature", "geometry": {"type": "LineString", "coordinates": [[-84.3867249, 33.7933463], [-84.3867079, 33.7933542]]}, "properties": {"highway": "steps", "incline": "up", "surface": "concrete"}}, {"type": "Feature", "geometry": {"type": "LineString", "coordinates": [[-84.3866724, 33.7933707], [-84.3865672, 33.7932411]]}, "properties": {"highway": "steps", "incline": "up", "surface": "concrete", "ramp": "yes"}}, {"type": "Feature", "geometry": {"type": "LineString", "coordinates": [[-84.386615, 33.7932201], [-84.3866873, 33.7933638]]}, "properties": {"highway": "steps", "incline": "up", "surface": "concrete", "ramp": "yes"}}, {"type": "Feature", "geometry": {"type": "LineString", "coordinates": [[-84.3874471, 33.791318], [-84.3874304, 33.7913208], [-84.3874029, 33.7913263], [-84.3873844, 33.7913339], [-84.3873606, 33.7913417], [-84.3873177, 33.7913662]]}, "properties": {"highway": "steps", "incline": "up", "surface": "concrete"}}, {"type": "Feature", "geometry": {"type": "LineString", "coordinates": [[-84.372159, 33.7903678], [-84.3720995, 33.7903626], [-84.3719179, 33.7903067]]}, "properties": {"highway": "steps", "surface": "paved"}}, {"type": "Feature", "geometry": {"type": "LineString", "coordinates": [[-84.3731075, 33.788644], [-84.3731912, 33.7887102]]}, "properties": {"highway": "steps", "surface": "concrete"}}, {"type": "Feature", "geometry": {"type": "LineString", "coordinates": [[-84.3731542, 33.788741], [-84.3732489, 33.7888186]]}, "properties": {"highway": "steps", "surface": "concrete"}}, {"type": "Feature", "geometry": {"type": "LineString", "coordinates": [[-84.3732654, 33.7888312], [-84.3733258, 33.7888848]]}, "properties": {"highway": "steps", "surface": "concrete"}}, {"type": "Feature", "geometry": {"type": "LineString", "coordinates": [[-84.3710193, 33.7916855], [-84.3710063, 33.7917135]]}, "properties": {"highway": "steps", "surface": "concrete"}}, {"type": "Feature", "geometry": {"type": "LineString", "coordinates": [[-84.3709939, 33.7917403], [-84.3709816, 33.7917668]]}, "properties": {"highway": "steps", "surface": "concrete"}}, {"type": "Feature", "geometry": {"type": "LineString", "coordinates": [[-84.3710452, 33.7916298], [-84.3710327, 33.7916568]]}, "properties": {"highway": "steps", "surface": "concrete"}}, {"type": "Feature", "geometry": {"type": "LineString", "coordinates": [[-84.3714913, 33.7906383], [-84.3714498, 33.7907286]]}, "properties": {"highway": "steps", "handrail": "yes"}}, {"type": "Feature", "geometry": {"type": "LineString", "coordinates": [[-84.3710637, 33.7915899], [-84.3710771, 33.7915611]]}, "properties": {"highway": "steps"}}, {"type": "Feature", "geometry": {"type": "LineString", "coordinates": [[-84.371114, 33.791541], [-84.3711364, 33.7915389], [-84.3711623, 33.7915312], [-84.3711813, 33.7915199], [-84.371198, 33.791505], [-84.3712083, 33.7914897]]}, "properties": {"highway": "steps"}}, {"type": "Feature", "geometry": {"type": "LineString", "coordinates": [[-84.3710613, 33.7915229], [-84.3710482, 33.7915103], [-84.3710401, 33.7914955], [-84.3710328, 33.7914763], [-84.3710295, 33.7914554], [-84.3710331, 33.7914354]]}, "properties": {"highway": "steps"}}, {"type": "Feature", "geometry": {"type": "LineString", "coordinates": [[-84.3726061, 33.788603], [-84.3725666, 33.7885722]]}, "properties": {"highway": "steps", "incline": "down", "handrail": "yes", "surface": "paved"}}, {"type": "Feature", "geometry": {"type": "LineString", "coordinates": [[-84.3728782, 33.788676], [-84.372846, 33.7886978]]}, "properties": {"highway": "steps", "incline": "up", "handrail": "yes", "surface": "paved"}}, {"type": "Feature", "geometry": {"type": "LineString", "coordinates": [[-84.3733168, 33.7878465], [-84.3734938, 33.7877526]]}, "properties": {"highway": "steps", "incline": "up"}}, {"type": "Feature", "geometry": {"type": "LineString", "coordinates": [[-84.3734174, 33.7884536], [-84.3734147, 33.7885105], [-84.3734013, 33.7885762], [-84.3734077, 33.7886244], [-84.373412, 33.7886576], [-84.3734657, 33.7887156], [-84.3735113, 33.7887958], [-84.3735368, 33.788866], [-84.3735846, 33.788926]]}, "properties": {"highway": "steps", "incline": "up", "handrail": "no", "surface": "paving_stones", "ramp": "no"}}, {"type": "Feature", "geometry": {"type": "LineString", "coordinates": [[-84.3734077, 33.7886244], [-84.3733664, 33.7886933], [-84.37329, 33.7887579], [-84.3732489, 33.7888186]]}, "properties": {"highway": "steps", "incline": "up"}}, {"type": "Feature", "geometry": {"type": "LineString", "coordinates": [[-84.3730836, 33.7914919], [-84.3731109, 33.7915524]]}, "properties": {"highway": "steps", "incline": "up", "handrail": "yes"}}, {"type": "Feature", "geometry": {"type": "LineString", "coordinates": [[-84.3731244, 33.791431], [-84.3731164, 33.7914802]]}, "properties": {"highway": "steps", "incline": "up"}}, {"type": "Feature", "geometry": {"type": "LineString", "coordinates": [[-84.3734967, 33.7911811], [-84.3736384, 33.7911524], [-84.373625, 33.7911173], [-84.3736358, 33.791114], [-84.3736202, 33.7910756]]}, "properties": {"highway": "steps", "incline": "up"}}, {"type": "Feature", "geometry": {"type": "LineString", "coordinates": [[-84.383401, 33.7884329], [-84.3834087, 33.7884753]]}, "properties": {"highway": "steps", "incline": "down", "surface": "concrete"}}, {"type": "Feature", "geometry": {"type": "LineString", "coordinates": [[-84.3830964, 33.7889819], [-84.3831055, 33.7889887]]}, "properties": {"highway": "steps", "incline": "up", "surface": "concrete"}}]}