{"type": "FeatureCollection", "features": [{"type": "Feature", "id": 1, "geometry": {"type": "Polygon", "coordinates": [[[-84.3911701837057, 33.7714026604762], [-84.391160128544, 33.771378509958], [-84.3912325914333, 33.7713776532012], [-84.3912336427459, 33.7714015532075], [-84.391663271869, 33.7713982785599], [-84.3916758734311, 33.7713742725186], [-84.3917369707637, 33.7713738067654], [-84.3917227227884, 33.7713978275367], [-84.3917100830877, 33.7714183920429], [-84.3917075276296, 33.7714225515194], [-84.3917011502581, 33.771432926747], [-84.3916978726585, 33.7714396202832], [-84.3916987889787, 33.7714440466302], [-84.3916657854159, 33.7714536715366], [-84.3916592147506, 33.7714925366432], [-84.3916509167693, 33.7714926248041], [-84.3915995051234, 33.7714931693397], [-84.3915080902033, 33.7714941365788], [-84.3914289903357, 33.7714940678654], [-84.3913796565634, 33.7714940242543], [-84.3913520034439, 33.7714936219704], [-84.3913248319981, 33.7714932765093], [-84.3913097926435, 33.7714929432231], [-84.3912515209876, 33.7714922873768], [-84.391234005265, 33.771492090229], [-84.3912149855437, 33.7714918768803], [-84.3911735973084, 33.7714108412759], [-84.3911701837057, 33.7714026604762]]]}, "properties": {"OBJECTID_1": 1, "OBJECTID": 1, "Shape_Leng": 422.185682906, "CreationDate": 1628109910586, "Creator": "wsims6_GTFacilities", "EditDate": 1628109910586, "Editor": "wsims6_GTFacilities", "Shape__Area": 733.984375, "Shape__Length": 154.817313166326, "GlobalID": "d01ed5fa-ddb0-401c-9a45-1c37b4092e32"}}, {"type": "Feature", "id": 2, "geometry": {"type": "Polygon", "coordinates": [[[-84.3919195606117, 33.7759161448565], [-84.3919194490081, 33.7759159944843], [-84.3919194644756, 33.7759161288023], [-84.3918990114992, 33.7759128047719], [-84.3918052134837, 33.7759142580727], [-84.3918076862264, 33.775881319809], [-84.3918075908708, 33.7758712836909], [-84.3918943497634, 33.7758708918569], [-84.3919140941686, 33.7758687486599], [-84.3919260658449, 33.7758670515389], [-84.3919324607777, 33.7759160726209], [-84.3919195606117, 33.7759161448565]]]}, "properties": {"OBJECTID_1": 2, "OBJECTID": 2, "Shape_Leng": 108.578394483, "CreationDate": 1628109910586, "Creator": "wsims6_GTFacilities", "EditDate": 1628109910586, "Editor": "wsims6_GTFacilities", "Shape__Area": 79.31640625, "Shape__Length": 39.8351514161755, "GlobalID": "7e70626a-b97a-40e0-8cde-e40e0193e0ea"}}, {"type": "Feature", "id": 3, "geometry": {"type": "Polygon", "coordinates": [[[-84.390955550799, 33.7724583002095], [-84.3908961286786, 33.7724584848249], [-84.3907466837371, 33.7724589483041], [-84.3907177687413, 33.7724583461997], [-84.3907179177509, 33.7724197777285], [-84.3907470000267, 33.7724186997499], [-84.3909612597939, 33.772420905504], [-84.3909674984116, 33.7724160549952], [-84.3909878272511, 33.7724002499424], [-84.3909878292142, 33.7723794605291], [-84.3909872916385, 33.7723326837559], [-84.3910771521029, 33.7723343705866], [-84.3911277743959, 33.7723352423964], [-84.3911292819642, 33.7723759537892], [-84.391129474228, 33.7723875784497], [-84.3911301057877, 33.7724256513958], [-84.391129991261, 33.7724703339123], [-84.3911301153215, 33.7724789895539], [-84.3910921204257, 33.7724792516045], [-84.3910690987188, 33.7724813203813], [-84.3910647400525, 33.7724817124104], [-84.3910646598614, 33.7724936089637], [-84.391064286302, 33.7725491054731], [-84.390985875772, 33.7725471192123], [-84.3909785033252, 33.7725469324451], [-84.3909784426041, 33.7724768164244], [-84.390955550799, 33.7724583002095]]]}, "properties": {"OBJECTID_1": 3, "OBJECTID": 3, "Shape_Leng": 396.596657871, "CreationDate": 1628109910586, "Creator": "wsims6_GTFacilities", "EditDate": 1628109910586, "Editor": "wsims6_GTFacilities", "Shape__Area": 561.6640625, "Shape__Length": 145.54357539256137, "GlobalID": "8eaf1b6e-2535-4323-8037-ea6b6afda259"}}, {"type": "Feature", "id": 4, "geometry": null, "properties": {"OBJECTID_1": 4, "OBJECTID": 4, "Shape_Leng": 0, "CreationDate": 1628109910586, "Creator": "wsims6_GTFacilities", "EditDate": 1628109910586, "Editor": "wsims6_GTFacilities", "Shape__Area": null, "Shape__Length": null, "GlobalID": "77528a79-a9a4-4938-853f-e35408e9d5ba"}}, {"type": "Feature", "id": 5, "geometry": {"type": "Polygon", "coordinates": [[[-84.3954869160787, 33.7711946955946], [-84.395487975112, 33.7711942509196], [-84.3954879461307, 33.7711947207345], [-84.3954869160787, 33.7711946955946]]]}, "properties": {"OBJECTID_1": 5, "OBJECTID": 5, "Shape_Leng": 0.844530071545, "CreationDate": 1628109910586, "Creator": "wsims6_GTFacilities", "EditDate": 1628109910586, "Editor": "wsims6_GTFacilities", "Shape__Area": 0, "Shape__Length": 0.3097898380632884, "GlobalID": "cc5f10bf-9c39-4037-a3f5-899b8387f353"}}, {"type": "Feature", "id": 6, "geometry": {"type": "Polygon", "coordinates": [[[-84.3954869160787, 33.7711946955946], [-84.3954879461307, 33.7711947207345], [-84.3954864729345, 33.771218474807], [-84.3954869160787, 33.7711946955946]]]}, "properties": {"OBJECTID_1": 6, "OBJECTID": 6, "Shape_Leng": 17.6216999759, "CreationDate": 1628109910586, "Creator": "wsims6_GTFacilities", "EditDate": 1628109910586, "Editor": "wsims6_GTFacilities", "Shape__Area": 0.1875, "Shape__Length": 6.484785418455713, "GlobalID": "4639b5a9-ec31-4976-a741-5ce741e8fafd"}}, {"type": "Feature", "id": 7, "geometry": {"type": "Polygon", "coordinates": [[[-84.3920773251478, 33.7742488953064], [-84.3920790425014, 33.7742491437308], [-84.3921324312876, 33.7742501218776], [-84.3921594751321, 33.7742504705477], [-84.3921307081147, 33.7742501250256], [-84.3920773204082, 33.7742491468761], [-84.3920773251478, 33.7742488953064]]]}, "properties": {"OBJECTID_1": 7, "OBJECTID": 7, "Shape_Leng": 50.0450636053, "CreationDate": 1628109910586, "Creator": "wsims6_GTFacilities", "EditDate": 1628109910586, "Editor": "wsims6_GTFacilities", "Shape__Area": 0.05078125, "Shape__Length": 18.333726887627765, "GlobalID": "6c3b0497-6e6f-4e19-a7b9-a001fbfb1dcd"}}, {"type": "Feature", "id": 8, "geometry": {"type": "Polygon", "coordinates": [[[-84.4099876959964, 33.7763963353724], [-84.4099880270027, 33.7763961706192], [-84.409999222168, 33.7764021436285], [-84.4100082254154, 33.7764103723834], [-84.4100120581631, 33.7764183074766], [-84.410012809961, 33.776426820292], [-84.4100127941911, 33.776426970899], [-84.4100120591319, 33.7764186501024], [-84.4100082263817, 33.7764107141076], [-84.4099992231368, 33.7764024862543], [-84.4099876959964, 33.7763963353724]]]}, "properties": {"OBJECTID_1": 8, "OBJECTID": 8, "Shape_Leng": 28.8458827971, "CreationDate": 1628109910586, "Creator": "wsims6_GTFacilities", "EditDate": 1628109910586, "Editor": "wsims6_GTFacilities", "Shape__Area": 0.12109375, "Shape__Length": 10.598962421833715, "GlobalID": "5104c063-2e14-4a4f-8780-217310f4d9c9"}}, {"type": "Feature", "id": 9, "geometry": {"type": "Polygon", "coordinates": [[[-84.3999640500419, 33.7807023799456], [-84.3999633212514, 33.7805829224272], [-84.3999682786833, 33.7805889784641], [-84.3999725991015, 33.7805942557767], [-84.3999778108759, 33.7806009298653], [-84.3999879431312, 33.7806064026672], [-84.4000052604619, 33.7806115895838], [-84.4000144999779, 33.7806143582157], [-84.4000195937969, 33.7806153602363], [-84.4000247111843, 33.7806150989985], [-84.4000305756689, 33.7806148002817], [-84.4000379773569, 33.7806115727986], [-84.4000427360204, 33.7806092321287], [-84.4000586122551, 33.7806014253593], [-84.4000655395321, 33.7805924804984], [-84.400069039438, 33.7805842616376], [-84.4000700167538, 33.7805787353707], [-84.4000704629775, 33.7805350504162], [-84.4000702501497, 33.78053102765], [-84.4000697436489, 33.7805214404465], [-84.400065712466, 33.7805149174095], [-84.4000338173077, 33.7804818880241], [-84.4000351519356, 33.7803708218767], [-84.4001524611813, 33.780370190627], [-84.4001530340525, 33.7803739918073], [-84.400152710754, 33.7803833768074], [-84.4001522784494, 33.7803959637782], [-84.4001520272452, 33.7804028691003], [-84.4001518403602, 33.7804080106705], [-84.4001535281023, 33.7804112200614], [-84.4001558855154, 33.7804157031203], [-84.4001656009835, 33.7804207826747], [-84.4001928407996, 33.780421001625], [-84.4001993730392, 33.7804204798302], [-84.4002065843166, 33.7804171237611], [-84.4002090934645, 33.7804130624827], [-84.4002122422643, 33.780407966701], [-84.4002111588642, 33.7803704239846], [-84.4002313327766, 33.7803706752333], [-84.4002566184637, 33.7803709898364], [-84.4003867916537, 33.7803726106831], [-84.4003884898373, 33.7804114641363], [-84.4003931973463, 33.7804185223644], [-84.4003980266353, 33.7804211216952], [-84.4004021054698, 33.7804233167042], [-84.4004594773165, 33.7804223866194], [-84.4004810122731, 33.7804220374538], [-84.4004860794998, 33.7804196132302], [-84.4004902272035, 33.7804137734896], [-84.40049318367, 33.7804062499179], [-84.4004930081889, 33.7804012758393], [-84.400492143639, 33.7803767651811], [-84.4005697936449, 33.7803755198132], [-84.4005925547266, 33.7803757904436], [-84.4006316180496, 33.7803756505676], [-84.4007275260762, 33.7803753072989], [-84.4007281431323, 33.780383831243], [-84.4007283142619, 33.7804348355373], [-84.4007283960959, 33.7804593630062], [-84.4007288160481, 33.7805847729068], [-84.400728996772, 33.7806389068133], [-84.4007291077924, 33.7806428044418], [-84.400732693912, 33.7806460580113], [-84.4007381591464, 33.7806510166458], [-84.4007470337246, 33.7806525930302], [-84.4007526739162, 33.7806535948858], [-84.4007624404022, 33.7806535907855], [-84.4007673877269, 33.7806511469415], [-84.4007731280393, 33.7806476737103], [-84.4007791117882, 33.7806419990859], [-84.4007851429256, 33.7806362801904], [-84.4007900307545, 33.7806330033325], [-84.4007895256378, 33.7807211830932], [-84.400781986883, 33.7807141086124], [-84.4007783668936, 33.7807107108444], [-84.4007683664636, 33.7807013264937], [-84.4007595579009, 33.780695044267], [-84.4007455201044, 33.7806903796035], [-84.400732610609, 33.7806860905901], [-84.4006589146156, 33.7806858137892], [-84.4005611730218, 33.7806854454711], [-84.4005179103368, 33.7806851866384], [-84.4004604171552, 33.7806848411438], [-84.4002214262779, 33.7806818926658], [-84.4001694235835, 33.7806822931296], [-84.4000141993921, 33.780683488399], [-84.4000063669181, 33.7806835482921], [-84.3999997292841, 33.7806846320047], [-84.3999894943738, 33.7806863022805], [-84.3999820410584, 33.7806904035585], [-84.399975615228, 33.7806939393613], [-84.3999704960279, 33.7806979145027], [-84.3999640500419, 33.7807023799456]], [[-84.4003546961468, 33.7805676067055], [-84.4004790995381, 33.7805680995944], [-84.4006233546477, 33.7805686701344], [-84.4006233208504, 33.7805935702042], [-84.4006233014165, 33.7806078677276], [-84.4006232959563, 33.7806114193429], [-84.4006284399937, 33.780618577719], [-84.4006340673297, 33.7806188240206], [-84.4006409095469, 33.7806191230192], [-84.4006463233669, 33.7806166918203], [-84.4006496953302, 33.7806114747832], [-84.4006497960408, 33.7806072142893], [-84.4006502368135, 33.7805886349261], [-84.4006509255682, 33.7805540381567], [-84.4006508008561, 33.7805153223825], [-84.4006489958504, 33.7804995721511], [-84.40064690123, 33.7804952499991], [-84.400636764684, 33.7804933721436], [-84.4006280044094, 33.780494513112], [-84.4006227412801, 33.7805011349003], [-84.4006228141489, 33.7805195960752], [-84.4006229008339, 33.7805415502216], [-84.4004747104768, 33.7805415443575], [-84.400474640665, 33.7805210174932], [-84.4004745421042, 33.7804918970436], [-84.4002580578192, 33.7804903278949], [-84.4002556385444, 33.7805398268269], [-84.4001393500674, 33.7805402885368], [-84.4001392036858, 33.7805149911793], [-84.4001390742993, 33.7804927738308], [-84.4001333909107, 33.7804873854945], [-84.4001268989234, 33.780485632343], [-84.4001191927749, 33.7804856829877], [-84.4001156324263, 33.7804879375402], [-84.4001102859241, 33.7804940906056], [-84.4001093541397, 33.7805291350517], [-84.4001086672396, 33.7805549434187], [-84.4001079770738, 33.7806010407523], [-84.4001078548704, 33.7806045529158], [-84.4001143019221, 33.7806104357167], [-84.4001199253618, 33.7806132265095], [-84.4001277359136, 33.7806130485343], [-84.400132122269, 33.7806111846372], [-84.4001362287604, 33.7806060617995], [-84.4001362168211, 33.7806020593914], [-84.4001371046733, 33.7805667454349], [-84.4003546961468, 33.7805676067055]]]}, "properties": {"OBJECTID_1": 9, "OBJECTID": 9, "Shape_Leng": 1366.16599894, "CreationDate": 1628109910586, "Creator": "wsims6_GTFacilities", "EditDate": 1628109910586, "Editor": "wsims6_GTFacilities", "Shape__Area": 2718.9921875, "Shape__Length": 501.4465034416635, "GlobalID": "7571c909-692d-40dc-8ac4-4b23cd3bfd18"}}, {"type": "Feature", "id": 10, "geometry": {"type": "Polygon", "coordinates": [[[-84.3992266186431, 33.7811384688476], [-84.3992368653546, 33.7811399408679], [-84.3992564545317, 33.7811463038689], [-84.3992863034868, 33.781148186156], [-84.399330587599, 33.7811491440772], [-84.3993307710173, 33.7811698564666], [-84.3992558785933, 33.7811705160971], [-84.3992361402874, 33.7811713016691], [-84.3992260171913, 33.7811716218988], [-84.3992266186431, 33.7811384688476]]]}, "properties": {"OBJECTID_1": 10, "OBJECTID": 10, "Shape_Leng": 83.5425244297, "CreationDate": 1628109910586, "Creator": "wsims6_GTFacilities", "EditDate": 1628109910586, "Editor": "wsims6_GTFacilities", "Shape__Area": 37.6171875, "Shape__Length": 30.64231281217589, "GlobalID": "2198660f-4150-4ad5-9d7d-5cb80e6142e0"}}, {"type": "Feature", "id": 12, "geometry": {"type": "Polygon", "coordinates": [[[-84.4039533255267, 33.7821213363888], [-84.4039432511626, 33.7821174344797], [-84.4038956225303, 33.782118086879], [-84.4038929089374, 33.7819018653344], [-84.4039480232325, 33.7819014762514], [-84.4039553900729, 33.7818969808796], [-84.4039567033494, 33.7818868951895], [-84.4039540069719, 33.7818821387547], [-84.4039472882764, 33.7818785108066], [-84.4038926140712, 33.7818783355112], [-84.4034213458196, 33.7818798005058], [-84.4034025535401, 33.781876755617], [-84.4033871122769, 33.7818723040328], [-84.4033689812948, 33.7818658965147], [-84.4033488232844, 33.7818538918247], [-84.4033293258043, 33.7818382440956], [-84.403322944489, 33.7818351753917], [-84.4033165728791, 33.7818360279499], [-84.403313568768, 33.7818410748426], [-84.4033156027326, 33.7818491939175], [-84.4033267242186, 33.7818679386547], [-84.4033267357726, 33.7818721394253], [-84.4033073142429, 33.7818845004389], [-84.4031989818784, 33.7818880694919], [-84.403166640189, 33.7818365949021], [-84.4030982167453, 33.7818378467706], [-84.4030985279266, 33.7818288828601], [-84.4030126548952, 33.7818284486639], [-84.4030122934461, 33.7816968587749], [-84.4030699913301, 33.7816975759704], [-84.4030810593318, 33.781697274353], [-84.4030887658578, 33.7816941786462], [-84.4030910940484, 33.7816871719624], [-84.4030878751684, 33.781679685408], [-84.4030547455708, 33.7816424277293], [-84.4030775147047, 33.7816278197384], [-84.4032519376851, 33.781628885721], [-84.4032849494241, 33.7816797981784], [-84.4032946883575, 33.7816842607103], [-84.4033047395335, 33.7816797602297], [-84.4033097524857, 33.7816733083188], [-84.4033130311112, 33.7816196709164], [-84.4032999773124, 33.7816113006747], [-84.4032875600174, 33.7815944780343], [-84.403409700941, 33.7815954862445], [-84.4033881010587, 33.7816221831962], [-84.4033911416826, 33.7816300199254], [-84.4034129853207, 33.7816448219038], [-84.4034401897428, 33.7816579338162], [-84.4034394040112, 33.7818016783589], [-84.4034425350151, 33.7818133180778], [-84.4034503030741, 33.7818204199053], [-84.4034619346901, 33.7818236327101], [-84.4038193371739, 33.7818224585744], [-84.403825706925, 33.7818213255804], [-84.4038293872585, 33.7818179580533], [-84.4038313845209, 33.7818123522561], [-84.4038312393821, 33.7817596952053], [-84.4040569106869, 33.7817621348422], [-84.4040567286157, 33.7817900719521], [-84.404060100945, 33.781796787274], [-84.4040688400706, 33.7818032127592], [-84.4040852807514, 33.7818051413186], [-84.404131237731, 33.7818064540563], [-84.4041333281728, 33.7819562972406], [-84.4041342108239, 33.782032760066], [-84.4040778732606, 33.7820320515714], [-84.4040708213303, 33.7820348431256], [-84.4040701783018, 33.7820452079407], [-84.4040772366904, 33.7820502354927], [-84.4041732174794, 33.7820489841439], [-84.4041939546117, 33.782045022949], [-84.4041950884312, 33.7821232687552], [-84.4041738330816, 33.7821182685356], [-84.4041679819203, 33.7821156018934], [-84.4041445021036, 33.7821156470815], [-84.4041371321638, 33.7821190226197], [-84.4041331229756, 33.7821249118051], [-84.4041331453937, 33.7821330347368], [-84.4041339241584, 33.7821722460447], [-84.4039544713833, 33.7821723108343], [-84.4039546874707, 33.7821288968194], [-84.4039533255267, 33.7821213363888]], [[-84.4033122750872, 33.7817366039031], [-84.403306899822, 33.7817338136826], [-84.4033015348786, 33.7817343838959], [-84.403293166289, 33.7817405618276], [-84.403280142576, 33.7817615934697], [-84.4032731369402, 33.7817753318367], [-84.4032751642756, 33.7817806494948], [-84.4032768473289, 33.7817828868709], [-84.4032835605985, 33.7817845546764], [-84.4032946232198, 33.7817822928605], [-84.4033063325018, 33.7817713469027], [-84.4033126652802, 33.7817567694852], [-84.4033146410057, 33.7817433211756], [-84.4033122750872, 33.7817366039031]]]}, "properties": {"OBJECTID_1": 12, "OBJECTID": 12, "Shape_Leng": 1367.49983403, "CreationDate": 1628109910586, "Creator": "wsims6_GTFacilities", "EditDate": 1628109910586, "Editor": "wsims6_GTFacilities", "Shape__Area": 3221.1640625, "Shape__Length": 501.9380720786277, "GlobalID": "ad0fb000-90ae-4410-9f82-a535dbcd13af"}}, {"type": "Feature", "id": 13, "geometry": {"type": "Polygon", "coordinates": [[[-84.4061279233163, 33.7803966409565], [-84.4061294999937, 33.7802368625777], [-84.4061851584336, 33.7802376174409], [-84.4061947523229, 33.780236914466], [-84.4062033537241, 33.7802330414075], [-84.4062091176162, 33.7802245519917], [-84.4062112556502, 33.7802148929589], [-84.4062118938319, 33.7801734058404], [-84.4062108048823, 33.7801658385912], [-84.406206672512, 33.7801603636708], [-84.4062015174072, 33.7801575316723], [-84.4061925757393, 33.7801563083561], [-84.4061301644981, 33.7801563194789], [-84.406130435569, 33.7801233572845], [-84.4061308975663, 33.7800674341676], [-84.4061320680081, 33.7799254181991], [-84.40619218118, 33.7799257316225], [-84.4062005838477, 33.7799241761939], [-84.4062095129204, 33.7799177805799], [-84.4062133892806, 33.779911972732], [-84.4062146626576, 33.7799031746509], [-84.4062133086477, 33.7798632260081], [-84.4062115362495, 33.779855670905], [-84.4062074347341, 33.7798508018342], [-84.4061998321441, 33.7798469160475], [-84.406133004581, 33.7798464172938], [-84.4061310002646, 33.7797613404557], [-84.4061327080599, 33.779662262783], [-84.4061348199358, 33.7796540698867], [-84.4061376389793, 33.7796493433694], [-84.4061418303968, 33.779645395019], [-84.4061471109621, 33.7796424940772], [-84.4061531011982, 33.7796408549715], [-84.4061593431917, 33.7796404425245], [-84.4061663975094, 33.7796405433436], [-84.4062163748672, 33.7796412596285], [-84.4063054240164, 33.7796426754461], [-84.4064499790112, 33.7796429194116], [-84.4065666771234, 33.779648093496], [-84.406567403684, 33.7796910431499], [-84.4065845272908, 33.7797083873876], [-84.4065992870374, 33.7797124639102], [-84.4065953476021, 33.7799430941568], [-84.4065939571485, 33.7800884142058], [-84.4065929638035, 33.7800988825059], [-84.4065885082327, 33.780372118569], [-84.4065723543512, 33.7803715107037], [-84.4065707446674, 33.7803979340195], [-84.4065889965205, 33.7803981491944], [-84.4065869831233, 33.7804734085324], [-84.4065559881682, 33.7804736887919], [-84.4065550292275, 33.7805305848521], [-84.4063561752348, 33.780530971253], [-84.4061393046258, 33.7805256668117], [-84.4061272569238, 33.7805253953507], [-84.4061279233163, 33.7803966409565]], [[-84.4064795195663, 33.7798407411295], [-84.4064695814493, 33.7798403420758], [-84.4064644508416, 33.779843972176], [-84.4064612583041, 33.7798533808002], [-84.4064590106924, 33.7798946122754], [-84.4064661240013, 33.7798965009374], [-84.4064774218593, 33.7798970145637], [-84.4064841633236, 33.779894494872], [-84.4064885128149, 33.7798891522498], [-84.4064950443519, 33.7798686486271], [-84.406494812206, 33.779857026792], [-84.40648597469, 33.7798451232339], [-84.4064795195663, 33.7798407411295]], [[-84.4064133853587, 33.7801910268385], [-84.4064041744921, 33.7801904595612], [-84.4063976405074, 33.7801942105011], [-84.4063955065665, 33.7801999049682], [-84.4063944881632, 33.780207589016], [-84.4063980034458, 33.7802167393579], [-84.4064073292028, 33.7802232753443], [-84.4064143834831, 33.780223345493], [-84.4064235021892, 33.7802195119885], [-84.4064289332638, 33.780213653326], [-84.4064301550013, 33.780205316989], [-84.4064242821241, 33.7801959972098], [-84.4064133853587, 33.7801910268385]], [[-84.4064547096853, 33.7800642104346], [-84.4064391459226, 33.7800633985335], [-84.4064317364543, 33.7800726431347], [-84.4064327958434, 33.7800777327015], [-84.4064378534186, 33.7800819876857], [-84.4064459729774, 33.7800850023595], [-84.4064530496197, 33.7800849642644], [-84.4064583085929, 33.780081671133], [-84.4064613587423, 33.7800738596103], [-84.4064594061348, 33.7800679034891], [-84.4064547096853, 33.7800642104346]]]}, "properties": {"OBJECTID_1": 13, "OBJECTID": 13, "Shape_Leng": 1131.46904112, "CreationDate": 1628109910586, "Creator": "wsims6_GTFacilities", "EditDate": 1628109910586, "Editor": "wsims6_GTFacilities", "Shape__Area": 5818.50390625, "Shape__Length": 415.73014033461686, "GlobalID": "ebb72206-a424-4306-955f-ae0f2e21ef8b"}}, {"type": "Feature", "id": 14, "geometry": {"type": "Polygon", "coordinates": [[[-84.4037845753347, 33.7804575515961], [-84.4037779872334, 33.7804542515878], [-84.4037693445262, 33.7804525866141], [-84.4037684604051, 33.7803833009135], [-84.4039584541517, 33.7803847029577], [-84.4039580293163, 33.780390790823], [-84.4040121672363, 33.7803898725183], [-84.4040113135243, 33.7804593004135], [-84.4039654016075, 33.7804568388386], [-84.4039210739213, 33.7804568041512], [-84.4039104225933, 33.7804605295144], [-84.4039046456495, 33.7804628064704], [-84.4038949378883, 33.7804684370109], [-84.403886239621, 33.7804771699957], [-84.4038804199778, 33.7804929429501], [-84.4038792949455, 33.7804996317591], [-84.4038793120613, 33.7805058404975], [-84.4038796169614, 33.7805126464774], [-84.4038823556924, 33.7805206415652], [-84.4038838219593, 33.7805245383887], [-84.4038906090751, 33.7805295240967], [-84.4039105521316, 33.7805357107584], [-84.4037715397096, 33.7805341015971], [-84.4037825090861, 33.7805305875229], [-84.4037909451918, 33.780523888273], [-84.4037933433221, 33.7805195674598], [-84.4037962722147, 33.780514288073], [-84.4037968226103, 33.7805075237286], [-84.4037983125171, 33.7804941403594], [-84.4037967897684, 33.7804818925486], [-84.4037969884705, 33.7804779835081], [-84.4037959380783, 33.7804745367101], [-84.4037935191346, 33.7804666023181], [-84.4037896787993, 33.7804616497133], [-84.4037845753347, 33.7804575515961]]]}, "properties": {"OBJECTID_1": 14, "OBJECTID": 14, "Shape_Leng": 274.488820483, "CreationDate": 1628109910586, "Creator": "wsims6_GTFacilities", "EditDate": 1628109910586, "Editor": "wsims6_GTFacilities", "Shape__Area": 368.63671875, "Shape__Length": 100.73702152384105, "GlobalID": "d1343972-6822-4f35-a30e-3aa6d25b6249"}}, {"type": "Feature", "id": 15, "geometry": {"type": "Polygon", "coordinates": [[[-84.4041346789714, 33.780175683971], [-84.4041313200139, 33.7803083900755], [-84.4041278396541, 33.780305548456], [-84.4041202950854, 33.7803015398051], [-84.4041150894786, 33.7803015146572], [-84.4041099270621, 33.7803014894261], [-84.4040676775287, 33.7803012839871], [-84.4040696167811, 33.7801913076402], [-84.4041074381368, 33.7801911140526], [-84.4041160329165, 33.7801910695639], [-84.404125784669, 33.780189267333], [-84.4041298127697, 33.7801867421712], [-84.4041327921582, 33.7801833390156], [-84.4041346789714, 33.780175683971]]]}, "properties": {"OBJECTID_1": 15, "OBJECTID": 15, "Shape_Leng": 131.550926599, "CreationDate": 1628109910586, "Creator": "wsims6_GTFacilities", "EditDate": 1628109910586, "Editor": "wsims6_GTFacilities", "Shape__Area": 107.00390625, "Shape__Length": 48.35638639874298, "GlobalID": "f8de7102-12c2-446c-b4d8-e9459417a74d"}}, {"type": "Feature", "id": 16, "geometry": {"type": "Polygon", "coordinates": [[[-84.4040711586895, 33.7800883802648], [-84.404074322385, 33.7799975823893], [-84.4040873898971, 33.7799976789719], [-84.4040972914925, 33.7799977527915], [-84.4041032966359, 33.7799975798418], [-84.4041156545833, 33.7799972260594], [-84.4041220661942, 33.779997617662], [-84.4041270437052, 33.7799952051831], [-84.4041317343798, 33.7799929303069], [-84.404137674708, 33.7799868778114], [-84.4041350226204, 33.7801358781055], [-84.4041303345282, 33.78013048353], [-84.4041239303953, 33.7801269361334], [-84.4040711821111, 33.7801262225292], [-84.4040711586895, 33.7800883802648]]]}, "properties": {"OBJECTID_1": 16, "OBJECTID": 16, "Shape_Leng": 142.595853713, "CreationDate": 1628109910586, "Creator": "wsims6_GTFacilities", "EditDate": 1628109910586, "Editor": "wsims6_GTFacilities", "Shape__Area": 124.89453125, "Shape__Length": 52.42242146626379, "GlobalID": "28a3c650-0178-4bfe-8ec9-1d727033de73"}}, {"type": "Feature", "id": 18, "geometry": {"type": "Polygon", "coordinates": [[[-84.4055308183898, 33.7786066450211], [-84.4055346494319, 33.7785261670043], [-84.40560333441, 33.7785279076692], [-84.405600404102, 33.7786084452563], [-84.4056056494719, 33.7786364385952], [-84.4056082444648, 33.7786455168088], [-84.4056085718571, 33.7786487107265], [-84.4056100461141, 33.7786523577575], [-84.4056129962701, 33.7786563544767], [-84.4056165568301, 33.7786593104096], [-84.4056214430497, 33.7786617822935], [-84.4056265517296, 33.7786630996324], [-84.4055015486145, 33.7786618394697], [-84.4055086345663, 33.7786605291807], [-84.4055158853174, 33.778655573195], [-84.4055208458128, 33.778650962466], [-84.4055244576684, 33.7786467258275], [-84.4055287728717, 33.7786383672799], [-84.4055306388076, 33.7786104106657], [-84.4055308183898, 33.7786066450211]]]}, "properties": {"OBJECTID_1": 18, "OBJECTID": 18, "Shape_Leng": 164.430303635, "CreationDate": 1628109910586, "Creator": "wsims6_GTFacilities", "EditDate": 1628109910586, "Editor": "wsims6_GTFacilities", "Shape__Area": 149.6015625, "Shape__Length": 60.40220937956966, "GlobalID": "596758bf-05cb-46d4-ac4c-828390dd79a2"}}, {"type": "Feature", "id": 19, "geometry": {"type": "Polygon", "coordinates": [[[-84.3993471705174, 33.7809497982635], [-84.3993420943415, 33.7807536697993], [-84.3993349370584, 33.7807103291883], [-84.3993410116681, 33.7806787211636], [-84.3993953343085, 33.780591910514], [-84.3998106785119, 33.7805911265063], [-84.3998300731366, 33.7805906742014], [-84.399878144933, 33.7805833187571], [-84.3998764944502, 33.7807133760786], [-84.3998234721379, 33.7807244268269], [-84.3998257035816, 33.7807294457108], [-84.3998259109679, 33.7807513888096], [-84.3998238282022, 33.7808008420132], [-84.3998256928976, 33.7808075918591], [-84.3998418524432, 33.7808206361729], [-84.3998509327798, 33.7808236296289], [-84.3998745719477, 33.7808251385028], [-84.3998742688223, 33.7808427753771], [-84.3998731717537, 33.7809065124827], [-84.3998729798726, 33.780938502535], [-84.3998642156631, 33.7809366184163], [-84.3998502392569, 33.7809816985436], [-84.3997865343774, 33.78097712581], [-84.3995645273379, 33.7809697240813], [-84.3993481299392, 33.780958400012], [-84.3993471705174, 33.7809497982635]], [[-84.3994505645109, 33.7807376430519], [-84.3994870855109, 33.7807344454236], [-84.3995338275995, 33.7807348396112], [-84.3996160201286, 33.7807310526302], [-84.3996818490447, 33.7807313584339], [-84.3996818621831, 33.7807310266014], [-84.3996984592201, 33.7807309952609], [-84.3996984643743, 33.7807313036159], [-84.3997032458094, 33.7807309862218], [-84.399733537592, 33.780728976939], [-84.3998143616921, 33.7807242646112], [-84.3998142744347, 33.7806920604921], [-84.3997807485791, 33.7806900166694], [-84.3997797416736, 33.7807177091884], [-84.3997079170195, 33.7807186752685], [-84.399698274016, 33.7807192245513], [-84.3996822801855, 33.7807207082148], [-84.3996612639191, 33.7807200382975], [-84.3996003730205, 33.7807170245192], [-84.3995404278273, 33.7807171376567], [-84.3994804352314, 33.7807192858818], [-84.3994202170158, 33.7807318332492], [-84.3994183055987, 33.7807421283037], [-84.3994505645109, 33.7807376430519]], [[-84.3997214802645, 33.7808200385526], [-84.3996886911904, 33.7808177534742], [-84.399674675189, 33.7808302948616], [-84.3996927808583, 33.7808558459335], [-84.3997346755418, 33.7808505174003], [-84.3997468054367, 33.7808332873748], [-84.3997214802645, 33.7808200385526]]]}, "properties": {"OBJECTID_1": 19, "OBJECTID": 19, "Shape_Leng": 932.701152927, "CreationDate": 1628109910586, "Creator": "wsims6_GTFacilities", "EditDate": 1628109910586, "Editor": "wsims6_GTFacilities", "Shape__Area": 2775.203125, "Shape__Length": 342.25247359119294, "GlobalID": "b3b9c505-594d-4aee-81d5-bb85db4137a5"}}, {"type": "Feature", "id": 21, "geometry": {"type": "MultiPolygon", "coordinates": [[[[-84.391881491039, 33.7757489893871], [-84.3918902895735, 33.7758343976757], [-84.3917884184303, 33.7758365843134], [-84.3917893477454, 33.7757671193223], [-84.3917780187787, 33.7757668568688], [-84.3917784667281, 33.7757474065091], [-84.391881491039, 33.7757489893871]]], [[[-84.3918845885698, 33.7757790529382], [-84.391881491039, 33.7757489893871], [-84.3919013511614, 33.7757477539449], [-84.391915052907, 33.7757457957949], [-84.3919181756798, 33.7757780737571], [-84.3919043860615, 33.7757765742312], [-84.3918845885698, 33.7757790529382]]]]}, "properties": {"OBJECTID_1": 21, "OBJECTID": 21, "Shape_Leng": 172.616050702, "CreationDate": 1628109910586, "Creator": "wsims6_GTFacilities", "EditDate": 1628109910586, "Editor": "wsims6_GTFacilities", "Shape__Area": 144.29296875, "Shape__Length": 63.38424890316403, "GlobalID": "35942cf0-e065-447f-acf5-9a081db533a6"}}, {"type": "Feature", "id": 22, "geometry": {"type": "Polygon", "coordinates": [[[-84.395159351762, 33.7712077533911], [-84.3951108927421, 33.7712073291541], [-84.3950348324867, 33.771207716968], [-84.3949908538704, 33.771208867696], [-84.3948937420937, 33.771213131801], [-84.3948943538934, 33.7710492994283], [-84.3948945957449, 33.7708049798783], [-84.3948715455361, 33.7708058673494], [-84.3948715604479, 33.7711173343232], [-84.3948036486614, 33.7711178304539], [-84.3947854580232, 33.7711179632591], [-84.3946439180554, 33.7711194934147], [-84.394644574946, 33.7709158430592], [-84.3946442772055, 33.770803421908], [-84.3946217745037, 33.7708031352705], [-84.3945888247136, 33.7708039012165], [-84.3945698362947, 33.7708105625292], [-84.3945697906104, 33.770766393338], [-84.3945878784957, 33.7707707031988], [-84.3945936372251, 33.770770669121], [-84.3946006396835, 33.770770627336], [-84.3946168779565, 33.7707707902997], [-84.3946275839878, 33.7707708976588], [-84.3946532143316, 33.7707711550748], [-84.394718966383, 33.7707718153308], [-84.3947355523118, 33.7707719821447], [-84.3948036796429, 33.7707726659173], [-84.3948178136342, 33.7707728074979], [-84.394900066323, 33.7707736337139], [-84.3949271293938, 33.770773905555], [-84.3949657244465, 33.7707742931104], [-84.3949823071372, 33.7707744598971], [-84.3950479846951, 33.7707751192138], [-84.3950645684632, 33.7707752850859], [-84.3951302471018, 33.7707759443568], [-84.3951467671716, 33.7707761103357], [-84.3952129327329, 33.7707767704646], [-84.3952285717891, 33.7707769272441], [-84.3952957608894, 33.7707776007612], [-84.395310278168, 33.7707777469852], [-84.3953663736343, 33.7707783093737], [-84.3953770052368, 33.7707784411504], [-84.3953935772329, 33.770778645771], [-84.3954260928543, 33.7707790480556], [-84.395424729868, 33.7708235579762], [-84.3954761875034, 33.7708226051172], [-84.3954871074062, 33.7708227480714], [-84.3954871819031, 33.770850773111], [-84.395487218725, 33.7708646251372], [-84.3954873645386, 33.7709194787282], [-84.3954874013606, 33.7709333307544], [-84.3954875473353, 33.7709882447552], [-84.3954875836421, 33.7710019029268], [-84.3954876630746, 33.7710317844598], [-84.3954873287353, 33.7710554733057], [-84.3954873461893, 33.7710591961983], [-84.3954873995337, 33.7710707345521], [-84.3954876554433, 33.7711255771173], [-84.3954877203196, 33.7711394227794], [-84.395487975112, 33.7711942509196], [-84.3954869160787, 33.7711946955946], [-84.3954864729345, 33.771218474807], [-84.395159351762, 33.7712077533911]], [[-84.3951896913872, 33.7711058293715], [-84.3951916598938, 33.7710567379371], [-84.3951489751687, 33.7710568169651], [-84.3951491054628, 33.7711059045135], [-84.3951896913872, 33.7711058293715]]]}, "properties": {"OBJECTID_1": 22, "OBJECTID": 22, "Shape_Leng": 1173.32619833, "CreationDate": 1628109910586, "Creator": "wsims6_GTFacilities", "EditDate": 1628109910586, "Editor": "wsims6_GTFacilities", "Shape__Area": 4993.89453125, "Shape__Length": 430.8268956946746, "GlobalID": "2d2830bb-a88f-4bc2-9f2e-6510eadff3f6"}}, {"type": "Feature", "id": 23, "geometry": {"type": "Polygon", "coordinates": [[[-84.3929928292957, 33.7747816165905], [-84.392959732073, 33.7747737075767], [-84.3928545535361, 33.7747752943443], [-84.3928544894062, 33.7747508921397], [-84.3929596525111, 33.7747463218325], [-84.3929892475441, 33.7747539523468], [-84.3930534938833, 33.7747827784567], [-84.3930821117461, 33.7747850477123], [-84.3930835441786, 33.7748300718043], [-84.3930509799401, 33.7748121751348], [-84.3929928292957, 33.7747816165905]]]}, "properties": {"OBJECTID_1": 23, "OBJECTID": 23, "Shape_Leng": 172.725282136, "CreationDate": 1628109910586, "Creator": "wsims6_GTFacilities", "EditDate": 1628109910586, "Editor": "wsims6_GTFacilities", "Shape__Area": 96.109375, "Shape__Length": 63.34737976560025, "GlobalID": "dab6ddf3-fe2c-4ac4-8bdd-6f051b4baa06"}}, {"type": "Feature", "id": 24, "geometry": {"type": "Polygon", "coordinates": [[[-84.3921207886792, 33.7749383267153], [-84.3921205604893, 33.7749344743712], [-84.3921334708844, 33.7749342416021], [-84.39214855715, 33.7749382381145], [-84.3921533207297, 33.7749382230996], [-84.3923117259398, 33.774937720787], [-84.3923597475329, 33.7749669357789], [-84.3923345655299, 33.7749911379989], [-84.3923472146929, 33.7750012169824], [-84.3922841873958, 33.7750658833233], [-84.3922534453792, 33.7750676129876], [-84.3922381234894, 33.7750684750221], [-84.3922335730087, 33.7750690567903], [-84.3922279967802, 33.7750704492152], [-84.3922222677318, 33.7750728553766], [-84.3922172450713, 33.7750749509799], [-84.3922116176989, 33.7750811357803], [-84.3922089283601, 33.7750840918036], [-84.3922057166983, 33.7750883796204], [-84.3922015554412, 33.7750969934976], [-84.3922013303778, 33.7751054604252], [-84.39220119958, 33.775110345817], [-84.3922007435654, 33.7751275050961], [-84.3922015169436, 33.7751564665618], [-84.392157382965, 33.7751304236326], [-84.3921291551171, 33.7751175662476], [-84.3921349682811, 33.7751064644009], [-84.3921422469212, 33.7750926026233], [-84.3921451174759, 33.7750850460396], [-84.3921466079757, 33.77508112203], [-84.3921510024148, 33.7750683727506], [-84.3921541740343, 33.775054157815], [-84.3921568276619, 33.7750425162402], [-84.3921580509383, 33.7750371509764], [-84.3921567510281, 33.7750330472263], [-84.3921537179, 33.7750234700061], [-84.3921500769948, 33.7750168125451], [-84.3921453035769, 33.775013486054], [-84.3921399006285, 33.7750097216081], [-84.3921312944637, 33.7750068745847], [-84.3921234858064, 33.7750042911895], [-84.3921225871225, 33.7749748836334], [-84.3921223227334, 33.7749642193712], [-84.3921207886792, 33.7749383267153]]]}, "properties": {"OBJECTID_1": 24, "OBJECTID": 24, "Shape_Leng": 275.086826521, "CreationDate": 1628109910586, "Creator": "wsims6_GTFacilities", "EditDate": 1628109910586, "Editor": "wsims6_GTFacilities", "Shape__Area": 439.21875, "Shape__Length": 101.00490982362378, "GlobalID": "1692dd1e-2e8e-4f9a-893d-8a8451059a1e"}}, {"type": "Feature", "id": 25, "geometry": {"type": "Polygon", "coordinates": [[[-84.3930084118991, 33.7752945741391], [-84.3929643306939, 33.7752698324874], [-84.3929572192499, 33.7752786618843], [-84.3929335980657, 33.7752657096784], [-84.3929403401321, 33.7752568340742], [-84.392973011053, 33.7752138248585], [-84.3929882038162, 33.7751938244958], [-84.3929522070187, 33.775174666373], [-84.3929481186008, 33.7751735873782], [-84.392897853569, 33.775160167368], [-84.3928909965276, 33.7751565183273], [-84.3928705374036, 33.77514340613], [-84.3928669341476, 33.7751404156418], [-84.3928223912407, 33.7751034573946], [-84.3928067773365, 33.7750901595837], [-84.392774747972, 33.7751221683231], [-84.3927578314003, 33.7751390737402], [-84.3925731044943, 33.7749719913953], [-84.3925632876334, 33.7749632534178], [-84.3925283460088, 33.7749326206131], [-84.3925027696386, 33.7749101982396], [-84.3924909013151, 33.7748997932482], [-84.3925029655292, 33.7748893904476], [-84.3925650381696, 33.774835863854], [-84.3925569468747, 33.7748255556453], [-84.392546019095, 33.774812729804], [-84.392534525977, 33.7747992404785], [-84.3925253194722, 33.7747889730796], [-84.39252887229, 33.7747731651181], [-84.3925348633985, 33.7746875467593], [-84.3925354306059, 33.7746025234984], [-84.3925370194908, 33.7745065027141], [-84.3925162893047, 33.7745056317868], [-84.3925157109236, 33.7745872269867], [-84.3923721293001, 33.7745893200149], [-84.3923242213238, 33.7745897709884], [-84.3923241963348, 33.7745510017798], [-84.3923241674912, 33.7745054088718], [-84.3924830874389, 33.7745075751929], [-84.3924832354411, 33.7744870316714], [-84.3924846019898, 33.7744268213242], [-84.3925383693085, 33.7744242974858], [-84.3925385440262, 33.7744069448633], [-84.3925391896109, 33.7743715366888], [-84.3925034104775, 33.774370560758], [-84.3924902539237, 33.7743711763168], [-84.3924806866897, 33.7743731918846], [-84.3924747706232, 33.7743754893001], [-84.3924706642062, 33.7743786444824], [-84.3924632907633, 33.774384312236], [-84.3924600867476, 33.7744215437241], [-84.392368799883, 33.774420235602], [-84.392369812176, 33.7743755956391], [-84.3923202358317, 33.7743746710352], [-84.3923202239249, 33.7743363607425], [-84.3923438535715, 33.7743362021235], [-84.3923436165401, 33.7743285691666], [-84.3923435498259, 33.7743216554169], [-84.3923678027852, 33.7743212134364], [-84.3923686568305, 33.7742779866517], [-84.3921686335206, 33.7742790880447], [-84.392078558962, 33.774276826249], [-84.3920605181956, 33.7742738395642], [-84.3920472442914, 33.7742787020735], [-84.3920476596807, 33.7742414829008], [-84.3920609336092, 33.774246526848], [-84.3920773251478, 33.7742488953064], [-84.3920773204082, 33.7742491468761], [-84.3921324312876, 33.7742501218776], [-84.3921594751332, 33.7742504709985], [-84.3921611983368, 33.7742504795715], [-84.3921668301698, 33.7742505495283], [-84.3925417172374, 33.7742510216931], [-84.3925468223067, 33.7742523729433], [-84.3925472615561, 33.7742054032549], [-84.3925482500944, 33.7740752271606], [-84.3925475272931, 33.7739746572535], [-84.3925452363245, 33.7739537214669], [-84.3925427759644, 33.7739480527719], [-84.3925403737923, 33.7739431629981], [-84.3926231717213, 33.773944486537], [-84.3926122851206, 33.7739526547029], [-84.3926071399563, 33.7739594670913], [-84.3926043995298, 33.7739630967516], [-84.3926030350586, 33.7739668934037], [-84.3925983612801, 33.7739797099348], [-84.3925977913747, 33.7739851208937], [-84.3926000159131, 33.7740165285938], [-84.3926002850147, 33.7740203294684], [-84.3926021720003, 33.7740280288318], [-84.3926037604321, 33.7740322240183], [-84.392613337156, 33.7740408307925], [-84.3926305870888, 33.774046926841], [-84.3926407846659, 33.7740464979176], [-84.3926647780085, 33.7740454874114], [-84.3926729927748, 33.7740452758079], [-84.3926791220833, 33.7740411404244], [-84.3927026908771, 33.7740252416995], [-84.392727629518, 33.7740162308898], [-84.3927581148443, 33.7740932573234], [-84.3927769192956, 33.7741407679137], [-84.3927822429354, 33.774154218931], [-84.3928037288098, 33.774208507736], [-84.392808801379, 33.7742213226453], [-84.3928475712386, 33.774319280163], [-84.3928321322684, 33.7743264829062], [-84.3926663644511, 33.774371704201], [-84.3926809925929, 33.7744101383025], [-84.3927035963768, 33.7744695239203], [-84.3927730387204, 33.7746519687211], [-84.3928043130449, 33.7747341367148], [-84.3927326668753, 33.7747436406532], [-84.3926961798081, 33.7747490227254], [-84.3926825474768, 33.7747510331308], [-84.3926100283277, 33.7747570338736], [-84.3925924728586, 33.7747481189152], [-84.3925749515507, 33.7747522174419], [-84.3925838136214, 33.7747888047031], [-84.3926066760376, 33.7747891749047], [-84.3926180467928, 33.7748432397098], [-84.3926508949029, 33.7748886832595], [-84.3927712825318, 33.7750105293647], [-84.3928211254152, 33.7750609756557], [-84.3928564525749, 33.7750960997022], [-84.3928918299684, 33.7751260887358], [-84.3929037272796, 33.7751302397738], [-84.3929109079242, 33.7751329514038], [-84.3929452162539, 33.7751484925002], [-84.3929691795569, 33.775159347735], [-84.3930668035702, 33.7751970353781], [-84.3930731070613, 33.7751991661402], [-84.3931044509359, 33.7751971917213], [-84.3931157857367, 33.7752399137551], [-84.3931213187828, 33.7752660181603], [-84.3930856806484, 33.7752531159846], [-84.393071602434, 33.7752477778824], [-84.3930554856, 33.775239920695], [-84.3930084118991, 33.7752945741391]], [[-84.3925963776953, 33.7740919206223], [-84.3925902972401, 33.7740912248578], [-84.3925859898338, 33.7740938980279], [-84.3925842717964, 33.774098735834], [-84.3925855855568, 33.7743812383025], [-84.3925897997931, 33.7743829635641], [-84.3925942254174, 33.7743829554624], [-84.3925982057927, 33.7743807319137], [-84.3925990141789, 33.774376915542], [-84.3925990450727, 33.7740954222661], [-84.3925963776953, 33.7740919206223]]]}, "properties": {"OBJECTID_1": 25, "OBJECTID": 25, "Shape_Leng": 2208.2817388, "CreationDate": 1628109910586, "Creator": "wsims6_GTFacilities", "EditDate": 1628109910586, "Editor": "wsims6_GTFacilities", "Shape__Area": 4116.671875, "Shape__Length": 811.0811304099581, "GlobalID": "1de5ccaf-9d5f-4517-8e46-f03d1cbf117f"}}, {"type": "Feature", "id": 26, "geometry": {"type": "Polygon", "coordinates": [[[-84.3935190349235, 33.777368157102], [-84.3935348026774, 33.777367120971], [-84.3935351351391, 33.7774125482956], [-84.3935188082365, 33.7774115964101], [-84.3935190349235, 33.777368157102]]]}, "properties": {"OBJECTID_1": 26, "OBJECTID": 27, "Shape_Leng": 42.115479921, "CreationDate": 1628109910586, "Creator": "wsims6_GTFacilities", "EditDate": 1628109910586, "Editor": "wsims6_GTFacilities", "Shape__Area": 10.62890625, "Shape__Length": 15.484387764133118, "GlobalID": "64c854a9-9cfa-4079-90eb-6060036b52f6"}}, {"type": "Feature", "id": 27, "geometry": {"type": "Polygon", "coordinates": [[[-84.3933140940751, 33.7774845447212], [-84.3930628553625, 33.777481242386], [-84.3930531852443, 33.7774816243932], [-84.3930409402434, 33.7774821085013], [-84.3930397502554, 33.7774422441382], [-84.393044768033, 33.7774423521485], [-84.3930580465316, 33.7774415352378], [-84.3930647809536, 33.7774415968189], [-84.3933155471183, 33.7774500042706], [-84.3933140940751, 33.7774845447212]]]}, "properties": {"OBJECTID_1": 27, "OBJECTID": 28, "Shape_Leng": 193.978970909, "CreationDate": 1628109910586, "Creator": "wsims6_GTFacilities", "EditDate": 1628109910586, "Editor": "wsims6_GTFacilities", "Shape__Area": 152.85546875, "Shape__Length": 71.11132841607063, "GlobalID": "fbe005b8-bd75-4a9d-b2b7-37654f2adf0d"}}, {"type": "Feature", "id": 28, "geometry": {"type": "Polygon", "coordinates": [[[-84.3927377937603, 33.7772638927548], [-84.392920256815, 33.7772619498204], [-84.3929199949807, 33.7773828979112], [-84.3928577392908, 33.7773854663301], [-84.3928592155526, 33.7773962518914], [-84.3928155408108, 33.7773963319341], [-84.3927999252345, 33.7773965273547], [-84.3928000501331, 33.7773852997541], [-84.3927371336093, 33.7773841554182], [-84.3927377937603, 33.7772638927548]]]}, "properties": {"OBJECTID_1": 28, "OBJECTID": 29, "Shape_Leng": 207.331745654, "CreationDate": 1628109910586, "Creator": "wsims6_GTFacilities", "EditDate": 1628109910586, "Editor": "wsims6_GTFacilities", "Shape__Area": 341.296875, "Shape__Length": 76.12002670142513, "GlobalID": "491fbc46-9bf5-4582-86b2-d38b6b6f73be"}}, {"type": "Feature", "id": 29, "geometry": {"type": "Polygon", "coordinates": [[[-84.3925367385549, 33.7777647120617], [-84.3925388003358, 33.7775045266711], [-84.3924524777059, 33.7775047414399], [-84.3924523837896, 33.7774689451228], [-84.392577056443, 33.7774515648335], [-84.3926261911371, 33.7774526199763], [-84.392612540736, 33.7774664177047], [-84.3926070165689, 33.7777661171238], [-84.3925367385549, 33.7777647120617]]]}, "properties": {"OBJECTID_1": 29, "OBJECTID": 30, "Shape_Leng": 324.210344989, "CreationDate": 1628109910586, "Creator": "wsims6_GTFacilities", "EditDate": 1628109910586, "Editor": "wsims6_GTFacilities", "Shape__Area": 390.1953125, "Shape__Length": 119.15388762972762, "GlobalID": "15444207-9c2d-4c93-ab9b-0e86606ccb2c"}}, {"type": "Feature", "id": 30, "geometry": {"type": "Polygon", "coordinates": [[[-84.392755624992, 33.7778066429064], [-84.3927550604072, 33.777776684749], [-84.392644348905, 33.7777758100534], [-84.3926467248264, 33.7777011696525], [-84.3926482101024, 33.7774810222724], [-84.392840854887, 33.7774837935813], [-84.392913627404, 33.777483767484], [-84.3929793707579, 33.7774845116223], [-84.3929914452826, 33.7774499967791], [-84.392990787966, 33.7774443392162], [-84.3930397502554, 33.7774422441382], [-84.3930409402434, 33.7774821085013], [-84.3930531852443, 33.7774816243932], [-84.3930537601404, 33.7777867676341], [-84.3930483920844, 33.7777864979694], [-84.3929334718176, 33.7777848188653], [-84.3929366547664, 33.7778094200145], [-84.392762672298, 33.7778107126755], [-84.392756106602, 33.7778107715903], [-84.392755624992, 33.7778066429064]]]}, "properties": {"OBJECTID_1": 30, "OBJECTID": 31, "Shape_Leng": 513.707520176, "CreationDate": 1628109910586, "Creator": "wsims6_GTFacilities", "EditDate": 1628109910586, "Editor": "wsims6_GTFacilities", "Shape__Area": 1916.375, "Shape__Length": 188.65652212649053, "GlobalID": "b69a4676-14e4-402e-87e7-6349e2f77d35"}}, {"type": "Feature", "id": 31, "geometry": {"type": "Polygon", "coordinates": [[[-84.3957925369847, 33.7775720582376], [-84.3957509373799, 33.7775080442401], [-84.3957577689405, 33.7775137678683], [-84.395765736939, 33.7775168637759], [-84.3957717321259, 33.7775178760211], [-84.3957799042068, 33.7775185434], [-84.3957886174388, 33.7775180718889], [-84.3957961036727, 33.7775170346147], [-84.3958061044785, 33.7775131154995], [-84.3959146564297, 33.7774719193876], [-84.3959434493113, 33.7775204703495], [-84.3959566632842, 33.7775408294453], [-84.3959371221734, 33.7775492718521], [-84.395936092611, 33.7775498643469], [-84.3959355751929, 33.7775505893348], [-84.395935578085, 33.7775516749183], [-84.3959358441894, 33.7775526698478], [-84.3959360979281, 33.7775530760214], [-84.3959374043586, 33.777554276398], [-84.3959386181599, 33.7775543462752], [-84.3959401670322, 33.7775541441325], [-84.3959597520809, 33.7775455772156], [-84.3959752404854, 33.7775681555571], [-84.3959034950404, 33.7776011324236], [-84.3958712646232, 33.7776159460202], [-84.3958649390959, 33.7776186068219], [-84.3958591532347, 33.7776240310859], [-84.3958547348586, 33.7776308774201], [-84.3958516800569, 33.7776368664558], [-84.3958499983733, 33.7776459870836], [-84.395852118344, 33.7776571068269], [-84.3958586516485, 33.7776732703297], [-84.3958405909443, 33.7776460838993], [-84.3957925369847, 33.7775720582376]]]}, "properties": {"OBJECTID_1": 31, "OBJECTID": 32, "Shape_Leng": 236.751282406, "CreationDate": 1628109910586, "Creator": "wsims6_GTFacilities", "EditDate": 1628109910586, "Editor": "wsims6_GTFacilities", "Shape__Area": 284.65625, "Shape__Length": 86.9446370286896, "GlobalID": "7063ee38-4037-4293-8bc7-13a29027cf5d"}}, {"type": "Feature", "id": 34, "geometry": {"type": "Polygon", "coordinates": [[[-84.3952653717458, 33.7765052625235], [-84.395261518391, 33.776504912607], [-84.3952572378114, 33.7765050981614], [-84.3952537521672, 33.7765057898734], [-84.3952505644898, 33.7765068750553], [-84.3952479495689, 33.7765081512283], [-84.3952454166487, 33.7765098122548], [-84.3952429800553, 33.7765119672081], [-84.3952412213571, 33.7765140595936], [-84.3952391612843, 33.7765177277234], [-84.395237327761, 33.7765542534412], [-84.3952012466943, 33.7765537756646], [-84.3951882464551, 33.7765536040797], [-84.3951525909338, 33.7765531777968], [-84.3950846915561, 33.7765522350318], [-84.3950850565277, 33.776538007187], [-84.3950842538488, 33.7765325491689], [-84.3950818659361, 33.7765278253248], [-84.3950779431367, 33.7765236849854], [-84.3950701919479, 33.7765192442681], [-84.3950531472382, 33.7765427232769], [-84.3950222537645, 33.7765270204675], [-84.3950114883942, 33.7765418500237], [-84.3949807132636, 33.7765259837859], [-84.3949766829362, 33.7765321837891], [-84.3949753156178, 33.7765352898053], [-84.3949752334374, 33.776538499839], [-84.3949749555387, 33.7765493337037], [-84.3949255905385, 33.7765471564622], [-84.3949251229973, 33.7765471474088], [-84.3949126149117, 33.7765469009491], [-84.3948451744744, 33.7765455712964], [-84.3947930246989, 33.7765445433473], [-84.3947769536608, 33.7765439310776], [-84.3947670064401, 33.776544008071], [-84.3946648616692, 33.7765414170307], [-84.3945425484197, 33.7765390570036], [-84.394507423747, 33.776538487093], [-84.3944521450583, 33.7765374954326], [-84.3944159534177, 33.7765368463167], [-84.3943731805946, 33.7765360785938], [-84.3943458319461, 33.7765354735512], [-84.3942904959073, 33.776534433235], [-84.3941914161725, 33.7765321363996], [-84.3938915571533, 33.7765263006644], [-84.3938215673978, 33.776524918342], [-84.3937595377257, 33.7765236935479], [-84.3937578409344, 33.7765083424352], [-84.3937557894112, 33.7764882682194], [-84.3937551102249, 33.7764849775371], [-84.3937535893858, 33.7764818858653], [-84.3937516467711, 33.7764797615407], [-84.3937495361052, 33.7764781920414], [-84.3937460633971, 33.7764768342316], [-84.3937429102889, 33.7764762963371], [-84.3937235447311, 33.7764808799021], [-84.3937114805849, 33.7764847882188], [-84.3937118430432, 33.7764114056865], [-84.3937159971657, 33.7764123988777], [-84.3937248114693, 33.7764150795027], [-84.3937423053985, 33.7764217763453], [-84.3937748864995, 33.7764273652425], [-84.3937977745864, 33.7764315680987], [-84.3938098951071, 33.7764338873815], [-84.3938172429802, 33.7764340442694], [-84.3938300773288, 33.7764331424364], [-84.3938438757589, 33.7764293382123], [-84.3938555454842, 33.7764236759936], [-84.3938644938141, 33.7764165923702], [-84.3938652548358, 33.77641570735], [-84.3940358590642, 33.7764184217989], [-84.3941061273268, 33.7764202218533], [-84.3941355288675, 33.7764209755445], [-84.3942566324665, 33.7764240793643], [-84.3943688279691, 33.7764266017063], [-84.3943813595553, 33.7764169660699], [-84.3943892041122, 33.7764028470499], [-84.3943936720103, 33.7763791956818], [-84.3944974214884, 33.7763554467243], [-84.3944770026377, 33.7763177755203], [-84.3946364159261, 33.7762664539445], [-84.3947360362119, 33.7764365784537], [-84.3947632655244, 33.7764382024974], [-84.3948383165953, 33.7764366093942], [-84.3949501346948, 33.7764389001808], [-84.3949700761166, 33.7764393709218], [-84.3950050447625, 33.7764401555828], [-84.395022945061, 33.7764412657566], [-84.3950336349318, 33.7764415272912], [-84.3950381664244, 33.7764402800357], [-84.3950417649505, 33.7764385908936], [-84.3950914921651, 33.7764100661622], [-84.3950939825173, 33.7764131136452], [-84.3951162212967, 33.7764403285234], [-84.3951186921513, 33.7764433516974], [-84.3951267755319, 33.7764435909994], [-84.3951583261291, 33.7764440916124], [-84.3951615462708, 33.7764438476142], [-84.3951642191889, 33.7764428625694], [-84.3951668438121, 33.7764411743252], [-84.3951686243634, 33.7764391792787], [-84.3951696992874, 33.7764369682406], [-84.395170090353, 33.7764346069912], [-84.3951707633644, 33.7763904130676], [-84.3952966853574, 33.7763917550348], [-84.3953257434484, 33.7763920645642], [-84.39542037012, 33.7763930721678], [-84.3954200609144, 33.7764152605972], [-84.3954278889496, 33.7764209869062], [-84.3954368191979, 33.7764294900634], [-84.3954444187428, 33.7764394311171], [-84.395448156665, 33.7764467230618], [-84.3954510640308, 33.7764527001341], [-84.3954530631563, 33.776459007993], [-84.3954546172814, 33.7764668810434], [-84.3954542458772, 33.7764851645326], [-84.3954534626381, 33.7764979937897], [-84.3954483112845, 33.7765097608835], [-84.3954415873053, 33.7765205057139], [-84.3954348428325, 33.7765284157876], [-84.395427484528, 33.7765348996834], [-84.3954213396113, 33.7765396790104], [-84.3954131086447, 33.7765444441706], [-84.3954074849075, 33.7765470711889], [-84.395398708596, 33.7765505849641], [-84.3953910456808, 33.7765529587903], [-84.3953799830295, 33.77655584835], [-84.3953719219948, 33.7765563023937], [-84.3953660979222, 33.7765566774543], [-84.3953517095088, 33.7765562280453], [-84.3953427769882, 33.7765549985141], [-84.3953353118447, 33.776553378553], [-84.3953269493811, 33.7765509172092], [-84.3953175584061, 33.776547002504], [-84.3953110229448, 33.7765437740748], [-84.3953013215356, 33.7765376175345], [-84.395294596884, 33.7765322660641], [-84.3952890818534, 33.7765266355453], [-84.3952843672526, 33.7765207339493], [-84.3952799396814, 33.7765135469673], [-84.3952775121255, 33.7765109745423], [-84.3952740448661, 33.776508425683], [-84.3952707084755, 33.7765067737251], [-84.3952653717458, 33.7765052625235]]]}, "properties": {"OBJECTID_1": 34, "OBJECTID": 35, "Shape_Leng": 1298.72800229, "CreationDate": 1628109910586, "Creator": "wsims6_GTFacilities", "EditDate": 1628109910586, "Editor": "wsims6_GTFacilities", "Shape__Area": 3442.06640625, "Shape__Length": 476.2905936893307, "GlobalID": "d715bf6b-e9cc-49f0-be42-e27bf0f05b3b"}}, {"type": "Feature", "id": 35, "geometry": {"type": "Polygon", "coordinates": [[[-84.396926110126, 33.7777614078594], [-84.3969147879943, 33.7777613820983], [-84.3968391433653, 33.7777703639062], [-84.3967942429119, 33.7777821402657], [-84.3967570607173, 33.7777997007422], [-84.3967218248398, 33.7778158906748], [-84.3967235176196, 33.7778069151809], [-84.3967280249372, 33.7777836829296], [-84.3967333885577, 33.7777560372989], [-84.396737769808, 33.7777345202241], [-84.396765241765, 33.7777269825886], [-84.3967965716414, 33.7777069453654], [-84.3968211702537, 33.7776815811052], [-84.396830061356, 33.7776648506011], [-84.3968306979116, 33.7776586135891], [-84.3968280715642, 33.7776463361846], [-84.3968248884798, 33.7776406689271], [-84.3968152630995, 33.7776311329742], [-84.3968068495788, 33.7776269956557], [-84.3967897480006, 33.7776234588084], [-84.3967709478423, 33.7776234938643], [-84.3967657587533, 33.7774607869185], [-84.396858040029, 33.7774628797722], [-84.3969954784058, 33.7774648413982], [-84.3969922731952, 33.7775727435619], [-84.3969922493933, 33.7775735325518], [-84.3969201977733, 33.777571026969], [-84.3969060270065, 33.777572086701], [-84.3969019289932, 33.7776449703652], [-84.3969010956018, 33.7776539090941], [-84.3968991663835, 33.7776596562161], [-84.3968920151943, 33.7776696950252], [-84.3968516210532, 33.7777188103236], [-84.3968549095268, 33.7777247208297], [-84.3971181018, 33.7777296765054], [-84.3971305729505, 33.7777253379101], [-84.397142694784, 33.777717160732], [-84.3971485730773, 33.7777103963806], [-84.3971543488488, 33.7776967986005], [-84.3971541575553, 33.7776842335365], [-84.3972339008624, 33.7776857787791], [-84.3974581185235, 33.7776901221875], [-84.3974661149353, 33.7777130434543], [-84.3975347120435, 33.777728612002], [-84.3976187693809, 33.777736765247], [-84.3977241095752, 33.7777393857249], [-84.3977682690639, 33.7777376169478], [-84.3977674251101, 33.7777864150277], [-84.3977230116625, 33.7777840889771], [-84.3976542769877, 33.7777828669753], [-84.3975846127375, 33.7777820740576], [-84.3974972235813, 33.7777683872724], [-84.3974153612506, 33.777753765898], [-84.397356735777, 33.7777455658783], [-84.3972870690844, 33.7777438495055], [-84.3972336007872, 33.7777434417836], [-84.3972332186976, 33.7778168387667], [-84.3969562901883, 33.7778108170705], [-84.3969539134933, 33.7777889519383], [-84.3969518633613, 33.7777793721057], [-84.3969460146074, 33.7777709552792], [-84.3969370706936, 33.7777647163072], [-84.396926110126, 33.7777614078594]]]}, "properties": {"OBJECTID_1": 35, "OBJECTID": 36, "Shape_Leng": 1028.12125838, "CreationDate": 1628109910586, "Creator": "wsims6_GTFacilities", "EditDate": 1628109910586, "Editor": "wsims6_GTFacilities", "Shape__Area": 1579.1640625, "Shape__Length": 377.1756744034781, "GlobalID": "3f9e53a4-ea5e-4a72-bdfa-d66b1c264fc3"}}, {"type": "Feature", "id": 36, "geometry": {"type": "Polygon", "coordinates": [[[-84.3929469606998, 33.7773962758729], [-84.3929481776427, 33.7772743504435], [-84.3930548546677, 33.7772744117659], [-84.393054275018, 33.7773019736285], [-84.3930721749443, 33.7773020625136], [-84.3931025279792, 33.7773028020814], [-84.3931421372555, 33.7773087812869], [-84.3931440728053, 33.7772753967713], [-84.3931442652523, 33.7772615443371], [-84.3931446483712, 33.7772339855395], [-84.3931534185018, 33.777233395092], [-84.3931556883144, 33.7772334828948], [-84.3931662123866, 33.7772338909629], [-84.3932349751984, 33.7772365553525], [-84.3932420209893, 33.7772400588599], [-84.3932449063064, 33.7772524729184], [-84.3932583610015, 33.7772546148848], [-84.3932574154115, 33.7772805445284], [-84.3932408112861, 33.7772796832802], [-84.3932409516041, 33.777281716248], [-84.3932423178816, 33.7772863888056], [-84.3932453183372, 33.7772896310476], [-84.3932514054032, 33.7772911094008], [-84.3932566455665, 33.7772916164262], [-84.393367893531, 33.7772938943624], [-84.3933854017143, 33.7772940587589], [-84.3934022069807, 33.7772942172311], [-84.3934353111082, 33.7772945287876], [-84.3935088461331, 33.7772958768596], [-84.3935351165324, 33.7772965426766], [-84.3935348026774, 33.777367120971], [-84.3935190349235, 33.777368157102], [-84.3935188082365, 33.7774115964101], [-84.393097215416, 33.7773962473288], [-84.3929469606998, 33.7773962758729]]]}, "properties": {"OBJECTID_1": 36, "OBJECTID": 37, "Shape_Leng": 506.495134354, "CreationDate": 1628109910586, "Creator": "wsims6_GTFacilities", "EditDate": 1628109910586, "Editor": "wsims6_GTFacilities", "Shape__Area": 1048.21484375, "Shape__Length": 185.79824139155951, "GlobalID": "0c730688-5e79-4f79-9498-3c870fb22e27"}}, {"type": "Feature", "id": 37, "geometry": {"type": "Polygon", "coordinates": [[[-84.3924235791825, 33.776652478777], [-84.3924119642499, 33.77661774584], [-84.392413025342, 33.7765390233498], [-84.3922644178487, 33.7765358489841], [-84.3922640341394, 33.7765694677883], [-84.3921886481837, 33.7765611706168], [-84.3921860014677, 33.776492234223], [-84.3921853989001, 33.7764765438705], [-84.3921831592782, 33.7764690155605], [-84.3921780437204, 33.7764661819989], [-84.392169269099, 33.7764613227992], [-84.3921643238005, 33.7764608332217], [-84.3921451956221, 33.776469508705], [-84.3921389769323, 33.7764729851163], [-84.3921336410541, 33.7764783714171], [-84.3921256615554, 33.7764192808881], [-84.3921386279803, 33.776424276697], [-84.3921423100276, 33.776426421312], [-84.3921603659109, 33.7764288227828], [-84.3921778520958, 33.7764264285022], [-84.39219638307, 33.776423891652], [-84.3922105597641, 33.7764222589993], [-84.3922676188289, 33.7764150217344], [-84.3922947894516, 33.7764115764396], [-84.3923124511213, 33.7764094027239], [-84.392321373164, 33.7764083053293], [-84.3923516323916, 33.7764050987223], [-84.392367649823, 33.7764034013729], [-84.3923898548982, 33.7764020398402], [-84.3924065046569, 33.7764010193718], [-84.39246939061, 33.7763981948609], [-84.3924985094566, 33.7763961489275], [-84.3925072862333, 33.7763956531874], [-84.3925226487895, 33.776392918313], [-84.392567658429, 33.7763849464746], [-84.3925678941723, 33.7763772702776], [-84.392554253655, 33.7763742043818], [-84.3925299103437, 33.7763762316702], [-84.3925267656535, 33.776367788944], [-84.3924958547633, 33.7761197622059], [-84.3924841459675, 33.7761212515212], [-84.3924820798028, 33.7760917766824], [-84.3924682683663, 33.7760926837695], [-84.392384647219, 33.7761018451486], [-84.3923691290159, 33.7760921465056], [-84.3923563472642, 33.7760846825606], [-84.3923252136485, 33.7760665008704], [-84.3923006658119, 33.7760992090097], [-84.3922619439113, 33.7760954108095], [-84.3921997105013, 33.7760533957553], [-84.3922059554049, 33.776043866501], [-84.3921117808003, 33.7759840453349], [-84.39214377046, 33.775948616876], [-84.3921257464794, 33.7759332135178], [-84.3921291698346, 33.7759235812236], [-84.3921312384984, 33.7759157285609], [-84.3921289273027, 33.7759039517942], [-84.3921231488105, 33.7758961612551], [-84.3921182216983, 33.7758931217698], [-84.3921121653476, 33.7758926071702], [-84.3921061975539, 33.7758921005235], [-84.3920958480111, 33.7758972525356], [-84.3920749198965, 33.7759042100421], [-84.3920686305581, 33.7759095548027], [-84.3920640813819, 33.7759164237838], [-84.3920501506175, 33.7757950696923], [-84.3920622280361, 33.7757941757372], [-84.392083971699, 33.7757935526541], [-84.3920803255469, 33.7757362584065], [-84.3920883286321, 33.7757388477604], [-84.3920926019401, 33.7757383710955], [-84.3920994987358, 33.7757341090101], [-84.3921446238532, 33.7757402461706], [-84.3921958296218, 33.7757738897302], [-84.3921907987717, 33.7757794684301], [-84.3922955350442, 33.7758479919121], [-84.3922896971696, 33.7758554448234], [-84.3923019412031, 33.77586744507], [-84.3922902637852, 33.7758837746048], [-84.3923174991191, 33.7758984857594], [-84.3924670787454, 33.775978362748], [-84.3924582664004, 33.7759994432722], [-84.3924552845993, 33.7760065753873], [-84.3925714142657, 33.776066385858], [-84.3927386682714, 33.7758260894992], [-84.3927796881779, 33.7757729503079], [-84.3928047087414, 33.7757813682732], [-84.3929220734947, 33.7758345940913], [-84.3929078546728, 33.7758632854885], [-84.3929187988174, 33.7758670685942], [-84.3929325483689, 33.7758393527424], [-84.3930011921546, 33.7758669788258], [-84.3930559355466, 33.7758871114924], [-84.3930241572164, 33.7759625073404], [-84.3929779563454, 33.7759464452831], [-84.3929730321675, 33.7759564419154], [-84.3928913239377, 33.7759267966218], [-84.3927971884663, 33.7761203392964], [-84.3928427916811, 33.7761353376648], [-84.3928364878724, 33.776148722524], [-84.3928733250416, 33.7761600654178], [-84.3930385326808, 33.7762150418862], [-84.3930407788439, 33.7762467867448], [-84.3930444189948, 33.7762600893562], [-84.393048461572, 33.7762646551208], [-84.3930536431683, 33.7762667284324], [-84.3930889353203, 33.7762665699148], [-84.3930828782061, 33.776362633138], [-84.3930711007822, 33.7763918096696], [-84.3930300852597, 33.7763978087636], [-84.3930298526794, 33.7764046193694], [-84.3930814296645, 33.7764026078417], [-84.3931569745693, 33.7764036287448], [-84.3932077585848, 33.7764043154615], [-84.3932107179605, 33.7763985268317], [-84.3932120218834, 33.7763934634642], [-84.3932127925806, 33.776381485403], [-84.3932093740186, 33.7763728006528], [-84.3932069588984, 33.7763695952043], [-84.3932049354024, 33.7763679119274], [-84.3931965437648, 33.7763641818679], [-84.3931717591225, 33.7763589211364], [-84.3931439323511, 33.7763530303179], [-84.3931565913086, 33.776308870308], [-84.3931899404818, 33.7762112665571], [-84.3931982400059, 33.7762136434063], [-84.3932315730401, 33.7762239593315], [-84.3932494537364, 33.7761778692055], [-84.3933148897642, 33.7761955395476], [-84.3932659089978, 33.7763560153916], [-84.3932611161577, 33.7763740626461], [-84.3932624079795, 33.7763816278413], [-84.3932638875959, 33.7763858836279], [-84.3932700361495, 33.7763959762529], [-84.3932756145213, 33.7764027527461], [-84.3932785784246, 33.7764060662854], [-84.3935456787606, 33.7764083336878], [-84.3935450606735, 33.7764462375777], [-84.393559325297, 33.7764513453603], [-84.3935798876944, 33.7764510514849], [-84.3935789704869, 33.7765204668653], [-84.3935619838583, 33.7765206721161], [-84.3935470717007, 33.7765365686104], [-84.3935385979797, 33.7765369367344], [-84.3933681704053, 33.7765349669406], [-84.3932637362025, 33.7765326025558], [-84.3932632824912, 33.7764984785582], [-84.3932616640887, 33.7764685773329], [-84.3932594223282, 33.7764639631865], [-84.3932534186374, 33.7764588618416], [-84.3932486906841, 33.7764552161259], [-84.3932429730252, 33.7764529499516], [-84.393235205009, 33.7764498715461], [-84.3932279537859, 33.7764478750756], [-84.3932180693904, 33.776445154002], [-84.3931239804349, 33.7764433466626], [-84.3931210138461, 33.7764472174892], [-84.3931429657948, 33.7764567545558], [-84.3931597539647, 33.7764738641543], [-84.3931672972797, 33.7764859225312], [-84.393171784656, 33.7765027724864], [-84.3931970612631, 33.7766022161976], [-84.3931945033279, 33.7766140794224], [-84.3931928456926, 33.7766217708533], [-84.3931877988264, 33.7766471021168], [-84.3931867502396, 33.7766523660837], [-84.3931038734381, 33.7766507843], [-84.3931053246325, 33.7766081271775], [-84.3930653730983, 33.7766073646445], [-84.3930660777239, 33.7765374276012], [-84.3930666873872, 33.7764769508664], [-84.3930667478013, 33.7764687231791], [-84.3930665342045, 33.776443757723], [-84.3930592637161, 33.7764426448971], [-84.393010186344, 33.7764418197414], [-84.3930099651554, 33.7764431095098], [-84.3930113353147, 33.7764480363294], [-84.3930182100371, 33.7764526194418], [-84.3930386147014, 33.7764576249558], [-84.3930383939449, 33.7764685200244], [-84.3930380423407, 33.7764785172874], [-84.3930302080229, 33.7764892270561], [-84.3929007676085, 33.7764876593051], [-84.3929008830524, 33.7764399815278], [-84.3928894991164, 33.7764397905079], [-84.3928764489016, 33.7764394934414], [-84.3928133068541, 33.7764377274159], [-84.3927843802178, 33.7764377290258], [-84.3927257440739, 33.7764360583894], [-84.392696586932, 33.7764366816394], [-84.3926451032543, 33.7764396990793], [-84.392611592363, 33.7764410164386], [-84.3925974162168, 33.7764416221545], [-84.3925601530323, 33.7764444773747], [-84.3924996460768, 33.7764466375691], [-84.3924929097414, 33.7764466399778], [-84.3924925579831, 33.7764524878361], [-84.3924979921003, 33.7764553343264], [-84.3925370869969, 33.7764609008109], [-84.3925363381754, 33.7765919158543], [-84.3925081827961, 33.7765933009257], [-84.3925052597734, 33.776643822241], [-84.3925366337867, 33.776642429476], [-84.3925370724973, 33.7766536686693], [-84.3925354809491, 33.7766536517458], [-84.3924235791825, 33.776652478777]]]}, "properties": {"OBJECTID_1": 37, "OBJECTID": 38, "Shape_Leng": 2645.18079529, "CreationDate": 1628109910586, "Creator": "wsims6_GTFacilities", "EditDate": 1628109910586, "Editor": "wsims6_GTFacilities", "Shape__Area": 7343.859375, "Shape__Length": 971.1651045814524, "GlobalID": "eefc0033-f131-4e28-9baf-176f7b5de9e5"}}, {"type": "Feature", "id": 38, "geometry": {"type": "Polygon", "coordinates": [[[-84.3927302684454, 33.7764801796662], [-84.3927247122312, 33.776458394205], [-84.3927257440739, 33.7764360583894], [-84.3927843802178, 33.7764377290258], [-84.3927841924303, 33.7764406371982], [-84.3928148496954, 33.7764434527852], [-84.3928147178482, 33.7764635400348], [-84.3927978352583, 33.7764614232353], [-84.3927834222743, 33.7764651725662], [-84.3927812385347, 33.776490851114], [-84.3927338782898, 33.7764885358779], [-84.3927302684454, 33.7764801796662]]]}, "properties": {"OBJECTID_1": 38, "OBJECTID": 39, "Shape_Leng": 88.5963902536, "CreationDate": 1628109910586, "Creator": "wsims6_GTFacilities", "EditDate": 1628109910586, "Editor": "wsims6_GTFacilities", "Shape__Area": 53.48828125, "Shape__Length": 32.520544102769776, "GlobalID": "5307b42f-bdca-443f-82cb-f98820aee3b7"}}, {"type": "Feature", "id": 39, "geometry": {"type": "Polygon", "coordinates": [[[-84.39631069687, 33.7768623794891], [-84.3963302614282, 33.7768623908688], [-84.3963291079903, 33.776894242973], [-84.3963093255583, 33.7768943203605], [-84.39631069687, 33.7768623794891]]]}, "properties": {"OBJECTID_1": 39, "OBJECTID": 40, "Shape_Leng": 35.1811724294, "CreationDate": 1628109910586, "Creator": "wsims6_GTFacilities", "EditDate": 1628109910586, "Editor": "wsims6_GTFacilities", "Shape__Area": 9.35546875, "Shape__Length": 12.928228707657404, "GlobalID": "386f6867-879c-47f0-af10-e7456db4b4c2"}}, {"type": "Feature", "id": 40, "geometry": {"type": "Polygon", "coordinates": [[[-84.3962817231873, 33.77650000893], [-84.3963155682992, 33.7764795036966], [-84.3963265283715, 33.7764932163645], [-84.3963095600007, 33.7765034961186], [-84.3962926196728, 33.7765125522763], [-84.3962817231873, 33.77650000893]]]}, "properties": {"OBJECTID_1": 40, "OBJECTID": 41, "Shape_Leng": 36.8252000019, "CreationDate": 1628109910586, "Creator": "wsims6_GTFacilities", "EditDate": 1628109910586, "Editor": "wsims6_GTFacilities", "Shape__Area": 10.03125, "Shape__Length": 13.518549863765235, "GlobalID": "2cd8ae3b-773b-4263-a16c-44ae885ecd2c"}}, {"type": "Feature", "id": 41, "geometry": {"type": "Polygon", "coordinates": [[[-84.3966632727786, 33.7771063257731], [-84.3966634184902, 33.7770949944405], [-84.3967152325016, 33.7770950935225], [-84.3967153852256, 33.7771069878314], [-84.3966632727786, 33.7771063257731]]]}, "properties": {"OBJECTID_1": 41, "OBJECTID": 42, "Shape_Leng": 40.0325207714, "CreationDate": 1628109910586, "Creator": "wsims6_GTFacilities", "EditDate": 1628109910586, "Editor": "wsims6_GTFacilities", "Shape__Area": 9.00390625, "Shape__Length": 14.680408301256053, "GlobalID": "cd770ee6-0bb4-4038-84d5-f9f3c13fbfcc"}}, {"type": "Feature", "id": 42, "geometry": {"type": "Polygon", "coordinates": [[[-84.4026983253783, 33.7706447451256], [-84.4027212050436, 33.7706230526836], [-84.4027792870712, 33.7706228586299], [-84.4028005158712, 33.7706227882612], [-84.4029078436547, 33.770622224012], [-84.4029285507841, 33.7706224729033], [-84.4029549208195, 33.7706227893934], [-84.4029543123855, 33.7706457781969], [-84.4026983253783, 33.7706447451256]]]}, "properties": {"OBJECTID_1": 42, "OBJECTID": 43, "Shape_Leng": 167.701003389, "CreationDate": 1628109910586, "Creator": "wsims6_GTFacilities", "EditDate": 1628109910586, "Editor": "wsims6_GTFacilities", "Shape__Area": 82.56640625, "Shape__Length": 61.4573242014449, "GlobalID": "e2e1b92d-c32f-478b-a333-a0b5200a9fe9"}}, {"type": "Feature", "id": 43, "geometry": {"type": "Polygon", "coordinates": [[[-84.4025488733477, 33.7706213381188], [-84.4025654955674, 33.7706442092327], [-84.4024830056965, 33.7706438763725], [-84.402168612852, 33.7706422811503], [-84.4021887470092, 33.7706264665104], [-84.4021921494345, 33.7706207209972], [-84.4022952361096, 33.7706216323633], [-84.4024110337819, 33.770621497792], [-84.4024294858772, 33.7706214760703], [-84.4025488733477, 33.7706213381188]]]}, "properties": {"OBJECTID_1": 43, "OBJECTID": 44, "Shape_Leng": 249.478477413, "CreationDate": 1628109910586, "Creator": "wsims6_GTFacilities", "EditDate": 1628109910586, "Editor": "wsims6_GTFacilities", "Shape__Area": 122.640625, "Shape__Length": 91.4120872593444, "GlobalID": "3560391a-d1dd-4033-ada1-7c82fad9f48a"}}, {"type": "Feature", "id": 44, "geometry": {"type": "Polygon", "coordinates": [[[-84.4026610336627, 33.7707105820923], [-84.4026402825832, 33.7707317231499], [-84.402553584128, 33.7707313713341], [-84.4024214839663, 33.7707308149573], [-84.4023938924882, 33.7707090864317], [-84.4024919131934, 33.7707094600056], [-84.4026610336627, 33.7707105820923]]]}, "properties": {"OBJECTID_1": 44, "OBJECTID": 45, "Shape_Leng": 169.142904323, "CreationDate": 1628109910586, "Creator": "wsims6_GTFacilities", "EditDate": 1628109910586, "Editor": "wsims6_GTFacilities", "Shape__Area": 77.9296875, "Shape__Length": 61.980454342885466, "GlobalID": "2268994e-ba2c-41d9-9ed5-2db067f0e016"}}, {"type": "Feature", "id": 45, "geometry": {"type": "Polygon", "coordinates": [[[-84.4027226516238, 33.7707320579391], [-84.4026950829752, 33.7707108082151], [-84.4029511389429, 33.7707125065804], [-84.402953208948, 33.7707326861154], [-84.4028758253593, 33.7707326214511], [-84.4028300351925, 33.7707324944852], [-84.4027226516238, 33.7707320579391]]]}, "properties": {"OBJECTID_1": 45, "OBJECTID": 46, "Shape_Leng": 166.646647312, "CreationDate": 1628109910586, "Creator": "wsims6_GTFacilities", "EditDate": 1628109910586, "Editor": "wsims6_GTFacilities", "Shape__Area": 75.17578125, "Shape__Length": 61.06800424130956, "GlobalID": "5b2ef72c-b7a2-4c69-ad08-09b9a90b0ee7"}}, {"type": "Feature", "id": 46, "geometry": {"type": "Polygon", "coordinates": [[[-84.3998266020432, 33.7688996758772], [-84.4000725413784, 33.7688334723975], [-84.4001712193755, 33.7688835195502], [-84.4002032474611, 33.7688962849681], [-84.4002377929009, 33.7688930124177], [-84.4003387918572, 33.7688554134567], [-84.4003758727501, 33.7688435865923], [-84.4004539113417, 33.76883381906], [-84.4005242862233, 33.7688294109992], [-84.4008812684091, 33.7688030829587], [-84.4015927022691, 33.768762185253], [-84.4016247978503, 33.7687410768688], [-84.4016236542004, 33.7687638971816], [-84.4016310354941, 33.7687998717126], [-84.4016524293878, 33.7688292014313], [-84.4016217980839, 33.7688365892845], [-84.4015756574317, 33.7688334663247], [-84.4007723552263, 33.7688895732861], [-84.4004437308951, 33.768912669877], [-84.4003918588894, 33.7689224004776], [-84.4002689554368, 33.7689643706803], [-84.4002325169605, 33.7689949398621], [-84.4002191498928, 33.7690270712215], [-84.400219176023, 33.7690367026307], [-84.4002230248932, 33.7690383011917], [-84.4002729611238, 33.7690237585966], [-84.4003502773856, 33.7691825358071], [-84.400304679928, 33.7691966230001], [-84.4002966847564, 33.7692055672052], [-84.4002967069703, 33.76921375237], [-84.4003226051321, 33.769235283509], [-84.4003645208461, 33.7692493429719], [-84.4003912511306, 33.7692492923559], [-84.4005052109746, 33.7692163347703], [-84.4006154896757, 33.7694683857718], [-84.4005683063832, 33.7694833578845], [-84.4005647567043, 33.7694885734612], [-84.4005674621987, 33.7695004746624], [-84.4004944584708, 33.7695221922542], [-84.4004899806368, 33.7695140155312], [-84.4004846354272, 33.7695140256576], [-84.4003867028758, 33.7695432326539], [-84.4003831531835, 33.7695484482254], [-84.4003867473215, 33.7695596029823], [-84.4003092858739, 33.7695805850422], [-84.4003057018419, 33.7695731504843], [-84.4003012432797, 33.7695716711968], [-84.4002478188532, 33.7695851663719], [-84.4002388481521, 33.7695628593214], [-84.4002035011928, 33.7694896614891], [-84.4001323042124, 33.7695124015294], [-84.4000357385522, 33.7693214499345], [-84.400164127002, 33.7692802314851], [-84.4001443982864, 33.7692333882566], [-84.4001897909928, 33.7692154433366], [-84.400189774845, 33.7692094906534], [-84.4001594545133, 33.7691998741814], [-84.4001541163161, 33.769202860637], [-84.4001603976758, 33.7692192200692], [-84.4000259777194, 33.7692641214504], [-84.4000143359921, 33.7692425641978], [-84.3999985811383, 33.769247382663], [-84.3998266020432, 33.7688996758772]]]}, "properties": {"OBJECTID_1": 46, "OBJECTID": 47, "Shape_Leng": 1884.25747286, "CreationDate": 1628109910586, "Creator": "wsims6_GTFacilities", "EditDate": 1628109910586, "Editor": "wsims6_GTFacilities", "Shape__Area": 5754.1875, "Shape__Length": 691.173338292745, "GlobalID": "71261a56-6f61-4203-b79e-7d2d7aa80ae4"}}, {"type": "Feature", "id": 47, "geometry": {"type": "Polygon", "coordinates": [[[-84.3929343516506, 33.7710452397422], [-84.3929340632544, 33.770843519753], [-84.3929424616507, 33.7708492091145], [-84.3929756686018, 33.7708497406152], [-84.3929974481926, 33.7708492985399], [-84.3930895337352, 33.7708474300208], [-84.3931246703813, 33.7708456397912], [-84.3932338574133, 33.7708392306178], [-84.3933444160285, 33.7708457025487], [-84.3933703753358, 33.7708470578402], [-84.3933612730397, 33.7710127532999], [-84.393226957772, 33.7710116555694], [-84.393034750602, 33.7710100841248], [-84.393022192329, 33.7710417659979], [-84.3930155941033, 33.7710584090887], [-84.3930126988081, 33.7710950729043], [-84.3930115797502, 33.7711092372202], [-84.39301153378, 33.7711282973471], [-84.3930105231387, 33.7711795870256], [-84.3930111731629, 33.7711935758812], [-84.393012253705, 33.7711984320058], [-84.3930150539352, 33.7712110157491], [-84.3930330048501, 33.7712219433198], [-84.392929158804, 33.7712092229735], [-84.3929346645738, 33.7712028940957], [-84.3929394912632, 33.7711982155859], [-84.3929426430453, 33.7711925744764], [-84.3929450673307, 33.7711882366875], [-84.3929478746099, 33.7711722921191], [-84.3929446658646, 33.7710716563969], [-84.3929392380191, 33.771071482411], [-84.3929343516506, 33.7710452397422]]]}, "properties": {"OBJECTID_1": 47, "OBJECTID": 48, "Shape_Leng": 542.277916753, "CreationDate": 1628109910586, "Creator": "wsims6_GTFacilities", "EditDate": 1628109910586, "Editor": "wsims6_GTFacilities", "Shape__Area": 1292.95703125, "Shape__Length": 199.10881533850917, "GlobalID": "f9690432-767a-4ad4-bfc6-987b5d82d2b1"}}, {"type": "Feature", "id": 48, "geometry": {"type": "Polygon", "coordinates": [[[-84.3900188146187, 33.7760254075078], [-84.3900202084336, 33.775951318015], [-84.3900933555489, 33.7759534289202], [-84.3901273094591, 33.7759581209557], [-84.3901280709265, 33.7759582259718], [-84.3901626514355, 33.7759709577986], [-84.3901658994583, 33.7759723043949], [-84.390169305114, 33.7759724019173], [-84.3901727009594, 33.7759712164059], [-84.3901755705121, 33.7759681852636], [-84.3901932157754, 33.7760914903287], [-84.3901491371295, 33.7760513654802], [-84.3901488460637, 33.7760511252661], [-84.3901387799165, 33.7760428050134], [-84.3901260528317, 33.7760355264783], [-84.3901137635031, 33.7760296771699], [-84.3901067762351, 33.7760278342203], [-84.3900964551453, 33.7760265310842], [-84.3900783278247, 33.7760260869275], [-84.3900601654872, 33.7760258790644], [-84.3900188146187, 33.7760254075078]]]}, "properties": {"OBJECTID_1": 48, "OBJECTID": 49, "Shape_Leng": 183.447339896, "CreationDate": 1628109910586, "Creator": "wsims6_GTFacilities", "EditDate": 1628109910586, "Editor": "wsims6_GTFacilities", "Shape__Area": 195.68359375, "Shape__Length": 67.36023206489139, "GlobalID": "eab57fba-f94d-4c1b-bd27-9ff321a3ba11"}}, {"type": "Feature", "id": 49, "geometry": {"type": "Polygon", "coordinates": [[[-84.3902337070353, 33.7765187469746], [-84.3902718112599, 33.7765129172835], [-84.3902750613819, 33.7765100765999], [-84.390282180848, 33.7764859057306], [-84.3902924748324, 33.7765727414371], [-84.3903010906985, 33.7766141874016], [-84.3903024060423, 33.7766205155185], [-84.390304194995, 33.7766308497197], [-84.3902989765259, 33.7766212178087], [-84.3902950439195, 33.77661903392], [-84.3902326691332, 33.7766188015994], [-84.3902293121509, 33.7766150063149], [-84.3902266292043, 33.7766125704025], [-84.39022370062, 33.7766103414134], [-84.3902205728957, 33.7766083463129], [-84.3902172460407, 33.7766065887076], [-84.3902137589553, 33.7766050802484], [-84.3902101257083, 33.776603833533], [-84.390206366826, 33.7766028530326], [-84.3902025190538, 33.7766021522052], [-84.3902023484148, 33.7766021353829], [-84.3901957618421, 33.7766016045185], [-84.3901947177349, 33.7766015964915], [-84.3901944748091, 33.7766016005381], [-84.3901639684508, 33.7765982610686], [-84.3901645382192, 33.7765698652038], [-84.3902116806701, 33.7765623312695], [-84.3902337070353, 33.7765187469746]]]}, "properties": {"OBJECTID_1": 49, "OBJECTID": 50, "Shape_Leng": 164.92727315, "CreationDate": 1628109910586, "Creator": "wsims6_GTFacilities", "EditDate": 1628109910586, "Editor": "wsims6_GTFacilities", "Shape__Area": 141.6484375, "Shape__Length": 60.580346366757816, "GlobalID": "e860cf8f-1785-4fff-9925-a98aa3cfe87d"}}, {"type": "Feature", "id": 50, "geometry": {"type": "Polygon", "coordinates": [[[-84.3899267549535, 33.7759016491823], [-84.3899894672071, 33.7758914940128], [-84.3899942146747, 33.7758881619311], [-84.3899942584589, 33.7758850628727], [-84.3899909719246, 33.7758817714774], [-84.3899853250749, 33.7758788675553], [-84.389927309604, 33.7758882072471], [-84.389927098008, 33.7758882175481], [-84.3899277840581, 33.7758613317383], [-84.3900117572214, 33.7758484250209], [-84.3900232664407, 33.7758469985153], [-84.3900331803785, 33.7758449428378], [-84.3900470910014, 33.7758406564505], [-84.3900625493966, 33.7758336713194], [-84.3900730458985, 33.7758272731279], [-84.3900820317488, 33.7758204052046], [-84.3900879257715, 33.7758149602754], [-84.3900907223873, 33.7758087888118], [-84.3900910712504, 33.7758042591804], [-84.3901224288127, 33.7757641960906], [-84.3901251140113, 33.7757396491524], [-84.3901669218099, 33.7759273506655], [-84.3901555579123, 33.7759065746336], [-84.3901521847573, 33.7759044393178], [-84.3901161125849, 33.7759097684821], [-84.390113890108, 33.7759062731934], [-84.3901102547629, 33.7759033746515], [-84.3901056052427, 33.7759015968964], [-84.3901006429254, 33.7759011893173], [-84.390090036343, 33.7759030343659], [-84.3899260619811, 33.7759287802539], [-84.3899267549535, 33.7759016491823]]]}, "properties": {"OBJECTID_1": 50, "OBJECTID": 51, "Shape_Leng": 297.090241069, "CreationDate": 1628109910586, "Creator": "wsims6_GTFacilities", "EditDate": 1628109910586, "Editor": "wsims6_GTFacilities", "Shape__Area": 268.046875, "Shape__Length": 109.06913638151734, "GlobalID": "b20f5d15-aa40-42c5-959d-1c0d8aa92699"}}, {"type": "Feature", "id": 51, "geometry": {"type": "Polygon", "coordinates": [[[-84.3878336759778, 33.776784884262], [-84.3878582161614, 33.7767640048992], [-84.3879236008408, 33.7767648957378], [-84.3880361514675, 33.7767664304806], [-84.3881854602635, 33.7767684653833], [-84.3882979666276, 33.7767699990651], [-84.3884082584107, 33.776771501459], [-84.3885989279938, 33.7767743613867], [-84.3886294014467, 33.7767967577227], [-84.388100807274, 33.7767886971017], [-84.3878336759778, 33.776784884262]]]}, "properties": {"OBJECTID_1": 51, "OBJECTID": 52, "Shape_Leng": 489.913994516, "CreationDate": 1628109910586, "Creator": "wsims6_GTFacilities", "EditDate": 1628109910586, "Editor": "wsims6_GTFacilities", "Shape__Area": 247.3671875, "Shape__Length": 179.4987366987978, "GlobalID": "513248ee-61ca-47ed-87a3-98d3925d3b85"}}, {"type": "Feature", "id": 52, "geometry": {"type": "Polygon", "coordinates": [[[-84.3887483779184, 33.7760114010665], [-84.3887463694235, 33.7761322342129], [-84.3887425620326, 33.7764425798802], [-84.3887383107035, 33.7767265052142], [-84.3887120735808, 33.7767051778554], [-84.3887123439845, 33.7766643505537], [-84.3887127036553, 33.7766099965035], [-84.3887162530112, 33.7760414126656], [-84.388729332242, 33.7760266209676], [-84.3887483779184, 33.7760114010665]]]}, "properties": {"OBJECTID_1": 52, "OBJECTID": 53, "Shape_Leng": 527.577079439, "CreationDate": 1628109910586, "Creator": "wsims6_GTFacilities", "EditDate": 1628109910586, "Editor": "wsims6_GTFacilities", "Shape__Area": 300.078125, "Shape__Length": 194.15627319828, "GlobalID": "0fffec22-769e-435c-b6da-a5368e70fa7c"}}, {"type": "Feature", "id": 53, "geometry": {"type": "Polygon", "coordinates": [[[-84.3888741747417, 33.7762300543435], [-84.3889009723629, 33.7762615071178], [-84.3888968376152, 33.776628425741], [-84.3888960453234, 33.7766987578487], [-84.3888693948168, 33.776720572624], [-84.3888741747417, 33.7762300543435]]]}, "properties": {"OBJECTID_1": 53, "OBJECTID": 54, "Shape_Leng": 362.985583418, "CreationDate": 1628109910586, "Creator": "wsims6_GTFacilities", "EditDate": 1628109910586, "Editor": "wsims6_GTFacilities", "Shape__Area": 185.1640625, "Shape__Length": 133.58077759444055, "GlobalID": "402454bf-96fc-4e34-b2c8-838e1deb3689"}}, {"type": "Feature", "id": 54, "geometry": {"type": "Polygon", "coordinates": [[[-84.3891739896424, 33.7758710469221], [-84.3891670894715, 33.7758711405115], [-84.389112362233, 33.7758706891602], [-84.3891120755774, 33.7758750780191], [-84.3890699730575, 33.7758745092191], [-84.3890657594651, 33.7758742877928], [-84.3890630768047, 33.7758752835431], [-84.3890607148877, 33.7758775599635], [-84.3890598931432, 33.7758804512402], [-84.3890605279702, 33.7758829422634], [-84.3890622002064, 33.7758849418199], [-84.3890643876165, 33.7758861650269], [-84.3890676648148, 33.7758866928993], [-84.3891122362479, 33.7758875304506], [-84.3891121936915, 33.7758932055274], [-84.3891669209443, 33.7758936568787], [-84.3891735053472, 33.7758933718067], [-84.3891729564766, 33.7759187002117], [-84.3891723902659, 33.7759193639471], [-84.3891132074096, 33.7759194733424], [-84.3889197320123, 33.7759156021938], [-84.3888930857285, 33.7759243213696], [-84.3888787030595, 33.7759289709411], [-84.388879371726, 33.7758835165386], [-84.3888805523708, 33.7758243389659], [-84.3888819916648, 33.7758260287759], [-84.388919004737, 33.7758451168279], [-84.3889539534605, 33.7758454073312], [-84.3891739212921, 33.7758471153877], [-84.389174503753, 33.7758473081928], [-84.3891739896424, 33.7758710469221]]]}, "properties": {"OBJECTID_1": 54, "OBJECTID": 55, "Shape_Leng": 313.378703487, "CreationDate": 1628109910586, "Creator": "wsims6_GTFacilities", "EditDate": 1628109910586, "Editor": "wsims6_GTFacilities", "Shape__Area": 294.2890625, "Shape__Length": 114.92359179858317, "GlobalID": "315d17f2-9923-4184-b78c-48ac02627213"}}, {"type": "Feature", "id": 55, "geometry": {"type": "Polygon", "coordinates": [[[-84.3873860447626, 33.7760047411221], [-84.3874138293375, 33.776028894482], [-84.3874120534763, 33.7761544401315], [-84.38741132876, 33.7762057066773], [-84.3873834769726, 33.7762294645403], [-84.3873860447626, 33.7760047411221]]]}, "properties": {"OBJECTID_1": 55, "OBJECTID": 56, "Shape_Leng": 170.399567432, "CreationDate": 1628109910586, "Creator": "wsims6_GTFacilities", "EditDate": 1628109910586, "Editor": "wsims6_GTFacilities", "Shape__Area": 83.26953125, "Shape__Length": 62.696104057767286, "GlobalID": "4bd83e5f-6117-468e-a063-846dd856e2fe"}}, {"type": "Feature", "id": 56, "geometry": {"type": "Polygon", "coordinates": [[[-84.3896584318584, 33.7769032262303], [-84.3896578644125, 33.7769238327138], [-84.3890019309327, 33.7769114093582], [-84.3889813795348, 33.7768905145253], [-84.3896584318584, 33.7769032262303]]]}, "properties": {"OBJECTID_1": 56, "OBJECTID": 57, "Shape_Leng": 422.48335616, "CreationDate": 1628109910586, "Creator": "wsims6_GTFacilities", "EditDate": 1628109910586, "Editor": "wsims6_GTFacilities", "Shape__Area": 204.31640625, "Shape__Length": 154.80041864010946, "GlobalID": "03a1b493-a9bb-4de2-90df-e34176a7ac40"}}, {"type": "Feature", "id": 57, "geometry": {"type": "Polygon", "coordinates": [[[-84.3896614911876, 33.776792153377], [-84.3896608882118, 33.7768140483862], [-84.3889674742886, 33.7768033371783], [-84.3890035739621, 33.7767817325751], [-84.3896614911876, 33.776792153377]]]}, "properties": {"OBJECTID_1": 57, "OBJECTID": 58, "Shape_Leng": 432.152543682, "CreationDate": 1628109910586, "Creator": "wsims6_GTFacilities", "EditDate": 1628109910586, "Editor": "wsims6_GTFacilities", "Shape__Area": 221.98046875, "Shape__Length": 158.34102039166052, "GlobalID": "13f3e099-6bad-435f-90cd-a0a1b7464979"}}, {"type": "Feature", "id": 58, "geometry": {"type": "Polygon", "coordinates": [[[-84.3896578644125, 33.7769238327138], [-84.3896584318584, 33.7769032262303], [-84.389876507202, 33.7769073195144], [-84.3898760889213, 33.7769279690084], [-84.3897795225545, 33.7769261365515], [-84.3896578644125, 33.7769238327138]]]}, "properties": {"OBJECTID_1": 58, "OBJECTID": 59, "Shape_Leng": 147.622794275, "CreationDate": 1628109910586, "Creator": "wsims6_GTFacilities", "EditDate": 1628109910586, "Editor": "wsims6_GTFacilities", "Shape__Area": 67.1171875, "Shape__Length": 54.107497357142755, "GlobalID": "3752f9c4-f3c6-4554-8bf4-2b58a96dd26a"}}, {"type": "Feature", "id": 59, "geometry": {"type": "Polygon", "coordinates": [[[-84.3898760889213, 33.7769279690084], [-84.389876507202, 33.7769073195144], [-84.389884440297, 33.7769074683646], [-84.3901900661075, 33.7769133015854], [-84.3901657200194, 33.7769334651469], [-84.3898760889213, 33.7769279690084]]]}, "properties": {"OBJECTID_1": 59, "OBJECTID": 60, "Shape_Leng": 201.267511173, "CreationDate": 1628109910586, "Creator": "wsims6_GTFacilities", "EditDate": 1628109910586, "Editor": "wsims6_GTFacilities", "Shape__Area": 92.81640625, "Shape__Length": 73.75614657263733, "GlobalID": "59315afa-994f-466e-94c3-0040e312e099"}}, {"type": "Feature", "id": 60, "geometry": {"type": "Polygon", "coordinates": [[[-84.3896608882118, 33.7768140483862], [-84.3896614911876, 33.776792153377], [-84.3897208393191, 33.7767930929419], [-84.3898787737029, 33.7767954014389], [-84.389878328706, 33.7768174061649], [-84.3896608882118, 33.7768140483862]]]}, "properties": {"OBJECTID_1": 60, "OBJECTID": 61, "Shape_Leng": 148.094071007, "CreationDate": 1628109910586, "Creator": "wsims6_GTFacilities", "EditDate": 1628109910586, "Editor": "wsims6_GTFacilities", "Shape__Area": 71.0703125, "Shape__Length": 54.28168018203266, "GlobalID": "db0d3ac7-8c03-4b53-9991-8f6498c20cb6"}}, {"type": "Feature", "id": 61, "geometry": {"type": "Polygon", "coordinates": [[[-84.389878328706, 33.7768174061649], [-84.3898787737029, 33.7767954014389], [-84.3899288270748, 33.7767961332036], [-84.3900393880598, 33.776797749064], [-84.3901679896868, 33.7767996287978], [-84.3901882901461, 33.7768214976717], [-84.3898785586946, 33.7768174093555], [-84.389878328706, 33.7768174061649]]]}, "properties": {"OBJECTID_1": 61, "OBJECTID": 62, "Shape_Leng": 200.168538146, "CreationDate": 1628109910586, "Creator": "wsims6_GTFacilities", "EditDate": 1628109910586, "Editor": "wsims6_GTFacilities", "Shape__Area": 97.36328125, "Shape__Length": 73.35612035319417, "GlobalID": "718e3e1a-95c3-4f64-b954-7e453dd0c793"}}, {"type": "Feature", "id": 63, "geometry": {"type": "Polygon", "coordinates": [[[-84.393892202254, 33.7759891401677], [-84.3938914401142, 33.7759662900962], [-84.3940797768877, 33.775949911809], [-84.394241692077, 33.775924563634], [-84.3942500029176, 33.7759463268168], [-84.39423397413, 33.7759498078994], [-84.3942151984019, 33.7759540451212], [-84.3941939828802, 33.7759575979759], [-84.394176826346, 33.7759604716134], [-84.3941241434289, 33.7759687917925], [-84.3940851343165, 33.7759739868717], [-84.3940689055207, 33.7759761473809], [-84.3940459497246, 33.7759793779204], [-84.3939980903413, 33.7759846163276], [-84.3939932492436, 33.7759851454985], [-84.3939800958395, 33.77598663401], [-84.3939562532433, 33.7759876868728], [-84.3939191296096, 33.7759893250155], [-84.393911258369, 33.7759896731209], [-84.393892202254, 33.7759891401677]]]}, "properties": {"OBJECTID_1": 63, "OBJECTID": 67, "Shape_Leng": 234.346413629, "CreationDate": 1628109910586, "Creator": "wsims6_GTFacilities", "EditDate": 1628109910586, "Editor": "wsims6_GTFacilities", "Shape__Area": 136.62890625, "Shape__Length": 85.88785433170966, "GlobalID": "2fa0321b-78b9-4c36-b5ba-ef75cf6b8d87"}}, {"type": "Feature", "id": 64, "geometry": {"type": "Polygon", "coordinates": [[[-84.3941240729482, 33.7755605535225], [-84.3941555240389, 33.7755549855544], [-84.3942015451188, 33.7757162216385], [-84.3941702970538, 33.7757234600057], [-84.3941655639723, 33.7756986759978], [-84.3941637903021, 33.7756893895438], [-84.3941607250853, 33.7756743015348], [-84.3941548007276, 33.7756559142403], [-84.3941391973306, 33.7756074909117], [-84.3941240729482, 33.7755605535225]]]}, "properties": {"OBJECTID_1": 64, "OBJECTID": 68, "Shape_Leng": 140.919669886, "CreationDate": 1628109910586, "Creator": "wsims6_GTFacilities", "EditDate": 1628109910586, "Editor": "wsims6_GTFacilities", "Shape__Area": 74.79296875, "Shape__Length": 51.82290541058477, "GlobalID": "24a42f35-7844-4432-bd4b-32dc23538a8d"}}, {"type": "Feature", "id": 65, "geometry": {"type": "Polygon", "coordinates": [[[-84.3936828616173, 33.7740901811229], [-84.3937112909601, 33.7740828696203], [-84.393753697528, 33.7742391029817], [-84.3938688122252, 33.7746667432481], [-84.3939523107134, 33.7749351250367], [-84.3940756954947, 33.775313652151], [-84.3940484782029, 33.7753201166556], [-84.3940027659471, 33.7751738257238], [-84.3939971729977, 33.7751566162693], [-84.393946258514, 33.774999943351], [-84.3939087114683, 33.7748844017191], [-84.3938947886668, 33.7748422300213], [-84.3938827051972, 33.7748035569532], [-84.3938225277566, 33.774613074634], [-84.3938197146387, 33.7746022410475], [-84.3938034631478, 33.7745396566049], [-84.393801996229, 33.7745336642174], [-84.3937726941639, 33.774413239338], [-84.3937551113343, 33.7743448678261], [-84.3937467628262, 33.7743124038611], [-84.3937454210453, 33.7743075960138], [-84.3937182065064, 33.7742069432205], [-84.3937151470526, 33.7741956267984], [-84.3937033250713, 33.7741532816981], [-84.3936944656822, 33.7741215499085], [-84.3936928042217, 33.7741146580279], [-84.3936907980939, 33.774109718859], [-84.3936828616173, 33.7740901811229]]]}, "properties": {"OBJECTID_1": 65, "OBJECTID": 69, "Shape_Leng": 940.347349918, "CreationDate": 1628109910586, "Creator": "wsims6_GTFacilities", "EditDate": 1628109910586, "Editor": "wsims6_GTFacilities", "Shape__Area": 518.42578125, "Shape__Length": 345.9732888696567, "GlobalID": "5932ba51-e063-4c0d-af88-6b2fc384430b"}}, {"type": "Feature", "id": 66, "geometry": {"type": "Polygon", "coordinates": [[[-84.3929047870715, 33.7740547224023], [-84.3929454015363, 33.7741499832742], [-84.3929512028298, 33.7741635884925], [-84.3930024314089, 33.7742837434429], [-84.3930146633587, 33.7743121347855], [-84.3930476005862, 33.7743885849984], [-84.3930574448295, 33.7744114337498], [-84.3930608506493, 33.7744218776546], [-84.3930804061009, 33.7744818440489], [-84.3930957070983, 33.7745317711316], [-84.3931078400898, 33.7745713593657], [-84.3931135501373, 33.7745933519142], [-84.3931202538341, 33.7746191629406], [-84.3931243491285, 33.7746425614226], [-84.3931289749961, 33.7746690002045], [-84.393143322847, 33.7747985891214], [-84.3931451052217, 33.774836261398], [-84.3931498044835, 33.7750698853443], [-84.3931501286641, 33.7750859900647], [-84.3931541890243, 33.7751285144587], [-84.3931557616688, 33.7751435141669], [-84.3931675391771, 33.7752088055464], [-84.3931751837755, 33.7752511854077], [-84.3931870487483, 33.7753053926111], [-84.393205996805, 33.7753818368864], [-84.3932122138955, 33.7754069220657], [-84.3932226638103, 33.7754366664268], [-84.3932540103404, 33.7755258922965], [-84.3932833439982, 33.7756014464921], [-84.3933101426375, 33.7756704701592], [-84.3933126646612, 33.7756769664407], [-84.3932946501242, 33.77568201812], [-84.3932315186039, 33.7755220357467], [-84.3931918312227, 33.7754196159743], [-84.3931782436761, 33.7753627836175], [-84.3931537658397, 33.7752528540018], [-84.393135565913, 33.7751451579734], [-84.3931272232384, 33.7750389396942], [-84.393124102826, 33.7748743577862], [-84.3931230511761, 33.7748152572999], [-84.3931120262256, 33.7747105406788], [-84.3930947156236, 33.7746005978881], [-84.3930639869828, 33.7744981607192], [-84.3930378068941, 33.7744219000883], [-84.3929539364141, 33.7742103350664], [-84.3928872517702, 33.7740608316843], [-84.3929047870715, 33.7740547224023]]]}, "properties": {"OBJECTID_1": 66, "OBJECTID": 70, "Shape_Leng": 1225.92215626, "CreationDate": 1628109910586, "Creator": "wsims6_GTFacilities", "EditDate": 1628109910586, "Editor": "wsims6_GTFacilities", "Shape__Area": 514.2109375, "Shape__Length": 451.06733608006374, "GlobalID": "febaa4f5-55c8-4fba-97b6-7dd0f9cdee91"}}, {"type": "Feature", "id": 67, "geometry": {"type": "Polygon", "coordinates": [[[-84.3937167773209, 33.776112229303], [-84.3937162234045, 33.7762742878843], [-84.3937157212493, 33.7763065859906], [-84.393712598515, 33.7763646247769], [-84.3937121808765, 33.7763904885371], [-84.3936843716395, 33.7763900347711], [-84.3936872802069, 33.776113678424], [-84.3937167773209, 33.776112229303]]]}, "properties": {"OBJECTID_1": 67, "OBJECTID": 71, "Shape_Leng": 219.265569214, "CreationDate": 1628109910586, "Creator": "wsims6_GTFacilities", "EditDate": 1628109910586, "Editor": "wsims6_GTFacilities", "Shape__Area": 122.95703125, "Shape__Length": 80.67182809142594, "GlobalID": "eef8787e-e58a-4ece-88b0-7efac7df4e1e"}}, {"type": "Feature", "id": 68, "geometry": {"type": "Polygon", "coordinates": [[[-84.3935823624171, 33.7763834897417], [-84.3935832779679, 33.7763584924557], [-84.3935850266585, 33.7762608628465], [-84.393587196664, 33.7761154097277], [-84.393586557702, 33.7760602135551], [-84.3936156211973, 33.7760601601116], [-84.3936092024795, 33.7763840994954], [-84.3935823624171, 33.7763834897417]]]}, "properties": {"OBJECTID_1": 68, "OBJECTID": 72, "Shape_Leng": 252.521729332, "CreationDate": 1628109910586, "Creator": "wsims6_GTFacilities", "EditDate": 1628109910586, "Editor": "wsims6_GTFacilities", "Shape__Area": 130.3671875, "Shape__Length": 92.91255933501452, "GlobalID": "9a7444a7-9eff-45e0-ad7c-3edd9ed7992d"}}, {"type": "Feature", "id": 69, "geometry": {"type": "Polygon", "coordinates": [[[-84.3937103656401, 33.7765418287872], [-84.3937102312683, 33.7765964862877], [-84.3937097241546, 33.7766584199048], [-84.3937091605416, 33.7766985282332], [-84.3937086384825, 33.7767564341966], [-84.3936841268248, 33.7767564792893], [-84.3936847721731, 33.7765418758702], [-84.3937103656401, 33.7765418287872]]]}, "properties": {"OBJECTID_1": 69, "OBJECTID": 73, "Shape_Leng": 171.403647549, "CreationDate": 1628109910586, "Creator": "wsims6_GTFacilities", "EditDate": 1628109910586, "Editor": "wsims6_GTFacilities", "Shape__Area": 80.6875, "Shape__Length": 63.0601277320117, "GlobalID": "7f56c9fa-cc5d-487f-894d-21e40f98d090"}}, {"type": "Feature", "id": 70, "geometry": {"type": "Polygon", "coordinates": [[[-84.3920357181951, 33.7755291302457], [-84.3920394130646, 33.775638028677], [-84.3920395956007, 33.7756434139132], [-84.3920440048622, 33.7757018644909], [-84.3920466242908, 33.7757538381613], [-84.3920232331656, 33.7757553469638], [-84.3920117301608, 33.7755286177297], [-84.3920357181951, 33.7755291302457]]]}, "properties": {"OBJECTID_1": 70, "OBJECTID": 74, "Shape_Leng": 178.834383157, "CreationDate": 1628109910586, "Creator": "wsims6_GTFacilities", "EditDate": 1628109910586, "Editor": "wsims6_GTFacilities", "Shape__Area": 77.56640625, "Shape__Length": 65.79524706260881, "GlobalID": "688efff7-94c0-49e5-a545-1684fcf7f1bf"}}, {"type": "Feature", "id": 71, "geometry": {"type": "Polygon", "coordinates": [[[-84.392137713719, 33.7765096846698], [-84.3921395252596, 33.7765236118869], [-84.3921519482346, 33.7766191282578], [-84.3921261129323, 33.7766216658228], [-84.3921100708022, 33.7765133814521], [-84.392137713719, 33.7765096846698]]]}, "properties": {"OBJECTID_1": 71, "OBJECTID": 75, "Shape_Leng": 96.1703517013, "CreationDate": 1628109910586, "Creator": "wsims6_GTFacilities", "EditDate": 1628109910586, "Editor": "wsims6_GTFacilities", "Shape__Area": 44.10546875, "Shape__Length": 35.36676438342215, "GlobalID": "4174c1fe-40d7-4bb4-bafc-0b07fcb557e5"}}, {"type": "Feature", "id": 72, "geometry": {"type": "Polygon", "coordinates": [[[-84.3920704573674, 33.7759684852643], [-84.3920966267351, 33.7761821831559], [-84.3921052502352, 33.7762526071834], [-84.3921171947079, 33.776350142334], [-84.3920963158631, 33.776352455343], [-84.3920616477394, 33.7760751550995], [-84.3920468262586, 33.7759699061478], [-84.3920704573674, 33.7759684852643]]]}, "properties": {"OBJECTID_1": 72, "OBJECTID": 76, "Shape_Leng": 293.207341747, "CreationDate": 1628109910586, "Creator": "wsims6_GTFacilities", "EditDate": 1628109910586, "Editor": "wsims6_GTFacilities", "Shape__Area": 124.6875, "Shape__Length": 107.88790359429309, "GlobalID": "0367f4aa-f7ac-4445-b88f-aaa389406695"}}, {"type": "Feature", "id": 73, "geometry": {"type": "Polygon", "coordinates": [[[-84.3919019509575, 33.7755247697143], [-84.3919280796555, 33.7755247220248], [-84.3919357896781, 33.7756917327396], [-84.3919457843115, 33.7758050891623], [-84.391970496984, 33.7759842167903], [-84.391992911955, 33.7762119377425], [-84.3919696015738, 33.7762134049116], [-84.3919472616961, 33.7760345596842], [-84.3919324607777, 33.7759160726209], [-84.3919260658449, 33.7758670515389], [-84.3919243425319, 33.7758476249785], [-84.3919228817343, 33.7758311418337], [-84.3919181756798, 33.7757780737571], [-84.391915052907, 33.7757457957949], [-84.3919141638517, 33.7757353075942], [-84.3919019509575, 33.7755247697143]]]}, "properties": {"OBJECTID_1": 73, "OBJECTID": 77, "Shape_Leng": 517.459835946, "CreationDate": 1628109910586, "Creator": "wsims6_GTFacilities", "EditDate": 1628109910586, "Editor": "wsims6_GTFacilities", "Shape__Area": 270.34375, "Shape__Length": 190.42074330920428, "GlobalID": "850a2cb0-0848-4ad0-bf95-70c43d952338"}}, {"type": "Feature", "id": 74, "geometry": {"type": "Polygon", "coordinates": [[[-84.3919918847976, 33.7764006797798], [-84.3920188574848, 33.7763991608363], [-84.3920436738737, 33.7766177670845], [-84.3920183532251, 33.7766201639309], [-84.3920178222951, 33.7766149145796], [-84.392016868717, 33.7766078329411], [-84.3920137112176, 33.7765808747973], [-84.3919922489651, 33.7764036825185], [-84.3919918847976, 33.7764006797798]]]}, "properties": {"OBJECTID_1": 74, "OBJECTID": 78, "Shape_Leng": 176.126791596, "CreationDate": 1628109910586, "Creator": "wsims6_GTFacilities", "EditDate": 1628109910586, "Editor": "wsims6_GTFacilities", "Shape__Area": 85.9609375, "Shape__Length": 64.79481438152844, "GlobalID": "394e28c3-7bb4-4e6b-b446-ea380c385205"}}, {"type": "Feature", "id": 75, "geometry": {"type": "Polygon", "coordinates": [[[-84.3921420038693, 33.7774222678319], [-84.392153945086, 33.7774286450388], [-84.3921723748797, 33.7774286176748], [-84.3922128874903, 33.7774282677335], [-84.3922161260085, 33.7774267785969], [-84.3922158809645, 33.7773703590668], [-84.3922272522188, 33.7773623694822], [-84.3922295821345, 33.7773623183377], [-84.3925192850345, 33.7773678241454], [-84.392520076825, 33.7773568495904], [-84.3926304658985, 33.7773564410366], [-84.3926808402435, 33.7773579753702], [-84.3926979803653, 33.7773577717625], [-84.3927019903465, 33.7773819791862], [-84.3927027321244, 33.7773869143727], [-84.3927060067331, 33.7773921812363], [-84.3927099883307, 33.7773940710194], [-84.392717334231, 33.7773975568756], [-84.3927999252345, 33.7773965273547], [-84.3928155408108, 33.7773963319341], [-84.3928592155526, 33.7773962518914], [-84.3929274874335, 33.7773961267386], [-84.3929469606998, 33.7773962758729], [-84.393097215416, 33.7773962473288], [-84.3935188082365, 33.7774115964101], [-84.3935351351391, 33.7774125482956], [-84.3935676959638, 33.7774029381344], [-84.3935669883015, 33.7774465893132], [-84.3935527620123, 33.7774462557099], [-84.3935248158574, 33.7774456001904], [-84.3933804560103, 33.7774422137878], [-84.3933155471183, 33.7774500042706], [-84.3930647809536, 33.7774415968189], [-84.3930580465316, 33.7774415352378], [-84.393044768033, 33.7774423521485], [-84.3930397502554, 33.7774422441382], [-84.392990787966, 33.7774443392162], [-84.3926261911371, 33.7774526199763], [-84.392577056443, 33.7774515648335], [-84.3924523837896, 33.7774689451228], [-84.3923106735787, 33.7774721418943], [-84.3921922076589, 33.7774707760451], [-84.3921710901218, 33.7774706920104], [-84.3921527529245, 33.7774726839049], [-84.392145830056, 33.7774757008587], [-84.392141501872, 33.777478343394], [-84.3921420038693, 33.7774222678319]]]}, "properties": {"OBJECTID_1": 75, "OBJECTID": 79, "Shape_Leng": 942.134646635, "CreationDate": 1628109910586, "Creator": "wsims6_GTFacilities", "EditDate": 1628109910586, "Editor": "wsims6_GTFacilities", "Shape__Area": 1363.76171875, "Shape__Length": 345.2937143738955, "GlobalID": "be2bbb92-bebd-4085-a6a1-5916859a70f3"}}, {"type": "Feature", "id": 76, "geometry": {"type": "Polygon", "coordinates": [[[-84.3921468537609, 33.7771065067125], [-84.3921444623144, 33.7772582149535], [-84.3921426707602, 33.7773256897557], [-84.3921206830299, 33.7773252051654], [-84.3921213227469, 33.7771065533575], [-84.3921468537609, 33.7771065067125]]]}, "properties": {"OBJECTID_1": 76, "OBJECTID": 80, "Shape_Leng": 173.767350613, "CreationDate": 1628109910586, "Creator": "wsims6_GTFacilities", "EditDate": 1628109910586, "Editor": "wsims6_GTFacilities", "Shape__Area": 78.37890625, "Shape__Length": 63.931839656938635, "GlobalID": "ae549513-9cdd-4e8f-9a35-d991414d477b"}}, {"type": "Feature", "id": 77, "geometry": {"type": "Polygon", "coordinates": [[[-84.3934251887371, 33.7782316965346], [-84.3932450049518, 33.7782282423532], [-84.3930367164424, 33.7782246906928], [-84.3929680328228, 33.7782228763076], [-84.3928461101655, 33.7782200738828], [-84.3928461826936, 33.7781987821405], [-84.3934262025746, 33.7782111947132], [-84.3934251887371, 33.7782316965346]]]}, "properties": {"OBJECTID_1": 77, "OBJECTID": 81, "Shape_Leng": 367.522266194, "CreationDate": 1628109910586, "Creator": "wsims6_GTFacilities", "EditDate": 1628109910586, "Editor": "wsims6_GTFacilities", "Shape__Area": 183.26171875, "Shape__Length": 134.6705195825103, "GlobalID": "a779dff1-534a-43c1-8651-a825f4719872"}}, {"type": "Feature", "id": 78, "geometry": {"type": "Polygon", "coordinates": [[[-84.3919028288149, 33.7753321237681], [-84.3919056767882, 33.7751232607063], [-84.3919305732502, 33.7751239699486], [-84.3919302230303, 33.7753313145773], [-84.3919028288149, 33.7753321237681]]]}, "properties": {"OBJECTID_1": 78, "OBJECTID": 82, "Shape_Leng": 167.349395009, "CreationDate": 1628109910586, "Creator": "wsims6_GTFacilities", "EditDate": 1628109910586, "Editor": "wsims6_GTFacilities", "Shape__Area": 81.109375, "Shape__Length": 61.56580823120097, "GlobalID": "7418463b-2dd3-4896-86c1-dd37a1b3201c"}}, {"type": "Feature", "id": 79, "geometry": {"type": "Polygon", "coordinates": [[[-84.3919071108269, 33.7750181335295], [-84.391910970553, 33.7747350463814], [-84.3919147295322, 33.774459264593], [-84.3919413416834, 33.7744608957977], [-84.3919285102403, 33.7750180638154], [-84.3919071108269, 33.7750181335295]]]}, "properties": {"OBJECTID_1": 79, "OBJECTID": 83, "Shape_Leng": 420.75379651, "CreationDate": 1628109910586, "Creator": "wsims6_GTFacilities", "EditDate": 1628109910586, "Editor": "wsims6_GTFacilities", "Shape__Area": 199.8203125, "Shape__Length": 154.83246176366595, "GlobalID": "63152f41-95b1-4f65-bfcf-1ebace816e8f"}}, {"type": "Feature", "id": 80, "geometry": {"type": "Polygon", "coordinates": [[[-84.3920392163734, 33.7748924869233], [-84.3920166002914, 33.7748926012558], [-84.3920218450948, 33.7745077366414], [-84.3920214232802, 33.7743466355474], [-84.3920464903812, 33.774346624035], [-84.3920459164144, 33.7743983267413], [-84.3920440084982, 33.7745702230656], [-84.3920400581928, 33.7748358679227], [-84.3920392163734, 33.7748924869233]]]}, "properties": {"OBJECTID_1": 80, "OBJECTID": 84, "Shape_Leng": 411.794734583, "CreationDate": 1628109910586, "Creator": "wsims6_GTFacilities", "EditDate": 1628109910586, "Editor": "wsims6_GTFacilities", "Shape__Area": 188.546875, "Shape__Length": 151.53512254023138, "GlobalID": "ce96a0f2-0746-416c-afe0-925b5f360add"}}, {"type": "Feature", "id": 81, "geometry": {"type": "Polygon", "coordinates": [[[-84.3919246033465, 33.7736919573539], [-84.3919247473876, 33.77361291822], [-84.3919250204874, 33.7734631414928], [-84.391925241671, 33.7733422078248], [-84.3919256494957, 33.7731180823653], [-84.3919484113283, 33.7731177315514], [-84.3919521563741, 33.7731332764214], [-84.3919518588938, 33.7733607585318], [-84.3919500654302, 33.7736993747582], [-84.3919349459372, 33.7736995096533], [-84.3919246033465, 33.7736919573539]]]}, "properties": {"OBJECTID_1": 81, "OBJECTID": 85, "Shape_Leng": 436.2602948, "CreationDate": 1628109910586, "Creator": "wsims6_GTFacilities", "EditDate": 1628109910586, "Editor": "wsims6_GTFacilities", "Shape__Area": 226.86328125, "Shape__Length": 160.5381042983925, "GlobalID": "c67a352a-ab2b-45ec-bfa1-46f00ed5f2a1"}}, {"type": "Feature", "id": 84, "geometry": {"type": "Polygon", "coordinates": [[[-84.3942177089323, 33.7732898684915], [-84.3942061591163, 33.7735677962563], [-84.3942041196397, 33.7735596418637], [-84.3942024790095, 33.773555739831], [-84.3941995042149, 33.7735482823369], [-84.3941971635756, 33.7735450542275], [-84.394193370347, 33.7735408496014], [-84.3941876896546, 33.7735369829679], [-84.3941785014123, 33.7735320137675], [-84.3941739537508, 33.7735303586018], [-84.3941605790259, 33.7735280326481], [-84.394155503625, 33.7735305467945], [-84.3941505586928, 33.7735329957813], [-84.3941484938387, 33.7735716119585], [-84.3939836174517, 33.7735700872009], [-84.393921186888, 33.7735699758604], [-84.3938412859592, 33.7735698335321], [-84.3938412594663, 33.7735618413321], [-84.3938412252511, 33.7735509232835], [-84.3938411539412, 33.7735279961921], [-84.3938315797939, 33.7735273447889], [-84.3938264507741, 33.7735275462815], [-84.3938257083895, 33.7734569374277], [-84.393830132967, 33.7734569599399], [-84.3938409028045, 33.7734532992428], [-84.3938414333175, 33.7734489477923], [-84.3938454016341, 33.7734164133689], [-84.3941448149356, 33.7734178427876], [-84.394144820762, 33.7734351626221], [-84.3941448262055, 33.7734507034967], [-84.3941473039798, 33.7734543479178], [-84.3941514339052, 33.7734584933174], [-84.3941591235659, 33.7734602022014], [-84.3941714356067, 33.7734595663821], [-84.394175788273, 33.7734593419617], [-84.3941838466173, 33.7734575688838], [-84.3941919548523, 33.7734513884353], [-84.3941984252786, 33.7734464570897], [-84.394203354316, 33.7734396315085], [-84.3942073093858, 33.7734315436058], [-84.3942055936451, 33.7734249583934], [-84.3942048083869, 33.773421565119], [-84.3942024184949, 33.7734127739038], [-84.3941969878008, 33.7734074948217], [-84.3941933709987, 33.7734050877655], [-84.3941835340307, 33.773398540066], [-84.3941779290275, 33.7733971627553], [-84.3941708428249, 33.7733954212022], [-84.3940247044157, 33.7733946581149], [-84.3938473100178, 33.7733937314889], [-84.393845877882, 33.7733763673937], [-84.3938448796583, 33.773364276266], [-84.3938446003312, 33.7733443493551], [-84.3938443105822, 33.7733237462238], [-84.3938618716935, 33.7733107273938], [-84.3938619811479, 33.7732834765442], [-84.3940536777184, 33.7732831550601], [-84.394075759098, 33.7732831026529], [-84.394156547075, 33.7732827689256], [-84.3941546606782, 33.7733125125136], [-84.3941541045344, 33.7733165556475], [-84.3941577005353, 33.7733233492833], [-84.3941644455843, 33.7733251022859], [-84.3941700713204, 33.7733265643143], [-84.3941800100238, 33.7733246308828], [-84.3941873346585, 33.7733222234921], [-84.3941934117086, 33.7733196047092], [-84.3941972358057, 33.7733175193499], [-84.3942051459778, 33.7733132038832], [-84.394209086692, 33.7733074476805], [-84.3942149610869, 33.773298826067], [-84.394216027254, 33.7732953500335], [-84.3942177089323, 33.7732898684915]]]}, "properties": {"OBJECTID_1": 84, "OBJECTID": 88, "Shape_Leng": 715.657529097, "CreationDate": 1628109910586, "Creator": "wsims6_GTFacilities", "EditDate": 1628109910586, "Editor": "wsims6_GTFacilities", "Shape__Area": 1374.171875, "Shape__Length": 262.6457532828929, "GlobalID": "d3eeb9bf-3dc6-4a04-bb7b-45ce539904f9"}}, {"type": "Feature", "id": 85, "geometry": {"type": "Polygon", "coordinates": [[[-84.3961200970742, 33.7818581216281], [-84.3961250594099, 33.7818616360544], [-84.3961731294453, 33.7818617351059], [-84.3961737216958, 33.7819684011608], [-84.3961737944251, 33.7819960727047], [-84.3961741709749, 33.7820587088199], [-84.3961751163243, 33.7821196325424], [-84.3961767362132, 33.7822241525548], [-84.3961750960921, 33.7822784259962], [-84.3961305808453, 33.7822804861023], [-84.3961200970742, 33.7818581216281]]]}, "properties": {"OBJECTID_1": 85, "OBJECTID": 89, "Shape_Leng": 335.481546894, "CreationDate": 1628109910586, "Creator": "wsims6_GTFacilities", "EditDate": 1628109910586, "Editor": "wsims6_GTFacilities", "Shape__Area": 307.15234375, "Shape__Length": 123.43355757173148, "GlobalID": "7957004d-7aab-4cfc-ac1f-01a678e03291"}}, {"type": "Feature", "id": 86, "geometry": {"type": "Polygon", "coordinates": [[[-84.4052812876262, 33.7768292662171], [-84.4052923144763, 33.7768291493208], [-84.4053037542445, 33.776829200234], [-84.4053045711382, 33.7768854968943], [-84.4052925730023, 33.7770886604487], [-84.405290767066, 33.7771795495414], [-84.4052904442878, 33.7771858013175], [-84.4052886837766, 33.7772198664216], [-84.4051550975139, 33.7772188659446], [-84.4051686617425, 33.7772148445117], [-84.4051882859142, 33.7772047820194], [-84.4052028747558, 33.7771933443197], [-84.4052149015554, 33.7771772851952], [-84.4052204653823, 33.7771656034593], [-84.4052237699558, 33.7771494674222], [-84.4052240797322, 33.7771443661791], [-84.4052262709672, 33.7771083139038], [-84.4052378306651, 33.7768879296534], [-84.4052386623523, 33.7768720697929], [-84.4052398591437, 33.7768492565891], [-84.4052404477381, 33.7768380145576], [-84.4052416664556, 33.776829342819], [-84.4052812876262, 33.7768292662171]]]}, "properties": {"OBJECTID_1": 86, "OBJECTID": 90, "Shape_Leng": 353.215196106, "CreationDate": 1628109910586, "Creator": "wsims6_GTFacilities", "EditDate": 1628109910586, "Editor": "wsims6_GTFacilities", "Shape__Area": 404.31640625, "Shape__Length": 129.87547486490132, "GlobalID": "6c1e2744-3e77-4d35-b79f-bd6d40c21c08"}}, {"type": "Feature", "id": 87, "geometry": {"type": "Polygon", "coordinates": [[[-84.4044320035813, 33.7716739360046], [-84.404355577632, 33.7716604871952], [-84.4038821101049, 33.7716216577865], [-84.4036441649517, 33.7716168853116], [-84.4034913421943, 33.7716004457836], [-84.4028975565067, 33.771524193101], [-84.4026194334133, 33.7714808011203], [-84.4024855676201, 33.7714501735644], [-84.4022497745038, 33.7713561550128], [-84.4021106771892, 33.7713015007759], [-84.4019602117465, 33.7712311955266], [-84.4018112988247, 33.7711556575484], [-84.40170465696, 33.7710826536892], [-84.4015917069786, 33.770992667392], [-84.4015147778083, 33.7709091494359], [-84.4014472665993, 33.770834763488], [-84.4013955745571, 33.770821788746], [-84.401362702802, 33.7708218512594], [-84.401293101911, 33.7708422464372], [-84.40119769237, 33.7708698804014], [-84.4010772241308, 33.7708923332034], [-84.4009849016362, 33.7709042732824], [-84.4009446089648, 33.7709116955388], [-84.4009044972551, 33.7708888128871], [-84.4009707468918, 33.7708794623245], [-84.4011538134834, 33.7708516620261], [-84.4012507813687, 33.7708214103406], [-84.4013085941629, 33.7707833904491], [-84.4013349164162, 33.7706774520967], [-84.4013111407131, 33.770568994199], [-84.4012340198333, 33.7704148833157], [-84.4011883263974, 33.7703051596463], [-84.4011692295729, 33.7701901567413], [-84.4011667048414, 33.7701741049029], [-84.4012137020462, 33.770157304364], [-84.4012226102572, 33.7702488827486], [-84.4012368551038, 33.7703063748204], [-84.4012558309216, 33.7703769318647], [-84.4012967639341, 33.7704631332206], [-84.4013565707045, 33.770581980885], [-84.401392744414, 33.7706446608211], [-84.4014288065741, 33.7706668152692], [-84.4014679686888, 33.7706771990427], [-84.401599430512, 33.7706677979981], [-84.4016745121277, 33.77064804591], [-84.4017023624419, 33.7706385083901], [-84.4017025592144, 33.7707105753238], [-84.401605202589, 33.7707296214609], [-84.4015667478823, 33.7707371450135], [-84.4014917007446, 33.7707699691331], [-84.4014737516478, 33.7707889587302], [-84.4015507448793, 33.770896007927], [-84.4016323847836, 33.7709847464789], [-84.4017688673215, 33.7710942970586], [-84.401946020935, 33.771193311688], [-84.4021623113226, 33.7712935587867], [-84.4024131571874, 33.7713850069962], [-84.4028324039864, 33.7714542260139], [-84.40299436012, 33.7714863592671], [-84.4032966378047, 33.7715326425793], [-84.4034866251894, 33.7715557103212], [-84.4037952759136, 33.7715641297045], [-84.4042507489642, 33.7715956970138], [-84.4047789943337, 33.7716596809387], [-84.4048184803865, 33.7715800185793], [-84.4048373129414, 33.7714977434027], [-84.4048196916332, 33.7714433933254], [-84.4047766088764, 33.7713718491645], [-84.404757359119, 33.7713029116753], [-84.4047477630619, 33.771279054424], [-84.404696170049, 33.771251800501], [-84.4047022760225, 33.7712516110991], [-84.4047998884598, 33.771248579887], [-84.4047965445551, 33.7712785473558], [-84.4047959611123, 33.7712846355387], [-84.4047960192602, 33.7713056547537], [-84.4048324027737, 33.7713791530947], [-84.4048829837417, 33.7714670748087], [-84.4049020409937, 33.771532723419], [-84.4048754493471, 33.7715866367694], [-84.4048520281321, 33.7716497408518], [-84.4048631194458, 33.7716786210193], [-84.4049056452188, 33.7716982445556], [-84.4050267856212, 33.771703265486], [-84.4051527216216, 33.7717358657973], [-84.4052157528287, 33.7717751552186], [-84.4054933494692, 33.7719155610782], [-84.4053630117093, 33.7718792097384], [-84.4051875486804, 33.7718272585272], [-84.4049632363016, 33.7717712177257], [-84.4047602243136, 33.7717193190935], [-84.4044320035813, 33.7716739360046]]]}, "properties": {"OBJECTID_1": 87, "OBJECTID": 91, "Shape_Leng": 3936.25745081, "CreationDate": 1628109910586, "Creator": "wsims6_GTFacilities", "EditDate": 1628109910586, "Editor": "wsims6_GTFacilities", "Shape__Area": 4514.41015625, "Shape__Length": 1443.8607190943924, "GlobalID": "1b6269a3-35e4-406a-a812-2f819bd96a33"}}, {"type": "Feature", "id": 88, "geometry": {"type": "Polygon", "coordinates": [[[-84.4047991030997, 33.77098069227], [-84.4047987693414, 33.7708604358829], [-84.4048031839547, 33.7708744660981], [-84.4048113367963, 33.7708843829736], [-84.4048198369908, 33.7708875593241], [-84.4048335541464, 33.7708903874871], [-84.4049280949375, 33.7708855353533], [-84.4050150792201, 33.7708794904276], [-84.4050784064032, 33.7708777649754], [-84.4051199476604, 33.7708632600824], [-84.4051220117892, 33.7708604772006], [-84.4051339706091, 33.770844353282], [-84.4051371315506, 33.7708462090874], [-84.4052203668829, 33.7708937925483], [-84.4051904170232, 33.7708994533037], [-84.4051893911558, 33.7708997690614], [-84.4050977371663, 33.7709279469842], [-84.4049903276457, 33.7709505929683], [-84.4049059035159, 33.7709571676149], [-84.4048332346386, 33.7709567479411], [-84.4048200260617, 33.7709590203479], [-84.404806814142, 33.7709671093215], [-84.4047991030997, 33.77098069227]]]}, "properties": {"OBJECTID_1": 88, "OBJECTID": 92, "Shape_Leng": 324.102818468, "CreationDate": 1628109910586, "Creator": "wsims6_GTFacilities", "EditDate": 1628109910586, "Editor": "wsims6_GTFacilities", "Shape__Area": 378.44140625, "Shape__Length": 118.86918583863091, "GlobalID": "9c945cf0-32d6-48f1-a80f-37795b9727b6"}}, {"type": "Feature", "id": 89, "geometry": {"type": "Polygon", "coordinates": [[[-84.4019800802035, 33.7705809965491], [-84.4019377638387, 33.7705810582875], [-84.4019084855791, 33.7705828317446], [-84.4019044138231, 33.7705846500243], [-84.4019020553861, 33.7705872323449], [-84.4018996603497, 33.770589854408], [-84.4018989857585, 33.7706088859788], [-84.4018989145669, 33.7706108850788], [-84.4019235015794, 33.7706390563423], [-84.4017917303953, 33.7706383327599], [-84.4018130658179, 33.770616427031], [-84.401817268269, 33.7706090957997], [-84.4018186210896, 33.7706067354], [-84.4018189977955, 33.7705877323484], [-84.4018181181091, 33.7705854420229], [-84.4018159716229, 33.770579850455], [-84.4017949251307, 33.770576304679], [-84.4017622955102, 33.7705756500234], [-84.4017636521375, 33.7703560751286], [-84.4018085786994, 33.770355128464], [-84.4018185788375, 33.7703497887576], [-84.4018207062988, 33.7703432801802], [-84.4018216198178, 33.7703046020389], [-84.4018262998991, 33.7702934820532], [-84.4018296192979, 33.7702901423178], [-84.4018535972739, 33.7702851177012], [-84.4020653562412, 33.7702578636773], [-84.4020744026593, 33.7702594937428], [-84.4020822000648, 33.7702635390131], [-84.4020911108346, 33.7702739947145], [-84.4020922237722, 33.770280644085], [-84.402091938608, 33.770297567752], [-84.4020920886162, 33.7703050457749], [-84.4020944691909, 33.7703101680322], [-84.4021002382598, 33.7703147166862], [-84.4021081072004, 33.7703164932597], [-84.4021160464878, 33.7703167531184], [-84.4021509923451, 33.7703156206937], [-84.4021505510764, 33.7703417793874], [-84.4021488619749, 33.770441824603], [-84.4021479811726, 33.7704939878032], [-84.4021465494905, 33.7705788126252], [-84.4020993246956, 33.7705811027516], [-84.4020950526583, 33.7705886406036], [-84.4020952727409, 33.7706114763454], [-84.4021215782049, 33.7706418686689], [-84.4019833296499, 33.7706397429547], [-84.4020099756478, 33.7706083110223], [-84.4020101004838, 33.7706081638149], [-84.4020108999106, 33.7705870194329], [-84.4020047986257, 33.7705825904267], [-84.4019800802035, 33.7705809965491]], [[-84.4020178743026, 33.7703180692312], [-84.4020157618189, 33.7703138598355], [-84.4020109918678, 33.7703098701006], [-84.40200687176, 33.7703090033536], [-84.4020006288492, 33.7703096301848], [-84.4019040434921, 33.7703227088499], [-84.4019008520952, 33.7703262692482], [-84.4019040663289, 33.7703302754774], [-84.4019098534186, 33.7703311498703], [-84.4020018361483, 33.7703357911445], [-84.4020106798944, 33.7703288405706], [-84.4020142151794, 33.7703258827194], [-84.4020169571044, 33.7703225936711], [-84.4020178743026, 33.7703180692312]]]}, "properties": {"OBJECTID_1": 89, "OBJECTID": 93, "Shape_Leng": 647.288269337, "CreationDate": 1628109910586, "Creator": "wsims6_GTFacilities", "EditDate": 1628109910586, "Editor": "wsims6_GTFacilities", "Shape__Area": 1801.3125, "Shape__Length": 237.63554915820419, "GlobalID": "a7a8296f-c743-43e5-b42e-c80bccaf52ad"}}, {"type": "Feature", "id": 90, "geometry": {"type": "Polygon", "coordinates": [[[-84.3937388850316, 33.7757486685803], [-84.3938204473964, 33.7757287299188], [-84.3938619252091, 33.7758505488412], [-84.3938680447524, 33.7758651822115], [-84.3938723523143, 33.7758727743081], [-84.3938873613806, 33.7758899691349], [-84.3938509559857, 33.7758908620715], [-84.3937720465356, 33.7758908341913], [-84.3937740887963, 33.775881625465], [-84.3937767304785, 33.7758716681658], [-84.3937799900869, 33.7758593825648], [-84.3937574846573, 33.7757984109727], [-84.3937388850316, 33.7757486685803]]]}, "properties": {"OBJECTID_1": 90, "OBJECTID": 94, "Shape_Leng": 177.26640359, "CreationDate": 1628109910586, "Creator": "wsims6_GTFacilities", "EditDate": 1628109910586, "Editor": "wsims6_GTFacilities", "Shape__Area": 202.5078125, "Shape__Length": 65.12338010848961, "GlobalID": "9d0e2dd6-982b-454e-b983-0a51980668fd"}}, {"type": "Feature", "id": 91, "geometry": {"type": "Polygon", "coordinates": [[[-84.3939715663938, 33.7755031116297], [-84.3939648105374, 33.7754838386311], [-84.3939501241835, 33.7754874290093], [-84.3939487129495, 33.7754829080186], [-84.3940363014341, 33.7754595183125], [-84.3940382971828, 33.7754588744624], [-84.3940398776943, 33.7754563568421], [-84.3940403595617, 33.7754544345332], [-84.3940399374807, 33.7754516050242], [-84.3940384952794, 33.7754500766756], [-84.3940359492047, 33.7754492076653], [-84.394032743772, 33.7754492848014], [-84.3939953597608, 33.7754585369986], [-84.3939446037234, 33.7754710976292], [-84.3939365104039, 33.7754478417887], [-84.3939780392403, 33.7754364874366], [-84.3940212587408, 33.7754246719166], [-84.3940347951034, 33.7754198195321], [-84.3940387356967, 33.7754180639682], [-84.3940550147493, 33.7754096278701], [-84.3940591622872, 33.7754069197794], [-84.3940728153069, 33.7753980016253], [-84.3940891117605, 33.7754509058007], [-84.3941015752844, 33.775490734062], [-84.3940938610346, 33.7754887772663], [-84.3940859015238, 33.7754875738018], [-84.3940786653035, 33.7754863284296], [-84.3940746113353, 33.7754856308077], [-84.394055716791, 33.7754877709809], [-84.3940437259673, 33.7754891320274], [-84.394012343613, 33.7754957818232], [-84.3939990426423, 33.775499419246], [-84.3939583326929, 33.775510553897], [-84.3939568800369, 33.7755067020087], [-84.3939715663938, 33.7755031116297]]]}, "properties": {"OBJECTID_1": 91, "OBJECTID": 95, "Shape_Leng": 215.885355042, "CreationDate": 1628109910586, "Creator": "wsims6_GTFacilities", "EditDate": 1628109910586, "Editor": "wsims6_GTFacilities", "Shape__Area": 131.80859375, "Shape__Length": 79.20764728919302, "GlobalID": "a07d4e55-2196-49c6-b2f8-c8f69a551695"}}, {"type": "Feature", "id": 92, "geometry": {"type": "Polygon", "coordinates": [[[-84.4053836139122, 33.7718193227012], [-84.4053860219758, 33.7716162622717], [-84.4053877405003, 33.7714713399282], [-84.4053879491872, 33.7714632778483], [-84.4053926973977, 33.7713285464308], [-84.405393810196, 33.7713155839231], [-84.4053947401452, 33.7713048172932], [-84.4053873295074, 33.7712919993067], [-84.4057485832786, 33.771296155431], [-84.4057855995614, 33.7712508568222], [-84.4057858782398, 33.7712505145559], [-84.4057859781004, 33.7712510950267], [-84.4057861222083, 33.77122057651], [-84.4060084433359, 33.7713564078285], [-84.4059762393479, 33.7713699400649], [-84.4058827530884, 33.7713907862761], [-84.4058811723138, 33.7713926692857], [-84.4058705341158, 33.7714053482059], [-84.4057775804809, 33.7715161277444], [-84.4057947208408, 33.7715261578805], [-84.4056963832842, 33.7716433531278], [-84.405699783438, 33.7716454131303], [-84.4056129986477, 33.7717496418094], [-84.4056081803394, 33.7717469894595], [-84.4056072976045, 33.7717479198707], [-84.4055600451363, 33.7718042338903], [-84.4057725387246, 33.7719285885703], [-84.4057522852802, 33.7719522483989], [-84.4054577059289, 33.7718592307769], [-84.4053834503183, 33.7718331336302], [-84.4053836139122, 33.7718193227012]]]}, "properties": {"OBJECTID_1": 92, "OBJECTID": 96, "Shape_Leng": 861.161063444, "CreationDate": 1628109910586, "Creator": "wsims6_GTFacilities", "EditDate": 1628109910586, "Editor": "wsims6_GTFacilities", "Shape__Area": 3332.5, "Shape__Length": 316.1962474821407, "GlobalID": "7cf3ccb8-f799-480d-a7dd-070c2237ddec"}}, {"type": "Feature", "id": 93, "geometry": {"type": "Polygon", "coordinates": [[[-84.4037300091916, 33.7714184731773], [-84.4037279294152, 33.7713046516347], [-84.4038388193505, 33.7713050976977], [-84.4038705256307, 33.7713000749695], [-84.4039029291995, 33.7712887257992], [-84.4039118858111, 33.7712765227463], [-84.4039111872485, 33.7712534003039], [-84.4039062763543, 33.771249247715], [-84.4038994745612, 33.7712468966559], [-84.4038942246252, 33.7712450827037], [-84.4038308363679, 33.771244341646], [-84.403742160057, 33.7712434165077], [-84.4037308411547, 33.7712324912841], [-84.4037306794328, 33.7711714172464], [-84.4037305498981, 33.7711000769283], [-84.4037533174962, 33.7711008573049], [-84.4037527712483, 33.7711432116877], [-84.4038894807553, 33.771144439428], [-84.4038901759278, 33.7711024769774], [-84.4039297042686, 33.7711033630575], [-84.4042157902897, 33.7711068548603], [-84.4042146993233, 33.7711915618224], [-84.4044467744915, 33.7711936467648], [-84.4044481646107, 33.7709144148627], [-84.4044503692993, 33.7709144340581], [-84.4044506181907, 33.7708950994389], [-84.4044870322553, 33.7708930726908], [-84.4046097204712, 33.7708846979018], [-84.4046242560721, 33.7708887273149], [-84.4046583640476, 33.7708582082276], [-84.4046703141529, 33.7708521774713], [-84.4046881432935, 33.7708423772873], [-84.4046980985373, 33.7708321694118], [-84.4047079519689, 33.770810912879], [-84.4046912372852, 33.7709961157344], [-84.4046858455581, 33.7709871447699], [-84.4046809994607, 33.7709818352662], [-84.4046719516753, 33.7709778033921], [-84.4046641370031, 33.7709761711423], [-84.4046609385079, 33.7709759600118], [-84.4046556019238, 33.770975607838], [-84.4046500331971, 33.7709752488984], [-84.4046535121114, 33.7712416805646], [-84.4046349165987, 33.7712402512349], [-84.4046298430025, 33.7712397434687], [-84.4046263089431, 33.7712419539218], [-84.4046270954819, 33.7712448881865], [-84.4046454023021, 33.7712598311428], [-84.4046188620418, 33.7712843225128], [-84.4046051787884, 33.7712726878192], [-84.4046019606563, 33.7712708447337], [-84.404599408225, 33.7712715754849], [-84.4045981939475, 33.7712732567031], [-84.4046004468567, 33.7712961858958], [-84.4046036973746, 33.7713308364532], [-84.4045561432171, 33.7713609630748], [-84.4045577527074, 33.7714120422027], [-84.4045594806129, 33.7714669017316], [-84.4045627313303, 33.7715317080615], [-84.4042690340127, 33.7714940140016], [-84.4041332923082, 33.7714771005729], [-84.4041095310828, 33.7714738832079], [-84.4039827917515, 33.7714538992978], [-84.4037300091916, 33.7714184731773]]]}, "properties": {"OBJECTID_1": 93, "OBJECTID": 97, "Shape_Leng": 1272.21151197, "CreationDate": 1628109910586, "Creator": "wsims6_GTFacilities", "EditDate": 1628109910586, "Editor": "wsims6_GTFacilities", "Shape__Area": 5081.375, "Shape__Length": 467.03857635867803, "GlobalID": "f3da7542-0284-4838-8c74-94557c3e5598"}}, {"type": "Feature", "id": 94, "geometry": {"type": "Polygon", "coordinates": [[[-84.4039364336751, 33.7706603500882], [-84.4039359932174, 33.7705005528124], [-84.4041947798014, 33.7705013732546], [-84.4041948576881, 33.7705116014541], [-84.4042700091191, 33.7705119337734], [-84.4042704017134, 33.7706541660406], [-84.4041078307813, 33.7706535556159], [-84.4041087994364, 33.770661462149], [-84.4041100939089, 33.7706720234226], [-84.4041223275301, 33.7706842271996], [-84.4041267283834, 33.770688616093], [-84.404138915581, 33.7706969049813], [-84.4041589041103, 33.7707027849687], [-84.4038911446525, 33.7707006301222], [-84.4039121869918, 33.7706908752681], [-84.4039196018661, 33.7706841761609], [-84.4039265288766, 33.7706779179975], [-84.4039359587971, 33.7706611931449], [-84.4039364336751, 33.7706603500882]]]}, "properties": {"OBJECTID_1": 94, "OBJECTID": 98, "Shape_Leng": 392.519634345, "CreationDate": 1628109910586, "Creator": "wsims6_GTFacilities", "EditDate": 1628109910586, "Editor": "wsims6_GTFacilities", "Shape__Area": 890.57421875, "Shape__Length": 144.02573474508466, "GlobalID": "0ae7e75b-843d-46a6-8bc1-bc30308cfb98"}}, {"type": "Feature", "id": 95, "geometry": {"type": "Polygon", "coordinates": [[[-84.4009462930564, 33.7727930799423], [-84.4009696233676, 33.7726827238718], [-84.4009571423209, 33.7726636514663], [-84.4009461255523, 33.7726478420654], [-84.4009411721243, 33.7726407329213], [-84.4009303946309, 33.7726331010536], [-84.4009160441134, 33.7726229387165], [-84.4009528118498, 33.772607353287], [-84.4010519597315, 33.7725653040074], [-84.4010532540781, 33.7725731702713], [-84.4010563847365, 33.7725928573197], [-84.4010617697365, 33.7725958910717], [-84.4010667762711, 33.7725987109488], [-84.4010798402582, 33.772601098057], [-84.401106229645, 33.7726059204617], [-84.4011205676145, 33.7726082979323], [-84.4012373118126, 33.7726276563865], [-84.401249506497, 33.7726418621874], [-84.4012783996757, 33.7726462965938], [-84.4012816162862, 33.7726467963062], [-84.4013009755749, 33.7726498837289], [-84.4012857207348, 33.7727163455886], [-84.4012854117541, 33.7727166698693], [-84.401269732837, 33.7727139045515], [-84.4012674161619, 33.7727235187681], [-84.4012673458208, 33.7727238552183], [-84.4012609071222, 33.7727228287536], [-84.4012103867781, 33.7727115441152], [-84.4011783149461, 33.7727058867805], [-84.4011211775521, 33.7726962656048], [-84.4011009968664, 33.7726928677424], [-84.4010927308855, 33.7726952295436], [-84.4010878696877, 33.7726966192073], [-84.401086800958, 33.7727006353945], [-84.4010773630419, 33.7727361171191], [-84.4010638178337, 33.7727933220437], [-84.4010590631635, 33.772814802126], [-84.4010405351201, 33.7728112920152], [-84.400994991704, 33.7728026649256], [-84.4009718535321, 33.7727983809232], [-84.4009462930564, 33.7727930799423]]]}, "properties": {"OBJECTID_1": 95, "OBJECTID": 99, "Shape_Leng": 372.167433965, "CreationDate": 1628109910586, "Creator": "wsims6_GTFacilities", "EditDate": 1628109910586, "Editor": "wsims6_GTFacilities", "Shape__Area": 673.14453125, "Shape__Length": 136.60819928878868, "GlobalID": "727bcdd8-d9a0-43b1-a062-020787569eda"}}, {"type": "Feature", "id": 96, "geometry": {"type": "Polygon", "coordinates": [[[-84.4015274996528, 33.772577548777], [-84.4015304667834, 33.7725645674484], [-84.4015141977796, 33.7725619745984], [-84.4015112317263, 33.7725749559246], [-84.4014376215541, 33.7725632221094], [-84.4014351665452, 33.7725739654616], [-84.4014253567525, 33.7725724017215], [-84.4013259657959, 33.772558095772], [-84.4013305259529, 33.7725278691169], [-84.4013354721339, 33.7724950855425], [-84.4013343341669, 33.7724863732339], [-84.4013275022767, 33.7724789331638], [-84.4013159144603, 33.7724643628504], [-84.4013073272494, 33.7724570000519], [-84.4013810446333, 33.7724257357325], [-84.4013843572988, 33.772432956178], [-84.4013922339115, 33.7724517334412], [-84.4014002899419, 33.7724543482399], [-84.4014188597787, 33.772456974598], [-84.4014260491027, 33.7724581024151], [-84.4014377729165, 33.7724576094513], [-84.4014437441813, 33.7724558939689], [-84.4014494144571, 33.7724542656174], [-84.4014553991122, 33.7724479597956], [-84.4014607259838, 33.7724423476942], [-84.4014639704729, 33.7724352590405], [-84.4014676904217, 33.7724271325818], [-84.4014915210507, 33.7724304008151], [-84.401558693759, 33.7724396150104], [-84.4015577024373, 33.7724506233702], [-84.401557462336, 33.7724591751003], [-84.4015572160435, 33.772463084233], [-84.4015592179159, 33.7724686868987], [-84.4015636792004, 33.7724758483491], [-84.4015697536751, 33.7724787202725], [-84.4015757676081, 33.7724815625563], [-84.4017257671418, 33.7725043177897], [-84.4017191829494, 33.772533035341], [-84.4017148884352, 33.7725517627291], [-84.4017079644843, 33.7725513476306], [-84.4017036731883, 33.7725510898155], [-84.4016935385933, 33.772553150457], [-84.4016888824222, 33.7725540979441], [-84.4016844275886, 33.7725583991952], [-84.401681215726, 33.7725715009133], [-84.4016712416608, 33.7726121916497], [-84.4015561921672, 33.7725939114621], [-84.401534689189, 33.772589829128], [-84.4015250446522, 33.7725882912292], [-84.4015274996528, 33.772577548777]]]}, "properties": {"OBJECTID_1": 96, "OBJECTID": 100, "Shape_Leng": 368.529179386, "CreationDate": 1628109910586, "Creator": "wsims6_GTFacilities", "EditDate": 1628109910586, "Editor": "wsims6_GTFacilities", "Shape__Area": 685.94140625, "Shape__Length": 135.22975075339565, "GlobalID": "9d925077-b59c-4381-9ab1-b8142f3024a2"}}, {"type": "Feature", "id": 97, "geometry": {"type": "Polygon", "coordinates": [[[-84.4013668122948, 33.772028114155], [-84.401218298526, 33.7718933433468], [-84.4012448462959, 33.7718818797713], [-84.4012768379925, 33.7718630005682], [-84.4012804306448, 33.7718557065818], [-84.401282262317, 33.7718479948711], [-84.4012705388982, 33.7718434529906], [-84.4012416474935, 33.7718415513201], [-84.4012062966169, 33.7718476162984], [-84.4011907472244, 33.7718677626199], [-84.4010443230902, 33.7717369377671], [-84.4010687354615, 33.7717279208617], [-84.4011015309172, 33.771706851866], [-84.4011061871045, 33.7716964108996], [-84.4010991358843, 33.7716872959615], [-84.4010686751821, 33.7716827896515], [-84.4010470056614, 33.7716872371821], [-84.4010310552506, 33.7716937332236], [-84.4010198642315, 33.7717142093676], [-84.4009387446736, 33.7716405522802], [-84.4009639402237, 33.7716324923656], [-84.4010130269702, 33.7715972942228], [-84.4010186016657, 33.7715911118245], [-84.4010203945099, 33.7715869770474], [-84.4010210216061, 33.7715805651058], [-84.4010196031826, 33.7715751019803], [-84.4010145629926, 33.7715682256288], [-84.4010098521294, 33.7715649300165], [-84.4010004629261, 33.7715611636075], [-84.4009935873757, 33.7715618402783], [-84.4009584914647, 33.7715853841413], [-84.400832162669, 33.7714712348163], [-84.4007259643596, 33.7713745780189], [-84.4007398538332, 33.771359006282], [-84.4007585804911, 33.7713376097084], [-84.4007610436594, 33.771331039201], [-84.4007603774099, 33.7713234575649], [-84.4007565390763, 33.7713194227357], [-84.4007964482058, 33.7712876133641], [-84.4008034853632, 33.7712907882584], [-84.4008094486487, 33.7712913242486], [-84.4008153987215, 33.7712893843251], [-84.400822544156, 33.7712859264551], [-84.4008264305238, 33.7712826145242], [-84.4008627721178, 33.771255048766], [-84.400902694034, 33.7712906514054], [-84.4009887853231, 33.7713675919182], [-84.4010706190013, 33.7714387256974], [-84.4010262508318, 33.771473667851], [-84.4010375866146, 33.7714841659075], [-84.4010646516323, 33.7715001314677], [-84.4011288591979, 33.7715328621265], [-84.4011434908605, 33.7715384858888], [-84.4011908998797, 33.7715552648307], [-84.4011600137715, 33.7716161273707], [-84.4012720286211, 33.7716564059135], [-84.4012873225156, 33.771661770527], [-84.4013540076018, 33.7716840245631], [-84.4013632007232, 33.7716883287029], [-84.4014239192383, 33.7717092352565], [-84.4014767456739, 33.7717282263569], [-84.4014175101828, 33.7718461291451], [-84.4014291104188, 33.771850234846], [-84.4014284596, 33.7718522927537], [-84.4014897852915, 33.771873696733], [-84.4015559931821, 33.7717439473513], [-84.4020105960246, 33.7719022121922], [-84.4020977546316, 33.7717281333906], [-84.4021678249796, 33.7717031357314], [-84.4020757689812, 33.771885025023], [-84.4020435168061, 33.7719487504274], [-84.4020453069197, 33.7719491599703], [-84.4020409551622, 33.7719520499516], [-84.4020182373652, 33.7719869349368], [-84.4018336988868, 33.7719454536275], [-84.4018315942399, 33.7719453097668], [-84.4018321819861, 33.7719446702768], [-84.4017234718247, 33.7719172236824], [-84.4016236595102, 33.7718934541239], [-84.4016004533821, 33.7718879278902], [-84.4015991411223, 33.7718889402391], [-84.401596495153, 33.7718870617234], [-84.4015785763772, 33.7718855891694], [-84.4015518529934, 33.7719062725493], [-84.4015416405152, 33.7719137919318], [-84.4015171432299, 33.7719320501302], [-84.4014971805861, 33.7719277827238], [-84.4014318705246, 33.7719763013768], [-84.4013893664251, 33.7720103150168], [-84.4013668122948, 33.772028114155]], [[-84.4018536986941, 33.7719281470657], [-84.4019823089632, 33.771958676224], [-84.4019897453984, 33.7719344941474], [-84.4018626170662, 33.7719026087919], [-84.4018536986941, 33.7719281470657]], [[-84.4013622352534, 33.7719297787016], [-84.4013645889247, 33.7719254291616], [-84.4013631605653, 33.7719218757597], [-84.4013593720739, 33.7719206981924], [-84.4013527516399, 33.7719215006294], [-84.401312628305, 33.771952786725], [-84.4013233593289, 33.7719620055572], [-84.4013622352534, 33.7719297787016]]]}, "properties": {"OBJECTID_1": 97, "OBJECTID": 101, "Shape_Leng": 1660.88887047, "CreationDate": 1628109910586, "Creator": "wsims6_GTFacilities", "EditDate": 1628109910586, "Editor": "wsims6_GTFacilities", "Shape__Area": 3655.48828125, "Shape__Length": 609.6493428709477, "GlobalID": "db468ff1-42e2-4015-bbd6-356460e73e72"}}, {"type": "Feature", "id": 98, "geometry": {"type": "Polygon", "coordinates": [[[-84.403034799971, 33.7709576752887], [-84.4030463018874, 33.7709578390007], [-84.4030482180317, 33.7708637911431], [-84.4030481361056, 33.7708634441636], [-84.4031201005808, 33.7708633288532], [-84.4031195412399, 33.7709768867799], [-84.4031249679876, 33.7709845169884], [-84.4031330377549, 33.770987447227], [-84.4031410960373, 33.7709865896438], [-84.4031481353825, 33.7709811067304], [-84.4031515859483, 33.7709708952129], [-84.4031530028269, 33.7708441002818], [-84.4031530988666, 33.7708429036045], [-84.4031547093067, 33.7708227197261], [-84.4031838853219, 33.7708285092328], [-84.4032176889719, 33.7708300773414], [-84.4032501935067, 33.7708272136027], [-84.4032500045336, 33.7708491989647], [-84.4032488923629, 33.7709783890037], [-84.4032529446316, 33.7709863752892], [-84.4032610144034, 33.7709893055194], [-84.4032700833837, 33.7709892881339], [-84.4032776281456, 33.7709846454863], [-84.4032816329972, 33.7709753805395], [-84.4032813099605, 33.7709595887108], [-84.403281046543, 33.7708637579529], [-84.4033066153338, 33.7708533895151], [-84.4033339463492, 33.7708415416872], [-84.4033577357294, 33.770826016492], [-84.4033744683181, 33.7708119781274], [-84.4034698032205, 33.7708140061], [-84.4035643528442, 33.7708135415347], [-84.4035625791155, 33.7709340255853], [-84.4035597516563, 33.771127874631], [-84.40356079944, 33.7712092729261], [-84.4030021513978, 33.7712069555334], [-84.4030029370269, 33.77116514349], [-84.4030301689, 33.771165500691], [-84.4030334290234, 33.7709919560474], [-84.403050661877, 33.7709921818172], [-84.4030511742818, 33.7709648986264], [-84.4030346680612, 33.770964682285], [-84.403034799971, 33.7709576752887]]]}, "properties": {"OBJECTID_1": 98, "OBJECTID": 102, "Shape_Leng": 825.351202656, "CreationDate": 1628109910586, "Creator": "wsims6_GTFacilities", "EditDate": 1628109910586, "Editor": "wsims6_GTFacilities", "Shape__Area": 2815.99609375, "Shape__Length": 303.1770446056368, "GlobalID": "33f88469-dfe5-4e10-9a8c-af15cd891689"}}, {"type": "Feature", "id": 99, "geometry": {"type": "Polygon", "coordinates": [[[-84.4019685089833, 33.7710965620486], [-84.4017489656987, 33.7709810567212], [-84.4017505661621, 33.7707689209139], [-84.4019105542631, 33.7707701254405], [-84.4021930143271, 33.7707710961037], [-84.4022033915243, 33.7707646601386], [-84.4022034268515, 33.7707625772532], [-84.4022037603915, 33.7707428232067], [-84.4022037808968, 33.7707416365925], [-84.4021931573017, 33.7707101035257], [-84.4023643052246, 33.7707092123658], [-84.4023480865061, 33.7707394568222], [-84.4023480656449, 33.7707405126975], [-84.4023477033605, 33.7707592199803], [-84.4023477930302, 33.7707659452374], [-84.4023482077595, 33.7707971506492], [-84.4023616976334, 33.7707958670827], [-84.402358182825, 33.7710661568415], [-84.4023053656706, 33.7710654651411], [-84.4023048003143, 33.7710955778164], [-84.4019685089833, 33.7710965620486]]]}, "properties": {"OBJECTID_1": 99, "OBJECTID": 103, "Shape_Leng": 631.470933929, "CreationDate": 1628109910586, "Creator": "wsims6_GTFacilities", "EditDate": 1628109910586, "Editor": "wsims6_GTFacilities", "Shape__Area": 2885.28515625, "Shape__Length": 231.76857970614986, "GlobalID": "c9546f66-9c92-48a7-ab77-32bddd6c2d29"}}, {"type": "Feature", "id": 100, "geometry": {"type": "Polygon", "coordinates": [[[-84.4026116190285, 33.7705906692832], [-84.4026128868484, 33.7705391869908], [-84.4026531938058, 33.7705398492838], [-84.4026647859201, 33.770539854168], [-84.4026647747245, 33.7705905090458], [-84.4026655705438, 33.7706126070349], [-84.4026655999008, 33.7706233150077], [-84.40266626293, 33.7706339947193], [-84.4026709669512, 33.7706446351458], [-84.4025973464349, 33.7706443376977], [-84.4026077071684, 33.7706366385145], [-84.4026112213725, 33.770621265829], [-84.4026104886096, 33.7706115329858], [-84.4026116190285, 33.7705906692832]]]}, "properties": {"OBJECTID_1": 100, "OBJECTID": 104, "Shape_Leng": 116.330604451, "CreationDate": 1628109910586, "Creator": "wsims6_GTFacilities", "EditDate": 1628109910586, "Editor": "wsims6_GTFacilities", "Shape__Area": 85.546875, "Shape__Length": 42.74279897767287, "GlobalID": "b5917a80-7529-4b5c-b08d-c1d7b9b943a3"}}, {"type": "Feature", "id": 101, "geometry": {"type": "Polygon", "coordinates": [[[-84.4017564536837, 33.769456908219], [-84.4017082420306, 33.7694506442889], [-84.4016930283936, 33.7694527921449], [-84.4016879668199, 33.7694570386508], [-84.4016868168251, 33.7695004680566], [-84.4013266254329, 33.7695022128475], [-84.4013290037405, 33.7694439516219], [-84.401321370392, 33.7694354923997], [-84.4012693686305, 33.7694345318137], [-84.4012690720689, 33.7694302973131], [-84.4012645957965, 33.7693422972715], [-84.4012542750469, 33.7693404892377], [-84.4012389598764, 33.7693418239396], [-84.4012323566705, 33.7693496691493], [-84.4012324553318, 33.7693858775448], [-84.4012338209377, 33.7694218887751], [-84.4012262348575, 33.7694303769277], [-84.4009155260361, 33.7694383813192], [-84.4008990380605, 33.7694384126114], [-84.4008837927024, 33.7694289083656], [-84.4008500560545, 33.7691493400121], [-84.4008512266349, 33.7691133239633], [-84.4008650967628, 33.76908363957], [-84.4008891545439, 33.7690687653306], [-84.4009512677236, 33.7690569953786], [-84.4010692179798, 33.7690567714265], [-84.4011719391467, 33.7690533988725], [-84.401264503423, 33.7690548540552], [-84.4012977825986, 33.7690547907949], [-84.4013196932693, 33.7690527159125], [-84.4013302232653, 33.7690445611782], [-84.4013301031516, 33.7690004976198], [-84.4015232800302, 33.7689974189126], [-84.4018090055579, 33.7689995861585], [-84.4018091148068, 33.7690395823794], [-84.4018123789561, 33.7690456767453], [-84.4018188791767, 33.7690483765334], [-84.4018269912549, 33.7690463269482], [-84.4018293943093, 33.7690347983416], [-84.4018283983367, 33.7689670103538], [-84.4018275235037, 33.7689439630627], [-84.4018193521794, 33.768924319889], [-84.4018152939077, 33.7689243276209], [-84.4017913718965, 33.7689121530909], [-84.4017502676104, 33.7688912336913], [-84.4017474175396, 33.7688829772723], [-84.4017687473165, 33.7688868308841], [-84.4018081769883, 33.7688867557706], [-84.4018401257225, 33.7688786846128], [-84.4018775558908, 33.7688635782216], [-84.4019060301483, 33.7688451446574], [-84.4019158015861, 33.7688719375898], [-84.4019110934837, 33.768896081112], [-84.4019211213497, 33.7689151743392], [-84.4019276596604, 33.7689460362817], [-84.4019289148986, 33.7689759281972], [-84.4019284291134, 33.7690126841094], [-84.4019273187906, 33.769031473971], [-84.4019331718372, 33.7690383424272], [-84.4019406379294, 33.7690424785043], [-84.4019429929116, 33.7690437832155], [-84.4019609770609, 33.7690464782356], [-84.4019902335814, 33.7690464224574], [-84.4020271640141, 33.7690463520388], [-84.402032865162, 33.7690395165549], [-84.4020320311023, 33.7690333769863], [-84.4020262963701, 33.7690279284128], [-84.4019739979049, 33.7690273455799], [-84.4019717886433, 33.7689422950533], [-84.4019703456541, 33.7688867722035], [-84.4020308108222, 33.768885974362], [-84.4020389664181, 33.7688805002015], [-84.4020413995623, 33.7688736709491], [-84.4020404703428, 33.7688327268506], [-84.4022373943045, 33.7688316686], [-84.4024040847629, 33.7688306677846], [-84.4025438134506, 33.7688310833769], [-84.4026026459084, 33.7688309709271], [-84.4026631297383, 33.7688369973525], [-84.4027277100618, 33.7688471103199], [-84.4027882294742, 33.7688661023872], [-84.402844684249, 33.7688926093661], [-84.4028937948797, 33.7689232247823], [-84.4029355710155, 33.7689606779296], [-84.4029781663301, 33.7689988120454], [-84.4030142516342, 33.7690471959814], [-84.4030380717963, 33.7690921897378], [-84.4030578254542, 33.7691440167913], [-84.4030677785837, 33.769197908464], [-84.4030711938421, 33.7692511310085], [-84.403069628639, 33.7692763838975], [-84.4030042636128, 33.7692778741825], [-84.4029960957237, 33.7692792549253], [-84.4029879476463, 33.7692874593396], [-84.4029855951207, 33.7693236327529], [-84.4025540665343, 33.7693251408028], [-84.402554857476, 33.7692828283214], [-84.4025491264347, 33.7692787448682], [-84.4025425837304, 33.7692767097182], [-84.4025017277052, 33.7692767877923], [-84.4024788473378, 33.7692768315098], [-84.4024379913124, 33.7692769095627], [-84.402431461696, 33.7692796522413], [-84.4024273969744, 33.7692871662672], [-84.4024274839096, 33.7693248227381], [-84.4019748186549, 33.7693276107122], [-84.4019730583482, 33.769281209593], [-84.4019557136855, 33.7692834003153], [-84.40193466611, 33.76928605974], [-84.401922436816, 33.7692946108852], [-84.4019216322174, 33.7693170275134], [-84.4019234453102, 33.7693361372985], [-84.4019311183595, 33.7693527843189], [-84.4019365823606, 33.7693567402752], [-84.4019493461221, 33.7693659813306], [-84.4019675379844, 33.769366437149], [-84.4019892411102, 33.7693634554804], [-84.4019939219002, 33.7693585451698], [-84.4019938924285, 33.7693477641608], [-84.4024275334128, 33.7693464460862], [-84.4024275736779, 33.7693611483634], [-84.4024358005881, 33.7693655435347], [-84.4024612591122, 33.7693654948997], [-84.402519732422, 33.7693653831747], [-84.4025490527474, 33.7693653271418], [-84.4025531488802, 33.7693613989261], [-84.4025536918772, 33.7693452249381], [-84.4027684585114, 33.7693448142865], [-84.4027696710389, 33.7693590247234], [-84.4027837708126, 33.7693648783311], [-84.4028536022545, 33.7693657248152], [-84.4028717766395, 33.7693598094537], [-84.4029891370065, 33.7693600743922], [-84.402995000707, 33.7693585934702], [-84.4030237020181, 33.7693399157688], [-84.4030330809723, 33.7693364670179], [-84.4031122940379, 33.7693348455973], [-84.4031292570363, 33.7693261707555], [-84.4031547026058, 33.7693131580354], [-84.4031542213086, 33.7694826192277], [-84.4031249818187, 33.7694712413881], [-84.4030235218979, 33.7694724942685], [-84.4029968334659, 33.7694524204799], [-84.4028750751916, 33.7694515941211], [-84.402856035577, 33.76944633515], [-84.4027888318066, 33.7694517591453], [-84.4027748943874, 33.7694570821182], [-84.4027736675851, 33.7694719139518], [-84.4025555214185, 33.7694723310724], [-84.4025542122279, 33.7694575040877], [-84.4025453286981, 33.7694554030829], [-84.4025216381102, 33.7694556755734], [-84.4024594546359, 33.7694563912819], [-84.4024349910582, 33.7694566724458], [-84.4024311940975, 33.7694598580257], [-84.4024312289086, 33.7694725685616], [-84.4020672312575, 33.769473263342], [-84.4020684610787, 33.7694594909516], [-84.4020633792491, 33.7694563232188], [-84.401986010685, 33.769455411313], [-84.4019682697086, 33.7694607414468], [-84.4019676472426, 33.7694613115765], [-84.401954353581, 33.7694734785792], [-84.4019455326719, 33.7694946797322], [-84.4019455768865, 33.7695108571062], [-84.401945578991, 33.7695116271139], [-84.4019647054221, 33.7695486630167], [-84.4020305334329, 33.7695509746696], [-84.4020306794786, 33.7696723089323], [-84.4020072797061, 33.7696723535531], [-84.4020074147522, 33.7697217512557], [-84.4018761183517, 33.7697220015415], [-84.4018295921977, 33.7697233759563], [-84.4018315639972, 33.7695595093914], [-84.4018302086333, 33.769527735017], [-84.401814890823, 33.7694917503774], [-84.4017843912145, 33.7694695656042], [-84.4017564536837, 33.769456908219]], [[-84.4018046067371, 33.7693689891736], [-84.4018212674236, 33.7693673714238], [-84.4018305360404, 33.7693622440964], [-84.4018374786622, 33.7693553602719], [-84.4018412607642, 33.7693498908513], [-84.4018417491449, 33.7692966824734], [-84.4018419375313, 33.7692885780569], [-84.4018379149462, 33.7692834760539], [-84.4018328473184, 33.7692815480573], [-84.4018195596124, 33.7692824542896], [-84.4018157716174, 33.7692861609891], [-84.4018145226672, 33.7692921539514], [-84.4018152559076, 33.769328975163], [-84.4017319261696, 33.7693286055284], [-84.401422140464, 33.769332114696], [-84.4014214296915, 33.769287634798], [-84.4014183801111, 33.7692834118456], [-84.4014082543621, 33.7692834311045], [-84.4014050609605, 33.769288229464], [-84.4014082412134, 33.7693403732245], [-84.4014128210396, 33.7693491033352], [-84.4014234849679, 33.7693603591252], [-84.4014353154686, 33.7693666788499], [-84.4014690687176, 33.7693666146414], [-84.4014729468046, 33.769365057322], [-84.401475808435, 33.7693625146262], [-84.4014752751827, 33.7693526497532], [-84.4014781364289, 33.7693499664001], [-84.4016967484453, 33.7693478759277], [-84.4017659467047, 33.7693493301438], [-84.4017685159438, 33.7693630673437], [-84.4017799206063, 33.7693676260164], [-84.4018046067371, 33.7693689891736]], [[-84.4026627468524, 33.7689537071575], [-84.4026088713967, 33.7689473227664], [-84.4025902298958, 33.7689482230862], [-84.4025871429123, 33.7689555810661], [-84.402586721784, 33.7689906146994], [-84.4025913922028, 33.7689945459959], [-84.4026794316915, 33.7689951945739], [-84.4027509015874, 33.7689967881591], [-84.4027556844564, 33.7690413260813], [-84.4027639800009, 33.7690447707574], [-84.402810584656, 33.7690438160112], [-84.4028157493379, 33.7690386162146], [-84.4028157208643, 33.7690282364391], [-84.4027949481439, 33.7690070837289], [-84.4027633087713, 33.7689889795534], [-84.4027275316706, 33.7689726126543], [-84.4026964343621, 33.7689635897761], [-84.4026627468524, 33.7689537071575]], [[-84.4019293636005, 33.7691116712124], [-84.4019221352463, 33.769119469863], [-84.4019223669025, 33.7692042383337], [-84.4019317036926, 33.769209843245], [-84.4019554589421, 33.7692115273317], [-84.4019720988949, 33.7692106309236], [-84.4019713086783, 33.7691107265664], [-84.4019541047741, 33.7691098937773], [-84.4019293636005, 33.7691116712124]], [[-84.4029991162798, 33.769419169458], [-84.403009423093, 33.769416277957], [-84.4030139911592, 33.7694100469022], [-84.4030145423338, 33.7694023881078], [-84.4030093639621, 33.7693947402852], [-84.4029990466388, 33.7693938024859], [-84.4029170958837, 33.7693939593799], [-84.4028987574494, 33.7693939944812], [-84.4028901654521, 33.7693954472593], [-84.40288560371, 33.7694035925068], [-84.4028856339144, 33.7694145998288], [-84.4028930951197, 33.7694188936466], [-84.4029171655006, 33.7694193263521], [-84.4029991162798, 33.769419169458]], [[-84.4028791373371, 33.7691146151715], [-84.4028703305798, 33.7691133345472], [-84.402865687673, 33.7691198308262], [-84.4028662997412, 33.7691544287869], [-84.4028715338476, 33.7691607582926], [-84.4028937670323, 33.7691617282975], [-84.4028933508818, 33.7691989240848], [-84.4028970047228, 33.7692092969211], [-84.4029032308745, 33.7692136102337], [-84.4029125558594, 33.7692148898637], [-84.402922885228, 33.7692044893603], [-84.4029238742908, 33.7691876202438], [-84.4029196736365, 33.7691664358318], [-84.4029030208033, 33.7691370593917], [-84.4028884789247, 33.7691219493717], [-84.4028791373371, 33.7691146151715]], [[-84.401262893047, 33.7692150610318], [-84.4012626927247, 33.7691415523426], [-84.4012618950267, 33.7691336815258], [-84.4012368975656, 33.7691337290369], [-84.4012295043585, 33.7691388987401], [-84.4012282872091, 33.7691450863934], [-84.4012269090909, 33.7692059154304], [-84.4012321735922, 33.7692123486381], [-84.4012386615656, 33.7692149141337], [-84.401262893047, 33.7692150610318]], [[-84.4016288805331, 33.7692096509958], [-84.4016346151117, 33.7692122792172], [-84.4016427128786, 33.7692120987982], [-84.4016494204504, 33.769209281887], [-84.401651982673, 33.7692038454507], [-84.4016517699808, 33.7691259268011], [-84.4016489794694, 33.7691197134127], [-84.4016414654159, 33.7691165935722], [-84.4016335647777, 33.7691166086134], [-84.401627646863, 33.769119589023], [-84.4016241911578, 33.7691259793054], [-84.401624403825, 33.7692038979551], [-84.4016288805331, 33.7692096509958]], [[-84.4025919751258, 33.7692068526172], [-84.4025992354299, 33.7692107311749], [-84.4026070009133, 33.7692098516451], [-84.402613721558, 33.7692055135678], [-84.4026173267647, 33.7691981545969], [-84.4026177917421, 33.7691791234189], [-84.4026176826853, 33.7691393345804], [-84.4026145222039, 33.7691198784413], [-84.4026062206281, 33.7691138397109], [-84.4025979345674, 33.7691138555506], [-84.4025912174824, 33.7691194901973], [-84.4025902366528, 33.7691393870466], [-84.4025903456969, 33.7691791758853], [-84.4025893626008, 33.7691986399453], [-84.4025919751258, 33.7692068526172]], [[-84.4021968268221, 33.7692011199247], [-84.4022061719138, 33.7692097525502], [-84.4022165285873, 33.7692092999917], [-84.402223755738, 33.7692010685328], [-84.4022235557376, 33.7691279773116], [-84.40222146018, 33.7691188989598], [-84.4022136757682, 33.769112859216], [-84.4022064262443, 33.7691133058446], [-84.4021966008139, 33.76911851451], [-84.4021966268446, 33.7691280287033], [-84.4021968268221, 33.7692011199247]], [[-84.4014057634939, 33.7692097248027], [-84.4014104578089, 33.7692109529425], [-84.401416876659, 33.7692107351571], [-84.4014232893668, 33.7692086608794], [-84.4014264366548, 33.7692055613214], [-84.4014262194876, 33.7691259268337], [-84.4014232970646, 33.7691208227243], [-84.4014161302965, 33.7691183622196], [-84.4014082302209, 33.7691185837238], [-84.401403051522, 33.7691206556537], [-84.4013998142081, 33.7691259770556], [-84.4014000313509, 33.7692056115435], [-84.4014057634939, 33.7692097248027]], [[-84.4018360972448, 33.7691192127572], [-84.4018309072901, 33.7691171605655], [-84.4018237472692, 33.7691171742076], [-84.4018180740674, 33.76911883414], [-84.4018154812837, 33.7691241444065], [-84.4018156927867, 33.7692015734602], [-84.4018197969308, 33.769207287531], [-84.4018252346848, 33.769209544828], [-84.4018321469192, 33.769209326081], [-84.4018370772063, 33.7692064295938], [-84.401839164766, 33.7692015287384], [-84.4018389532419, 33.7691240996849], [-84.4018360972448, 33.7691192127572]], [[-84.4021414734393, 33.7690329842964], [-84.4021412900713, 33.7689659476417], [-84.4021107358809, 33.7689660059311], [-84.4021109192251, 33.769033042586], [-84.4021414734393, 33.7690329842964]], [[-84.4030552742115, 33.7694176255794], [-84.4030615820617, 33.7694190498312], [-84.4030850778498, 33.7694190048267], [-84.4030862244071, 33.7694190026305], [-84.4031068548815, 33.7694189631105], [-84.4031171588254, 33.7694146352728], [-84.4031205737561, 33.7694060143378], [-84.4031182582931, 33.7693978822572], [-84.4031119399283, 33.7693926296098], [-84.403060937809, 33.7693932051821], [-84.4030540698268, 33.7693965688788], [-84.4030512137142, 33.7693999248915], [-84.4030523973056, 33.7694138026709], [-84.4030552742115, 33.7694176255794]]]}, "properties": {"OBJECTID_1": 101, "OBJECTID": 105, "Shape_Leng": 4559.39162806, "CreationDate": 1628109910586, "Creator": "wsims6_GTFacilities", "EditDate": 1628109910586, "Editor": "wsims6_GTFacilities", "Shape__Area": 16512.85546875, "Shape__Length": 1673.2066310665446, "GlobalID": "0169ca0f-8899-4342-acaf-d1af1de400ef"}}, {"type": "Feature", "id": 102, "geometry": {"type": "Polygon", "coordinates": [[[-84.4066567684616, 33.7805206843653], [-84.4066555134107, 33.780492292004], [-84.4066554936514, 33.780481722886], [-84.4066521056643, 33.7804744801984], [-84.4066448738413, 33.7804719290643], [-84.4066336159338, 33.7804722169438], [-84.4065869831233, 33.7804734085324], [-84.4065889965205, 33.7803981491944], [-84.4066213024279, 33.7803971468598], [-84.4066280222338, 33.7803973024019], [-84.4066378492171, 33.780395384415], [-84.4066416484208, 33.7803924998577], [-84.4066429372524, 33.7803884822982], [-84.406644207889, 33.7803845224796], [-84.4066427395891, 33.7803807149566], [-84.4066412419322, 33.7803768344568], [-84.4066377356408, 33.7803740173034], [-84.406632287644, 33.7803726447644], [-84.4066231903287, 33.7803725353215], [-84.4065885082327, 33.780372118569], [-84.4065929638035, 33.7800988825059], [-84.4065939571485, 33.7800884142058], [-84.4065953476021, 33.7799430941568], [-84.4065992870374, 33.7797124639102], [-84.4066010182804, 33.779690532382], [-84.4066410353664, 33.7796894699673], [-84.4066503175751, 33.7796842764375], [-84.406658570322, 33.7796746614074], [-84.4066582688654, 33.7796637475034], [-84.4066573987231, 33.7796599261936], [-84.4066559129355, 33.7796579743029], [-84.4066514503686, 33.7796548984318], [-84.4066469696358, 33.7796534392569], [-84.4066265790898, 33.7796528883264], [-84.4066118647731, 33.7796534840762], [-84.4065952392451, 33.7796486420739], [-84.4065666771234, 33.779648093496], [-84.4064499790112, 33.7796429194116], [-84.4063054240164, 33.7796426754461], [-84.4062163748672, 33.7796412596285], [-84.4061663975094, 33.7796405433436], [-84.4061593431917, 33.7796404425245], [-84.4061531011982, 33.7796408549715], [-84.4061471109621, 33.7796424940772], [-84.4061418303968, 33.779645395019], [-84.4061744661632, 33.7795628287739], [-84.4061773451919, 33.7795695693422], [-84.4061840942659, 33.7795783239015], [-84.4061870049237, 33.7795809105], [-84.4061875350543, 33.7795812881646], [-84.406191709022, 33.7795842618244], [-84.406198015728, 33.7795877038098], [-84.4062052741605, 33.7795905362343], [-84.4062161745696, 33.7795929684687], [-84.4062284467664, 33.7795932530105], [-84.4062801325373, 33.7795944537465], [-84.4064105234435, 33.7795959343745], [-84.4064715274844, 33.7795936437657], [-84.4066866800327, 33.7795958510936], [-84.4067385292926, 33.7795972091087], [-84.4067543633963, 33.7795962595211], [-84.4067616140524, 33.7795935891494], [-84.4067693748744, 33.7795895580944], [-84.4067726879323, 33.7795869828434], [-84.4067897843315, 33.7795740613728], [-84.4068710002403, 33.7795029117901], [-84.406891133857, 33.7794849279322], [-84.4069120537243, 33.7794662419571], [-84.4069200412478, 33.779459106967], [-84.4069288679711, 33.7794505087656], [-84.406936249029, 33.779439634905], [-84.4069415186998, 33.7794274325142], [-84.4069460583308, 33.779413251518], [-84.4069496632316, 33.7794034444495], [-84.4069526065204, 33.7793921897152], [-84.4069550361091, 33.7793729085784], [-84.4069578481024, 33.7793505962463], [-84.40695653624, 33.7793212211933], [-84.4069555629572, 33.7792994139432], [-84.4069529311928, 33.7792404898335], [-84.4069895919567, 33.7792412723086], [-84.4069895091922, 33.7792495261872], [-84.4070405983404, 33.7792501957928], [-84.4070400837895, 33.7792747235179], [-84.4070393519324, 33.7793095891], [-84.4070754193873, 33.7793101725386], [-84.4070752341049, 33.7792701332637], [-84.4070900718927, 33.7792700845206], [-84.4071023244291, 33.7792703040949], [-84.4070994869222, 33.779328685243], [-84.4071099118555, 33.7793340739384], [-84.4071200869501, 33.7793381539218], [-84.4071279175473, 33.7793390141673], [-84.4071450815197, 33.7793379456253], [-84.407146352246, 33.7794020334348], [-84.4071253706225, 33.7794032320404], [-84.4070984739808, 33.7794047676631], [-84.4070855347117, 33.7794064834687], [-84.4070718019425, 33.7794105604405], [-84.4070498295618, 33.7794227457827], [-84.4070428441276, 33.7794287445518], [-84.4070371675338, 33.779434808395], [-84.4070313536612, 33.7794427515469], [-84.407026725064, 33.779451750027], [-84.4070231797291, 33.7794596860549], [-84.407017676985, 33.7794696203481], [-84.4070131185585, 33.77947552242], [-84.4070032796887, 33.7794862883654], [-84.406983641354, 33.7795080140321], [-84.4069403786403, 33.7795558749791], [-84.4069378062891, 33.7795599933213], [-84.4069370837874, 33.7795641946203], [-84.4069376742184, 33.7795679921282], [-84.4069427801418, 33.7795740962849], [-84.4069486968379, 33.7795766761108], [-84.4069652330174, 33.7795773598231], [-84.4069710956766, 33.779577601771], [-84.4069751450793, 33.779578105122], [-84.4069783166633, 33.7795774560684], [-84.4069821225387, 33.7795758175696], [-84.4069853604374, 33.7795730098332], [-84.4069876457686, 33.779569735093], [-84.4069891922787, 33.7795652039879], [-84.4069897808918, 33.7795327803584], [-84.4070352487497, 33.7795325827043], [-84.4070525289135, 33.7795325084704], [-84.4070637108076, 33.7795324975079], [-84.4070807036528, 33.7795323859604], [-84.4072165813966, 33.7795317974789], [-84.4072165039672, 33.7795635826453], [-84.4072182037164, 33.779567909062], [-84.4072225972138, 33.7795725367892], [-84.4072281675459, 33.7795751984254], [-84.407234132311, 33.7795760442682], [-84.407270049033, 33.779575969738], [-84.4072702184447, 33.7796612746462], [-84.4072539390943, 33.7804109185675], [-84.4072241950034, 33.7804105951547], [-84.4072173382906, 33.7804105201589], [-84.4072128146722, 33.7804118913718], [-84.407208200432, 33.7804132907124], [-84.4072038276912, 33.7804149447494], [-84.4072008352108, 33.7804217355082], [-84.4071991222922, 33.7804293136194], [-84.4071986827192, 33.7804574730456], [-84.4071987690712, 33.7804644155921], [-84.4071983278865, 33.7805147890035], [-84.4071979028747, 33.7805195730919], [-84.4068746045351, 33.7805190757626], [-84.4066567684616, 33.7805206843653]], [[-84.4068664781236, 33.7804002900075], [-84.4068734570115, 33.7803969421167], [-84.4068791140779, 33.780388111152], [-84.4068764688737, 33.7803796795499], [-84.4068712112725, 33.7803734079793], [-84.4068620300102, 33.7803722365723], [-84.4068537964408, 33.7803717170172], [-84.4068256889297, 33.7803720395118], [-84.4068297849018, 33.779989960398], [-84.4068356793616, 33.7798224662837], [-84.4068348825846, 33.7797524726375], [-84.4068350573554, 33.7797473896885], [-84.4068370630092, 33.7796733070083], [-84.4068721031726, 33.7796740638189], [-84.40687959189, 33.7796735109561], [-84.4068872896327, 33.7796700904345], [-84.4068899588046, 33.7796666156841], [-84.4068900073142, 33.7796607855116], [-84.4068889319062, 33.7796569276355], [-84.4068863667269, 33.7796543340695], [-84.4068809310566, 33.779651560351], [-84.4068744058673, 33.7796491566267], [-84.4067655433731, 33.7796501231627], [-84.4067566054754, 33.7796525569779], [-84.406752147449, 33.7796542057551], [-84.4067499503, 33.7796565822745], [-84.4067490287706, 33.7796618217603], [-84.4067503765174, 33.7796680901238], [-84.4067534297769, 33.7796710830762], [-84.4067601971756, 33.7796736107635], [-84.4067674913311, 33.7796741447759], [-84.4067970124742, 33.7796739872515], [-84.4067968087886, 33.7797476435503], [-84.4067967494312, 33.7797519102801], [-84.4067921199904, 33.7799854325672], [-84.4067871217101, 33.7803723489921], [-84.4067466541608, 33.7803730651955], [-84.4067376787952, 33.7803744811178], [-84.4067317042612, 33.7803802146198], [-84.406732001198, 33.7803875688118], [-84.4067332985983, 33.7803912684681], [-84.4067360155443, 33.7803944577331], [-84.4067422617332, 33.7804001746739], [-84.4067725723692, 33.7804015421144], [-84.4068664781236, 33.7804002900075]], [[-84.4069845090689, 33.7796725736423], [-84.4069882230414, 33.7796747556193], [-84.4069928668517, 33.7796750648586], [-84.4069980937689, 33.7796750014818], [-84.4070337233868, 33.7796745651155], [-84.4070271877059, 33.7799830679441], [-84.4070247527243, 33.7801755310659], [-84.4070210783987, 33.7803750357872], [-84.4069795465221, 33.7803743196128], [-84.406970629622, 33.7803788840046], [-84.4069685630704, 33.7803851121276], [-84.4069689116525, 33.7803950999418], [-84.4069781860063, 33.7803998326822], [-84.407091316599, 33.7803996123233], [-84.407101252207, 33.7803994757508], [-84.4071086696407, 33.7803950296826], [-84.4071126825128, 33.7803878555393], [-84.4071124480033, 33.7803831466716], [-84.4071067363462, 33.780376296234], [-84.4070974529182, 33.7803748870077], [-84.4070592628919, 33.780374164349], [-84.4070639007818, 33.7799978240869], [-84.4070686365669, 33.7797531598786], [-84.4070689375916, 33.7797468946184], [-84.407072384716, 33.7796752021095], [-84.4071088773609, 33.7796741013264], [-84.4071154343255, 33.7796724168889], [-84.4071230137271, 33.7796691543722], [-84.4071257793361, 33.7796619402804], [-84.4071245306124, 33.7796575011788], [-84.4071220817023, 33.7796551733784], [-84.4071183371377, 33.7796532502391], [-84.4071113933464, 33.7796517444862], [-84.4070071071632, 33.7796508890975], [-84.4069929580187, 33.7796512619859], [-84.4069869411322, 33.7796534052073], [-84.4069814405147, 33.779658307378], [-84.4069804369433, 33.7796612288796], [-84.4069806103458, 33.7796680315017], [-84.4069845090689, 33.7796725736423]]]}, "properties": {"OBJECTID_1": 102, "OBJECTID": 106, "Shape_Leng": 3157.24758989, "CreationDate": 1628109910586, "Creator": "wsims6_GTFacilities", "EditDate": 1628109910586, "Editor": "wsims6_GTFacilities", "Shape__Area": 9293.6484375, "Shape__Length": 1160.1855180430239, "GlobalID": "f7799f51-6b41-44c2-af46-556eda3a90ed"}}, {"type": "Feature", "id": 103, "geometry": {"type": "Polygon", "coordinates": [[[-84.4060029577526, 33.7785346927276], [-84.4059987343257, 33.7785189616884], [-84.405997085447, 33.7785092144259], [-84.405996652917, 33.7785008335115], [-84.4059994596491, 33.7784167616798], [-84.4060041665394, 33.7782895331153], [-84.4060762496039, 33.7782913931583], [-84.4060682742548, 33.7785105370197], [-84.4060712582379, 33.7785197010275], [-84.4060740182547, 33.7785244302456], [-84.4060794389056, 33.7785296024228], [-84.4060893518249, 33.778534582849], [-84.406098608681, 33.7785366089335], [-84.4061100357313, 33.7785358879823], [-84.4061186299312, 33.7785329788086], [-84.406123533657, 33.7785300984349], [-84.4061289685713, 33.7785229341852], [-84.4061318745471, 33.7785149272901], [-84.4061327339875, 33.7784993946738], [-84.40613442288, 33.7784206916388], [-84.4061503973743, 33.7784217660645], [-84.4061675141786, 33.7784204930754], [-84.406167978469, 33.7784204939776], [-84.4061675115244, 33.7784218671976], [-84.4061659867014, 33.7784291555018], [-84.4061656358784, 33.7784346201913], [-84.4061662464489, 33.7784421775517], [-84.4061692359345, 33.7784525398416], [-84.4061735548283, 33.7784606634553], [-84.4061782456185, 33.7784658505694], [-84.4061844431114, 33.7784704288492], [-84.4061921160481, 33.7784740295796], [-84.4062023142972, 33.7784763946534], [-84.4062256586606, 33.7784761446642], [-84.4062447974017, 33.7784754943871], [-84.4062445110792, 33.7784696080597], [-84.4063103028192, 33.7784672622531], [-84.4063144045316, 33.7785330964932], [-84.406248471645, 33.7785355679057], [-84.4062427636798, 33.7785319137733], [-84.4062092543538, 33.7785336189266], [-84.4062024021319, 33.7785358791429], [-84.4061983841813, 33.7785381221361], [-84.4061952596733, 33.7785405437253], [-84.4061891633256, 33.7785490310829], [-84.4061835003615, 33.7785627084071], [-84.4061807299608, 33.7785693805958], [-84.4061807258324, 33.7785725526141], [-84.4061806924239, 33.7785966276777], [-84.4061805960181, 33.7786671216893], [-84.4060636523439, 33.7786671177822], [-84.406072423698, 33.7786642308093], [-84.4060793452217, 33.778660484544], [-84.4060828957165, 33.7786578763911], [-84.4060870289433, 33.7786539858606], [-84.4060933106865, 33.7786446010052], [-84.4060957772747, 33.7786366157016], [-84.4060961959727, 33.778630319558], [-84.4060956065002, 33.7786252985024], [-84.4060944513018, 33.7786210747028], [-84.4060897027725, 33.7786149283403], [-84.4060822990949, 33.7786072065336], [-84.4060745794465, 33.7786007900293], [-84.4060629364495, 33.7785925877505], [-84.4060549804297, 33.7785869795832], [-84.4060430258455, 33.778578552494], [-84.4060196234325, 33.7785571656283], [-84.4060135914606, 33.778551148885], [-84.4060061047069, 33.7785411163017], [-84.4060029577526, 33.7785346927276]]]}, "properties": {"OBJECTID_1": 103, "OBJECTID": 107, "Shape_Leng": 532.724154818, "CreationDate": 1628109910586, "Creator": "wsims6_GTFacilities", "EditDate": 1628109910586, "Editor": "wsims6_GTFacilities", "Shape__Area": 700.89453125, "Shape__Length": 195.7564618922415, "GlobalID": "8911a7ec-aaed-42ce-afb3-b7f03460a9b2"}}, {"type": "Feature", "id": 104, "geometry": {"type": "MultiPolygon", "coordinates": [[[[-84.4054276441804, 33.7787492614499], [-84.4054351434868, 33.7787225860049], [-84.4055216354379, 33.778722660271], [-84.4055912743936, 33.778723381131], [-84.4057018728626, 33.7787250721433], [-84.405683831883, 33.7787528346759], [-84.4056532076848, 33.7787650915285], [-84.4056390522842, 33.7787853240506], [-84.4054295238766, 33.7787869603733], [-84.4054276441804, 33.7787492614499]]], [[[-84.4051829115971, 33.7787246886283], [-84.4053108712329, 33.7787224792509], [-84.4052899435142, 33.7787481293291], [-84.4052863786236, 33.778754901314], [-84.4052865138267, 33.7787876950218], [-84.405211639295, 33.7787881977334], [-84.4052081450136, 33.7787565637309], [-84.4051998254482, 33.7787444372704], [-84.4051829115971, 33.7787246886283]]]]}, "properties": {"OBJECTID_1": 104, "OBJECTID": 108, "Shape_Leng": 311.799782893, "CreationDate": 1628109910586, "Creator": "wsims6_GTFacilities", "EditDate": 1628109910586, "Editor": "wsims6_GTFacilities", "Shape__Area": 312.78125, "Shape__Length": 114.37285631036214, "GlobalID": "0e43b261-d285-4c55-a2da-5c9c5d1973a9"}}, {"type": "Feature", "id": 105, "geometry": {"type": "Polygon", "coordinates": [[[-84.3917647252601, 33.7781119233246], [-84.391764563834, 33.7780902497082], [-84.3918220054345, 33.7780909473903], [-84.3919130302395, 33.7780925413075], [-84.3919660174541, 33.778093880914], [-84.3919664180518, 33.7781157452436], [-84.3917647252601, 33.7781119233246]]]}, "properties": {"OBJECTID_1": 105, "OBJECTID": 109, "Shape_Leng": 138.373400222, "CreationDate": 1628109910586, "Creator": "wsims6_GTFacilities", "EditDate": 1628109910586, "Editor": "wsims6_GTFacilities", "Shape__Area": 66.19140625, "Shape__Length": 50.72083536781699, "GlobalID": "4a8ec602-39b6-405e-9142-a178806df6f0"}}, {"type": "Feature", "id": 106, "geometry": {"type": "Polygon", "coordinates": [[[-84.3920360386438, 33.7775596721008], [-84.3920367595733, 33.7775137812018], [-84.3920621503442, 33.7775137348302], [-84.3920603758059, 33.7775716547906], [-84.3920615308899, 33.7777673878173], [-84.3920557533393, 33.7780135421586], [-84.3920312047605, 33.7780124076305], [-84.3920294883657, 33.7779861663799], [-84.3920315135653, 33.7778478988525], [-84.3920360386438, 33.7775596721008]]]}, "properties": {"OBJECTID_1": 106, "OBJECTID": 110, "Shape_Leng": 378.539350759, "CreationDate": 1628109910586, "Creator": "wsims6_GTFacilities", "EditDate": 1628109910586, "Editor": "wsims6_GTFacilities", "Shape__Area": 200.421875, "Shape__Length": 139.2993568069845, "GlobalID": "c705871b-b794-4c1b-bb4c-8007ab04819a"}}, {"type": "Feature", "id": 107, "geometry": {"type": "Polygon", "coordinates": [[[-84.3921136071161, 33.7777903515424], [-84.3921149517393, 33.7775683371043], [-84.3921395575219, 33.7775686870744], [-84.3921382177251, 33.7776309720402], [-84.392138844515, 33.777646840873], [-84.3921360158456, 33.7778299048488], [-84.3921359328858, 33.7780117150147], [-84.3921116130256, 33.7780096856459], [-84.3921136071161, 33.7777903515424]]]}, "properties": {"OBJECTID_1": 107, "OBJECTID": 111, "Shape_Leng": 336.718029963, "CreationDate": 1628109910586, "Creator": "wsims6_GTFacilities", "EditDate": 1628109910586, "Editor": "wsims6_GTFacilities", "Shape__Area": 155.8046875, "Shape__Length": 123.9073142006375, "GlobalID": "d7134fd6-b383-4922-9112-6c6e9a18328f"}}, {"type": "Feature", "id": 108, "geometry": {"type": "Polygon", "coordinates": [[[-84.3922675743429, 33.7781201180866], [-84.3922675216558, 33.7781000203602], [-84.3924920595345, 33.7781042712188], [-84.3926981341149, 33.778108173187], [-84.3927291761265, 33.77810843461], [-84.3927284376543, 33.7781290116608], [-84.3923995858612, 33.7781216727763], [-84.3922675743429, 33.7781201180866]]]}, "properties": {"OBJECTID_1": 108, "OBJECTID": 112, "Shape_Leng": 295.189951571, "CreationDate": 1628109910586, "Creator": "wsims6_GTFacilities", "EditDate": 1628109910586, "Editor": "wsims6_GTFacilities", "Shape__Area": 135.4453125, "Shape__Length": 108.17016064092763, "GlobalID": "28524614-4924-406b-a6fc-8a0ebc381e0a"}}, {"type": "Feature", "id": 109, "geometry": {"type": "Polygon", "coordinates": [[[-84.3927880279703, 33.77810957738], [-84.3927888428943, 33.7780823514071], [-84.3927942780644, 33.7779487220333], [-84.3929375239273, 33.7779469798605], [-84.3929357878835, 33.7780854344107], [-84.3928413447962, 33.7780834940652], [-84.3928413939778, 33.7781001528969], [-84.3928469179078, 33.7781112457152], [-84.3927880279703, 33.77810957738]]]}, "properties": {"OBJECTID_1": 109, "OBJECTID": 113, "Shape_Leng": 209.51782122, "CreationDate": 1628109910586, "Creator": "wsims6_GTFacilities", "EditDate": 1628109910586, "Editor": "wsims6_GTFacilities", "Shape__Area": 316.453125, "Shape__Length": 76.96057888313106, "GlobalID": "5f9dded6-b43f-43a7-acfb-ed6eabef780e"}}, {"type": "Feature", "id": 110, "geometry": {"type": "Polygon", "coordinates": [[[-84.3928708995611, 33.7781324690244], [-84.3928713593756, 33.778111461494], [-84.3929012935874, 33.7781117258059], [-84.3929675649806, 33.7781131271872], [-84.3930187442426, 33.7781142758018], [-84.3930359746054, 33.7781146625634], [-84.3931260701652, 33.7781163943414], [-84.3931921109155, 33.7781179529128], [-84.3932753553904, 33.7781196214186], [-84.3933494277968, 33.7781209884335], [-84.3934109276449, 33.7781223117826], [-84.393427667662, 33.7781222323347], [-84.3934602539352, 33.7781234014047], [-84.3934599221403, 33.7781437667255], [-84.3933289621021, 33.7781405215432], [-84.3928708995611, 33.7781324690244]]]}, "properties": {"OBJECTID_1": 110, "OBJECTID": 114, "Shape_Leng": 373.079618145, "CreationDate": 1628109910586, "Creator": "wsims6_GTFacilities", "EditDate": 1628109910586, "Editor": "wsims6_GTFacilities", "Shape__Area": 179.8984375, "Shape__Length": 136.70608603901405, "GlobalID": "69a9aef5-d5d4-4e3a-b8ce-64101983b898"}}, {"type": "Feature", "id": 111, "geometry": {"type": "Polygon", "coordinates": [[[-84.3930701455464, 33.7796440241314], [-84.3930661350071, 33.779641026284], [-84.3933603064773, 33.7796421687248], [-84.3933502361971, 33.7796444440578], [-84.3933432616918, 33.7796475837974], [-84.3933387853259, 33.7796505665689], [-84.3933341569693, 33.779654875949], [-84.3933312021361, 33.7796587386425], [-84.3933288973391, 33.7796630203117], [-84.3933285928103, 33.7797076877961], [-84.3931380869834, 33.7797067986894], [-84.3930786845114, 33.7797065010454], [-84.3930792090242, 33.779667010442], [-84.3930722421106, 33.7796484167388], [-84.3930701455464, 33.7796440241314]]]}, "properties": {"OBJECTID_1": 111, "OBJECTID": 115, "Shape_Leng": 219.189865104, "CreationDate": 1628109910586, "Creator": "wsims6_GTFacilities", "EditDate": 1628109910586, "Editor": "wsims6_GTFacilities", "Shape__Area": 249.09375, "Shape__Length": 80.37894267179995, "GlobalID": "ac61e3f5-8a7a-42c6-962a-a5a433b36631"}}, {"type": "Feature", "id": 112, "geometry": {"type": "Polygon", "coordinates": [[[-84.3903499006978, 33.7777724713157], [-84.3903502712486, 33.7777526099536], [-84.3903970656416, 33.7777525765215], [-84.3903980514484, 33.7777754234996], [-84.3903998542253, 33.7777802630046], [-84.3904023989698, 33.77778434558], [-84.3904054082859, 33.7777877077946], [-84.3904091250145, 33.7777907270005], [-84.3904151131145, 33.7777940134854], [-84.3904238081703, 33.7777964952965], [-84.3903205113628, 33.7777969377136], [-84.3903257741239, 33.7777961635748], [-84.3903326386801, 33.7777939402826], [-84.3903412235027, 33.7777884913677], [-84.390346004337, 33.7777830069693], [-84.3903486490244, 33.7777777698887], [-84.3903499006978, 33.7777724713157]]]}, "properties": {"OBJECTID_1": 112, "OBJECTID": 117, "Shape_Leng": 86.3836511207, "CreationDate": 1628109910586, "Creator": "wsims6_GTFacilities", "EditDate": 1628109910586, "Editor": "wsims6_GTFacilities", "Shape__Area": 36.68359375, "Shape__Length": 31.694897959006507, "GlobalID": "ac45f5be-6386-45bc-be34-9d6e8da6d174"}}, {"type": "Feature", "id": 113, "geometry": {"type": "Polygon", "coordinates": [[[-84.3900449695093, 33.7777771054219], [-84.3900464680197, 33.7777687254599], [-84.3900461375772, 33.777753733387], [-84.390124713806, 33.7777536767889], [-84.3901246464843, 33.7777622633436], [-84.3901253893355, 33.7777651725314], [-84.3901271732589, 33.7777677471245], [-84.3901298226835, 33.7777697349782], [-84.3901319445374, 33.7777706363947], [-84.3901342435371, 33.7777711488783], [-84.3901360243153, 33.7777712646717], [-84.3901625413625, 33.777771232881], [-84.3901654630162, 33.777770778567], [-84.3901686349936, 33.7777694257541], [-84.3901707900161, 33.7777677159254], [-84.3901723404107, 33.7777655987434], [-84.3901731818162, 33.7777632177596], [-84.3901732508832, 33.7777536420894], [-84.3902579005908, 33.7777535816196], [-84.3902580035389, 33.7777699328937], [-84.3902590523975, 33.7777767510897], [-84.390260461951, 33.7777802694872], [-84.3902636350974, 33.777785184955], [-84.3902668992962, 33.7777885746625], [-84.3902724690333, 33.7777924993803], [-84.3902778210561, 33.7777949124219], [-84.3902845943224, 33.7777966159927], [-84.3900166987914, 33.7777970353145], [-84.3900255215323, 33.7777950519415], [-84.3900357117389, 33.7777895271083], [-84.390042078571, 33.7777827378653], [-84.3900449695093, 33.7777771054219]]]}, "properties": {"OBJECTID_1": 113, "OBJECTID": 118, "Shape_Leng": 195.599109037, "CreationDate": 1628109910586, "Creator": "wsims6_GTFacilities", "EditDate": 1628109910586, "Editor": "wsims6_GTFacilities", "Shape__Area": 129.9921875, "Shape__Length": 71.72448476660435, "GlobalID": "d7071058-a4b5-43b8-8cb0-054f3c7adda2"}}, {"type": "Feature", "id": 114, "geometry": {"type": "Polygon", "coordinates": [[[-84.3927499040287, 33.7798112148469], [-84.3927498726515, 33.7797035153098], [-84.3928822686079, 33.7797037496563], [-84.3928815925712, 33.7797394418779], [-84.3928897227445, 33.7797413465906], [-84.3928971811874, 33.7797415619372], [-84.3929076762935, 33.779741924997], [-84.3929143681473, 33.7797409227148], [-84.3929195141661, 33.779739652771], [-84.392924911367, 33.7797378197357], [-84.392931389634, 33.7797348423252], [-84.3929374566857, 33.7797311091826], [-84.3929422300459, 33.7797273216078], [-84.3929464224936, 33.7797231221416], [-84.3929515408824, 33.7797170942308], [-84.3929558106068, 33.7797114862425], [-84.3929602284782, 33.7797043199281], [-84.3929630530186, 33.7796985333576], [-84.3929660889081, 33.7796901757904], [-84.3929681800464, 33.7796806000208], [-84.3929685904442, 33.7796646219993], [-84.3929572489046, 33.7796458145055], [-84.3929556241404, 33.779640167735], [-84.3930320812695, 33.7796404548935], [-84.3930230587279, 33.7796650423552], [-84.3930175788636, 33.7796756747657], [-84.3930123997888, 33.7796857214524], [-84.3930071541075, 33.7796958971971], [-84.3930015678894, 33.7797067371818], [-84.3929953650233, 33.7797187684776], [-84.3929883690508, 33.7797309959843], [-84.3929825525921, 33.7797380467482], [-84.3929765501086, 33.7797441601352], [-84.3929706541419, 33.7797493085591], [-84.3929664193106, 33.7797525830092], [-84.3929605248092, 33.779756646743], [-84.3929534192887, 33.7797608885192], [-84.3929485961689, 33.7797634102667], [-84.3929408160892, 33.7797669409742], [-84.3929310127394, 33.7797705457199], [-84.3929195399803, 33.7797736999946], [-84.3929091474328, 33.7797757955521], [-84.3929043492007, 33.7797762849291], [-84.3929008941132, 33.7797759251927], [-84.3928966050924, 33.7797762495354], [-84.3928922375933, 33.779777526166], [-84.3928875738308, 33.77977987901], [-84.3928857741987, 33.7797820552897], [-84.3928838163347, 33.7797848296545], [-84.3928825454664, 33.7797881176031], [-84.3928819218675, 33.7797952904841], [-84.3928798158261, 33.7798131668851], [-84.3927499040287, 33.7798112148469]]]}, "properties": {"OBJECTID_1": 114, "OBJECTID": 119, "Shape_Leng": 294.68041553, "CreationDate": 1628109910586, "Creator": "wsims6_GTFacilities", "EditDate": 1628109910586, "Editor": "wsims6_GTFacilities", "Shape__Area": 329.7890625, "Shape__Length": 108.19417543572311, "GlobalID": "8b6ba5c9-8984-40d8-80a7-f23be597e844"}}, {"type": "Feature", "id": 115, "geometry": {"type": "Polygon", "coordinates": [[[-84.3921888545317, 33.7782076554892], [-84.3921886771221, 33.778188163901], [-84.3924512696558, 33.7781924841383], [-84.392452115108, 33.7782126561526], [-84.3923453003994, 33.7782107678168], [-84.3921888545317, 33.7782076554892]]]}, "properties": {"OBJECTID_1": 115, "OBJECTID": 120, "Shape_Leng": 174.256747651, "CreationDate": 1628109910586, "Creator": "wsims6_GTFacilities", "EditDate": 1628109910586, "Editor": "wsims6_GTFacilities", "Shape__Area": 77.984375, "Shape__Length": 63.86483852557966, "GlobalID": "51988a95-8f3f-4673-9e8c-6fb709c05a0b"}}, {"type": "Feature", "id": 116, "geometry": {"type": "Polygon", "coordinates": [[[-84.3924120651117, 33.7788035693046], [-84.3924197510894, 33.7788061745432], [-84.3924192142934, 33.7788061124095], [-84.3924120651117, 33.7788035693046]]]}, "properties": {"OBJECTID_1": 116, "OBJECTID": 121, "Shape_Leng": 5.04632534694, "CreationDate": 1628109910586, "Creator": "wsims6_GTFacilities", "EditDate": 1628109910586, "Editor": "wsims6_GTFacilities", "Shape__Area": 0.0078125, "Shape__Length": 1.850001944249445, "GlobalID": "393ddd36-9d0b-406e-879d-8fdba3baaf2f"}}, {"type": "Feature", "id": 117, "geometry": {"type": "Polygon", "coordinates": [[[-84.4024359255876, 33.7814125742853], [-84.4024292080377, 33.7812895261483], [-84.4022601536126, 33.7812925124942], [-84.4022357355037, 33.7812928828027], [-84.4022365754756, 33.7812652401776], [-84.4022388192752, 33.7812581507185], [-84.4022455898924, 33.7812519966464], [-84.402252361591, 33.7812458434734], [-84.4022625233361, 33.7812387388975], [-84.4022721307072, 33.7812354141996], [-84.4022857815814, 33.7812351519032], [-84.4022855044045, 33.7812549869574], [-84.4024500092706, 33.7812565860518], [-84.4024523970863, 33.7810853335647], [-84.4025999563036, 33.7810867682772], [-84.4026079710169, 33.7811043279406], [-84.4026035737515, 33.7811293743028], [-84.4025921415432, 33.781148041407], [-84.402592214576, 33.7811746778498], [-84.402590386326, 33.7812061129089], [-84.4025719381471, 33.7812253263001], [-84.4025640508268, 33.7812861388218], [-84.4025944945526, 33.7813083883751], [-84.4025927915366, 33.781385105022], [-84.4025800815442, 33.7814032425931], [-84.402552685385, 33.7814166123539], [-84.4024359255876, 33.7814125742853]]]}, "properties": {"OBJECTID_1": 117, "OBJECTID": 122, "Shape_Leng": 467.174682419, "CreationDate": 1628109910586, "Creator": "wsims6_GTFacilities", "EditDate": 1628109910586, "Editor": "wsims6_GTFacilities", "Shape__Area": 823.83984375, "Shape__Length": 171.57361269795777, "GlobalID": "edb612c3-fada-41c3-be34-1fb9b8d26cba"}}, {"type": "Feature", "id": 118, "geometry": {"type": "Polygon", "coordinates": [[[-84.4005948139974, 33.7813990730148], [-84.4004985019204, 33.7812948605606], [-84.400544777311, 33.7812950550823], [-84.4005451440442, 33.7812341307089], [-84.4005527900153, 33.7812341622017], [-84.4005941356911, 33.7812607799238], [-84.4006131441183, 33.7812250610377], [-84.4006423886746, 33.7811702392901], [-84.4006373992967, 33.7811687456973], [-84.4006401636737, 33.781160860925], [-84.4006750657828, 33.7811690141982], [-84.4006860715465, 33.7811383065257], [-84.4006858813896, 33.7811382636071], [-84.4006903451046, 33.7811255337432], [-84.4005946668301, 33.7811030602621], [-84.4005970762753, 33.7810877438514], [-84.4006055454065, 33.7810339037189], [-84.4006057218142, 33.7810046628309], [-84.4006050214982, 33.7809837810114], [-84.4005920701719, 33.7809855664881], [-84.4005827958256, 33.7809255205627], [-84.4005960224906, 33.7809237372699], [-84.4005868326989, 33.7808951903747], [-84.4005922994988, 33.7808939699957], [-84.4005923461837, 33.7808940636789], [-84.4005963990565, 33.7809069550207], [-84.4006090800862, 33.7809042494698], [-84.4006104150668, 33.7809039935749], [-84.4006107929738, 33.7809051803333], [-84.4006498349082, 33.7808966893965], [-84.4006857074241, 33.7808888879095], [-84.4006764848435, 33.7808590138523], [-84.4006420851465, 33.7808664185224], [-84.4006390950262, 33.7808575952215], [-84.4006441042211, 33.7808564559547], [-84.4006384629786, 33.7808415704681], [-84.4006358827419, 33.7808425166843], [-84.4006254145693, 33.7808219383055], [-84.4007479780129, 33.7807631472254], [-84.4007894065099, 33.7807393083155], [-84.4007877135297, 33.7809957105227], [-84.40078609207, 33.7812022052812], [-84.4007583036014, 33.7812059998517], [-84.400757322452, 33.7812061342557], [-84.4006811295346, 33.7813285246547], [-84.4005948139974, 33.7813990730148]]]}, "properties": {"OBJECTID_1": 118, "OBJECTID": 123, "Shape_Leng": 684.197557786, "CreationDate": 1628109910586, "Creator": "wsims6_GTFacilities", "EditDate": 1628109910586, "Editor": "wsims6_GTFacilities", "Shape__Area": 1403.6015625, "Shape__Length": 251.45267577335758, "GlobalID": "1bd619c7-923c-4d8c-85a5-c8fe345e58ee"}}, {"type": "Feature", "id": 120, "geometry": {"type": "Polygon", "coordinates": [[[-84.3961697764593, 33.7823887186607], [-84.3961416709348, 33.782354422524], [-84.3961554448372, 33.7823686348844], [-84.3961715271556, 33.782377922639], [-84.3961834318163, 33.7823847981297], [-84.3961976501903, 33.7823883314027], [-84.3962113861233, 33.7823883058522], [-84.3962241676745, 33.7823859089295], [-84.3962355155682, 33.782378769282], [-84.3962411773893, 33.7823704527374], [-84.3962444743883, 33.7823637238917], [-84.3962463763218, 33.7823533612818], [-84.3962433922483, 33.7821948953091], [-84.396272284641, 33.7821946900761], [-84.3962736203332, 33.7821946884925], [-84.3962810891924, 33.7821946782018], [-84.3963044794556, 33.7821946472997], [-84.3963045158496, 33.7822139479794], [-84.3963045692398, 33.7822424490773], [-84.3963045861856, 33.7822516305608], [-84.3963046004107, 33.7822589835005], [-84.3963046309945, 33.7822752979219], [-84.3963046452172, 33.78228264996], [-84.3963046895576, 33.7823065463413], [-84.3963047037828, 33.782313899281], [-84.3963047343643, 33.7823302128005], [-84.3963047492031, 33.7823377956601], [-84.3963030849939, 33.7823716855167], [-84.3963149931323, 33.7823972567273], [-84.3962796149094, 33.7823980664238], [-84.3962734600901, 33.7823988686242], [-84.3962649425568, 33.7824020483666], [-84.3962488640068, 33.782411175041], [-84.3962323050703, 33.7824183243841], [-84.3962166910424, 33.782423890471], [-84.3962024927078, 33.7824278715246], [-84.3961939825554, 33.7824338202193], [-84.3961902178548, 33.7824429230796], [-84.396179602568, 33.7824142306409], [-84.3961697764593, 33.7823887186607]]]}, "properties": {"OBJECTID_1": 120, "OBJECTID": 125, "Shape_Leng": 273.991141301, "CreationDate": 1628109910586, "Creator": "wsims6_GTFacilities", "EditDate": 1628109910586, "Editor": "wsims6_GTFacilities", "Shape__Area": 229.95703125, "Shape__Length": 100.7028438171709, "GlobalID": "66dcbd4d-a3a0-446d-a7e7-7beeb4ef72f3"}}, {"type": "Feature", "id": 121, "geometry": {"type": "Polygon", "coordinates": [[[-84.39486025489, 33.7816707494176], [-84.394858597788, 33.7816704783799], [-84.3948566856067, 33.7816705197853], [-84.3948548931235, 33.7816709090067], [-84.3948532591388, 33.7816716189229], [-84.3948521414061, 33.781672372967], [-84.3948513927868, 33.7816730623113], [-84.394850716895, 33.7816738957854], [-84.3948502256686, 33.7816747379345], [-84.394849883511, 33.7816756023492], [-84.3948497498924, 33.7816761129309], [-84.394849621426, 33.7816773448243], [-84.3948499344663, 33.7817538565797], [-84.3948499361295, 33.7817540765796], [-84.3948186611305, 33.7817539982576], [-84.3948183531689, 33.7816789841356], [-84.3948187472892, 33.7816789843086], [-84.3948178970483, 33.7816621168845], [-84.394816141877, 33.7816566236626], [-84.3948132373465, 33.7816517664265], [-84.3948105102183, 33.7816486580662], [-84.3948069941191, 33.7816456810022], [-84.3948031123549, 33.7816432546215], [-84.3947976683744, 33.7816409131789], [-84.3947919233728, 33.7816394757474], [-84.3947852693936, 33.781638927221], [-84.3947754758628, 33.781638955243], [-84.3947586044274, 33.7816390035604], [-84.3947572644413, 33.7816390114471], [-84.3947579550916, 33.7816115657048], [-84.3947584916056, 33.7816115142206], [-84.3948081999669, 33.7816113718383], [-84.3948122148272, 33.7816106476027], [-84.3948143337294, 33.7816095671135], [-84.394816479378, 33.7816075786118], [-84.394817908355, 33.7816044824038], [-84.3948180355244, 33.7816031684626], [-84.3948180307069, 33.7816001299062], [-84.3948166491901, 33.7815905830703], [-84.3948134719562, 33.7815818339092], [-84.3948128588413, 33.7815810947869], [-84.3948070851661, 33.7815741356958], [-84.3947978428088, 33.7815670135065], [-84.3947886496662, 33.7815625700319], [-84.3947786718925, 33.7815598943422], [-84.3947686892202, 33.78155903639], [-84.3948058088547, 33.7815582482524], [-84.3948113427453, 33.7815582569561], [-84.3948415034089, 33.7815583607835], [-84.3949266026558, 33.7815586551288], [-84.3949516310831, 33.781558741373], [-84.3949341757442, 33.7815613226317], [-84.394920188771, 33.7815659829923], [-84.3949134039779, 33.7815702567464], [-84.3949074071334, 33.7815756425823], [-84.3949031606354, 33.7815810378037], [-84.39490023981, 33.7815863214733], [-84.394897803974, 33.7815937041919], [-84.3948970428006, 33.781601058567], [-84.394897078033, 33.7816094564831], [-84.3948973626492, 33.7816789002464], [-84.3948976714259, 33.7817541956818], [-84.394866571353, 33.78175411795], [-84.3948663945317, 33.7817538099122], [-84.3948660814768, 33.7816772981569], [-84.3948659972535, 33.781676076575], [-84.3948655383745, 33.7816748656041], [-84.3948647228612, 33.7816735389797], [-84.3948636217624, 33.7816724220665], [-84.3948619290711, 33.7816713531331], [-84.39486025489, 33.7816707494176]]]}, "properties": {"OBJECTID_1": 121, "OBJECTID": 126, "Shape_Leng": 329.920385684, "CreationDate": 1628109910586, "Creator": "wsims6_GTFacilities", "EditDate": 1628109910586, "Editor": "wsims6_GTFacilities", "Shape__Area": 252.8984375, "Shape__Length": 121.20067486780184, "GlobalID": "23f8f994-866c-4aab-89bc-ee64691ad667"}}, {"type": "Feature", "id": 122, "geometry": {"type": "Polygon", "coordinates": [[[-84.3960992773928, 33.7835052823721], [-84.39610236909, 33.7830692543633], [-84.3961571142194, 33.7830673997533], [-84.39616969311, 33.7830650924766], [-84.3961705380831, 33.783055186267], [-84.3961685734218, 33.7830290871196], [-84.3961585662731, 33.7830061668233], [-84.3961447848848, 33.7829891864098], [-84.3961177320354, 33.7829682751289], [-84.3960816865479, 33.7829497537069], [-84.3960556102291, 33.7829399155783], [-84.3960300332444, 33.7829395672965], [-84.3959973670484, 33.7829451650493], [-84.3958993744737, 33.7829512556453], [-84.3952409040973, 33.7829525988252], [-84.3952140841197, 33.782948536972], [-84.3951872436483, 33.7829371645629], [-84.3950502052422, 33.782841019128], [-84.3948770238739, 33.7827280290149], [-84.3949304732418, 33.7826749581447], [-84.3949467525899, 33.7826873140134], [-84.3949686076125, 33.7826991185736], [-84.3949860715411, 33.7827009084993], [-84.3950024317138, 33.7826981444212], [-84.3950176916273, 33.7826917379026], [-84.3950343095238, 33.7826794870706], [-84.3950350135169, 33.7826457081085], [-84.3950349671852, 33.7826428977472], [-84.3950437642582, 33.782642898598], [-84.3950437570146, 33.7826784101461], [-84.3950860104132, 33.7826784157932], [-84.3950860135172, 33.7826649424129], [-84.3951141226968, 33.7826649462802], [-84.395114122696, 33.7826677927932], [-84.3951043342773, 33.7827393371041], [-84.3951085880911, 33.7827806041181], [-84.3951102584829, 33.7827915660064], [-84.3951152126461, 33.7828029780511], [-84.3951256416113, 33.782815294234], [-84.3951434904775, 33.7828278464354], [-84.3952190152825, 33.7828809571953], [-84.3952313491728, 33.7828884487118], [-84.3952507754774, 33.7828911807972], [-84.3952611902019, 33.7828891841834], [-84.3952678772641, 33.7828854840421], [-84.3952672403007, 33.7828363515422], [-84.3954904073312, 33.7828373084258], [-84.3956825637094, 33.7828374460573], [-84.3957428670436, 33.7828374531436], [-84.3957420165888, 33.782869246944], [-84.3957413607717, 33.7828881657054], [-84.39575395803, 33.7828931681233], [-84.3958185234295, 33.7828944187519], [-84.3959388833282, 33.7828905398906], [-84.3959711393102, 33.7828813426222], [-84.395989153082, 33.7828657755001], [-84.3959975835355, 33.782852185474], [-84.3960027734126, 33.7828438211286], [-84.3960081765106, 33.7828182258323], [-84.3960056788835, 33.782775261384], [-84.396005308806, 33.7827688892011], [-84.3960068695749, 33.7827382761431], [-84.3960106021626, 33.782701719872], [-84.3960154370968, 33.7826683597087], [-84.3960208487053, 33.7826459625521], [-84.3960295816139, 33.7825923233182], [-84.3960328564963, 33.7825772885082], [-84.3960370741587, 33.7825602746245], [-84.3960375196943, 33.7825499913656], [-84.3960360660117, 33.782537733414], [-84.3960298827151, 33.7825278573994], [-84.3961174606181, 33.782531636606], [-84.3961063099098, 33.782539846136], [-84.3960948251222, 33.7825483024368], [-84.3960880025771, 33.7825538133906], [-84.3960820646341, 33.7825586094933], [-84.3960731068184, 33.7825740497929], [-84.3960636886826, 33.7825946330645], [-84.3960566448664, 33.7826171892429], [-84.3960486677547, 33.7826452841959], [-84.3960435537265, 33.7826812840126], [-84.3960403072841, 33.7827073928501], [-84.3960389548378, 33.7827327065171], [-84.3960376150189, 33.7827631622774], [-84.3960410673403, 33.7828037490995], [-84.3960439712461, 33.782837899151], [-84.3960506433561, 33.7828533112957], [-84.3960596686861, 33.7828631820254], [-84.39607437379, 33.7828718556224], [-84.3960900269503, 33.7828805265535], [-84.3961260661083, 33.782896279916], [-84.3961649641401, 33.7829187506622], [-84.3962062671018, 33.7829550590716], [-84.3962267005764, 33.7829803331142], [-84.3962376431335, 33.782998505373], [-84.3962419588891, 33.7830186672806], [-84.3962434242176, 33.783035275674], [-84.3962538990598, 33.7830452897599], [-84.3962680911978, 33.7830450190066], [-84.3963128195048, 33.7830441531416], [-84.3963116403817, 33.7833390854259], [-84.39625134606, 33.7833413733037], [-84.3962447005867, 33.7833505401315], [-84.396246646091, 33.7834232700027], [-84.396266818027, 33.7834374875756], [-84.3962830334131, 33.7834447670889], [-84.3963167420048, 33.7834465320068], [-84.3963710140107, 33.7834453345839], [-84.396392885783, 33.7834398109274], [-84.3964099299465, 33.7834299106242], [-84.3964151537777, 33.7834193019895], [-84.3964111902796, 33.7834101720365], [-84.3964054880374, 33.7834057961203], [-84.3963831673502, 33.7834065689133], [-84.3963595296227, 33.7834062477462], [-84.3963599743406, 33.7832585537592], [-84.3963599935784, 33.7832520077362], [-84.396404635955, 33.7832504630543], [-84.3964111835396, 33.7832438715157], [-84.3964111601161, 33.7832350993954], [-84.3964058787193, 33.7832241451504], [-84.3963921023507, 33.7832098850375], [-84.3963826160113, 33.7832000665851], [-84.3963755783123, 33.7831872870597], [-84.3963716050706, 33.7831745018295], [-84.3963724348194, 33.7831576880976], [-84.3963750296515, 33.7831459870486], [-84.3963815626991, 33.7831335483308], [-84.3963937881004, 33.7831221945217], [-84.3964082090742, 33.7831133964113], [-84.3964353288655, 33.7831067665686], [-84.3964576456755, 33.7831041670282], [-84.3964865530073, 33.7831110577111], [-84.396502337765, 33.7831212620528], [-84.3965194550827, 33.7831387735962], [-84.396535257427, 33.7831555572492], [-84.3965438589107, 33.7831611422829], [-84.3965492889235, 33.783164668443], [-84.3965663662182, 33.7831671946123], [-84.3965737865695, 33.7831595059329], [-84.3965749921681, 33.783119299062], [-84.3966468005492, 33.7831187513942], [-84.3966887930605, 33.7831184314823], [-84.3966904094868, 33.7831184194526], [-84.396783566129, 33.7831177092841], [-84.396892325539, 33.7831168797709], [-84.3968933087278, 33.7831574477296], [-84.3968990197797, 33.7831651128304], [-84.3969106654443, 33.7831675453961], [-84.396937955936, 33.7831577304927], [-84.3969522341043, 33.7831399737797], [-84.3969549451992, 33.7831273627357], [-84.3969548240395, 33.783118404156], [-84.3969541956134, 33.7830720153774], [-84.3969527423166, 33.78296474234], [-84.3969533632668, 33.7828429290094], [-84.3969797834514, 33.7828045162467], [-84.3969759701239, 33.7827954275067], [-84.3969513401546, 33.7827950776482], [-84.3969526863561, 33.782661022144], [-84.3969532106495, 33.7826087966258], [-84.3969545088389, 33.7825633122106], [-84.3969720295333, 33.7825616971144], [-84.396980541743, 33.782556935837], [-84.396980985067, 33.7825454651044], [-84.3969784327025, 33.7825411257125], [-84.3969709936394, 33.7825284777083], [-84.3969520032601, 33.7825119020286], [-84.3969373823587, 33.7825072650711], [-84.3969335858292, 33.7825060603364], [-84.3968648061957, 33.7824934762813], [-84.396775720492, 33.78247742714], [-84.3967168189642, 33.7824677215871], [-84.3966778576981, 33.7824656013995], [-84.3965999428815, 33.7824646501967], [-84.3965570503765, 33.7824654613511], [-84.3965562061851, 33.7824505847765], [-84.3965548068002, 33.7824259407466], [-84.396553834586, 33.7824088156922], [-84.396564334924, 33.7824069684831], [-84.3965690826757, 33.7824024919558], [-84.3965716575489, 33.782362729748], [-84.3966211103068, 33.7823597135481], [-84.3966824018122, 33.7823643510187], [-84.3966950427828, 33.7823655176351], [-84.3967406308507, 33.7823697245063], [-84.3967931694377, 33.7823751094802], [-84.3967867069904, 33.782413498514], [-84.396787161897, 33.7824200761132], [-84.3967928670253, 33.7824255484151], [-84.3968624867173, 33.7824349210651], [-84.3968716534999, 33.7824254014621], [-84.3968798770974, 33.782390663531], [-84.3969521326908, 33.7824033213384], [-84.3969495857892, 33.7824332969787], [-84.3969491895604, 33.7824486483305], [-84.3969592730236, 33.7824548427915], [-84.3969745920334, 33.7824544490329], [-84.3970034340801, 33.782439035571], [-84.3970441117315, 33.7824183938726], [-84.3970786684222, 33.7824116057398], [-84.3970938411964, 33.7824110418274], [-84.3970946403157, 33.7824739683783], [-84.3970802556947, 33.7824736949885], [-84.3970584964066, 33.7824840189481], [-84.3970410149084, 33.7825002668813], [-84.3970311261835, 33.7825216418532], [-84.3970297454222, 33.7825366731534], [-84.3970326137982, 33.7825457140654], [-84.39704137741, 33.7825493529989], [-84.3970549479591, 33.7825500589024], [-84.3970571348782, 33.7827127000746], [-84.3970595154302, 33.7827843327189], [-84.3970371997021, 33.7827872984364], [-84.3970337603121, 33.7827976927806], [-84.3970394432352, 33.7828077617299], [-84.3970636807486, 33.7828280892871], [-84.3970822014071, 33.7828466431467], [-84.3970415479395, 33.7828759857454], [-84.3970225606464, 33.7828605966449], [-84.3970097726943, 33.7828606205163], [-84.3970022074346, 33.7828653809296], [-84.3970033818193, 33.7829079745422], [-84.3970099635794, 33.7829141755347], [-84.3970270310536, 33.7829130472666], [-84.3970254745612, 33.7831487949809], [-84.3969974633325, 33.7831499436766], [-84.3969904755463, 33.7831554387584], [-84.3969891830646, 33.783163116927], [-84.3969896957182, 33.7831912592069], [-84.3969932610886, 33.7832150101576], [-84.3970022387513, 33.7832308182791], [-84.397009372362, 33.7832418772391], [-84.397013172239, 33.7832519830649], [-84.3970150815318, 33.7832706130229], [-84.3970151293419, 33.7832884710356], [-84.397017559181, 33.7832986614689], [-84.3970237085482, 33.7833066909142], [-84.3970408864295, 33.7833193450768], [-84.3969352227248, 33.7833137825499], [-84.396942220692, 33.7833032093532], [-84.3969435713733, 33.7832962947752], [-84.3969454301474, 33.7832867752806], [-84.3969435344303, 33.7832691776868], [-84.3969266116048, 33.7832469141386], [-84.3969012797325, 33.7832328803194], [-84.3968801979257, 33.7832317475053], [-84.3968689582404, 33.7832329406202], [-84.3968647490016, 33.7832352954704], [-84.3968654929714, 33.7832812999295], [-84.3966097134177, 33.7832814405047], [-84.3965642603579, 33.7832814656857], [-84.3965646212924, 33.7832395427439], [-84.3965541776984, 33.783232355303], [-84.3965373145457, 33.7832323867175], [-84.3965120577565, 33.7832432003804], [-84.3964969387322, 33.7832570706888], [-84.3964898791067, 33.7832740898792], [-84.3964870782861, 33.7832895196414], [-84.3964908873598, 33.7832970269078], [-84.3965008418321, 33.7832997773381], [-84.3965500988845, 33.7832992897601], [-84.3965489493242, 33.7833653252231], [-84.3965003648652, 33.7833657808918], [-84.3964938074099, 33.7833690823285], [-84.3964890091944, 33.7833753045429], [-84.3964899073655, 33.783383709865], [-84.3964934276957, 33.7833906478254], [-84.3965342423585, 33.7834307755232], [-84.3964787489957, 33.7834666978765], [-84.3964485880537, 33.7834821046536], [-84.3964203681559, 33.7834941148963], [-84.3963701988497, 33.7835076546189], [-84.3960992773928, 33.7835052823721]]]}, "properties": {"OBJECTID_1": 122, "OBJECTID": 127, "Shape_Leng": 3573.31985908, "CreationDate": 1628109910586, "Creator": "wsims6_GTFacilities", "EditDate": 1628109910586, "Editor": "wsims6_GTFacilities", "Shape__Area": 6797.1875, "Shape__Length": 1312.2334203747937, "GlobalID": "9683b754-cfe5-4927-9249-de8759758186"}}, {"type": "Feature", "id": 123, "geometry": {"type": "Polygon", "coordinates": [[[-84.396570796237, 33.7811711089309], [-84.3965664257773, 33.7811704750974], [-84.3965585411458, 33.7811712381571], [-84.3965535085381, 33.7811717245061], [-84.3965431278848, 33.781176280954], [-84.3965402513857, 33.7811791174979], [-84.3965363399504, 33.7811829748357], [-84.3965328993501, 33.7811864480944], [-84.3965308880457, 33.7811897996728], [-84.3965256517749, 33.7811985256908], [-84.3965201539075, 33.7812281623942], [-84.3965142136936, 33.7812660202772], [-84.3965127477929, 33.781274671648], [-84.3965121851649, 33.7812799022742], [-84.3965113482023, 33.781342911234], [-84.3965109642856, 33.7813717927454], [-84.3965109975837, 33.7813874922376], [-84.3965125609262, 33.7814027876452], [-84.3965132395362, 33.7814066165964], [-84.3965146288586, 33.7814125486782], [-84.3965195439586, 33.7814254664993], [-84.3965348918552, 33.7814452498968], [-84.3965378705222, 33.7814499356404], [-84.3965405163047, 33.7814540999479], [-84.3964149783493, 33.7814537846324], [-84.3964232300869, 33.7814449168556], [-84.3964411904124, 33.7814256520919], [-84.3964453669999, 33.7814155467209], [-84.3964523694511, 33.7813986006685], [-84.3964524756594, 33.781393894752], [-84.3964529317485, 33.7813350205739], [-84.3964544771565, 33.781306001652], [-84.3964558937687, 33.7812772742031], [-84.3964572539474, 33.7812674436698], [-84.3964604350898, 33.7812444438314], [-84.3964659499332, 33.7812045787652], [-84.3964723213941, 33.781178999672], [-84.3964748941906, 33.7811671607057], [-84.3964774531253, 33.7811553875856], [-84.3964784506197, 33.7811500506564], [-84.3964803981664, 33.7811296994614], [-84.3964816824672, 33.7811039936918], [-84.3964801044616, 33.7810985668856], [-84.3964781668361, 33.7810919063882], [-84.3964745296079, 33.7810844222415], [-84.3964709455779, 33.7810770461938], [-84.3964688176071, 33.7810739097046], [-84.3964562458774, 33.7810593786575], [-84.3964509307135, 33.7810519048478], [-84.3964433350309, 33.7810464378522], [-84.3964365117909, 33.7810415266384], [-84.3964245829686, 33.7810303927153], [-84.3963852580816, 33.7810167995954], [-84.3963660043349, 33.781012227095], [-84.3963585243318, 33.7810104512398], [-84.3963452505617, 33.7810104020106], [-84.3963410534458, 33.7810103863793], [-84.3963270855866, 33.7810136502057], [-84.3962560150159, 33.7810302547235], [-84.3961716819399, 33.781050236207], [-84.3960757501292, 33.7810755670544], [-84.3960698230739, 33.7810771189952], [-84.3960623407769, 33.7810833930706], [-84.3960604332666, 33.7810880166786], [-84.3960569860139, 33.7810930506952], [-84.3960564959851, 33.7811020320547], [-84.3960561294782, 33.7811087437278], [-84.39605634405, 33.781121186119], [-84.3960573326715, 33.7811279024863], [-84.3960604860776, 33.7811382034021], [-84.3960692372147, 33.781166798338], [-84.3960844760017, 33.7812165871523], [-84.3960803076749, 33.7812176534404], [-84.3960700686807, 33.7812202746411], [-84.3960542553706, 33.7812243217958], [-84.3960186901197, 33.7812548438841], [-84.3960060385355, 33.7812666456702], [-84.3959816112051, 33.7812854436119], [-84.3959645344874, 33.7812967640201], [-84.3959464843398, 33.7813086894393], [-84.3959394514247, 33.7813130214165], [-84.3959206533922, 33.781322667945], [-84.3959060024757, 33.7813285540934], [-84.3958866491609, 33.7813348565214], [-84.3958725172175, 33.7813393784049], [-84.3958587162821, 33.7813437193417], [-84.3958369065188, 33.7813496350074], [-84.3958174462178, 33.7813534752132], [-84.3958003316962, 33.781355883746], [-84.3957910331647, 33.7813568838114], [-84.3957768678269, 33.7813585998067], [-84.3957712322256, 33.781358912323], [-84.3957532640996, 33.7813594812619], [-84.3957285593158, 33.7813588589985], [-84.3957183239461, 33.7813583902039], [-84.3956979709542, 33.7813562550004], [-84.3956868055463, 33.7813544372555], [-84.3956757352235, 33.7813522379345], [-84.3956647473958, 33.7813502007567], [-84.3956434373656, 33.7813450900673], [-84.3956158411882, 33.7813384717544], [-84.3956086323768, 33.7813367638763], [-84.3955793876544, 33.7813294345058], [-84.3955549185302, 33.7813240384277], [-84.3955324425242, 33.7812495721477], [-84.3955243255899, 33.7812226783156], [-84.3955178775838, 33.7812013148226], [-84.3955023899743, 33.7811500053129], [-84.3955662636245, 33.7811380932483], [-84.3956243889847, 33.7811287822607], [-84.3956314972661, 33.7811247738542], [-84.3956354918333, 33.7811225213303], [-84.395643170781, 33.7811170953699], [-84.3956453450314, 33.7811132881696], [-84.3956529758658, 33.7810999268633], [-84.3956561331936, 33.7810958960323], [-84.3956602784031, 33.781090606466], [-84.3956663388825, 33.7810856298249], [-84.3956728750448, 33.7810820895332], [-84.3956792605645, 33.7810783412393], [-84.3956863698426, 33.7810755212045], [-84.3956970450783, 33.7810660106086], [-84.3958076803604, 33.7810415309624], [-84.3958287093468, 33.7810437144835], [-84.3958336000319, 33.7810434574471], [-84.3958443036973, 33.7810446286507], [-84.3958572402942, 33.7810474069574], [-84.3958683132198, 33.7810497856861], [-84.3958914337934, 33.781057262514], [-84.3959023443562, 33.7810582755392], [-84.3959065948888, 33.7810572650068], [-84.3959360216491, 33.7810502685235], [-84.3960274595039, 33.7810285996291], [-84.3961853368829, 33.7809911860006], [-84.396217134418, 33.7809836503615], [-84.3962243743313, 33.7809800239762], [-84.3962298350259, 33.7809781086284], [-84.3962333482193, 33.7809739175283], [-84.3962364071967, 33.7809702691656], [-84.3962369489985, 33.7809608693427], [-84.3962375465311, 33.7809505037474], [-84.3962359991387, 33.7809460218116], [-84.396230670622, 33.7809408183755], [-84.3962225209578, 33.7809369393033], [-84.3962168485933, 33.7809351979462], [-84.3962099459045, 33.7809336869953], [-84.3961591825317, 33.7809227217538], [-84.3961301183447, 33.780916246943], [-84.396119483843, 33.7809138782424], [-84.396111953303, 33.7809137966693], [-84.3961044721965, 33.7809140314835], [-84.3960703661669, 33.7809151020357], [-84.3960328903004, 33.7809166260612], [-84.3960283903036, 33.7809168093456], [-84.3960130516402, 33.7809202614245], [-84.3960222713859, 33.7809476508875], [-84.3959813461184, 33.7809513822397], [-84.3959573910676, 33.7808758918006], [-84.3959455812668, 33.78081578531], [-84.3959831348343, 33.7808085888772], [-84.3959869708412, 33.7808137004243], [-84.3959965110121, 33.7808264122112], [-84.3960041649347, 33.7808371384596], [-84.3960072713169, 33.7808407410958], [-84.3960110610528, 33.7808446959093], [-84.3960191576895, 33.7808485372248], [-84.3960279941905, 33.7808516513352], [-84.3960336326494, 33.7808536389149], [-84.3960418736387, 33.7808565431447], [-84.396046708565, 33.7808572464623], [-84.3961625718539, 33.780874110124], [-84.3962336062216, 33.7808844497787], [-84.3962420086065, 33.7808855179324], [-84.396250341695, 33.7808873237654], [-84.3962562458702, 33.7808893433], [-84.39627879911, 33.7808970582454], [-84.3962944268624, 33.7809024048123], [-84.3963317531586, 33.7809168564467], [-84.3964207710012, 33.78096838152], [-84.3964411183556, 33.7809801597774], [-84.3964567339961, 33.7809898568145], [-84.3964637423712, 33.7809941455429], [-84.3964714260875, 33.7810006366495], [-84.396482427388, 33.7810093450498], [-84.3964950701745, 33.7810193523765], [-84.3965029247402, 33.7810267421095], [-84.3965066768067, 33.7810307312404], [-84.3965095129267, 33.781035012409], [-84.3965150176891, 33.781043127839], [-84.3965296670531, 33.7810686263048], [-84.3965339423173, 33.7810760677854], [-84.3965409001004, 33.7810868782486], [-84.3965486392139, 33.7810987412864], [-84.3965526276036, 33.7811022692318], [-84.3965558150672, 33.7811050881678], [-84.3965600649437, 33.7811074714301], [-84.3965692938391, 33.7811127523406], [-84.3965764475033, 33.7811160471719], [-84.3965835855616, 33.7811195629366], [-84.3965917034153, 33.7811216270197], [-84.3966066635619, 33.7811272407778], [-84.3966247432502, 33.781132882082], [-84.3966288071188, 33.781134348709], [-84.396792543454, 33.781137779016], [-84.3968075615699, 33.7810520210879], [-84.3967146132133, 33.7810502378151], [-84.3967161120368, 33.7809957518302], [-84.3968391562016, 33.7809981119297], [-84.3968404837203, 33.7809498521659], [-84.3967439256134, 33.7809479999091], [-84.3967431400038, 33.7808888106599], [-84.3968737878995, 33.7808904153908], [-84.3968724173923, 33.7809298642974], [-84.3968513896861, 33.7810710462379], [-84.3968384807194, 33.7811322969575], [-84.3968557381842, 33.7811316850055], [-84.3968553092194, 33.7811771849401], [-84.3968544052901, 33.7812727860215], [-84.3968537751741, 33.7813395616969], [-84.3968537144108, 33.781385464883], [-84.3968535429665, 33.7814069470473], [-84.3968066638691, 33.7814075394092], [-84.3967813277697, 33.7814086722459], [-84.3967763786627, 33.7814088933628], [-84.3967709016076, 33.7814091380053], [-84.3967697964023, 33.7814125501117], [-84.3967682146287, 33.7814174327985], [-84.3967689355328, 33.7814261711613], [-84.3967702305654, 33.781446501887], [-84.3967711523405, 33.7814544446185], [-84.396706775477, 33.7814542508696], [-84.3967173498665, 33.7814462208858], [-84.3967205269318, 33.7814265661758], [-84.3967200164468, 33.7814193899824], [-84.3967196798617, 33.7814146578417], [-84.3967117553485, 33.7814077812932], [-84.3966274524686, 33.7814064335658], [-84.3965844873842, 33.7814057472209], [-84.3965842682822, 33.7813944670684], [-84.3965837160855, 33.7813874361179], [-84.39658341718, 33.7813778097428], [-84.3965832979104, 33.7813739878647], [-84.3965807948282, 33.7813706951891], [-84.3965700201864, 33.7813704591943], [-84.3965694513367, 33.7813458794334], [-84.3965697418822, 33.7813378289484], [-84.3965700787268, 33.7813285169667], [-84.3965674436714, 33.7813231128691], [-84.3965672011705, 33.7813180271052], [-84.3965668624159, 33.7813035886906], [-84.3965651530713, 33.781281743058], [-84.3965657244401, 33.7812749354269], [-84.3965676320007, 33.7812675103802], [-84.3965687399978, 33.7812627160387], [-84.3965705693151, 33.7812595496374], [-84.396574683671, 33.7812524297457], [-84.3965829246083, 33.7812464030817], [-84.3965926042325, 33.7812393242144], [-84.3965961993351, 33.7812366946119], [-84.3966002099106, 33.7812335710318], [-84.3966036000456, 33.7812298003202], [-84.3966060922138, 33.7812269897372], [-84.3966086565094, 33.7812240978712], [-84.3966109099863, 33.7812172239899], [-84.3966114999564, 33.781212125855], [-84.3966121923197, 33.7812061502225], [-84.3966113415104, 33.7812021295409], [-84.3966100160894, 33.7811954633967], [-84.3966079142357, 33.7811911934854], [-84.3966047633605, 33.7811863097008], [-84.3966017241622, 33.7811815979235], [-84.3965953745998, 33.7811773737961], [-84.3965900117009, 33.7811754804023], [-84.396583680409, 33.7811732443816], [-84.396575840735, 33.7811718397885], [-84.396570796237, 33.7811711089309]], [[-84.3957040184186, 33.7813054113735], [-84.3957333993573, 33.7813071231731], [-84.3957744817593, 33.7813059703344], [-84.3957948091627, 33.7813037713343], [-84.3958336341017, 33.7812962633199], [-84.3958718936982, 33.7812852822804], [-84.3958908073936, 33.7812785217307], [-84.3959088268792, 33.7812704879042], [-84.3959452630774, 33.7812478915488], [-84.3959064005555, 33.7811342817308], [-84.3959012529499, 33.7811268643902], [-84.3958949803704, 33.7811219349921], [-84.3958875196065, 33.7811192745526], [-84.3958722666279, 33.7811180216375], [-84.3956853402703, 33.7811617273068], [-84.395675840121, 33.7811672955039], [-84.3956701537139, 33.7811724508798], [-84.3956666884822, 33.7811788536259], [-84.395665139972, 33.7811865196352], [-84.3957040184186, 33.7813054113735]]]}, "properties": {"OBJECTID_1": 123, "OBJECTID": 128, "Shape_Leng": 2311.92569886, "CreationDate": 1628109910586, "Creator": "wsims6_GTFacilities", "EditDate": 1628109910586, "Editor": "wsims6_GTFacilities", "Shape__Area": 4122.41015625, "Shape__Length": 848.8412335826578, "GlobalID": "ca3c5684-7035-432f-8bba-da35e1f0504a"}}, {"type": "Feature", "id": 124, "geometry": {"type": "Polygon", "coordinates": [[[-84.3915648320398, 33.7790677133256], [-84.3915263117415, 33.7790676013865], [-84.3914678465111, 33.7790683814372], [-84.3914685216523, 33.779033776612], [-84.3914691082674, 33.7789863639829], [-84.3914714336448, 33.7788456831178], [-84.3914741375565, 33.7786820977977], [-84.3914753746516, 33.7785832041639], [-84.3914781275183, 33.7783631401703], [-84.3914826830857, 33.778364023605], [-84.3915127643706, 33.7783643429864], [-84.3915410921135, 33.7783646448178], [-84.3916530444533, 33.778368619922], [-84.3916583779642, 33.7783688797922], [-84.3916700525075, 33.7783694472856], [-84.3916777292674, 33.7783660728318], [-84.3916939755506, 33.7783592555724], [-84.3917010154652, 33.7783534811792], [-84.3917095054699, 33.7783460559214], [-84.3917153695556, 33.778336981822], [-84.391718947917, 33.7783271139288], [-84.3917201130805, 33.7783168401847], [-84.3917201990917, 33.7782745868131], [-84.3917197789725, 33.778267116491], [-84.3917192705055, 33.7782580675374], [-84.3917189388271, 33.7782534498808], [-84.3917177196773, 33.7782492729472], [-84.3917160320337, 33.7782434874192], [-84.3917103910614, 33.7782325904221], [-84.3917025359682, 33.7782226793613], [-84.3916956261027, 33.7782154201382], [-84.3916911599365, 33.7782115610966], [-84.391683089201, 33.7782071333735], [-84.3916585308336, 33.7782006222384], [-84.3918556574223, 33.7782035428959], [-84.3918399987189, 33.7782058824024], [-84.3918299541041, 33.7782092521702], [-84.3918169967952, 33.7782165034532], [-84.3918077166362, 33.7782248273037], [-84.391804404092, 33.7782285761044], [-84.3918004899459, 33.778237205743], [-84.3918003322812, 33.7782433877566], [-84.3917995125616, 33.7782755042921], [-84.3917983030305, 33.7783228819981], [-84.391798157749, 33.7783449411784], [-84.3917981246288, 33.7783500283592], [-84.3917980852391, 33.77835602081], [-84.3917987797769, 33.7783594241808], [-84.3918008026494, 33.7783629252116], [-84.3918074318809, 33.7783660869324], [-84.3918146403774, 33.7783686236529], [-84.3918215759018, 33.7783683486186], [-84.3918525514883, 33.7783671226573], [-84.3918519524663, 33.7784559265495], [-84.3918506375026, 33.7786507479801], [-84.3918502460302, 33.7787086969612], [-84.3918037159443, 33.778710078433], [-84.3917941102138, 33.7787103637475], [-84.3917901308345, 33.7787142904878], [-84.3917896642836, 33.7787328247939], [-84.3917894266364, 33.778742278146], [-84.3917965893898, 33.7787475415461], [-84.3918070101226, 33.7787475892574], [-84.3918496659127, 33.7787477837283], [-84.3918489009124, 33.7787599556216], [-84.3918456524663, 33.7790704480784], [-84.391743842601, 33.7790694562523], [-84.3917304177538, 33.7790693256528], [-84.3916919140423, 33.7790689504528], [-84.3915648320398, 33.7790677133256]], [[-84.3917024284428, 33.7789912557749], [-84.3916970797504, 33.77898933419], [-84.3916476596144, 33.7789897011049], [-84.3916529754228, 33.7787362091158], [-84.3916924283159, 33.7787362616095], [-84.3917047270278, 33.7787343619434], [-84.3917075840055, 33.7787318753875], [-84.3917103417161, 33.7787256994529], [-84.3917064213189, 33.7787170868098], [-84.3917006098409, 33.7787140822833], [-84.3916911015498, 33.778713642484], [-84.3916532206461, 33.7787118893134], [-84.3916566384265, 33.77844194833], [-84.3917011424229, 33.7784429085921], [-84.391707297289, 33.7784430416328], [-84.3917176923969, 33.778439085162], [-84.3917200645567, 33.7784328810772], [-84.3917166505574, 33.7784271536984], [-84.3917103710099, 33.778423934531], [-84.3915674047963, 33.7784218589803], [-84.3915630241244, 33.7784217948316], [-84.3915542284342, 33.778425050496], [-84.3915526981725, 33.7784332105299], [-84.3915566576127, 33.7784377683783], [-84.3915630766136, 33.7784389874354], [-84.3915690381973, 33.7784391172286], [-84.3916149999419, 33.7784401163411], [-84.3916101427295, 33.7787112952106], [-84.3915604468243, 33.7787106085618], [-84.3915516196619, 33.7787125749211], [-84.3915497606425, 33.7787159946679], [-84.3915479306321, 33.778719359361], [-84.3915467617891, 33.7787228635071], [-84.3915483535733, 33.7787262616374], [-84.3915499877125, 33.7787297534623], [-84.3915529300384, 33.7787326550262], [-84.3915620298941, 33.7787338087872], [-84.3915723225181, 33.7787340028193], [-84.3916098119831, 33.778734708107], [-84.3916053983314, 33.7789892921539], [-84.3915594035704, 33.7789889927806], [-84.3915551590136, 33.7789889653514], [-84.391545232451, 33.7789933384192], [-84.3915418524259, 33.7789993766295], [-84.39154679868, 33.7790084409389], [-84.391552822361, 33.7790095930928], [-84.3915580092204, 33.7790111516131], [-84.3916924718527, 33.779012221107], [-84.3916986169051, 33.77901230187], [-84.391706689467, 33.7790074894597], [-84.3917092502807, 33.779003641048], [-84.3917084163041, 33.7789964645183], [-84.3917024284428, 33.7789912557749]]]}, "properties": {"OBJECTID_1": 124, "OBJECTID": 129, "Shape_Leng": 1599.90998069, "CreationDate": 1628109910586, "Creator": "wsims6_GTFacilities", "EditDate": 1628109910586, "Editor": "wsims6_GTFacilities", "Shape__Area": 3646.5859375, "Shape__Length": 587.9080541796599, "GlobalID": "0d45de95-853d-4070-94c3-af732439e98b"}}, {"type": "Feature", "id": 125, "geometry": {"type": "Polygon", "coordinates": [[[-84.3915591906343, 33.7780592899325], [-84.3914900839725, 33.7780566694183], [-84.3914727687164, 33.7776592220858], [-84.3915932268103, 33.7776568016619], [-84.391668932537, 33.7776594497604], [-84.3916674415188, 33.7778275637011], [-84.391669241404, 33.7780584013709], [-84.391610187607, 33.7780584630424], [-84.3916097849952, 33.7780771009233], [-84.3916136355036, 33.7780916240267], [-84.3915520905432, 33.7780895469845], [-84.3915576070787, 33.7780796944983], [-84.3915591906343, 33.7780592899325]]]}, "properties": {"OBJECTID_1": 125, "OBJECTID": 130, "Shape_Leng": 430.794564633, "CreationDate": 1628109910586, "Creator": "wsims6_GTFacilities", "EditDate": 1628109910586, "Editor": "wsims6_GTFacilities", "Shape__Area": 1140.453125, "Shape__Length": 158.35676083341554, "GlobalID": "d75c7c99-c41a-463a-aa27-836059636908"}}, {"type": "Feature", "id": 130, "geometry": {"type": "Polygon", "coordinates": [[[-84.3976591840758, 33.778037387806], [-84.397597750031, 33.7780364433413], [-84.3975762183683, 33.7780365954363], [-84.3975798971217, 33.7778998169794], [-84.3976096706281, 33.7778997675769], [-84.3976451846712, 33.7778995676669], [-84.397659583776, 33.7778994875182], [-84.3976782486071, 33.7779021115515], [-84.397685039452, 33.7779030663118], [-84.397692154706, 33.7779058120466], [-84.3977005416753, 33.7779120988922], [-84.3977107527513, 33.7779197546362], [-84.3977178817002, 33.7779227744461], [-84.3977218747784, 33.7779244665837], [-84.3977320054564, 33.7779246973733], [-84.3977380847266, 33.7779248356646], [-84.3977428679286, 33.7779244272766], [-84.3977474453211, 33.777923370986], [-84.3977519978094, 33.7779214843205], [-84.3977571770694, 33.777918185396], [-84.397764115453, 33.7779161815558], [-84.3977385044916, 33.7779906897284], [-84.3977312825682, 33.7779852157975], [-84.3977211113863, 33.7779803578063], [-84.3977100877809, 33.7779789276873], [-84.3977046846156, 33.7779788620643], [-84.397699393796, 33.7779768053833], [-84.3976932596132, 33.7779771279369], [-84.3976863435997, 33.7779786186914], [-84.3976776126867, 33.7779825725491], [-84.3976732548465, 33.7779857779642], [-84.3976686265036, 33.7779907826809], [-84.3976646115844, 33.7779986535022], [-84.3976591840758, 33.778037387806]]]}, "properties": {"OBJECTID_1": 130, "OBJECTID": 135, "Shape_Leng": 204.363695502, "CreationDate": 1628109910586, "Creator": "wsims6_GTFacilities", "EditDate": 1628109910586, "Editor": "wsims6_GTFacilities", "Shape__Area": 263.8515625, "Shape__Length": 75.04772044067339, "GlobalID": "edfdd7bb-e669-420b-96c3-bc61b5e82e56"}}, {"type": "Feature", "id": 131, "geometry": {"type": "Polygon", "coordinates": [[[-84.3978602631416, 33.7760326433585], [-84.3978609431977, 33.7759718923686], [-84.3978899613142, 33.7759718407085], [-84.3979585365175, 33.7759717122067], [-84.3980462818544, 33.7759715477268], [-84.3980511687899, 33.7759619738382], [-84.3980515070208, 33.7759500308211], [-84.3981566643591, 33.7759509083849], [-84.3981558342681, 33.7759855063353], [-84.3981566227354, 33.7760301672939], [-84.3981024148025, 33.7760309578257], [-84.3980867386329, 33.7760302045886], [-84.3980194979018, 33.7760315370706], [-84.3979114995201, 33.7760321812926], [-84.3978602631416, 33.7760326433585]]]}, "properties": {"OBJECTID_1": 131, "OBJECTID": 136, "Shape_Leng": 237.428109205, "CreationDate": 1628109910586, "Creator": "wsims6_GTFacilities", "EditDate": 1628109910586, "Editor": "wsims6_GTFacilities", "Shape__Area": 296.76953125, "Shape__Length": 87.08093959320941, "GlobalID": "552bc6d9-a18b-41f6-af54-e44cab174e59"}}, {"type": "Feature", "id": 132, "geometry": {"type": "Polygon", "coordinates": [[[-84.3996997040401, 33.7798521793534], [-84.3997024024854, 33.7797150709246], [-84.3997027688985, 33.7796861037742], [-84.3998625468375, 33.7796841311868], [-84.3998873654825, 33.7796827101678], [-84.399886949493, 33.7797232419953], [-84.3998864495562, 33.779771842861], [-84.3998623329153, 33.7797713411338], [-84.3998442086153, 33.7797683350127], [-84.399831346408, 33.7797698740903], [-84.399820659349, 33.7797743944253], [-84.3998178001274, 33.7797795653892], [-84.3998149914095, 33.7797846460923], [-84.3998120615072, 33.7800395079438], [-84.3997126072749, 33.7800392152212], [-84.3996983074145, 33.7800389933696], [-84.3996981603086, 33.780016171044], [-84.3996997816167, 33.7798808255783], [-84.3996997040401, 33.7798521793534]]]}, "properties": {"OBJECTID_1": 132, "OBJECTID": 137, "Shape_Leng": 368.910198731, "CreationDate": 1628109910586, "Creator": "wsims6_GTFacilities", "EditDate": 1628109910586, "Editor": "wsims6_GTFacilities", "Shape__Area": 694.328125, "Shape__Length": 135.59537333446363, "GlobalID": "80ae2807-c912-4e49-a56a-3f10a59ce321"}}, {"type": "Feature", "id": 136, "geometry": {"type": "Polygon", "coordinates": [[[-84.4062656301451, 33.7814607729396], [-84.4062675012865, 33.781175332693], [-84.4062675457911, 33.7811684367782], [-84.4062609843116, 33.7811604031828], [-84.4062531465283, 33.7811593454352], [-84.4062458406683, 33.7811593055204], [-84.4062249068448, 33.7811592154213], [-84.4062192206869, 33.7811591903936], [-84.406200573003, 33.7811591932307], [-84.4062033590097, 33.780986268252], [-84.4062502186259, 33.7809861574472], [-84.4062566410647, 33.780986142273], [-84.4062607013634, 33.780985107409], [-84.4062672616782, 33.7809795432049], [-84.4062682377739, 33.7809737202494], [-84.4062683377503, 33.7809514582865], [-84.406268398615, 33.780938028975], [-84.4062659633494, 33.7809351772722], [-84.4062622682048, 33.7809308511109], [-84.4062543064606, 33.7809294744196], [-84.4062487066513, 33.7809294320941], [-84.4062046294752, 33.7809290974915], [-84.4062031785822, 33.780855127037], [-84.4062477869118, 33.7808550539644], [-84.4062555018335, 33.7808550416908], [-84.4062618471682, 33.780853320742], [-84.4062654982161, 33.7808499550022], [-84.4062682717409, 33.780843993309], [-84.4062686091306, 33.7808360301718], [-84.4062706159553, 33.7807885543371], [-84.4062709624725, 33.7807803792941], [-84.4062713035812, 33.780776854077], [-84.4062712522297, 33.7806513876004], [-84.4063391044459, 33.7806500945098], [-84.4063412457445, 33.7806869651828], [-84.4063488620608, 33.7806914856958], [-84.4063781990349, 33.7806936972664], [-84.4064210497916, 33.7806991835205], [-84.4064325680957, 33.780700884197], [-84.4064425503404, 33.7807023588376], [-84.4064699791655, 33.7807075964289], [-84.4064746808184, 33.7807084943535], [-84.4064862126199, 33.7807080634952], [-84.4064961400447, 33.780704977686], [-84.4065029456929, 33.7807006698943], [-84.4065081172046, 33.7806946521409], [-84.4065099943003, 33.7806913304159], [-84.4065119581236, 33.7806881329503], [-84.4065149523122, 33.780682319595], [-84.4070577848532, 33.7806969520704], [-84.4070623018629, 33.7806970740105], [-84.4070730192617, 33.7806984849541], [-84.407080552949, 33.7807000833312], [-84.4070871416543, 33.7807020018318], [-84.4070947225806, 33.7807038895461], [-84.4071017180475, 33.7807068558738], [-84.4071158088199, 33.7807129668605], [-84.4071196545541, 33.7807151422647], [-84.4071349279768, 33.7807256113301], [-84.4071485329472, 33.7807387083518], [-84.4071563919588, 33.7807496895747], [-84.407162443432, 33.7807614407233], [-84.4071665788229, 33.7807737591378], [-84.4071682911649, 33.7807864465416], [-84.4071694654114, 33.7807951379743], [-84.4071682697114, 33.780799632331], [-84.407188983985, 33.7808135323884], [-84.4072140871211, 33.7808303767948], [-84.407228459253, 33.7808397890667], [-84.4072235199893, 33.7811864844808], [-84.4071763237365, 33.7812002446053], [-84.4071642113174, 33.7812042823628], [-84.4071605962958, 33.7812116450783], [-84.4071583798082, 33.7812264292638], [-84.4071545182279, 33.781236750777], [-84.4071490560499, 33.7812465533534], [-84.4071420878222, 33.7812556681995], [-84.4071260607047, 33.7812695713339], [-84.4071135052366, 33.7812773554087], [-84.4070986704686, 33.7812832459474], [-84.4070895361263, 33.7812853772144], [-84.4070795018378, 33.7812877185155], [-84.4070527314533, 33.7812905973435], [-84.4070350601053, 33.78129068857], [-84.4070232824162, 33.7812897079729], [-84.4070119538106, 33.7812871441023], [-84.4070012162627, 33.7812831842251], [-84.4069878771909, 33.7812752341972], [-84.4069830161645, 33.781271024838], [-84.4069748938924, 33.7812639924482], [-84.4069687471569, 33.7812556379968], [-84.4069641771662, 33.781246607843], [-84.4069612903066, 33.781237105553], [-84.4069593396072, 33.7812187084544], [-84.4069551112583, 33.7811943657948], [-84.4069523384172, 33.781188185867], [-84.4069504024754, 33.7811851258259], [-84.4069481823832, 33.7811816182174], [-84.4069393713625, 33.7811788880424], [-84.4069348793033, 33.7811788165417], [-84.4069247646125, 33.7811786559048], [-84.4068229125347, 33.7811808900929], [-84.4067581100847, 33.7811805689711], [-84.4067585288611, 33.7811479996139], [-84.4067936644884, 33.7811483135488], [-84.4068034439457, 33.7811533248306], [-84.4068840983244, 33.7811527981758], [-84.4069322588694, 33.7811525844961], [-84.4069445335398, 33.7811490342387], [-84.4069537080575, 33.7811427336691], [-84.4069565544308, 33.7811358061505], [-84.4069579016458, 33.7811310437106], [-84.4069581580192, 33.7810987316395], [-84.4069582903627, 33.781094310586], [-84.4069584196481, 33.7810899544573], [-84.4069546892944, 33.781084634766], [-84.4069515790429, 33.7810802001901], [-84.4069284166388, 33.7810781949343], [-84.406794544354, 33.7810797746248], [-84.4067954242186, 33.7810112357], [-84.4068630212523, 33.781007782461], [-84.4068703952053, 33.7810078510596], [-84.4068774972685, 33.7810064486923], [-84.4068850154996, 33.7810059832317], [-84.4068923748329, 33.7810023623008], [-84.4069006970824, 33.7809982688329], [-84.4069082886691, 33.7809931380848], [-84.4069139085313, 33.7809864386951], [-84.4069178665953, 33.7809789553991], [-84.4069200114325, 33.7809709815283], [-84.4069200674544, 33.7809628151642], [-84.406919453387, 33.7809579032623], [-84.4069185041792, 33.7809520705254], [-84.4069167441858, 33.7809412541374], [-84.4069112552817, 33.780931432317], [-84.406904696662, 33.7809221175037], [-84.4068964584964, 33.7809137824478], [-84.4068867497762, 33.7809066404336], [-84.4068758128522, 33.7809008641061], [-84.406863921322, 33.7808966026064], [-84.4068513414442, 33.7808940835339], [-84.4068436892517, 33.7808933599752], [-84.4068385193368, 33.7808933691356], [-84.4064582488957, 33.7808940870121], [-84.4064220121934, 33.7808934523296], [-84.4064150419367, 33.7808933306241], [-84.4064074514719, 33.7808942208741], [-84.4063978711709, 33.7808967262401], [-84.4063847673573, 33.7809003150216], [-84.4063730040975, 33.7809064303294], [-84.4063642100213, 33.7809132548782], [-84.4063579846214, 33.7809200446826], [-84.4063503049081, 33.780932698946], [-84.4063488031415, 33.7809393587539], [-84.4063465035302, 33.7809495455677], [-84.4063464586624, 33.7810660128441], [-84.4063464561437, 33.7810713109515], [-84.4063464531544, 33.7810799289396], [-84.4063503834983, 33.7810849579293], [-84.4063920735516, 33.7811217869412], [-84.4063912945693, 33.7811824686782], [-84.4063906842257, 33.7812300427838], [-84.4063597828924, 33.781259378522], [-84.4063524240033, 33.7812658883107], [-84.406347891848, 33.7812711934125], [-84.406345492373, 33.7812784816112], [-84.4063444882083, 33.7812854686532], [-84.4063428033625, 33.7814601560187], [-84.4063437647666, 33.7814723174254], [-84.4063516237981, 33.7814961102594], [-84.4062512307956, 33.7814966523499], [-84.4062656213914, 33.7814719768738], [-84.4062654782959, 33.7814678962785], [-84.4062656301451, 33.7814607729396]], [[-84.4064118874754, 33.7807431892795], [-84.4064005386318, 33.7807422429539], [-84.4063814774746, 33.7807426289216], [-84.4063567608069, 33.7807431286596], [-84.4063499883031, 33.7807449965106], [-84.4063352772551, 33.7807534239642], [-84.4063307646926, 33.7807614898839], [-84.4063274173192, 33.7807707617532], [-84.4063238587162, 33.7807821177486], [-84.4063225186258, 33.7807886735524], [-84.4063214458945, 33.7807950773596], [-84.4063222015153, 33.7808105067516], [-84.4063224025914, 33.7808202847689], [-84.4063258214344, 33.7808327957534], [-84.4063309288051, 33.7808432846613], [-84.4063381984482, 33.7808493269339], [-84.4063486084296, 33.7808539502191], [-84.4063609450037, 33.7808563489942], [-84.4063754460098, 33.7808543020298], [-84.4063877197783, 33.7808465591512], [-84.4063928433235, 33.7808415342139], [-84.4063954212685, 33.7808378504688], [-84.4064364381972, 33.780779236483], [-84.4064388849275, 33.7807757396337], [-84.4064392340717, 33.7807685131222], [-84.4064368403308, 33.7807639013188], [-84.4064293218483, 33.7807526443847], [-84.4064234768326, 33.7807479121538], [-84.4064118874754, 33.7807431892795]], [[-84.4065835120112, 33.7807473261165], [-84.406580644789, 33.7807448458384], [-84.4065769960879, 33.7807416890377], [-84.4065727332974, 33.7807398011525], [-84.4065647901702, 33.7807408372637], [-84.4065601466956, 33.7807414431837], [-84.4065557817481, 33.7807459031213], [-84.40654875519, 33.7807530813013], [-84.4065088774714, 33.7808000609076], [-84.4064998479802, 33.780813454453], [-84.4064986748928, 33.7808260744403], [-84.4065011171044, 33.7808349031711], [-84.4065035515762, 33.7808409548309], [-84.4065105241991, 33.7808485124447], [-84.4065187036718, 33.7808555627876], [-84.4065280791155, 33.780857815824], [-84.4065374433043, 33.7808560312874], [-84.4065470960834, 33.7808497036701], [-84.4065907853082, 33.7808019204833], [-84.4065628555951, 33.7807843475005], [-84.4065851640075, 33.7807581517362], [-84.4065840564465, 33.7807508946953], [-84.4065835120112, 33.7807473261165]], [[-84.4069196154096, 33.7808063281635], [-84.4069226176587, 33.7807921952469], [-84.4069222765267, 33.7807806205125], [-84.4069186040236, 33.780759662468], [-84.4069177262188, 33.7807546518978], [-84.4069154353156, 33.7807516890236], [-84.4069116662954, 33.7807487569784], [-84.4069052252406, 33.7807459653825], [-84.4068911410287, 33.7807472289646], [-84.4068813681443, 33.7807596420867], [-84.4068531910663, 33.780795432978], [-84.4068823776086, 33.7808129754972], [-84.4068746599638, 33.7808259355269], [-84.4068671282426, 33.7808385823212], [-84.4068652893771, 33.7808416704494], [-84.4068626170946, 33.7808498464143], [-84.4068662577364, 33.7808551392338], [-84.406878057121, 33.7808596587849], [-84.4068841016402, 33.7808596470186], [-84.4068898318487, 33.7808553458075], [-84.40689676012, 33.7808470046695], [-84.4069039840053, 33.7808366432569], [-84.4069154084803, 33.7808151698311], [-84.4069196154096, 33.7808063281635]], [[-84.4070126493986, 33.7807456326774], [-84.4070081643851, 33.7807461427307], [-84.4070043433476, 33.7807481698714], [-84.4069995894873, 33.7807513917132], [-84.4069972932526, 33.780756572565], [-84.4070000805113, 33.7807636658369], [-84.4070015866958, 33.7807674985278], [-84.4070043624079, 33.7807700709428], [-84.407008877209, 33.7807732666182], [-84.4070326588739, 33.7807832295284], [-84.407054144956, 33.7807924196824], [-84.4070604059386, 33.780782156613], [-84.4070630360907, 33.7807778461047], [-84.4070924052038, 33.7807892245307], [-84.4070987059983, 33.7807916656477], [-84.4071040769534, 33.780791345015], [-84.4071085421359, 33.7807910793444], [-84.4071154152107, 33.7807865658111], [-84.4071179507153, 33.7807820030237], [-84.4071179760609, 33.780776003387], [-84.4071132708922, 33.7807699868199], [-84.4070939138587, 33.780756454684], [-84.4070895962498, 33.7807535011717], [-84.4070832552038, 33.7807505651261], [-84.4070778104478, 33.7807480447986], [-84.4070698620815, 33.7807472037146], [-84.4070623941803, 33.7807467376826], [-84.4070424225435, 33.7807454926357], [-84.4070221224359, 33.7807445547866], [-84.4070176061196, 33.7807450685078], [-84.4070126493986, 33.7807456326774]], [[-84.4070686613313, 33.7812074872713], [-84.407065767869, 33.7812149495632], [-84.4070406584106, 33.7812109464561], [-84.4070338763288, 33.7812105530221], [-84.4070281655562, 33.7812102215182], [-84.4070214239156, 33.7812119360651], [-84.4070156992009, 33.7812155042291], [-84.4070142089558, 33.7812251124215], [-84.4070154859202, 33.7812284451421], [-84.4070201400295, 33.7812335709806], [-84.4070297171754, 33.7812388197726], [-84.4070401508143, 33.7812445375574], [-84.4070485370894, 33.7812467365784], [-84.4070599810713, 33.7812476988885], [-84.4070755322063, 33.7812450718377], [-84.4070812644405, 33.7812422628466], [-84.4070904603166, 33.7812378097085], [-84.4070977261335, 33.7812312450565], [-84.4071003323861, 33.7812268786919], [-84.4071025087467, 33.7812232344858], [-84.4071081608574, 33.7812153241072], [-84.4071101150285, 33.7812044256485], [-84.4071051715484, 33.7811977585537], [-84.4071003346391, 33.7811948385133], [-84.4070962491079, 33.7811937987548], [-84.4070824246527, 33.7811902821997], [-84.4070754897352, 33.7811885185559], [-84.4070708524613, 33.7812013995622], [-84.4070686613313, 33.7812074872713]], [[-84.4063080518035, 33.7813046859795], [-84.4063031290682, 33.7813042843862], [-84.4062999360058, 33.7813065510264], [-84.4062989667062, 33.7813121007683], [-84.4062974024134, 33.7813688167629], [-84.4062998700781, 33.7813712779869], [-84.4063033236361, 33.7813741475476], [-84.406307754, 33.781374550097], [-84.4063111944628, 33.7813731052821], [-84.4063136495467, 33.7813694984179], [-84.4063137291879, 33.7813112497944], [-84.4063119937941, 33.7813065276108], [-84.4063080518035, 33.7813046859795]]]}, "properties": {"OBJECTID_1": 136, "OBJECTID": 141, "Shape_Leng": 2263.29482188, "CreationDate": 1628109910586, "Creator": "wsims6_GTFacilities", "EditDate": 1628109910586, "Editor": "wsims6_GTFacilities", "Shape__Area": 5194.73828125, "Shape__Length": 831.2037381541616, "GlobalID": "6ebefde6-e90a-42d8-8612-2ec36c3513d9"}}, {"type": "Feature", "id": 137, "geometry": {"type": "Polygon", "coordinates": [[[-84.4045771200023, 33.7807646668395], [-84.404562633353, 33.7807644964045], [-84.4044431886745, 33.7807630874107], [-84.404442945509, 33.7807774665125], [-84.4044180722217, 33.7807771736125], [-84.4044183153914, 33.7807627945107], [-84.4043844261929, 33.7807621664284], [-84.4043826715706, 33.780737934323], [-84.4043823497185, 33.7806214307734], [-84.4043823165747, 33.7806070882697], [-84.4045798892491, 33.7806079346668], [-84.4045801907236, 33.7806212920499], [-84.404580247706, 33.7806407297391], [-84.4045957922883, 33.7806498028407], [-84.4046477245119, 33.7806504871374], [-84.4046474930703, 33.780706573], [-84.4045782457882, 33.7807074999766], [-84.4045798540671, 33.7807646994377], [-84.4045771200023, 33.7807646668395]]]}, "properties": {"OBJECTID_1": 137, "OBJECTID": 142, "Shape_Leng": 282.078529826, "CreationDate": 1628109910586, "Creator": "wsims6_GTFacilities", "EditDate": 1628109910586, "Editor": "wsims6_GTFacilities", "Shape__Area": 522.078125, "Shape__Length": 103.55225641937737, "GlobalID": "3f084c4e-08ae-419f-b481-7df608f0a898"}}, {"type": "Feature", "id": 138, "geometry": {"type": "Polygon", "coordinates": [[[-84.4051765069605, 33.7796212266321], [-84.4051879755396, 33.7796151769258], [-84.4051948005561, 33.779609293983], [-84.4051992735672, 33.7796036923931], [-84.4052033017514, 33.7795957654021], [-84.4052049528517, 33.7795895895048], [-84.4052056727364, 33.779584803049], [-84.4052053949448, 33.7795254902481], [-84.4052816444693, 33.7795253139829], [-84.405281803406, 33.7795355149602], [-84.4052821508298, 33.7795840961705], [-84.4052826261753, 33.7795884709658], [-84.4052848663024, 33.7795961279667], [-84.4052895426978, 33.7796042978044], [-84.405297486338, 33.7796124342746], [-84.4053041014695, 33.7796165285049], [-84.405309022985, 33.7796176947412], [-84.4053177033249, 33.7796165968745], [-84.405321402666, 33.7796146872358], [-84.4053264965891, 33.7796106650355], [-84.4053310839286, 33.779605799869], [-84.4053372775617, 33.7795949581548], [-84.4053389862785, 33.779588536895], [-84.4053394698184, 33.7795837968798], [-84.4053389316633, 33.7795279694659], [-84.405378360276, 33.7795277038554], [-84.405378886197, 33.7795822257015], [-84.4053790766452, 33.7795835417442], [-84.4053802148906, 33.7795913929265], [-84.4053834205816, 33.7795991418295], [-84.4053877538499, 33.7796054468104], [-84.405393692554, 33.779611305073], [-84.4054022792068, 33.7796169147668], [-84.4054090227709, 33.779619818563], [-84.4054145574879, 33.779622116083], [-84.4051617626261, 33.7796246291081], [-84.4051765069605, 33.7796212266321]]]}, "properties": {"OBJECTID_1": 138, "OBJECTID": 143, "Shape_Leng": 268.266903348, "CreationDate": 1628109910586, "Creator": "wsims6_GTFacilities", "EditDate": 1628109910586, "Editor": "wsims6_GTFacilities", "Shape__Area": 192.546875, "Shape__Length": 98.49921404195723, "GlobalID": "a7d2ff66-bc4b-4279-8ab7-0ec9d2d8f510"}}, {"type": "Feature", "id": 139, "geometry": {"type": "Polygon", "coordinates": [[[-84.3945326197397, 33.7730650599746], [-84.3945331982841, 33.7730348201808], [-84.3946994747458, 33.7730370385973], [-84.3946988962598, 33.7730672783917], [-84.3945326197397, 33.7730650599746]]]}, "properties": {"OBJECTID_1": 139, "OBJECTID": 144, "Shape_Leng": 123.076537054, "CreationDate": 1628109910586, "Creator": "wsims6_GTFacilities", "EditDate": 1628109910586, "Editor": "wsims6_GTFacilities", "Shape__Area": 74.9765625, "Shape__Length": 45.12477602281612, "GlobalID": "03f297a7-bc61-4ac1-80cf-e6bff5b38e23"}}, {"type": "Feature", "id": 140, "geometry": {"type": "Polygon", "coordinates": [[[-84.3948169764217, 33.7720496316078], [-84.3947324795933, 33.7720474065146], [-84.3946873523021, 33.7720483446646], [-84.3946883263792, 33.7720064502718], [-84.3947545603935, 33.7720069184656], [-84.3947874336169, 33.7720064204068], [-84.3947902527659, 33.7720048508283], [-84.3947959574767, 33.7719933658499], [-84.3947992643202, 33.7719350552593], [-84.394799136115, 33.7718854600823], [-84.3947987611664, 33.7718580505291], [-84.3947974591816, 33.7717599053185], [-84.3947940613985, 33.7715561768218], [-84.3947931539478, 33.771501790797], [-84.3948182972552, 33.7715011086544], [-84.3948503034204, 33.7715002397995], [-84.3948554916668, 33.7714975829542], [-84.3948555506695, 33.7714933676179], [-84.3948565872513, 33.7714201027969], [-84.394857594799, 33.7713839437509], [-84.3949306989382, 33.7713847066125], [-84.3949343972228, 33.7714207144944], [-84.3949349878144, 33.7715025555336], [-84.3949268703944, 33.7715283902788], [-84.3949838391115, 33.7715286978604], [-84.3949942452703, 33.771933856155], [-84.394960625676, 33.7719338128544], [-84.3949563980321, 33.7719481731841], [-84.3949577025502, 33.771954796116], [-84.394962302393, 33.7719614968061], [-84.3949953159419, 33.7719614014712], [-84.3949915440087, 33.7719839362451], [-84.3949457428841, 33.7720397719659], [-84.3948674059402, 33.7720788366799], [-84.3948169764217, 33.7720496316078]]]}, "properties": {"OBJECTID_1": 140, "OBJECTID": 145, "Shape_Leng": 679.611109988, "CreationDate": 1628109910586, "Creator": "wsims6_GTFacilities", "EditDate": 1628109910586, "Editor": "wsims6_GTFacilities", "Shape__Area": 1740.14453125, "Shape__Length": 249.79266784789084, "GlobalID": "806ed8a9-1900-4261-a752-947e0a3b1431"}}, {"type": "Feature", "id": 141, "geometry": {"type": "Polygon", "coordinates": [[[-84.405210010158, 33.7776372308253], [-84.4052158275328, 33.7774435646204], [-84.4052161510178, 33.7774219847634], [-84.4052149005148, 33.7773615440523], [-84.4052153330257, 33.7773539774562], [-84.4052144811717, 33.7773497106833], [-84.4052111554276, 33.7773379568677], [-84.4052097982901, 33.777333700088], [-84.4052054646385, 33.777322925611], [-84.4051961406768, 33.7773102682124], [-84.4051779128513, 33.7772970581778], [-84.4051649021766, 33.7772892714117], [-84.4051543700642, 33.7772855940915], [-84.4051371695936, 33.7772795871649], [-84.405126925554, 33.7772777802132], [-84.4052853615581, 33.7772841525033], [-84.4052840765554, 33.777309027954], [-84.4052859660476, 33.77731602743], [-84.4052908346622, 33.7773203585678], [-84.4053004946871, 33.7773225940181], [-84.4053607379657, 33.7773272616759], [-84.4053873376817, 33.7773286727037], [-84.4053867030649, 33.7773525108993], [-84.4053002554864, 33.7773492518155], [-84.4052917483571, 33.7773500418826], [-84.4052821951916, 33.7773583095665], [-84.40528152769, 33.7773800334517], [-84.4053539663418, 33.7773799664014], [-84.405349560044, 33.7775337642545], [-84.4052768357065, 33.7775344269451], [-84.4052774556237, 33.7775516166387], [-84.4052818619919, 33.7775652446999], [-84.4052944537611, 33.7775812003264], [-84.4053033187451, 33.777586799573], [-84.4053178526168, 33.7775944571472], [-84.405335208768, 33.7775985621635], [-84.4053582198694, 33.7775996997238], [-84.4054491971736, 33.7776021835978], [-84.4055451295943, 33.7776043629732], [-84.4055681341369, 33.7776031363762], [-84.4055833394039, 33.7775974905512], [-84.4055957183001, 33.7775939194873], [-84.4056070265415, 33.7775873948807], [-84.4056186826221, 33.7775782088253], [-84.4056245016374, 33.7775725045288], [-84.4056339714269, 33.7775641549299], [-84.4056419078083, 33.7775506815078], [-84.4056449697788, 33.7775389667288], [-84.4056503498122, 33.7774202881203], [-84.405692521423, 33.7774189928234], [-84.4057219685654, 33.7774189042268], [-84.4057221269248, 33.7774086683693], [-84.4057235154645, 33.7773725238703], [-84.4057560611703, 33.7773731280434], [-84.4057961351156, 33.7773738718031], [-84.4057896497248, 33.7776037144979], [-84.4057884138233, 33.7776353297037], [-84.4057874580241, 33.7776597248414], [-84.4056766114369, 33.7776556765636], [-84.4056170065281, 33.7776535207281], [-84.4056051249042, 33.777642531861], [-84.4055976020405, 33.7776350032079], [-84.4054458771686, 33.7776322060079], [-84.4054311343005, 33.7776317296076], [-84.4053844331606, 33.7776307055126], [-84.405356853221, 33.7776301682777], [-84.4053305966287, 33.7776302650434], [-84.4053212459853, 33.7776309764969], [-84.4053034950253, 33.777635574083], [-84.4052960795388, 33.7776395024925], [-84.4052889497609, 33.7776432797732], [-84.4052763344006, 33.7776550346547], [-84.4052721852872, 33.7776605905401], [-84.4052692645447, 33.7776706892767], [-84.4052664272125, 33.7776804966184], [-84.4052651523979, 33.7776849054552], [-84.4052639848061, 33.777722924956], [-84.4051856600208, 33.7777213497016], [-84.4051949883791, 33.7777090881429], [-84.4052055361906, 33.7776833517462], [-84.4052083262601, 33.777668566478], [-84.4052100453902, 33.7776499413417], [-84.405210010158, 33.7776372308253]]]}, "properties": {"OBJECTID_1": 141, "OBJECTID": 146, "Shape_Leng": 974.705976249, "CreationDate": 1628109910586, "Creator": "wsims6_GTFacilities", "EditDate": 1628109910586, "Editor": "wsims6_GTFacilities", "Shape__Area": 1446.9453125, "Shape__Length": 357.8996520921115, "GlobalID": "d76abcc6-0cd7-463c-8c5c-cb32eebbc932"}}, {"type": "Feature", "id": 142, "geometry": {"type": "Polygon", "coordinates": [[[-84.4061102616921, 33.7758074865437], [-84.4064997745924, 33.7754018677056], [-84.4065062523615, 33.7753951233828], [-84.4065124006926, 33.7753887205243], [-84.4066039160416, 33.7753538173095], [-84.4066319761066, 33.7753432612108], [-84.4066636415134, 33.7754032559727], [-84.4066344313455, 33.7754121895379], [-84.4065648643049, 33.7754394086112], [-84.4065579483459, 33.7754450510684], [-84.4065553521251, 33.7754487032974], [-84.4065566077288, 33.7754537068288], [-84.406557516124, 33.7754573242942], [-84.4065590582774, 33.7754605447025], [-84.4065894852625, 33.775484908602], [-84.4065927153835, 33.7754874945718], [-84.4065561677181, 33.7755255513168], [-84.4065293372244, 33.7755534897608], [-84.406532832429, 33.7755558876734], [-84.4065447179661, 33.7755625313867], [-84.4065492296405, 33.7755592865881], [-84.4065844373736, 33.7755247020072], [-84.4066249854274, 33.7755521280679], [-84.4066506524571, 33.7755700552966], [-84.4066948671713, 33.775600171045], [-84.4066819312984, 33.7756121944869], [-84.4066637854493, 33.7756306568381], [-84.4066603972403, 33.775634106836], [-84.4066610961443, 33.7756388734126], [-84.4066616200525, 33.7756424483456], [-84.4066663696647, 33.7756478661524], [-84.4066714097954, 33.7756529245366], [-84.4067469148682, 33.7757033314984], [-84.4067514249194, 33.7757056976759], [-84.4067195054561, 33.7757385519488], [-84.4066709847882, 33.7757881911932], [-84.4066037111762, 33.7757404289574], [-84.4065111352504, 33.7756785112354], [-84.406466475325, 33.7756486406343], [-84.4065077056254, 33.7756027872478], [-84.4064977788612, 33.7755962127582], [-84.4064921172395, 33.7755924620684], [-84.4063866526795, 33.7757044285409], [-84.406400855107, 33.7757133381271], [-84.4063464570896, 33.7757694462931], [-84.4063284174511, 33.7757659892288], [-84.4061515100596, 33.7759484573341], [-84.4060454144703, 33.7758750144359], [-84.4061102616921, 33.7758074865437]]]}, "properties": {"OBJECTID_1": 142, "OBJECTID": 147, "Shape_Leng": 862.095382241, "CreationDate": 1628109910586, "Creator": "wsims6_GTFacilities", "EditDate": 1628109910586, "Editor": "wsims6_GTFacilities", "Shape__Area": 1924.97265625, "Shape__Length": 316.5917399622709, "GlobalID": "bc292342-e7ac-4766-b55a-b08aa5e077de"}}, {"type": "Feature", "id": 143, "geometry": {"type": "Polygon", "coordinates": [[[-84.4025755696211, 33.7761807478975], [-84.4025841590506, 33.7760713683005], [-84.4026161552222, 33.7760816247353], [-84.402628704048, 33.7760876905003], [-84.4026624469734, 33.7760876259791], [-84.4027243669074, 33.776073321864], [-84.4027456270661, 33.776068055221], [-84.4027965817379, 33.7760554337899], [-84.4028655791275, 33.7760434919152], [-84.4029724943205, 33.7760372687141], [-84.403011798752, 33.776038756011], [-84.4030873024082, 33.7760425290683], [-84.4030790081608, 33.7761478975857], [-84.4029910363814, 33.7761427228882], [-84.4029552610384, 33.7761406824267], [-84.4029047522153, 33.7761253599721], [-84.4028747408249, 33.7761191554443], [-84.4028372457155, 33.7761179748096], [-84.4028065097087, 33.776121164161], [-84.4027697845292, 33.7761274964005], [-84.4027345693603, 33.7761375829246], [-84.4027000977088, 33.7761451632273], [-84.4026551252782, 33.7761521369525], [-84.4026125405366, 33.7761521877204], [-84.4025755696211, 33.7761807478975]]]}, "properties": {"OBJECTID_1": 143, "OBJECTID": 148, "Shape_Leng": 394.621873943, "CreationDate": 1628109910586, "Creator": "wsims6_GTFacilities", "EditDate": 1628109910586, "Editor": "wsims6_GTFacilities", "Shape__Area": 612.765625, "Shape__Length": 144.7348024828808, "GlobalID": "8e961ce9-56fe-406e-867e-ed1b99c30d48"}}, {"type": "Feature", "id": 144, "geometry": {"type": "Polygon", "coordinates": [[[-84.404744061465, 33.7763558689809], [-84.4047513424591, 33.7762459823336], [-84.4047681195497, 33.7762461717723], [-84.4048104749619, 33.7762486813945], [-84.4048172715468, 33.7762474375241], [-84.4048204490206, 33.7762431025613], [-84.404833144255, 33.7760768873753], [-84.404837150505, 33.7760466454496], [-84.4048442847003, 33.7759594536556], [-84.4048513802578, 33.7758727407117], [-84.4048489459087, 33.7758646891493], [-84.4048405419788, 33.7758637036332], [-84.4048327258942, 33.7758773291544], [-84.4048011967491, 33.7758755488237], [-84.4048121508604, 33.7758136806699], [-84.4048131516328, 33.7757843741465], [-84.4048144200032, 33.7757472028977], [-84.4048059501398, 33.7756857049338], [-84.4048020381919, 33.7756696423381], [-84.4047924748492, 33.77563789018], [-84.4047850604659, 33.7756132857787], [-84.4047869436905, 33.7756000972872], [-84.4048034430641, 33.7756010284153], [-84.4048279070928, 33.7755815542117], [-84.4048899871252, 33.7756312037828], [-84.4053408248231, 33.7760316760374], [-84.4053642445661, 33.7760568959316], [-84.4053965703161, 33.776104109721], [-84.4054048673321, 33.7761646278779], [-84.4054001947316, 33.7762040805829], [-84.4053970562472, 33.7762423112865], [-84.4054066154202, 33.7762693414509], [-84.4054209077531, 33.7762947043196], [-84.4054605108057, 33.7763282674274], [-84.4055279558214, 33.7763429267021], [-84.4056229802965, 33.7763464223866], [-84.4056574482843, 33.7763403091645], [-84.4056886586163, 33.7763232543847], [-84.4056970861162, 33.7763086042513], [-84.4056989401855, 33.7762775775226], [-84.4056900993486, 33.7762666377718], [-84.4058001070338, 33.7763494469632], [-84.4057732809719, 33.7763667250012], [-84.4057196527776, 33.776397080217], [-84.4056917138343, 33.7764160338588], [-84.405616882317, 33.7764332290099], [-84.4055273052116, 33.7764391802046], [-84.4055059342845, 33.7764367961226], [-84.4054765701884, 33.7764293376797], [-84.4054553176919, 33.7764217715662], [-84.4054231941226, 33.776410906599], [-84.4053819144639, 33.7764003866343], [-84.4053482686323, 33.7763957928762], [-84.4052145028217, 33.7763821417294], [-84.4049620877302, 33.7763709773334], [-84.4048249689366, 33.7763606313828], [-84.404744061465, 33.7763558689809]], [[-84.4052176911652, 33.7759949301533], [-84.405003185109, 33.7758084637022], [-84.4049487106658, 33.7758521385216], [-84.40516040403, 33.7760397592064], [-84.4051496245037, 33.77604454076], [-84.4051313690373, 33.7762893492955], [-84.4051359132979, 33.7763017283105], [-84.4051474439261, 33.7763045913152], [-84.4051849704045, 33.776303025657], [-84.4052375909882, 33.7762857799347], [-84.4052848846974, 33.7762519504877], [-84.405313092689, 33.7762096932226], [-84.4053280947435, 33.7761596622009], [-84.4053232393976, 33.7761153166259], [-84.4053158482141, 33.7760878566823], [-84.4052926209726, 33.7760608006433], [-84.4052176911652, 33.7759949301533]], [[-84.405082046078, 33.7760498224699], [-84.4049798335477, 33.7759571443263], [-84.4049372098472, 33.7759918356375], [-84.4049213633542, 33.7762532884975], [-84.4049239536243, 33.776262663382], [-84.404933017308, 33.7762714523177], [-84.4049657932135, 33.7762867162149], [-84.4049891495891, 33.7762902371461], [-84.405021164194, 33.7762925926462], [-84.4050360272677, 33.7762819767417], [-84.405053150911, 33.776072049009], [-84.405082046078, 33.7760498224699]]]}, "properties": {"OBJECTID_1": 144, "OBJECTID": 149, "Shape_Leng": 1909.67723815, "CreationDate": 1628109910586, "Creator": "wsims6_GTFacilities", "EditDate": 1628109910586, "Editor": "wsims6_GTFacilities", "Shape__Area": 3901.78125, "Shape__Length": 701.465224929698, "GlobalID": "105af16c-affb-411b-8796-a1560b2f52e9"}}, {"type": "Feature", "id": 145, "geometry": {"type": "Polygon", "coordinates": [[[-84.4040792487479, 33.7753183879714], [-84.4039956258823, 33.7753136663654], [-84.4039953857325, 33.7753166332627], [-84.4039500226127, 33.7753140714364], [-84.403949753618, 33.7753077513723], [-84.4039529691711, 33.7752776714852], [-84.4040213194432, 33.7752819292908], [-84.404095450601, 33.7752827244126], [-84.4041526850353, 33.7752657308521], [-84.4041998035889, 33.775245943581], [-84.4043477601972, 33.7751368563573], [-84.4043619592035, 33.7751172712743], [-84.4043989469037, 33.7751530181602], [-84.4043846991986, 33.7751663071045], [-84.404307730488, 33.7752299586968], [-84.4043049567968, 33.7752346715635], [-84.4043043064689, 33.775237673514], [-84.4043027256912, 33.7752571901128], [-84.4043035688089, 33.7752602721395], [-84.404305540993, 33.7752620725478], [-84.4043088410598, 33.7752630372726], [-84.4043423895715, 33.7752650212207], [-84.404339732504, 33.7752951532396], [-84.4042990760296, 33.7752922840304], [-84.4042725220627, 33.775290784316], [-84.4042675623979, 33.7752913483808], [-84.40426231329, 33.7752934467129], [-84.4042583123154, 33.7752967183962], [-84.404255996545, 33.77530030602], [-84.4042546406146, 33.7753085821901], [-84.4042530525528, 33.7753282024921], [-84.404248672512, 33.7753822884103], [-84.4040748696804, 33.7753724747836], [-84.4040792487479, 33.7753183879714]]]}, "properties": {"OBJECTID_1": 145, "OBJECTID": 150, "Shape_Leng": 420.387463911, "CreationDate": 1628109910586, "Creator": "wsims6_GTFacilities", "EditDate": 1628109910586, "Editor": "wsims6_GTFacilities", "Shape__Area": 553.24609375, "Shape__Length": 154.2734141808624, "GlobalID": "5863a0f7-ceae-4e45-ad1d-72aa9dffa590"}}, {"type": "Feature", "id": 146, "geometry": {"type": "Polygon", "coordinates": [[[-84.4034027366539, 33.7786422080012], [-84.403316215688, 33.7785640213219], [-84.4033236069228, 33.7785139131854], [-84.4033323050914, 33.7784549411091], [-84.4033834301882, 33.7784617938849], [-84.403389605338, 33.7784626214774], [-84.4033941911064, 33.7784292993566], [-84.4034453625487, 33.7784349483129], [-84.4034926489959, 33.7784401692059], [-84.4035015833171, 33.7784411555983], [-84.4035132512914, 33.7784424442067], [-84.4035392362155, 33.7783027636532], [-84.4036105257374, 33.7783038764855], [-84.4036096828499, 33.7783381345561], [-84.4036557409255, 33.7783391930162], [-84.4036555733915, 33.7783548126498], [-84.4036551375304, 33.7784055187701], [-84.4037469373723, 33.7784068445964], [-84.4038974983813, 33.7784115486041], [-84.4039851760189, 33.7784125665994], [-84.4039930173375, 33.7784126579147], [-84.4039996223139, 33.7784127344758], [-84.4040067943211, 33.778411697308], [-84.4040119122386, 33.7784093314491], [-84.4040165144384, 33.7784051524588], [-84.4040187672074, 33.7784010032333], [-84.4040196383257, 33.7783966132193], [-84.4040191030812, 33.7783924179619], [-84.4040173554604, 33.7783882845454], [-84.4040146175291, 33.7783852566551], [-84.4039815322471, 33.7783543539589], [-84.4039667903973, 33.7783405843316], [-84.403972438404, 33.7781212764537], [-84.403973070617, 33.778093681991], [-84.4039771375102, 33.778090770852], [-84.4039943512178, 33.7780784482364], [-84.404011279729, 33.7780934786729], [-84.4040219191636, 33.7781039480258], [-84.4040332884406, 33.7781147865529], [-84.4040404204109, 33.7781215559605], [-84.4040573458283, 33.7781084512569], [-84.4041499217153, 33.778037794633], [-84.4041723625017, 33.7780227768146], [-84.40417024413, 33.7781209996146], [-84.4041483411821, 33.7781212058666], [-84.4041280961889, 33.7781196588186], [-84.4041184909964, 33.7781189253231], [-84.404111454041, 33.77811841861], [-84.4041065245168, 33.7781186174415], [-84.4041002722412, 33.7781199630138], [-84.4040954891219, 33.7781219594567], [-84.4040903149207, 33.7781254425738], [-84.404086523241, 33.7781294838582], [-84.4040834395748, 33.7781349844562], [-84.4040823287387, 33.7781421060351], [-84.4040820950594, 33.7781478112349], [-84.4040736958394, 33.7783740490937], [-84.4040725837962, 33.7783948243855], [-84.4040746528886, 33.7784004169569], [-84.4040794843273, 33.7784065361884], [-84.404086411662, 33.7784111339078], [-84.404094921768, 33.7784137287182], [-84.4041034195722, 33.7784142127853], [-84.4041357887662, 33.7784148826432], [-84.4041587135036, 33.7784061709501], [-84.4041560730043, 33.7784709236364], [-84.4041550587399, 33.7784692178601], [-84.4041527118414, 33.7784658619209], [-84.4041499936571, 33.7784641233575], [-84.4041462328155, 33.7784629106601], [-84.4041299040125, 33.7784617744428], [-84.4040792521483, 33.7784585763617], [-84.4040595683021, 33.7784573338831], [-84.4038968538255, 33.7784546505956], [-84.4038341397211, 33.7784540209637], [-84.4038244233524, 33.7784564479482], [-84.4038181073287, 33.7784620981137], [-84.4038153544873, 33.7784661960006], [-84.4038140260221, 33.7784723252765], [-84.403813577967, 33.7785193562874], [-84.4038140510847, 33.7785394081108], [-84.4037847417419, 33.7785390974582], [-84.4037843800094, 33.7785829788335], [-84.4037487189316, 33.7785828129195], [-84.4037487257602, 33.7785817642856], [-84.4037450967039, 33.7785817478145], [-84.4036965044202, 33.7785775808526], [-84.4035963127854, 33.7785759131453], [-84.40359654007, 33.7785655202721], [-84.4035983233525, 33.778483785733], [-84.4035979979311, 33.7784785351386], [-84.4035962542424, 33.7784722936469], [-84.4035930419646, 33.7784687455034], [-84.4035832805703, 33.7784658023181], [-84.4035768896825, 33.7784638751344], [-84.4035699950407, 33.7784652615857], [-84.4035619543463, 33.7784668774529], [-84.4035572976456, 33.77846970225], [-84.4035550837524, 33.7784762155231], [-84.4035531001328, 33.7784820494104], [-84.4035530193829, 33.7784856633853], [-84.4035526511606, 33.778502126448], [-84.4035522011929, 33.7785222341436], [-84.4035523985565, 33.7785605909274], [-84.4035525111832, 33.7785654190558], [-84.4035455646563, 33.7785656109169], [-84.4035449238423, 33.7786015068988], [-84.4035447237208, 33.7786127481739], [-84.4035492765569, 33.7786200428129], [-84.4035254182454, 33.7786371821191], [-84.4035196815994, 33.7786352293323], [-84.4035089705655, 33.7786340552011], [-84.4035037421658, 33.778635127381], [-84.4034932674862, 33.7786413679778], [-84.4034733170701, 33.7786786363602], [-84.4033962069799, 33.7786577361485], [-84.4034027366539, 33.7786422080012]]]}, "properties": {"OBJECTID_1": 146, "OBJECTID": 151, "Shape_Leng": 1185.84518038, "CreationDate": 1628109910586, "Creator": "wsims6_GTFacilities", "EditDate": 1628109910586, "Editor": "wsims6_GTFacilities", "Shape__Area": 2214.53125, "Shape__Length": 435.5397694122963, "GlobalID": "5f386233-634d-4063-9745-5cf2b186662d"}}, {"type": "Feature", "id": 147, "geometry": {"type": "Polygon", "coordinates": [[[-84.4060314385684, 33.7757996408971], [-84.4058765563509, 33.7756949699777], [-84.4058285057936, 33.7757457107017], [-84.4057416620637, 33.7756979913281], [-84.405728291127, 33.7756669426949], [-84.4057248541424, 33.7756590662091], [-84.4057204880758, 33.7756521626022], [-84.4057149147428, 33.77564947836], [-84.4057089062284, 33.7756475496432], [-84.4057029625537, 33.7756456415385], [-84.4056286342204, 33.775621778998], [-84.4054068799772, 33.7754593743318], [-84.4053820774194, 33.7754412089384], [-84.405368677706, 33.7754324239128], [-84.4054539920986, 33.7753517215038], [-84.4054536053225, 33.7753652542464], [-84.4054533257539, 33.775375009761], [-84.4054531729469, 33.7753798636497], [-84.4054573973054, 33.7753971906385], [-84.4054599092045, 33.7754074934645], [-84.4054650650615, 33.7754231605125], [-84.4054706496087, 33.7754357313592], [-84.4054832277721, 33.7754558336967], [-84.4054894367377, 33.7754630817838], [-84.4055019924046, 33.7754692383105], [-84.4055498898824, 33.7754990912743], [-84.4056719762779, 33.7755671640543], [-84.4057201562543, 33.7755898410573], [-84.4057900726671, 33.7756136147131], [-84.4058008559038, 33.7756214697493], [-84.4058193064746, 33.7756038066994], [-84.4058283519262, 33.7755951477374], [-84.4058348635717, 33.7755889137193], [-84.4058240803361, 33.775581058686], [-84.4058240078134, 33.7755809930059], [-84.4059382568495, 33.775469988272], [-84.4059696217158, 33.7754399132646], [-84.4060044746917, 33.7754632796142], [-84.4060105398907, 33.7754673460237], [-84.4060146661071, 33.7754691413253], [-84.4060222157157, 33.7754673188709], [-84.4060252802292, 33.7754643275574], [-84.4060339709193, 33.7754558468937], [-84.4061584254276, 33.7753376774692], [-84.4061976375196, 33.7752994876347], [-84.406207536773, 33.7752896034456], [-84.4062192256661, 33.7752717812439], [-84.4062637210092, 33.7751945414017], [-84.4062666701423, 33.7751896703615], [-84.4062674173808, 33.7751862110751], [-84.4062680303613, 33.7751791265064], [-84.4062623590186, 33.7751738096549], [-84.4062546007634, 33.7751712595166], [-84.4062429855408, 33.7751744252245], [-84.4062103213219, 33.775203484859], [-84.4060284367009, 33.7750731820654], [-84.4059142450014, 33.774989793291], [-84.4058923929411, 33.7749738358348], [-84.4059344609558, 33.7749291062729], [-84.4059409747831, 33.7749229010972], [-84.4059799096092, 33.7748855981911], [-84.4059857564859, 33.774889599205], [-84.4059944798202, 33.7748944304721], [-84.4059996439759, 33.7748951976815], [-84.4060048598787, 33.7748947719047], [-84.406012226212, 33.7748915125727], [-84.4060158853774, 33.7748880467386], [-84.40604124646, 33.774864023522], [-84.4062285852084, 33.7749974029719], [-84.4063356192852, 33.7750778542477], [-84.4063449174005, 33.7750847473535], [-84.4063923137331, 33.7751187774177], [-84.4063651950589, 33.7751455622727], [-84.4063624160015, 33.7751483068893], [-84.406358552665, 33.7751563850804], [-84.406358019506, 33.7751607257674], [-84.4063697389614, 33.7751856832759], [-84.4063723675062, 33.7751924739221], [-84.4063715720582, 33.7752065340261], [-84.4063650425568, 33.7752195133665], [-84.406359180182, 33.7752246939239], [-84.406263920639, 33.7753174452062], [-84.4062587542404, 33.775322475635], [-84.4062550744265, 33.7753286113079], [-84.4062540426683, 33.7753353612749], [-84.4062549392726, 33.7753421174163], [-84.4062577210624, 33.7753484957123], [-84.4062622261773, 33.7753541421277], [-84.4062682086403, 33.7753587388566], [-84.4062753341156, 33.7753620313805], [-84.4062832025984, 33.7753638347355], [-84.4062913657313, 33.7753640479053], [-84.4063029522525, 33.7753614232398], [-84.4063067651337, 33.7753596485981], [-84.4063103593315, 33.7753576642959], [-84.406376047744, 33.7753214003129], [-84.4063808471962, 33.7753183650463], [-84.4064222541692, 33.7752921754726], [-84.4064587256591, 33.7752612816379], [-84.40649030599, 33.7752268664277], [-84.4065165258801, 33.7751894555194], [-84.4065224255693, 33.7752007679016], [-84.4065705213948, 33.7752904726494], [-84.4063437875754, 33.7754187872904], [-84.4063398862853, 33.7754209957996], [-84.4063362495453, 33.7754270899152], [-84.4063363707518, 33.7754372711346], [-84.4063390551824, 33.7754416407369], [-84.4063746364419, 33.7754671118264], [-84.4060314385684, 33.7757996408971]]]}, "properties": {"OBJECTID_1": 147, "OBJECTID": 152, "Shape_Leng": 1573.32923262, "CreationDate": 1628109910586, "Creator": "wsims6_GTFacilities", "EditDate": 1628109910586, "Editor": "wsims6_GTFacilities", "Shape__Area": 4264.37890625, "Shape__Length": 577.7268482303047, "GlobalID": "2c9002b6-e643-4aa2-a021-d5082c3f46b3"}}, {"type": "Feature", "id": 148, "geometry": {"type": "Polygon", "coordinates": [[[-84.4027688676808, 33.7734022489138], [-84.4028131030673, 33.7733223491066], [-84.4028178983835, 33.7733134721794], [-84.4028251974221, 33.7733140235488], [-84.4028302350053, 33.7733119896994], [-84.4028327564273, 33.7733074062835], [-84.4028511358419, 33.7732739991518], [-84.4028608897928, 33.7732559618627], [-84.4028784670084, 33.7732217754309], [-84.4028775236148, 33.7732139950743], [-84.4028770750896, 33.7732102865346], [-84.402871717, 33.7732056866406], [-84.4028644058317, 33.7732050397219], [-84.402859550438, 33.7732046099095], [-84.4028558288346, 33.7732073760884], [-84.4028529270268, 33.7732098665959], [-84.4028500914033, 33.7732132622357], [-84.4028491850606, 33.7732166226255], [-84.4028488485517, 33.7732254062659], [-84.4028509730441, 33.7732473285843], [-84.4028514030513, 33.773251764793], [-84.4028323838683, 33.7732566196198], [-84.4028280962424, 33.7732577134139], [-84.4027291649182, 33.773220440828], [-84.4026002157986, 33.7731730323699], [-84.4025976757128, 33.7731121206839], [-84.4025796252814, 33.7731060437887], [-84.4023839227075, 33.7734754469379], [-84.4023381295664, 33.7734574165883], [-84.4023309174839, 33.7734574754427], [-84.4023237435622, 33.7734612192773], [-84.4022782496251, 33.7734274535977], [-84.4022678441547, 33.7734197309728], [-84.4022685706329, 33.7734161283862], [-84.4022666273732, 33.7734110584977], [-84.4022622739865, 33.773409433014], [-84.4022143681862, 33.7733918728055], [-84.4022967531628, 33.7732247511473], [-84.4023044343736, 33.7732103082392], [-84.4023756296854, 33.7730563440631], [-84.4024234199854, 33.7729561098457], [-84.402461869583, 33.772973975669], [-84.4024703849913, 33.7729779320803], [-84.4024758766417, 33.7729784878254], [-84.4024798214005, 33.7729795388282], [-84.4024884330033, 33.7729788037565], [-84.4024924963435, 33.7729770296551], [-84.402503193161, 33.7729732772753], [-84.4025057463654, 33.7729684692936], [-84.4025079652414, 33.772964190319], [-84.4025078137163, 33.7729545979277], [-84.4025050224936, 33.7729485874361], [-84.4024970350323, 33.7729375331116], [-84.4025907609285, 33.7729720820269], [-84.4025718611935, 33.7729937145347], [-84.4025678887058, 33.7729983043258], [-84.4025525863926, 33.7730159852248], [-84.402547841354, 33.7730215439649], [-84.4025447474332, 33.7730276062779], [-84.4025467307295, 33.773031917796], [-84.402552634044, 33.7730349486886], [-84.4025580611347, 33.7730328257439], [-84.4025629133113, 33.7730301160204], [-84.4025708130579, 33.7730257053648], [-84.4025960430804, 33.7730116175055], [-84.4029702628126, 33.7731528604267], [-84.4029815270853, 33.7731741106431], [-84.4029669140458, 33.7731824942363], [-84.4029453825542, 33.7731948475242], [-84.4029430477527, 33.7732017279957], [-84.4029450328377, 33.773206682382], [-84.4029473429763, 33.7732124494365], [-84.4029487999945, 33.7732177582816], [-84.4029469259058, 33.7732213802008], [-84.4029005161535, 33.7733110869842], [-84.4028932288974, 33.7733246635885], [-84.4028914243682, 33.7733296351474], [-84.4028898159289, 33.7733340635361], [-84.4028887950233, 33.7733421019182], [-84.4028913242756, 33.7733478469147], [-84.402894101247, 33.7733541576746], [-84.4029006573427, 33.7733601690653], [-84.4029098192843, 33.7733640340431], [-84.402920170753, 33.7733681915834], [-84.4029290429312, 33.7733703331551], [-84.402937478631, 33.7733723691667], [-84.4029583527386, 33.7733746013669], [-84.4029703816924, 33.773373524304], [-84.4029766874593, 33.7733721182756], [-84.4029811124993, 33.7733711306081], [-84.4029902312584, 33.7733690970525], [-84.4029972944191, 33.7733667085749], [-84.4030036893531, 33.773363567595], [-84.4030103410701, 33.7733599680837], [-84.4030140534852, 33.7733577870903], [-84.4030233043421, 33.773352353148], [-84.4029981449909, 33.7734185357301], [-84.4029788265473, 33.7734618700705], [-84.4029543118651, 33.7735033362145], [-84.4029395515818, 33.7735233919762], [-84.4029389064915, 33.7735149420234], [-84.4029381370927, 33.7735048657275], [-84.4029349230358, 33.7734903651951], [-84.4029295694002, 33.7734807088287], [-84.4029236487082, 33.7734725430773], [-84.4029196300502, 33.7734670001981], [-84.4029161800714, 33.7734637040495], [-84.4029104838696, 33.773458260858], [-84.4029043902753, 33.7734555450238], [-84.4029000248422, 33.7734538627816], [-84.4028833237446, 33.773447330719], [-84.402849212067, 33.7734342147474], [-84.4027688676808, 33.7734022489138]]]}, "properties": {"OBJECTID_1": 148, "OBJECTID": 153, "Shape_Leng": 1106.03046021, "CreationDate": 1628109910586, "Creator": "wsims6_GTFacilities", "EditDate": 1628109910586, "Editor": "wsims6_GTFacilities", "Shape__Area": 2687.453125, "Shape__Length": 406.25947604590164, "GlobalID": "8ae341b9-b035-4869-a0ea-8a8d7e407dc6"}}, {"type": "Feature", "id": 149, "geometry": {"type": "Polygon", "coordinates": [[[-84.4021522293417, 33.77326550668], [-84.402140655332, 33.7732572570038], [-84.4021280815963, 33.7732608659637], [-84.4020719512693, 33.7732769791747], [-84.4020474534391, 33.7732730288746], [-84.401810804292, 33.7732348667226], [-84.4017944258414, 33.7732317818165], [-84.4017705927267, 33.7732272937116], [-84.4017109382533, 33.7731876435618], [-84.4016891680128, 33.7731944762675], [-84.4016610326418, 33.7732023309401], [-84.4016454097024, 33.7731825360535], [-84.4017157633181, 33.7728583039937], [-84.4017188605692, 33.7728451393779], [-84.4017155447747, 33.7728399521744], [-84.4017115682078, 33.7728327825937], [-84.4017039308069, 33.77281900997], [-84.4017342666041, 33.7726645541148], [-84.401831848949, 33.7726546231538], [-84.4018343914805, 33.7726415515603], [-84.4018387319674, 33.7726285937556], [-84.4018442957118, 33.7726199813883], [-84.401852093754, 33.7726099599884], [-84.4018728570354, 33.7725894925794], [-84.4018765095131, 33.7725851342433], [-84.4018782721528, 33.7725810166434], [-84.4018804633331, 33.7725752869736], [-84.4018820370269, 33.7725711679304], [-84.4018809411842, 33.7725624825965], [-84.4019605090751, 33.7726125502689], [-84.4019545122209, 33.7726143839415], [-84.4019460126355, 33.7726169842815], [-84.4019410462825, 33.7726190008277], [-84.4019344021343, 33.7726241799626], [-84.4019308265195, 33.772626638372], [-84.4019205252606, 33.7726368511905], [-84.401911651764, 33.7726456465938], [-84.4019081962774, 33.7726493950383], [-84.4019039901684, 33.7726542359131], [-84.4019010960415, 33.7726575649207], [-84.4018997202314, 33.7726610055442], [-84.4019018243751, 33.7726672797403], [-84.4019048576059, 33.7726725783808], [-84.4019381773957, 33.7726935774706], [-84.4019477303359, 33.772700307227], [-84.401966681596, 33.7726797161239], [-84.4020605476887, 33.7727376792902], [-84.4021031748093, 33.7727640019724], [-84.4021322471485, 33.7727814061084], [-84.4021515595043, 33.772792968119], [-84.4021638990158, 33.7728004571428], [-84.4021691008652, 33.7728036156238], [-84.402174998666, 33.7728054311175], [-84.4021813918388, 33.7728055965432], [-84.4021869377151, 33.7728026943603], [-84.4021922226825, 33.7727999279229], [-84.4021928293355, 33.7727951489085], [-84.4021940233934, 33.7727899990955], [-84.4021944307157, 33.7727833964184], [-84.402194711927, 33.7727788434382], [-84.4021956093175, 33.7727643124968], [-84.4022676364566, 33.7728101755271], [-84.4022586040951, 33.7728129914989], [-84.4022518291342, 33.7728157391436], [-84.4022479826769, 33.7728170701118], [-84.4022424413277, 33.7728200480276], [-84.4022378580886, 33.772824766107], [-84.402233582158, 33.7728317061732], [-84.4022346169173, 33.7728401499772], [-84.4022352380232, 33.7728438085992], [-84.4022427428983, 33.7728489706613], [-84.4022726931698, 33.7728707515127], [-84.4022795822212, 33.7728757614672], [-84.4022915656594, 33.7728841104327], [-84.4022273755096, 33.7731845319337], [-84.4022218590038, 33.7732017252537], [-84.4022075763935, 33.7732661800894], [-84.4021845731523, 33.7732887842353], [-84.4021728276087, 33.7732801913599], [-84.4021522293417, 33.77326550668]], [[-84.4021057479548, 33.7728256854243], [-84.4020916193497, 33.7728229028271], [-84.4020752834679, 33.7728254883693], [-84.402061083985, 33.7728327142468], [-84.4020524618918, 33.7728418482018], [-84.4020495713507, 33.7728449094152], [-84.4020487302611, 33.7728488476342], [-84.4020515774526, 33.7728540176894], [-84.402060498011, 33.7728565063677], [-84.4020679984987, 33.7728541459619], [-84.4020998860749, 33.7728441074495], [-84.4021101918387, 33.7728686956899], [-84.40209556611, 33.7728732417715], [-84.4021050224616, 33.7728963556274], [-84.4021485600812, 33.7728836981182], [-84.4021547884579, 33.7728788750163], [-84.4021588898888, 33.7728744481914], [-84.4021603081588, 33.7728664036465], [-84.4021581235321, 33.7728615019237], [-84.4021555793192, 33.7728557903013], [-84.4021495208754, 33.7728493234879], [-84.4021162599337, 33.7728297489546], [-84.4021111686542, 33.772826752558], [-84.4021057479548, 33.7728256854243]], [[-84.4018902459272, 33.7731859774144], [-84.4018927730143, 33.7731830548505], [-84.4018870833642, 33.7731748426241], [-84.4018675930364, 33.7731598068451], [-84.4018632091623, 33.7731588702678], [-84.4018584180144, 33.7731578470062], [-84.4018455731389, 33.7731728623579], [-84.4018451847701, 33.773176928649], [-84.4018508593677, 33.7731800285365], [-84.401860079704, 33.7731815807426], [-84.4018820587383, 33.7731847839025], [-84.4018902459272, 33.7731859774144]], [[-84.4020278199408, 33.7731894651022], [-84.4020262031745, 33.7731849409884], [-84.4020174226084, 33.773185489708], [-84.401993361044, 33.7731934043115], [-84.4019848500711, 33.7731962039409], [-84.4019853247435, 33.7732011972888], [-84.4019932225547, 33.7732027754496], [-84.4020059567091, 33.7732053199756], [-84.4020119726983, 33.7732065212263], [-84.4020165004434, 33.7732071617819], [-84.4020212355638, 33.7732078307947], [-84.4020268126591, 33.7732060682483], [-84.402033048862, 33.773204096163], [-84.4020316083502, 33.773200064917], [-84.4020278199408, 33.7731894651022]]]}, "properties": {"OBJECTID_1": 149, "OBJECTID": 154, "Shape_Leng": 1027.7727066, "CreationDate": 1628109910586, "Creator": "wsims6_GTFacilities", "EditDate": 1628109910586, "Editor": "wsims6_GTFacilities", "Shape__Area": 4500.375, "Shape__Length": 377.47712492806767, "GlobalID": "8044bcd6-d9c1-44cf-91ac-210c45b49566"}}, {"type": "Feature", "id": 150, "geometry": {"type": "Polygon", "coordinates": [[[-84.3962292187229, 33.7722188020537], [-84.3962290545182, 33.7722126936617], [-84.3961212162984, 33.7722137119977], [-84.3961254614016, 33.7719277277959], [-84.3962803102527, 33.77192933057], [-84.3963248901777, 33.7719304540345], [-84.3963224672046, 33.7722128255348], [-84.3962774568267, 33.7722118813979], [-84.3962777242252, 33.772221865803], [-84.3962777367866, 33.7722889045629], [-84.3962796568728, 33.7723004042763], [-84.396284835156, 33.7723231514556], [-84.3962294971379, 33.7723231948905], [-84.3962285305935, 33.772296789083], [-84.3962292187229, 33.7722188020537]]]}, "properties": {"OBJECTID_1": 150, "OBJECTID": 155, "Shape_Leng": 411.591270479, "CreationDate": 1628109910586, "Creator": "wsims6_GTFacilities", "EditDate": 1628109910586, "Editor": "wsims6_GTFacilities", "Shape__Area": 930.46484375, "Shape__Length": 151.2684150008195, "GlobalID": "cf7efbe9-4591-4756-adf2-e9495386ab85"}}, {"type": "Feature", "id": 151, "geometry": {"type": "Polygon", "coordinates": [[[-84.3956183585661, 33.771794055498], [-84.3956090868675, 33.7717937967917], [-84.3955962950003, 33.7717949782423], [-84.3955660778769, 33.7717959043836], [-84.395566642929, 33.7717554515829], [-84.3956055152174, 33.7717555841569], [-84.3956824809105, 33.7717556793993], [-84.3957283600873, 33.7717095306172], [-84.3959233740956, 33.7717099971409], [-84.3959236469741, 33.7716916525071], [-84.3959499524189, 33.7716919246288], [-84.3959469891021, 33.7718914722148], [-84.3959162432954, 33.7718921352397], [-84.3958821535518, 33.7718923040502], [-84.3958827879304, 33.7718495600205], [-84.3956621270667, 33.77184733411], [-84.3956611244766, 33.7718292262734], [-84.3956600128516, 33.7718232972637], [-84.3956572939038, 33.7718178815716], [-84.3956525078857, 33.7718106141132], [-84.395650310548, 33.771807278468], [-84.3956373795731, 33.7717991884849], [-84.3956280878937, 33.7717958831322], [-84.3956183585661, 33.771794055498]]]}, "properties": {"OBJECTID_1": 151, "OBJECTID": 156, "Shape_Leng": 362.858281342, "CreationDate": 1628109910586, "Creator": "wsims6_GTFacilities", "EditDate": 1628109910586, "Editor": "wsims6_GTFacilities", "Shape__Area": 674.16796875, "Shape__Length": 133.1624808229242, "GlobalID": "5f124f92-f26d-4bf7-bfbb-56cc564f1825"}}, {"type": "Feature", "id": 152, "geometry": {"type": "Polygon", "coordinates": [[[-84.3949570114392, 33.7734857577104], [-84.3949735358045, 33.7732508574568], [-84.3949758544094, 33.773107785238], [-84.3949615270926, 33.7730882251409], [-84.3948834344676, 33.7730630187056], [-84.3948834461657, 33.7730356688537], [-84.3948831373217, 33.7730230237462], [-84.3948815810652, 33.7729849840945], [-84.3949160180329, 33.7729857102584], [-84.3949937263345, 33.7729873481838], [-84.3949934839744, 33.7730127959754], [-84.3949926677668, 33.7730982768625], [-84.3950294272444, 33.7730986290203], [-84.3950809616929, 33.773099254975], [-84.3950780166147, 33.7732454174169], [-84.3950359662443, 33.7732449055535], [-84.3949928502305, 33.7732456128783], [-84.3950022888249, 33.7732948878635], [-84.3950019472742, 33.7733212014239], [-84.394983848116, 33.7733209923639], [-84.3949838840471, 33.7733345378247], [-84.3950017697563, 33.7733348690027], [-84.3950014299747, 33.7733610355903], [-84.39499753114, 33.7734257012139], [-84.3950055102403, 33.7734384259012], [-84.3949992239147, 33.7734647125902], [-84.3949855627276, 33.7734663301827], [-84.3949712733571, 33.7734708684868], [-84.3949627097212, 33.7734775195898], [-84.3949570114392, 33.7734857577104]]]}, "properties": {"OBJECTID_1": 152, "OBJECTID": 157, "Shape_Leng": 487.748457815, "CreationDate": 1628109910586, "Creator": "wsims6_GTFacilities", "EditDate": 1628109910586, "Editor": "wsims6_GTFacilities", "Shape__Area": 497.38671875, "Shape__Length": 179.28058284946496, "GlobalID": "d91c4b92-ee2f-43f8-ac03-b5bf2ef72466"}}, {"type": "Feature", "id": 153, "geometry": {"type": "Polygon", "coordinates": [[[-84.3943017180457, 33.7738257253031], [-84.3943014735971, 33.773733297349], [-84.3942766237832, 33.7737333431812], [-84.3942623679437, 33.7737354856505], [-84.3942636574812, 33.7736478507561], [-84.3942799264002, 33.7736471490214], [-84.3946840498388, 33.7736599233193], [-84.394683297111, 33.7737425846113], [-84.3946347297218, 33.7737470311181], [-84.3945188271226, 33.7737462461242], [-84.3945189169521, 33.7737345001303], [-84.3945008276253, 33.7737343667203], [-84.3945008612503, 33.773731162185], [-84.394486883429, 33.7737310590521], [-84.3944868498011, 33.7737342626858], [-84.3944698563714, 33.7737341371664], [-84.3944700007176, 33.7737458421536], [-84.3943847667899, 33.7737451816529], [-84.3943839381793, 33.7738233474429], [-84.3943017180457, 33.7738257253031]]]}, "properties": {"OBJECTID_1": 153, "OBJECTID": 158, "Shape_Leng": 390.578371021, "CreationDate": 1628109910586, "Creator": "wsims6_GTFacilities", "EditDate": 1628109910586, "Editor": "wsims6_GTFacilities", "Shape__Area": 661.61328125, "Shape__Length": 143.3145327892331, "GlobalID": "dec6e13c-a174-418f-9dbc-c439c3ee1797"}}, {"type": "Feature", "id": 155, "geometry": {"type": "Polygon", "coordinates": [[[-84.3912678940445, 33.7746389634552], [-84.3913282075844, 33.7746417696195], [-84.3913175569139, 33.7746841513475], [-84.3913165424118, 33.7747037497098], [-84.3913163940195, 33.7747701657032], [-84.3913158908688, 33.7749960134341], [-84.3912993561574, 33.7749959236115], [-84.3911804992915, 33.7749952788163], [-84.3911804792872, 33.7749884380154], [-84.3911807761032, 33.7749710157464], [-84.3911800590523, 33.7749593758159], [-84.3911797929719, 33.7749550546796], [-84.3911756291372, 33.7749544392126], [-84.3911707373038, 33.7749537150681], [-84.3911669131254, 33.7749520999519], [-84.3911632719464, 33.7749560693381], [-84.3911578808103, 33.7749613691399], [-84.391143992633, 33.7749795672077], [-84.391100636555, 33.7750363753294], [-84.3910863331722, 33.775055180056], [-84.3910704760293, 33.7750760289473], [-84.3910606594775, 33.7750975863722], [-84.3910557157779, 33.7751084449449], [-84.3910536073069, 33.7751151399414], [-84.3910509599726, 33.7751242839039], [-84.3910491216106, 33.7751306357813], [-84.3910478279019, 33.7751351031164], [-84.3910465508066, 33.7751542258801], [-84.3910461019813, 33.7751605644112], [-84.391049170908, 33.7751888878496], [-84.3910509244183, 33.7752050693227], [-84.3910519429356, 33.7752126620894], [-84.3910536474703, 33.7752191689208], [-84.3910562682979, 33.775230502435], [-84.3910614857818, 33.7752467966278], [-84.3910744204114, 33.7752864818817], [-84.3910811564491, 33.7753054476132], [-84.3910828555852, 33.7753098824567], [-84.391088444379, 33.7753244754564], [-84.391092640042, 33.7753335636962], [-84.3910945005153, 33.7753377611116], [-84.391100309784, 33.7753470528951], [-84.3911029670027, 33.7753516356703], [-84.3911062532171, 33.7753556240141], [-84.3911114235821, 33.7753637799754], [-84.3911205007365, 33.775372100145], [-84.3911263808126, 33.7753774903485], [-84.3911299669103, 33.7753805449361], [-84.3911422306476, 33.775386112875], [-84.3911523097209, 33.7753906884607], [-84.3911762134746, 33.7754015405453], [-84.3911854136975, 33.7754036417895], [-84.3912075089285, 33.7754086887134], [-84.3912188033249, 33.7754106175359], [-84.3912447981657, 33.7754147304589], [-84.3913249785915, 33.7754149875637], [-84.3914866020075, 33.775413585109], [-84.391699497483, 33.7754205392486], [-84.3917384028899, 33.7754203177253], [-84.3918728314972, 33.7754229063823], [-84.3918948010284, 33.7753964063986], [-84.3919020200703, 33.775393165308], [-84.3919013154045, 33.7754799497346], [-84.3918908388028, 33.7754798561481], [-84.3918710922114, 33.7754798921836], [-84.3915246093264, 33.775475852505], [-84.3914386787711, 33.7754753445237], [-84.3914382744779, 33.7754925226398], [-84.3914410942949, 33.7755514999963], [-84.3914512910247, 33.7755440617268], [-84.3914596942098, 33.7755299499875], [-84.3914627514213, 33.7755099133094], [-84.3914746921479, 33.7754905961975], [-84.3914829324963, 33.7754906172527], [-84.3914820472793, 33.7756010316091], [-84.3914825331924, 33.7756093160075], [-84.3914822408465, 33.7756288400188], [-84.3914804983371, 33.7757330525663], [-84.3914426638144, 33.7757353251205], [-84.3913816581124, 33.7757389896304], [-84.3913842250756, 33.7757449710262], [-84.3915393949333, 33.775751537334], [-84.3915644652574, 33.7757526024855], [-84.3915641336164, 33.7757645193273], [-84.391562607368, 33.775818821416], [-84.391562360417, 33.7758276138779], [-84.3914735754754, 33.7758282048277], [-84.3914616956616, 33.7758282832716], [-84.3914487985058, 33.7758295032559], [-84.3914415472051, 33.7758303351636], [-84.3914409789874, 33.7758343575679], [-84.3914403954725, 33.7758383105729], [-84.3914389430843, 33.7758481628683], [-84.3914381484643, 33.7758535543933], [-84.3914387051817, 33.7758653857629], [-84.3914393041797, 33.7758781096913], [-84.3914393639042, 33.7759481066559], [-84.3914401484987, 33.7759806305311], [-84.3914040066269, 33.7759824040819], [-84.3913884500696, 33.7759844304717], [-84.3913818099573, 33.7759852955258], [-84.391379639213, 33.7759884011624], [-84.3913814928729, 33.7759953540347], [-84.3913835937275, 33.7760221328897], [-84.3915761518443, 33.7760210977594], [-84.3915751700329, 33.7760461645812], [-84.3915747433856, 33.7760762634142], [-84.3916167441229, 33.776076678264], [-84.3916161451305, 33.7761189073394], [-84.3915631796216, 33.7761183826336], [-84.3915627639284, 33.7761477168452], [-84.3916170132613, 33.7761482527358], [-84.3916159240446, 33.7762251674642], [-84.3914433865936, 33.7762195949522], [-84.3914390888787, 33.7761545134029], [-84.3914363439931, 33.7761378775075], [-84.3914279327758, 33.7761319870042], [-84.3914208422333, 33.7761298891496], [-84.3914126978754, 33.7761290248707], [-84.3914015624, 33.7761317600244], [-84.3913982751298, 33.7761344132617], [-84.3913929498785, 33.776141398141], [-84.3913901769617, 33.7761450359475], [-84.3913914654053, 33.7761807300155], [-84.3914045886751, 33.776253675034], [-84.3914147333345, 33.7762651291831], [-84.3914292503607, 33.7762772290661], [-84.3914430787078, 33.7762823676429], [-84.3916100601981, 33.7762846799893], [-84.3917455658406, 33.7762865554148], [-84.391770688118, 33.7762851318689], [-84.3918322820081, 33.7762816410136], [-84.3918776259246, 33.7762805150624], [-84.3918818883536, 33.7762804090038], [-84.3918959041345, 33.7762824824717], [-84.3919028621511, 33.7762834399507], [-84.3919190139986, 33.7762856636999], [-84.3919435217066, 33.7762841600919], [-84.3919625734587, 33.7762751692009], [-84.3919698158625, 33.7762717513402], [-84.3919768555309, 33.7762684294243], [-84.391985491817, 33.7763478952048], [-84.3919707345402, 33.776339742358], [-84.3919499859335, 33.7763353008276], [-84.3919396440683, 33.7763343351018], [-84.3918946526595, 33.7763348455056], [-84.391887369678, 33.7763372012896], [-84.3918833945006, 33.776339389641], [-84.39187242853, 33.7763454263782], [-84.3918718512497, 33.7763501052036], [-84.3918700739838, 33.7763645249647], [-84.3918687765207, 33.776371261773], [-84.3918689237419, 33.7763850234226], [-84.3918687746365, 33.7763940609552], [-84.3918457671735, 33.7763933004671], [-84.3914739893748, 33.7763855369987], [-84.3914706016699, 33.7765130160596], [-84.3915831334943, 33.7765161381169], [-84.3915815945887, 33.7765436999221], [-84.3915796813302, 33.7765779905383], [-84.3915759926111, 33.7766447655096], [-84.391565741259, 33.776644568697], [-84.3915452179792, 33.776647044164], [-84.3914517200443, 33.776638854382], [-84.3914462208448, 33.776638364883], [-84.3914433348813, 33.7766082333156], [-84.3914291668112, 33.7766069841841], [-84.3913810117573, 33.7765078657876], [-84.3913814199153, 33.7765020863551], [-84.3913829056729, 33.7764810237583], [-84.3913833599959, 33.7764747303], [-84.3913829996559, 33.7764665692], [-84.3913813798014, 33.7764375155041], [-84.3913801314751, 33.7764295913522], [-84.3913757541793, 33.7764018347447], [-84.3913677742043, 33.7763605554045], [-84.3913538923124, 33.776279079429], [-84.3913735452209, 33.7762798966095], [-84.391388540453, 33.7762803787386], [-84.3913755459899, 33.7762642060201], [-84.3913707709709, 33.7762507701774], [-84.3913576678233, 33.7761714603551], [-84.3913443082616, 33.7760551318584], [-84.3913117192231, 33.7760637613898], [-84.3912787235966, 33.7760717433646], [-84.3912693627757, 33.7760739144486], [-84.3912582717836, 33.7760783860907], [-84.3912468592856, 33.7760875045312], [-84.3912430146065, 33.7760896385254], [-84.3912298584283, 33.7761053990033], [-84.3912161897757, 33.7761312417866], [-84.3912013315129, 33.7761451750042], [-84.3911717827337, 33.7761674021953], [-84.3911290045069, 33.7761934611196], [-84.3911101364221, 33.7762012812035], [-84.3910889950036, 33.7762122080041], [-84.3910677721025, 33.7762171461747], [-84.3910613111061, 33.7761877451233], [-84.3910267246989, 33.7760303605784], [-84.3909951836713, 33.7758868279787], [-84.3909472333291, 33.7756728430242], [-84.39092284824, 33.7755601564453], [-84.3909212390933, 33.7755529632816], [-84.3909441812893, 33.77554948359], [-84.390978305101, 33.7755431830388], [-84.3910245082164, 33.7755346523724], [-84.3909744399412, 33.7755030674341], [-84.3910401027148, 33.7754279314928], [-84.3910439472994, 33.7754216291658], [-84.391047047909, 33.7754165463238], [-84.391049944833, 33.7754107803995], [-84.3910523951832, 33.7754022778704], [-84.3910537605278, 33.7753975390078], [-84.3910527417259, 33.7753939793331], [-84.3910500072572, 33.7753854420499], [-84.3910424525277, 33.7753729958507], [-84.391037291679, 33.7753622755698], [-84.3910341434972, 33.7753557361985], [-84.3910296226671, 33.775349063173], [-84.3910262786989, 33.7753403142073], [-84.3910019769451, 33.7752782417458], [-84.3909989058464, 33.7752685491548], [-84.390994330514, 33.7752542184929], [-84.3909895628601, 33.7752344503145], [-84.3909876561287, 33.7752249296256], [-84.3909858992753, 33.7752145034052], [-84.3909834323333, 33.775203384203], [-84.390983193306, 33.7751990828537], [-84.3909811652984, 33.7751625001885], [-84.390981271858, 33.7751545023376], [-84.3909815536767, 33.7751333815184], [-84.3909824292961, 33.7751288184671], [-84.3909865446657, 33.775109179308], [-84.3909929130071, 33.7750923032249], [-84.3910005728743, 33.7750746791273], [-84.3910039252935, 33.7750667925908], [-84.3910108529727, 33.775054082026], [-84.3910195390666, 33.7750412140816], [-84.3910372037877, 33.7750150421608], [-84.3910446216342, 33.7750056424724], [-84.3910482833388, 33.775000846237], [-84.3910878174031, 33.7749490429433], [-84.3910932222516, 33.7749419614543], [-84.3910973377182, 33.7749364502835], [-84.3910987149917, 33.7749329773185], [-84.3910987000241, 33.7749272374261], [-84.3910934138939, 33.7749210499815], [-84.3910884978006, 33.7749176461667], [-84.3910835581503, 33.7749172160444], [-84.3910748547406, 33.7749168089956], [-84.3910493438204, 33.774915617412], [-84.3910434049833, 33.7749154217311], [-84.3910434049754, 33.7748967818693], [-84.3910431788633, 33.7748564342332], [-84.391042585754, 33.7747502738447], [-84.391097172442, 33.7747496804837], [-84.3911043107966, 33.7747502860358], [-84.3911039785546, 33.7747433637521], [-84.3911020548697, 33.7747033275675], [-84.3911979993671, 33.7747015670418], [-84.3912410327944, 33.7747007773378], [-84.3912413218703, 33.7747209449751], [-84.3912454375503, 33.7747262815801], [-84.3912485933755, 33.774730373848], [-84.3912547723854, 33.7747311722875], [-84.3912608200959, 33.7747271678627], [-84.391263917464, 33.7747220985455], [-84.391265840817, 33.7747189491796], [-84.3912659670075, 33.7747073131243], [-84.3912672579349, 33.7746488277898], [-84.3912678940445, 33.7746389634552]], [[-84.3912230867004, 33.7755013186784], [-84.3912788293486, 33.7755024579119], [-84.391313176233, 33.7754997337172], [-84.3913124819248, 33.7754773740017], [-84.3913096331014, 33.7754738474149], [-84.391264508818, 33.7754725049343], [-84.3912368929995, 33.7754703362228], [-84.391207535778, 33.77546491661], [-84.3912007487924, 33.7754856191759], [-84.3912017920489, 33.7754939972352], [-84.3912077885011, 33.7754976380173], [-84.3912230867004, 33.7755013186784]], [[-84.3910758240778, 33.775499757994], [-84.3911045673719, 33.7755024404363], [-84.3911130698079, 33.7755002835489], [-84.3911258626765, 33.7754897289822], [-84.3911417706685, 33.7754705516561], [-84.3911510530649, 33.7754528254171], [-84.3911426083124, 33.7754514305933], [-84.391126725526, 33.775448807722], [-84.391111292503, 33.7754493154695], [-84.3910975343366, 33.7754544690891], [-84.3910894424872, 33.7754612939849], [-84.3910844156522, 33.7754655345807], [-84.3910594122458, 33.775494656532], [-84.3910758240778, 33.775499757994]]]}, "properties": {"OBJECTID_1": 155, "OBJECTID": 160, "Shape_Leng": 3272.45454202, "CreationDate": 1628109910586, "Creator": "wsims6_GTFacilities", "EditDate": 1628109910586, "Editor": "wsims6_GTFacilities", "Shape__Area": 8914.02734375, "Shape__Length": 1201.7909138883838, "GlobalID": "bc7eefdc-ac19-4af3-bc21-0a9745350187"}}, {"type": "Feature", "id": 156, "geometry": {"type": "Polygon", "coordinates": [[[-84.3936901326339, 33.7711970679271], [-84.39369287645, 33.7711333701144], [-84.3936928036417, 33.7711147700491], [-84.3936891452996, 33.7710544057016], [-84.3936596945145, 33.771054342656], [-84.3936269671606, 33.7710543406297], [-84.3936273750985, 33.7710432206949], [-84.3935939408482, 33.7710425013422], [-84.393592683178, 33.7708815964638], [-84.3936192390805, 33.7708815476339], [-84.393619180608, 33.7708593697823], [-84.3936216268222, 33.7708482145412], [-84.3936223324698, 33.7708365819197], [-84.3936728385973, 33.7708346694985], [-84.3936743996939, 33.7708268646236], [-84.3936700354147, 33.7708181320265], [-84.3936675801573, 33.7708148013278], [-84.393663927537, 33.7708130940035], [-84.3936570369332, 33.7708088806289], [-84.3936523815089, 33.7708080623751], [-84.3936400304801, 33.7708072817168], [-84.3936199252329, 33.7708060103908], [-84.3936033693703, 33.77080496426], [-84.3935738642215, 33.7708039049671], [-84.3935410413293, 33.7708012080525], [-84.393533440803, 33.7707996333111], [-84.3934814945054, 33.7707888656705], [-84.3934786524935, 33.7707493820973], [-84.3934945589372, 33.7707522715155], [-84.3935054946272, 33.7707551321982], [-84.3935156671762, 33.7707576462447], [-84.3935333988063, 33.7707578904598], [-84.3935645098639, 33.7707583183579], [-84.3936161495704, 33.7707580430812], [-84.3936654184121, 33.7707577802583], [-84.3936781391058, 33.7707574971853], [-84.3936841005453, 33.7707573635952], [-84.3936893477523, 33.7707525039518], [-84.3936933100821, 33.7707488341487], [-84.3936948163965, 33.7707440021243], [-84.393694872812, 33.7706921172985], [-84.393747349279, 33.7706894158827], [-84.3937470320458, 33.7706927588942], [-84.3937468860506, 33.7706943036944], [-84.3937466433815, 33.7706980820671], [-84.3937471765392, 33.7707152007723], [-84.3937489188909, 33.7707184020414], [-84.39375187743, 33.7707238425822], [-84.3937658258312, 33.7707334411618], [-84.3937745342838, 33.7707383707043], [-84.3937747230133, 33.7708009017975], [-84.3937746873804, 33.7708009000597], [-84.3937625848969, 33.770800205515], [-84.3937588848866, 33.7708038622145], [-84.3937549350492, 33.7708077655248], [-84.393754869908, 33.7708129483462], [-84.3937535535037, 33.7709171872661], [-84.3937519168752, 33.7710158608696], [-84.3937513278328, 33.7710614567415], [-84.3937534679287, 33.7710693215294], [-84.393755286405, 33.771076002137], [-84.3937599737154, 33.7710798976698], [-84.3937643066114, 33.7710812277501], [-84.3937751428896, 33.7710815819964], [-84.3937754232218, 33.7711563249053], [-84.3937671863156, 33.7711558143984], [-84.3937595856203, 33.7711570537303], [-84.3937543052912, 33.7711600064414], [-84.3937503808661, 33.7711678192718], [-84.3937492585962, 33.7711766277812], [-84.3937471010696, 33.7712067658945], [-84.3937459223312, 33.7712232268364], [-84.3937509915758, 33.7712442088919], [-84.3937520045513, 33.7712484015176], [-84.393753529147, 33.7712517249101], [-84.3937560875041, 33.771257297828], [-84.3937582203183, 33.7712607634642], [-84.3937610260785, 33.7712659887903], [-84.3936543360603, 33.7712634981305], [-84.3936707073219, 33.771253873531], [-84.3936796967417, 33.771244554643], [-84.3936823393411, 33.7712399062695], [-84.3936852828448, 33.7712347280722], [-84.3936867545149, 33.7712282190375], [-84.3936892699134, 33.7712170961279], [-84.3936901326339, 33.7711970679271]]]}, "properties": {"OBJECTID_1": 156, "OBJECTID": 161, "Shape_Leng": 657.490078023, "CreationDate": 1628109910586, "Creator": "wsims6_GTFacilities", "EditDate": 1628109910586, "Editor": "wsims6_GTFacilities", "Shape__Area": 1023.2421875, "Shape__Length": 241.54414982868008, "GlobalID": "5e0fea67-c470-4b68-80d4-1220338a7551"}}, {"type": "Feature", "id": 157, "geometry": {"type": "Polygon", "coordinates": [[[-84.4019356942363, 33.7789111964746], [-84.4020963283532, 33.7788035845651], [-84.4021033606553, 33.7788082940002], [-84.4023166206754, 33.7790183522789], [-84.4021581337632, 33.7791159935176], [-84.402126912568, 33.7791352285168], [-84.4020999724197, 33.7791520434227], [-84.4019001686778, 33.7789361660126], [-84.401925906991, 33.7789177530093], [-84.4019356942363, 33.7789111964746]]]}, "properties": {"OBJECTID_1": 157, "OBJECTID": 164, "Shape_Leng": 360.761385764, "CreationDate": 1628109910586, "Creator": "wsims6_GTFacilities", "EditDate": 1628109910586, "Editor": "wsims6_GTFacilities", "Shape__Area": 1084.23046875, "Shape__Length": 132.47716946050653, "GlobalID": "3d57182f-a546-4f53-a949-b47858906a49"}}, {"type": "Feature", "id": 158, "geometry": {"type": "Polygon", "coordinates": [[[-84.4023448523805, 33.7761621431201], [-84.4023367879097, 33.7761621035198], [-84.402325486566, 33.7761632837237], [-84.4023186979079, 33.7761650675314], [-84.4023119597438, 33.7761679422412], [-84.4023056666422, 33.7761732640861], [-84.4023026680479, 33.7761775156909], [-84.402300216966, 33.7761825921636], [-84.4022987569051, 33.7761899785797], [-84.402298666702, 33.7762110593762], [-84.4021090003223, 33.7762095179796], [-84.402104065513, 33.7762093254241], [-84.4021046188119, 33.7761822702994], [-84.4021038488671, 33.7761770989907], [-84.4021020342656, 33.7761721118085], [-84.4020992283201, 33.7761674574238], [-84.4020955123762, 33.7761632700274], [-84.4020909958221, 33.776159672937], [-84.4020850184373, 33.7761564771634], [-84.4020801115558, 33.7761546516618], [-84.4020740605991, 33.7761533738418], [-84.4020593275273, 33.7761544063848], [-84.4020505674196, 33.7761550452334], [-84.4020449454063, 33.7761554553881], [-84.402004053866, 33.77615005764], [-84.4018100043241, 33.7761209732621], [-84.401804431464, 33.7761207999433], [-84.4017366192168, 33.7761188445097], [-84.4017366626604, 33.7761221002925], [-84.4017363331214, 33.7761390150109], [-84.4017352213961, 33.7761960763745], [-84.4016809358029, 33.7761953385227], [-84.4016811080537, 33.7761836879486], [-84.4016919402778, 33.7761838927331], [-84.4016929857586, 33.7761385421526], [-84.4015597984856, 33.7761367318444], [-84.401559879514, 33.7761624639379], [-84.4013446061982, 33.7761614858474], [-84.4012922341451, 33.7761608460724], [-84.4012334387705, 33.7761043052368], [-84.4012044567679, 33.7760764190237], [-84.4011989560805, 33.7760694470838], [-84.4011916337676, 33.7760544935747], [-84.4011869096628, 33.7760448467601], [-84.4011816525107, 33.7760254144267], [-84.4011835078664, 33.7760029814039], [-84.4011853480307, 33.7759852757718], [-84.4011872707647, 33.7759812300117], [-84.4011931109031, 33.7759689447237], [-84.4011988801799, 33.7759568065393], [-84.401201537071, 33.7759519524051], [-84.4012067791706, 33.775946447775], [-84.4012248062187, 33.7759275184925], [-84.4012379953129, 33.7759193677356], [-84.4012592761443, 33.7759062172633], [-84.4012746106716, 33.7759008611523], [-84.4012932945015, 33.7758943355407], [-84.4013196865564, 33.7758930293604], [-84.4013319439018, 33.7758924217832], [-84.4013608031859, 33.7758939231557], [-84.4013661994579, 33.7758950715163], [-84.4013928331892, 33.7759035973768], [-84.4014133626174, 33.7759154222665], [-84.4014208773118, 33.775919749427], [-84.401424058494, 33.7759222571817], [-84.4014382420709, 33.7759351175135], [-84.401443714977, 33.7759414006335], [-84.4014495777993, 33.7759481311325], [-84.4014621857892, 33.7759644432782], [-84.4014768600817, 33.775983428496], [-84.4014830190781, 33.7759906750765], [-84.4014954707397, 33.7759975697602], [-84.4015102581058, 33.7760057583769], [-84.4015363070848, 33.7760144313866], [-84.4015438416638, 33.7760169398695], [-84.4015630299991, 33.7760219877645], [-84.4018615591469, 33.7760616076278], [-84.4019475651182, 33.77607565102], [-84.4019915588127, 33.7760807218835], [-84.4020065882257, 33.7760818509451], [-84.4020445026208, 33.7760819878212], [-84.4020682693679, 33.7760828387314], [-84.4021411072714, 33.776085447108], [-84.4023027924026, 33.7760892500313], [-84.4023192036428, 33.7760891204151], [-84.4023260594646, 33.7760882083766], [-84.4023351829282, 33.7760869935607], [-84.4023562445897, 33.7760817787579], [-84.4023768526744, 33.7760710097397], [-84.4023891933694, 33.7760645600947], [-84.4024113865796, 33.7760420097624], [-84.4024188038713, 33.7760316473329], [-84.4024265965428, 33.7760207603259], [-84.4024235255449, 33.7760537576408], [-84.4024118931185, 33.7762285074018], [-84.4024094210582, 33.7762164633481], [-84.4024051825652, 33.7762063810569], [-84.4024012423151, 33.7761999345583], [-84.4023974950074, 33.7761929746511], [-84.4023840088597, 33.7761773991258], [-84.4023782883011, 33.7761729721208], [-84.4023670417114, 33.7761669426143], [-84.4023572691834, 33.7761637658236], [-84.4023448523805, 33.7761621431201]], [[-84.4013376567368, 33.775942351626], [-84.4013170582536, 33.7759420265256], [-84.4013070056309, 33.7759434134452], [-84.4012973795306, 33.7759460023569], [-84.4012793012997, 33.7759540731512], [-84.4012619411359, 33.775966524607], [-84.4012546061434, 33.7759758363863], [-84.4012493012251, 33.7759864183407], [-84.401245690266, 33.7759973586376], [-84.4012431378372, 33.7760136013414], [-84.4012434622355, 33.7760217020687], [-84.4012478549196, 33.7760377034533], [-84.4012568975341, 33.776052772707], [-84.4012632989172, 33.7760598231792], [-84.4012705587316, 33.7760661038116], [-84.4012867074579, 33.7760758235772], [-84.4012955970232, 33.7760795025485], [-84.4013115262989, 33.7760839733098], [-84.4013267429112, 33.7760848595538], [-84.4013666922796, 33.7760789544049], [-84.4014007283138, 33.7760430526082], [-84.4014087833203, 33.7760233966], [-84.4014113577638, 33.7760132571338], [-84.4014118849282, 33.776007021207], [-84.4014099463826, 33.7759961617902], [-84.4014012914202, 33.7759799259741], [-84.4013907256584, 33.7759669604771], [-84.401375620393, 33.7759546356708], [-84.4013669502267, 33.7759498454526], [-84.4013576865436, 33.775946361053], [-84.4013376567368, 33.775942351626]]]}, "properties": {"OBJECTID_1": 158, "OBJECTID": 165, "Shape_Leng": 1185.65324361, "CreationDate": 1628109910586, "Creator": "wsims6_GTFacilities", "EditDate": 1628109910586, "Editor": "wsims6_GTFacilities", "Shape__Area": 2126.35546875, "Shape__Length": 435.04770698710826, "GlobalID": "27aea004-88ab-4890-8343-8286cbeed2d1"}}, {"type": "Feature", "id": 159, "geometry": {"type": "Polygon", "coordinates": [[[-84.4029574934809, 33.7746284344242], [-84.4028908905715, 33.774624909333], [-84.4026675862102, 33.7746133662204], [-84.402635897961, 33.7746112592412], [-84.4026226865094, 33.7746103458811], [-84.4026094653246, 33.7745767368244], [-84.4026049069828, 33.7745649627473], [-84.4025945691609, 33.7745382593409], [-84.4026195865997, 33.7745394134154], [-84.4026893006674, 33.7745439614886], [-84.4028096199575, 33.7745505153563], [-84.4028193127137, 33.7745510441125], [-84.4028359319781, 33.7745493181057], [-84.4028433408665, 33.7745485492446], [-84.402847142964, 33.7745459794727], [-84.4028528342508, 33.774542131149], [-84.4028582774375, 33.7745348254635], [-84.4028596822154, 33.7745309276373], [-84.4028617170624, 33.7745252848097], [-84.4028630621072, 33.7745149646287], [-84.4028654837772, 33.774425235676], [-84.4032317161652, 33.7744455228695], [-84.4032312253089, 33.7744672743677], [-84.4032305791878, 33.774480460467], [-84.4032307212823, 33.7744826629311], [-84.4032312961915, 33.774484814073], [-84.4032336693362, 33.7744887371212], [-84.40323744048, 33.7744918018216], [-84.4032433909451, 33.7744938723301], [-84.4032474286982, 33.7744941603318], [-84.4032511239442, 33.7744935734856], [-84.4032549185193, 33.7744922002082], [-84.4032570440731, 33.7744908923443], [-84.4032644997007, 33.7744851345264], [-84.4032867713792, 33.7744685789678], [-84.4033266319525, 33.7744389490812], [-84.4033801202979, 33.7743979214053], [-84.4033906508661, 33.7743882391011], [-84.4034023696509, 33.7743744429825], [-84.4034071387543, 33.7743631027702], [-84.403412588836, 33.7743516521515], [-84.4034151860323, 33.7743451778142], [-84.4034200407461, 33.7743296357377], [-84.4034251927778, 33.7743052136189], [-84.4034791831645, 33.7743493811576], [-84.4035368000169, 33.7744009064075], [-84.4035139846427, 33.7744046604943], [-84.4035009513337, 33.7744068756196], [-84.4034910612006, 33.7744091640574], [-84.4034819327091, 33.7744124049809], [-84.4034763442973, 33.7744143885194], [-84.4034676182173, 33.774418693521], [-84.4034625764341, 33.7744211809353], [-84.4034499959006, 33.7744294245351], [-84.4034388193161, 33.7744389746391], [-84.4034031846901, 33.7744764561582], [-84.4033641889117, 33.7745217731597], [-84.4033573750719, 33.7745339756646], [-84.4033529688415, 33.7745469273329], [-84.4033517287178, 33.7745557253288], [-84.4033512262468, 33.7745638195229], [-84.4033518214611, 33.7745780644867], [-84.4034186676627, 33.774581727717], [-84.4034547380805, 33.7745833310804], [-84.403454918378, 33.7745864666809], [-84.4034522885424, 33.7746242482499], [-84.4034500121548, 33.7746241038448], [-84.4034476246875, 33.7746542254129], [-84.4032673821406, 33.7746452588308], [-84.4031429246546, 33.7746388612102], [-84.4029574934809, 33.7746284344242]], [[-84.4031876940922, 33.7745543933921], [-84.4029481250855, 33.7745423373587], [-84.4029435612502, 33.7745435236542], [-84.4029401744379, 33.7745463414899], [-84.4029387370254, 33.7745501492143], [-84.4029390826052, 33.7745529310515], [-84.4029405071873, 33.774555461967], [-84.4029428502034, 33.7745574600509], [-84.4029474959982, 33.7745589911785], [-84.4031866655242, 33.7745718179895], [-84.4031901488013, 33.7745711026152], [-84.4031931425657, 33.7745694513622], [-84.4031952986042, 33.7745670560483], [-84.4031963639566, 33.7745641957689], [-84.4031962218961, 33.7745612196872], [-84.4031948959958, 33.7745584550576], [-84.4031925415204, 33.7745562180626], [-84.4031876940922, 33.7745543933921]]]}, "properties": {"OBJECTID_1": 159, "OBJECTID": 166, "Shape_Leng": 987.477085998, "CreationDate": 1628109910586, "Creator": "wsims6_GTFacilities", "EditDate": 1628109910586, "Editor": "wsims6_GTFacilities", "Shape__Area": 1960.83984375, "Shape__Length": 362.18465519273917, "GlobalID": "f6e02263-3a22-434e-a44f-57c488a9eac0"}}, {"type": "Feature", "id": 160, "geometry": {"type": "Polygon", "coordinates": [[[-84.4076237590594, 33.772998872474], [-84.4074865402966, 33.772966421142], [-84.4074576192441, 33.7729818913189], [-84.4072677458007, 33.7729504873956], [-84.4072022103881, 33.7728660906395], [-84.4071775750489, 33.7728129700126], [-84.4070925581463, 33.7727667835156], [-84.4070187019957, 33.7726251434311], [-84.4069570262514, 33.7725540573306], [-84.4069249447556, 33.7725554939068], [-84.4069251729702, 33.7726372535016], [-84.4068509738739, 33.7725865393175], [-84.4066512932821, 33.7724492192818], [-84.406381482304, 33.7722625010704], [-84.4062836114287, 33.7721990723298], [-84.4063152431142, 33.7721613741335], [-84.4063136480254, 33.7721596685993], [-84.4063460257225, 33.7721200294917], [-84.4063489042769, 33.7721212573621], [-84.4064833177746, 33.7719608645677], [-84.4064995564001, 33.7719703670869], [-84.4066038579485, 33.7718460609026], [-84.4065984454385, 33.7718428940013], [-84.4066088759011, 33.7718304633778], [-84.4065980508782, 33.7718241277722], [-84.4066427925911, 33.7717713400937], [-84.4067980401065, 33.7718539721324], [-84.4068105736985, 33.7718361184681], [-84.4068085738681, 33.7718247858818], [-84.4068053452046, 33.7718207401374], [-84.4069407536971, 33.7719016244215], [-84.4069162810527, 33.7719217221105], [-84.4075909693834, 33.772325368781], [-84.4076237590594, 33.772998872474]]]}, "properties": {"OBJECTID_1": 160, "OBJECTID": 167, "Shape_Leng": 1411.73220888, "CreationDate": 1628109910586, "Creator": "wsims6_GTFacilities", "EditDate": 1628109910586, "Editor": "wsims6_GTFacilities", "Shape__Area": 12085.45703125, "Shape__Length": 518.4797974305309, "GlobalID": "df464e6d-19c9-41ca-8ef3-d1a0d9126b9c"}}, {"type": "Feature", "id": 161, "geometry": {"type": "Polygon", "coordinates": [[[-84.4037764647361, 33.7742612671397], [-84.403701701487, 33.7741992129793], [-84.4037103203716, 33.7741912808197], [-84.403727796147, 33.7741751987435], [-84.4037305457336, 33.7741691830478], [-84.4037326148946, 33.77416269439], [-84.4037316616419, 33.7741552864426], [-84.403731498355, 33.7741540181315], [-84.4037289345301, 33.7741498619311], [-84.4037248702526, 33.7741438584221], [-84.4037162988657, 33.7741380646387], [-84.4037094531456, 33.7741339581382], [-84.4036703027746, 33.7741104722525], [-84.4036858319297, 33.7740881391584], [-84.4037238159607, 33.7740335162396], [-84.4038264037831, 33.7738859864515], [-84.4039100907923, 33.7737656389574], [-84.4039356190591, 33.7737289277954], [-84.4039566876473, 33.7737390020245], [-84.403961031531, 33.7737410791944], [-84.4039746977926, 33.773747614241], [-84.4039820358338, 33.7737489814622], [-84.4039883652193, 33.773747914358], [-84.4039937017322, 33.7737450467598], [-84.4039964785188, 33.773741075953], [-84.4040022880495, 33.7737327695795], [-84.4040186497997, 33.7737093763015], [-84.4040210146974, 33.7737059968685], [-84.4040253589659, 33.7736976428194], [-84.4040264533471, 33.773690836846], [-84.4040247614222, 33.7736876807102], [-84.4040212266758, 33.7736857687922], [-84.4040148441458, 33.7736812655921], [-84.4040102264674, 33.7736789572261], [-84.4039896451378, 33.7736682139446], [-84.4039822343445, 33.7736643447784], [-84.4039982902486, 33.7736424127677], [-84.4040434117393, 33.7735807782979], [-84.4040551442776, 33.7735869221314], [-84.4040713174763, 33.7735953927014], [-84.404080404443, 33.7735990566677], [-84.4040850262887, 33.7736009196068], [-84.4040900467691, 33.7736009099486], [-84.4040979261011, 33.7735985018049], [-84.4040998272057, 33.7735952945767], [-84.4041021194556, 33.7735914139632], [-84.404117071207, 33.7735661055698], [-84.4041286270253, 33.7735465454309], [-84.4041349489122, 33.7735361137722], [-84.4041456881644, 33.773518393672], [-84.4041479871296, 33.773514600505], [-84.4041569017574, 33.7734890674903], [-84.4042444613147, 33.7735222682193], [-84.4042325556993, 33.7735293068944], [-84.4042235064831, 33.7735401026655], [-84.4042208850163, 33.7735432292319], [-84.4042141485315, 33.7735552215517], [-84.4042083983445, 33.7735654582588], [-84.4042005589956, 33.7735819609622], [-84.4041963103486, 33.7735909189407], [-84.4041984322187, 33.7735972877356], [-84.4042010875457, 33.7736052559368], [-84.4042046352718, 33.7736079585738], [-84.4042093244572, 33.7736115300099], [-84.4042129326356, 33.7736142289237], [-84.4042223816214, 33.7736176171788], [-84.4042267432923, 33.7736194887283], [-84.4042311089499, 33.7736200663988], [-84.4042378114472, 33.7736192293866], [-84.4042418384232, 33.7736175824308], [-84.404248353808, 33.773612324075], [-84.4042519706163, 33.773606023579], [-84.4042667129261, 33.7735803449917], [-84.4044222009052, 33.7736433514597], [-84.4044588192826, 33.7736581906331], [-84.4046434656705, 33.773733012692], [-84.4046915404979, 33.7737524939518], [-84.4046734694892, 33.773780464697], [-84.4046632476283, 33.7737962858663], [-84.4046619547953, 33.773803540349], [-84.4046607619034, 33.7738102347128], [-84.4046625215268, 33.7738140462105], [-84.4046640726059, 33.7738174072841], [-84.4046674129815, 33.7738243778279], [-84.404671953043, 33.7738278918281], [-84.4046770394883, 33.7738314291189], [-84.4047171658467, 33.7738603109958], [-84.4046104380646, 33.7739786035095], [-84.4045932841269, 33.7739657420519], [-84.4045824443147, 33.773957615619], [-84.4045755697623, 33.7739524624038], [-84.4045710494524, 33.773951798485], [-84.4045668548403, 33.7739517831279], [-84.4045618407429, 33.7739517657436], [-84.4045532486545, 33.7739560741704], [-84.4045256895727, 33.7739841443303], [-84.4044426826366, 33.7739302935074], [-84.4044632732193, 33.7739087809855], [-84.404466296375, 33.7739048890389], [-84.4044691252898, 33.7739014248498], [-84.4044718472674, 33.7738936446571], [-84.4044707506152, 33.7738886750594], [-84.4044638802757, 33.7738819159871], [-84.4044421263537, 33.7738672817063], [-84.4043919087993, 33.7738334997633], [-84.4043847197922, 33.7738286329668], [-84.4043743408509, 33.7738274744984], [-84.4043658077013, 33.7738304483533], [-84.4043360733933, 33.7738629479704], [-84.4042444816945, 33.77380228443], [-84.4041980698887, 33.7737715444693], [-84.4042180667735, 33.7737473308783], [-84.4042212444501, 33.7737434828212], [-84.4042242796929, 33.773738491743], [-84.4042239634497, 33.7737326613661], [-84.4042230560628, 33.7737274109879], [-84.404218962559, 33.7737229502783], [-84.4042154779761, 33.7737200473534], [-84.404210601518, 33.7737163013575], [-84.404201133504, 33.7737107167131], [-84.4041908490083, 33.7737046521571], [-84.4041771807031, 33.7737001188065], [-84.4041694415863, 33.773698564825], [-84.4041649713835, 33.7736988376116], [-84.4041515791269, 33.7736996550336], [-84.404142991282, 33.7737000213998], [-84.4041388386326, 33.7737011230946], [-84.4041264051132, 33.7737050646976], [-84.4041149998826, 33.773710729182], [-84.4041061489133, 33.7737190387073], [-84.4040966371391, 33.7737316395651], [-84.4040707653495, 33.7737659106482], [-84.4040598819823, 33.773780328266], [-84.4040561136263, 33.7737853198486], [-84.4040529831265, 33.7737906176677], [-84.4040499751423, 33.7737957096742], [-84.4040512867376, 33.7738018942897], [-84.4040531703528, 33.7738052619446], [-84.4040550615706, 33.7738086458147], [-84.4040581339166, 33.773812013888], [-84.4040624066799, 33.7738137476614], [-84.4040777781752, 33.7738227751901], [-84.4040924110535, 33.7738313686397], [-84.404070463074, 33.7738614340803], [-84.4040344879283, 33.7739107136579], [-84.4040016258318, 33.7738923867578], [-84.403993954434, 33.7738895540922], [-84.4039883539336, 33.7738883115651], [-84.4039840091503, 33.7738894352638], [-84.4039773209671, 33.7738911648705], [-84.4039726654005, 33.7738974394045], [-84.4039713663004, 33.7739024424661], [-84.403972424539, 33.7739095454516], [-84.403976687945, 33.773913366571], [-84.40399376892, 33.7739232978851], [-84.4040213449203, 33.7739385008102], [-84.403975008838, 33.7740029687927], [-84.4039311483084, 33.7739781026], [-84.4039304134215, 33.7739778479435], [-84.4039294261659, 33.7739776938556], [-84.4039285711877, 33.7739777414836], [-84.4039272666574, 33.7739780343236], [-84.4039262726906, 33.7739785790291], [-84.4039253080754, 33.7739795880292], [-84.403924887183, 33.7739804381948], [-84.403924788211, 33.7739813517589], [-84.4039250685356, 33.7739827758306], [-84.4039292457813, 33.7740305409454], [-84.4039226813219, 33.7740309403742], [-84.4039307786039, 33.7741036629011], [-84.4038844568255, 33.7741059979619], [-84.4038820604793, 33.774039994407], [-84.4038643893466, 33.7740650906987], [-84.4038543399231, 33.7740777304401], [-84.4038515632256, 33.774083307086], [-84.4038486774257, 33.7740880805694], [-84.4038465371845, 33.7740926713878], [-84.4038441890186, 33.7741013452873], [-84.4038422654491, 33.7741116882308], [-84.4038418948683, 33.7741351066561], [-84.403850260387, 33.7741551298011], [-84.4038742341592, 33.7741819241098], [-84.4038810984979, 33.7741880809225], [-84.4038935898611, 33.7741980454161], [-84.40390846887, 33.7742030831988], [-84.4039196319621, 33.7741976770719], [-84.4039475853394, 33.774172719695], [-84.4040980648366, 33.7742985020097], [-84.4040762930248, 33.7743091031433], [-84.404065785761, 33.774319765557], [-84.4040607580045, 33.7743249813684], [-84.4040574431303, 33.7743284203349], [-84.4040564955862, 33.7743344451945], [-84.4040602449931, 33.7743390156709], [-84.4041058374636, 33.7743759777551], [-84.4041684201816, 33.7744267141274], [-84.4041267854635, 33.774464768229], [-84.4040767826157, 33.7745104718023], [-84.4040512371253, 33.7744893267042], [-84.4039020367571, 33.7743654903486], [-84.4037764647361, 33.7742612671397]]]}, "properties": {"OBJECTID_1": 161, "OBJECTID": 168, "Shape_Leng": 1637.44984621, "CreationDate": 1628109910586, "Creator": "wsims6_GTFacilities", "EditDate": 1628109910586, "Editor": "wsims6_GTFacilities", "Shape__Area": 4365.94921875, "Shape__Length": 601.3689827912342, "GlobalID": "adb2f892-4f93-457e-9d3c-59a5a4dbef14"}}, {"type": "Feature", "id": 162, "geometry": {"type": "Polygon", "coordinates": [[[-84.3924702535257, 33.7782702331157], [-84.3924715946907, 33.7782217262944], [-84.3924717177873, 33.7782217287741], [-84.3924716077596, 33.7782213574948], [-84.3924692698403, 33.7782175441782], [-84.3924631560594, 33.7782133112889], [-84.3924624022418, 33.7782128383992], [-84.3924656167694, 33.7782128956332], [-84.3925145570626, 33.778213767238], [-84.3925195532403, 33.7782138563745], [-84.3925183778328, 33.778214430173], [-84.3925136044029, 33.7782165208233], [-84.3925106541283, 33.7782188245334], [-84.3925087282119, 33.7782222435156], [-84.3925086585333, 33.778222435695], [-84.3925087513973, 33.77822243823], [-84.3925107107812, 33.7782391774195], [-84.3925100131804, 33.7783066168526], [-84.3924696993026, 33.7783059124976], [-84.3924702535257, 33.7782702331157]]]}, "properties": {"OBJECTID_1": 162, "OBJECTID": 169, "Shape_Leng": 100.110545122, "CreationDate": 1628109910586, "Creator": "wsims6_GTFacilities", "EditDate": 1628109910586, "Editor": "wsims6_GTFacilities", "Shape__Area": 55.6328125, "Shape__Length": 36.78863029227254, "GlobalID": "96f4138a-ffd9-4402-85ce-dd3a496069fd"}}, {"type": "Feature", "id": 163, "geometry": {"type": "Polygon", "coordinates": [[[-84.3931535575804, 33.7713734153448], [-84.3932646883018, 33.7713717948616], [-84.3932630596084, 33.7713736255024], [-84.3932636087437, 33.7714304791222], [-84.3932605641925, 33.7715715915919], [-84.3931649469669, 33.7715712396388], [-84.3931645313933, 33.7715688131518], [-84.3931652046388, 33.7714631895873], [-84.3931652581861, 33.7714330715759], [-84.3931651056379, 33.7714267963514], [-84.3931631225593, 33.7714207336697], [-84.3931601306562, 33.7714161488452], [-84.3931535575804, 33.7713734153448]]]}, "properties": {"OBJECTID_1": 163, "OBJECTID": 170, "Shape_Leng": 208.137099494, "CreationDate": 1628109910586, "Creator": "wsims6_GTFacilities", "EditDate": 1628109910586, "Editor": "wsims6_GTFacilities", "Shape__Area": 294.546875, "Shape__Length": 76.49232017359444, "GlobalID": "3ecaa551-85da-48b2-89fa-afe15ffb7edb"}}, {"type": "Feature", "id": 166, "geometry": null, "properties": {"OBJECTID_1": 166, "OBJECTID": 173, "Shape_Leng": 0.111934722928, "CreationDate": 1628109910586, "Creator": "wsims6_GTFacilities", "EditDate": 1628109910586, "Editor": "wsims6_GTFacilities", "Shape__Area": 0, "Shape__Length": 0.04117207459293985, "GlobalID": "79b875be-d1e1-4766-b74b-0fe9da92e182"}}, {"type": "Feature", "id": 167, "geometry": {"type": "Polygon", "coordinates": [[[-84.3925103437138, 33.7792126149969], [-84.392492815137, 33.7792126452714], [-84.3924935434816, 33.7792239804069], [-84.3924875614811, 33.7792239093032], [-84.3924876994302, 33.7791933628904], [-84.3923575801533, 33.7791922223032], [-84.3923575147358, 33.7791738665949], [-84.3923559885088, 33.7791559571709], [-84.3923526591779, 33.7791512512272], [-84.392341592991, 33.779148018305], [-84.3923131578417, 33.7791467971694], [-84.3923045059743, 33.7791485053896], [-84.39230104749, 33.7791505458396], [-84.39229768244, 33.7791540413848], [-84.3922955655218, 33.7791591621295], [-84.3922948678218, 33.7791780358796], [-84.3922927507819, 33.7792226444662], [-84.3922547885032, 33.7792224785369], [-84.3922561363891, 33.7791406511693], [-84.3922595207636, 33.7791404078481], [-84.392259703685, 33.7791286328424], [-84.3922885653936, 33.7791290552485], [-84.3922887572302, 33.7790840300115], [-84.392260401955, 33.7790836138928], [-84.392260762099, 33.7790603614366], [-84.3922609639636, 33.7790603430346], [-84.3922855141354, 33.7790607345521], [-84.3922853793444, 33.7790196194742], [-84.3922852815527, 33.7789897335006], [-84.3922618669443, 33.7789892082659], [-84.3922622742146, 33.7789629270746], [-84.3922943187632, 33.7789632742338], [-84.3922948665953, 33.7789292466941], [-84.3923374733812, 33.7789292481323], [-84.3923389464233, 33.7788301232416], [-84.3922964606009, 33.7788301152712], [-84.3922970074227, 33.7787961147822], [-84.3922632255036, 33.7787957203071], [-84.392265940186, 33.7786207552034], [-84.3922632008032, 33.7786207259484], [-84.3922654896737, 33.7784732070014], [-84.3924027069788, 33.778474691759], [-84.392402199993, 33.7785073974051], [-84.3923980588779, 33.7785245679243], [-84.3923977560827, 33.7785301524085], [-84.3923994417837, 33.7785376474625], [-84.3924028438795, 33.7785482852403], [-84.3924056153054, 33.7785518867784], [-84.392410084071, 33.7785542481452], [-84.3924219298319, 33.7785591558066], [-84.3924370866939, 33.7785647084019], [-84.3924687926692, 33.7785657008167], [-84.3925086190686, 33.778569042494], [-84.3925247711541, 33.7785822951678], [-84.3925369372309, 33.778588704384], [-84.3925474337888, 33.7785925541601], [-84.3925658276172, 33.7785927161494], [-84.3925778503572, 33.7785930566049], [-84.3925867028807, 33.778591304719], [-84.392593255883, 33.7785884444039], [-84.3926075336014, 33.7785749845523], [-84.3926087931629, 33.7785641029142], [-84.392604108097, 33.7785525622325], [-84.3925971552548, 33.7785450119056], [-84.3925872901997, 33.7785378149474], [-84.3925804929358, 33.7785261870647], [-84.3925797024856, 33.7785191646433], [-84.3925810401335, 33.7785010101381], [-84.3925797931872, 33.7784994237101], [-84.392606554323, 33.7785001555477], [-84.3926067336646, 33.7784940266913], [-84.3926071180086, 33.7784808501481], [-84.3926071756466, 33.7784768944955], [-84.3926138734906, 33.7784769760043], [-84.392616502531, 33.7783075002993], [-84.3926162409309, 33.7783012162642], [-84.3926190635784, 33.7782404352461], [-84.3926182066268, 33.7782245343796], [-84.392612607172, 33.7782155109807], [-84.3927674357621, 33.778218265975], [-84.3927635523394, 33.7782274564152], [-84.3927612266533, 33.7782476198105], [-84.3927468251853, 33.7782755947003], [-84.3927446319004, 33.7782951943201], [-84.3927432572631, 33.778307474633], [-84.3927431115075, 33.7783161091191], [-84.3927429830829, 33.778330518654], [-84.3927470164305, 33.7783455138517], [-84.3927510726428, 33.7783511282205], [-84.3927583582482, 33.7783558801034], [-84.3927620129508, 33.7783582645885], [-84.3927698208157, 33.7783637106876], [-84.3927761120008, 33.7783672363413], [-84.3927854440915, 33.7783692551725], [-84.3927911260949, 33.7783698245235], [-84.3927981109009, 33.7783685818714], [-84.3928036596465, 33.7783673364406], [-84.392812508938, 33.7783639543577], [-84.3928191011652, 33.7783575405484], [-84.3928210193564, 33.7783129755909], [-84.39305506741, 33.7783226909405], [-84.3931500858413, 33.7783269319832], [-84.3931482323109, 33.778362359486], [-84.3931490394554, 33.7783679130822], [-84.3931519999644, 33.7783715539293], [-84.3931568446948, 33.7783756340293], [-84.3931622136042, 33.7783766241075], [-84.3931997969369, 33.7783781780964], [-84.3931974388812, 33.7784180011771], [-84.393196138374, 33.7784399605919], [-84.3931417021503, 33.7784768650344], [-84.3931384150638, 33.7784767295074], [-84.3931058460509, 33.7784702694277], [-84.3931025589647, 33.7784701338998], [-84.3928460372514, 33.7785324855916], [-84.3928253650153, 33.7785445857771], [-84.3927808218181, 33.7785718783534], [-84.392736583758, 33.7785965519573], [-84.3926817090165, 33.7786281706149], [-84.3926603847364, 33.7786444457136], [-84.3926446889145, 33.7786581651388], [-84.3926270905289, 33.7786767993434], [-84.3926044719969, 33.7787088475954], [-84.3925852291458, 33.7787673774908], [-84.3925549475559, 33.7788454681884], [-84.3925460384655, 33.7788882056629], [-84.3924793006899, 33.7788874667227], [-84.3924775148979, 33.7789998410584], [-84.3925440024049, 33.7790006354582], [-84.3925389026612, 33.7790005979065], [-84.3924775675204, 33.7790001439171], [-84.3924650273128, 33.7790005455566], [-84.3924644562717, 33.7790335209112], [-84.3925402860966, 33.7790344361715], [-84.3925392803454, 33.7790852524052], [-84.3925345026613, 33.7791610215434], [-84.3925694407778, 33.7791707396121], [-84.3925708073874, 33.7792248975319], [-84.3925563123747, 33.7792247257021], [-84.3925560352731, 33.7792125358767], [-84.3925103437138, 33.7792126149969]], [[-84.3924734956118, 33.7786511336479], [-84.3924568328155, 33.7786477622035], [-84.3924434943877, 33.77864803366], [-84.3924349118622, 33.7786510473544], [-84.3924266814457, 33.7786561621546], [-84.392421165395, 33.7786616479775], [-84.3924155167657, 33.7786721607521], [-84.3923897946363, 33.7787650031113], [-84.3923891257438, 33.7787730335449], [-84.3923901588445, 33.7787795379752], [-84.3923934018444, 33.7787883835599], [-84.3923986610498, 33.7787940588551], [-84.392404425315, 33.7787992228912], [-84.3924120315925, 33.7788035513329], [-84.3924120651117, 33.7788035693046], [-84.3924192142934, 33.7788061124095], [-84.3924197510894, 33.7788061745432], [-84.3924342672649, 33.7788078548141], [-84.3924416615069, 33.7788070893087], [-84.3924501973402, 33.7788047925126], [-84.392457706488, 33.7788013191354], [-84.3924687806527, 33.7787923824375], [-84.3924752191759, 33.7787820981365], [-84.3924937521801, 33.7786871572472], [-84.3924918401553, 33.7786666607885], [-84.3924849185007, 33.7786578282493], [-84.3924734956118, 33.7786511336479]], [[-84.3924103192741, 33.7790036490475], [-84.3924092775857, 33.7789971653712], [-84.3924044959654, 33.7789899771329], [-84.3923991282256, 33.7789861513247], [-84.3923903696587, 33.7789833992742], [-84.3923799135481, 33.7789809893492], [-84.3923707059398, 33.7789811693888], [-84.3923627661246, 33.7789830611494], [-84.3923563181365, 33.7789860420815], [-84.3923509124576, 33.7789899813663], [-84.392344411731, 33.7789983795185], [-84.3923130213087, 33.7790663159759], [-84.3923021422489, 33.7790862650785], [-84.3922998705095, 33.7790932849851], [-84.3923004587329, 33.7791047240681], [-84.3923037228568, 33.779112565176], [-84.3923096315141, 33.7791192581537], [-84.3923132118291, 33.7791216788539], [-84.3923227887555, 33.7791252156537], [-84.3923308859846, 33.7791261133187], [-84.392346893129, 33.7791240057389], [-84.3923532832535, 33.7791207778605], [-84.3923584092954, 33.7791143721677], [-84.3923639924044, 33.7791023303147], [-84.3924051039617, 33.7790225319642], [-84.3924093552658, 33.7790111363246], [-84.3924103192741, 33.7790036490475]]]}, "properties": {"OBJECTID_1": 167, "OBJECTID": 174, "Shape_Leng": 1862.18310381, "CreationDate": 1628109910586, "Creator": "wsims6_GTFacilities", "EditDate": 1628109910586, "Editor": "wsims6_GTFacilities", "Shape__Area": 4383.58203125, "Shape__Length": 684.015672768619, "GlobalID": "7d820281-aae7-4aa1-a12c-0bd4ddeb6eac"}}, {"type": "Feature", "id": 168, "geometry": {"type": "Polygon", "coordinates": [[[-84.3970122907916, 33.7808350200467], [-84.3970138657763, 33.7807445192494], [-84.3968387973767, 33.7807436782749], [-84.3967767404896, 33.7807431186717], [-84.3967785526752, 33.7806031356999], [-84.3966757812124, 33.7806022083477], [-84.3966796376482, 33.78051436858], [-84.3966812480004, 33.7804785754225], [-84.3967775897702, 33.780485326806], [-84.3968359222571, 33.7804947286393], [-84.3969169406432, 33.7805194675888], [-84.3969603432011, 33.7805369228193], [-84.3970088105846, 33.780548993836], [-84.3970453918048, 33.7805489255486], [-84.3972303331593, 33.7805505601729], [-84.3972736740769, 33.7805453884635], [-84.3973420282379, 33.7805206537376], [-84.3974004274486, 33.7804908811259], [-84.3974559230645, 33.7804256564708], [-84.397656675127, 33.7804244648651], [-84.3976718906073, 33.7804170148897], [-84.3976812776216, 33.7804124196325], [-84.3976870597183, 33.7804095884422], [-84.3976846416073, 33.7805103444107], [-84.3976783129642, 33.7805054675036], [-84.3976751072855, 33.7805023041996], [-84.3976709964773, 33.7804994365283], [-84.3976671476562, 33.7804972256703], [-84.3976556029331, 33.7804928499261], [-84.397651375367, 33.7804927442313], [-84.3976153390166, 33.7804918451081], [-84.3975215313355, 33.7804907096322], [-84.3975211606858, 33.7805119324972], [-84.3975008967118, 33.7805115267916], [-84.3974999506269, 33.7805444541693], [-84.3974958011169, 33.7806889687144], [-84.3974859423035, 33.7806887707589], [-84.3974856374608, 33.7807011194462], [-84.3972785710757, 33.780696973077], [-84.3972777701455, 33.7807248689658], [-84.3972772654516, 33.7807424313748], [-84.3972636313235, 33.7807424730828], [-84.3972632763751, 33.7807534621727], [-84.3972629622731, 33.7807631735461], [-84.3972615413962, 33.7808071290056], [-84.3972614677772, 33.7808110855898], [-84.3972586516668, 33.7808098501797], [-84.3971830454319, 33.7808087570748], [-84.3971827442409, 33.7808232913575], [-84.3971065926897, 33.780822190208], [-84.3971062914857, 33.7808367244905], [-84.3970301410031, 33.7808356232918], [-84.3970122907916, 33.7808350200467]]]}, "properties": {"OBJECTID_1": 168, "OBJECTID": 175, "Shape_Leng": 929.897681865, "CreationDate": 1628109910586, "Creator": "wsims6_GTFacilities", "EditDate": 1628109910586, "Editor": "wsims6_GTFacilities", "Shape__Area": 2944.984375, "Shape__Length": 341.2600487320152, "GlobalID": "9a29d5cf-4d7e-4ce6-acb7-100afbac5428"}}, {"type": "Feature", "id": 169, "geometry": {"type": "Polygon", "coordinates": [[[-84.4058657933957, 33.7747072778748], [-84.4057464605452, 33.7746296099679], [-84.4057294708348, 33.7746188410868], [-84.4056853298425, 33.7745908635619], [-84.4056768847501, 33.7745855114804], [-84.4056615078699, 33.7746007052455], [-84.4056144935222, 33.7745683313935], [-84.405608494086, 33.7745641999175], [-84.4056180975689, 33.7745547338122], [-84.4056716317029, 33.7745006256912], [-84.4056002523016, 33.7744512307406], [-84.405560127388, 33.7744234644959], [-84.4055195795285, 33.7743954051181], [-84.4055786580753, 33.7743444988922], [-84.4055998949447, 33.774323281575], [-84.4057081714213, 33.7742171421916], [-84.4057575753446, 33.7742543189904], [-84.405815550459, 33.7742952047873], [-84.4058334047594, 33.7743086264459], [-84.4058455725476, 33.7743178457018], [-84.405853444932, 33.7743238102022], [-84.4058866497067, 33.7743490786642], [-84.4058941672818, 33.7743547995019], [-84.4059060127221, 33.7743645747944], [-84.4059297155122, 33.7743841343692], [-84.4059520826247, 33.7744036532499], [-84.405965153745, 33.7744150608556], [-84.405993116738, 33.77443995625], [-84.4060091169457, 33.7744532615584], [-84.4060152430111, 33.7744590518095], [-84.4060201349856, 33.7744636750108], [-84.4060623187312, 33.7745053063253], [-84.4060725484829, 33.774516838449], [-84.4061118905364, 33.7745611874283], [-84.4061085776665, 33.7745645443953], [-84.4060755382895, 33.7745980138035], [-84.4060870457897, 33.7746085471215], [-84.4060905994675, 33.7746118006015], [-84.4060065553593, 33.7746906760496], [-84.4059916615299, 33.7746780529499], [-84.4059596404352, 33.7747069417624], [-84.405948365411, 33.774717113522], [-84.4059203905469, 33.7747423518044], [-84.4059050279725, 33.7747323894769], [-84.4058919281997, 33.7747238951592], [-84.4058827233748, 33.774718297512], [-84.4058657933957, 33.7747072778748]]]}, "properties": {"OBJECTID_1": 169, "OBJECTID": 176, "Shape_Leng": 574.900851292, "CreationDate": 1628109910586, "Creator": "wsims6_GTFacilities", "EditDate": 1628109910586, "Editor": "wsims6_GTFacilities", "Shape__Area": 2295.3359375, "Shape__Length": 211.09441461915742, "GlobalID": "7d6d40cd-e3e3-4215-934c-49f002959fcd"}}, {"type": "Feature", "id": 170, "geometry": {"type": "Polygon", "coordinates": [[[-84.3957706155185, 33.7796636687959], [-84.3957595923342, 33.7796304255266], [-84.395746975689, 33.7795997089371], [-84.3957217354918, 33.7795685279843], [-84.3957123826821, 33.7795510920721], [-84.3956939562194, 33.7795213023382], [-84.3956828142166, 33.7795074979906], [-84.3956646219348, 33.7794849570971], [-84.3956393758964, 33.7794608901695], [-84.3956071432182, 33.7794325181883], [-84.3955753437735, 33.779409915966], [-84.3955430864665, 33.7793901313444], [-84.39549431461, 33.7793651567746], [-84.3954606906412, 33.7793495339849], [-84.395432663247, 33.7793400834372], [-84.3953990118994, 33.7793308074078], [-84.3953761626059, 33.7793256760794], [-84.3953796900978, 33.7792886864925], [-84.3953797250256, 33.7792335774732], [-84.3953797902541, 33.7792170879452], [-84.3953803196469, 33.7791318934962], [-84.3953805196545, 33.7790218943145], [-84.3955331832782, 33.7790216112809], [-84.3955353823465, 33.7790239055129], [-84.3955435051533, 33.7790323813027], [-84.3955594174481, 33.7790453932808], [-84.3955753911383, 33.7790550996876], [-84.3955875566808, 33.7790603860464], [-84.3956055239641, 33.7790653622924], [-84.3956142630743, 33.7790668473298], [-84.3956907715353, 33.7790679496434], [-84.3956907157627, 33.7790762043688], [-84.395694009623, 33.7790764408001], [-84.3956938403149, 33.7791016738389], [-84.3956803843242, 33.7791016104492], [-84.3956802816045, 33.7791169738841], [-84.3956495247397, 33.779116886694], [-84.3956495442597, 33.7791140780126], [-84.3956396579599, 33.7791140314376], [-84.3956395722768, 33.779126872921], [-84.3956418160216, 33.7791268831842], [-84.3956413383775, 33.7791555457764], [-84.3956393786094, 33.7791555367895], [-84.3956392929239, 33.7791683773711], [-84.395641604696, 33.7791683884098], [-84.3956412980233, 33.7791967846973], [-84.3956391008065, 33.7791968122171], [-84.3956390140436, 33.7792096537023], [-84.3956412105864, 33.7792097785629], [-84.3956410926673, 33.7792380987612], [-84.3956388230034, 33.7792380876445], [-84.3956387362405, 33.7792509291295], [-84.3956407780738, 33.7792509388657], [-84.3956407391749, 33.7792797394977], [-84.3956385421024, 33.779279822018], [-84.3956384553394, 33.7792926635029], [-84.3956483416597, 33.7792927100779], [-84.3956483585259, 33.7792901214045], [-84.3956791136218, 33.7792903321243], [-84.3956790124518, 33.7793054665363], [-84.3956930169946, 33.7793055325147], [-84.3956928336429, 33.77933279159], [-84.395689538278, 33.779332804919], [-84.3956895033652, 33.779337943497], [-84.395602920093, 33.7793374675871], [-84.3956031550872, 33.7793430023912], [-84.3956430055903, 33.7793694252947], [-84.3956572998742, 33.7793809867989], [-84.3957007571179, 33.7794188945419], [-84.3957121475891, 33.7794299096182], [-84.3957211132836, 33.7794390258072], [-84.3957339199815, 33.7794543472462], [-84.3957819400895, 33.7794852695093], [-84.3958198197111, 33.7795042240265], [-84.3959672026218, 33.7795049718311], [-84.3959698272693, 33.7795052897454], [-84.3959706108704, 33.7795659577266], [-84.3959698307826, 33.7795888647355], [-84.3959665925579, 33.7795888491129], [-84.3959468457439, 33.7795887487521], [-84.3959271000097, 33.7795886483861], [-84.3959266082861, 33.7796561667805], [-84.3959196079823, 33.7796560724889], [-84.3959195009887, 33.7797095343201], [-84.3957776796232, 33.7797088140033], [-84.3957740564501, 33.779681825279], [-84.3957706155185, 33.7796636687959]]]}, "properties": {"OBJECTID_1": 170, "OBJECTID": 177, "Shape_Leng": 844.987138912, "CreationDate": 1628109910586, "Creator": "wsims6_GTFacilities", "EditDate": 1628109910586, "Editor": "wsims6_GTFacilities", "Shape__Area": 2162.2734375, "Shape__Length": 310.33274335773194, "GlobalID": "1fc456ad-aa25-4a7f-9f2d-e76fdfdf0f65"}}, {"type": "Feature", "id": 172, "geometry": {"type": "Polygon", "coordinates": [[[-84.4022071108592, 33.7877177143023], [-84.4022535873676, 33.7876832267121], [-84.4022683729407, 33.7876635812748], [-84.4022553283768, 33.787649024692], [-84.4022383394935, 33.7876073999797], [-84.4022418802466, 33.7875608356019], [-84.4022601084726, 33.7875191445527], [-84.4022879007381, 33.7874872361773], [-84.4023135280937, 33.7874688097999], [-84.4023692249878, 33.7874460368308], [-84.4024506431862, 33.7874391432445], [-84.4024770215775, 33.787426840309], [-84.4025019234568, 33.7874108659646], [-84.4025458006283, 33.7873587108838], [-84.4026049858542, 33.7872703838612], [-84.4026458724215, 33.7871980185586], [-84.4026648098343, 33.7871641993029], [-84.4027099938139, 33.7870547363686], [-84.4027423920099, 33.7869270674086], [-84.4027566386738, 33.7868146241759], [-84.4027383527549, 33.7867812385857], [-84.4027128284125, 33.7867615385657], [-84.402643672001, 33.7867540753375], [-84.4025963821812, 33.7867587236095], [-84.4025836923915, 33.7867754581604], [-84.4026150757182, 33.786829722594], [-84.4024534616979, 33.7869037549744], [-84.4024220203718, 33.7868669150061], [-84.4023837676916, 33.7868502768971], [-84.4023419061818, 33.7868442806362], [-84.4022708980009, 33.7868246673894], [-84.4022281901079, 33.7867946860984], [-84.4022051768301, 33.7867427597979], [-84.4022053259306, 33.7867404233369], [-84.4022080780349, 33.7866972813209], [-84.4022086661529, 33.7866880653303], [-84.4022285747911, 33.7866500489048], [-84.4022594286017, 33.7866226456448], [-84.4023011984588, 33.7865952215318], [-84.4023557371712, 33.7865799263629], [-84.4024303259321, 33.7865782645887], [-84.4024684952195, 33.7865645190251], [-84.4024775292989, 33.7865417152492], [-84.4024665091439, 33.7865037578879], [-84.4024337110219, 33.7864855909899], [-84.4023973196587, 33.7864841412368], [-84.4023846298704, 33.7865008757679], [-84.4023847089558, 33.7865297392529], [-84.4017151925277, 33.786531016423], [-84.4013225215692, 33.786529563765], [-84.4011730214391, 33.7865290103463], [-84.4011710694052, 33.7864804015671], [-84.4011583172687, 33.7864743495785], [-84.4011328513396, 33.7864759163502], [-84.401111044075, 33.7864850725711], [-84.4010867480409, 33.7864974974913], [-84.4010687569318, 33.7865173571616], [-84.4010574273266, 33.7865419621853], [-84.4010452533277, 33.7866054281466], [-84.4010377679425, 33.7866466802532], [-84.4010265063636, 33.7866966620983], [-84.4009850762827, 33.7868283844594], [-84.4009747649093, 33.7868783644941], [-84.4009776902059, 33.7869061153479], [-84.4009891473231, 33.7869282985377], [-84.4010072379047, 33.7869449176666], [-84.4010234139295, 33.786955988967], [-84.4010348159723, 33.7869575533139], [-84.401043352113, 33.786953572543], [-84.4010490277467, 33.7869448382938], [-84.4010498796994, 33.786909150251], [-84.4012550321111, 33.7869111398479], [-84.4012551359098, 33.7869492046288], [-84.4012637055555, 33.786957118352], [-84.4012732092462, 33.7869594797385], [-84.4013586851411, 33.7869585246413], [-84.4013691217845, 33.7869545393315], [-84.4013737627444, 33.7869148786209], [-84.4015190725531, 33.7869138095862], [-84.4015201159055, 33.7869479080213], [-84.4015305850156, 33.7869558181107], [-84.4015366846492, 33.7869596195803], [-84.4015381957669, 33.7869605616336], [-84.4015771359145, 33.7869604875063], [-84.4015866071306, 33.7869509534558], [-84.4015874491115, 33.78691129997], [-84.4017365707896, 33.7869149814315], [-84.4017357169537, 33.7869498760294], [-84.4017414434451, 33.7869601745914], [-84.4017509449808, 33.7869617424927], [-84.4017575913963, 33.7869609372791], [-84.4017680193526, 33.7869537799458], [-84.4017698060952, 33.7869125386557], [-84.4018486376943, 33.7869131818819], [-84.4018466573466, 33.7872311905545], [-84.4016358090796, 33.7872307996946], [-84.401433498039, 33.787226426773], [-84.4013612812238, 33.7872138752267], [-84.4013032643086, 33.7871838506025], [-84.4012537706071, 33.787145086279], [-84.4012327804947, 33.7871102323104], [-84.4012098812273, 33.7870714174099], [-84.4011841582191, 33.7870421238908], [-84.4011632394984, 33.7870334410805], [-84.401148994223, 33.7870334681518], [-84.4011404721304, 33.7870430003652], [-84.4011357618912, 33.7870572842458], [-84.4011377283368, 33.787081864009], [-84.401049395049, 33.7870796523747], [-84.4010473854159, 33.7870392117587], [-84.4010369185014, 33.7870320950766], [-84.4010274137292, 33.7870297336741], [-84.4009846725035, 33.7870290213938], [-84.4009438091274, 33.7870203764192], [-84.4009114678704, 33.7870021974306], [-84.4008886141179, 33.7869800358674], [-84.4008704944053, 33.7869531073048], [-84.4008685496277, 33.7869364575116], [-84.4008618503142, 33.7869174372868], [-84.400863684987, 33.7868936428548], [-84.4008693120603, 33.7868674626705], [-84.4008863022905, 33.7868285719896], [-84.4009108481433, 33.7867745985796], [-84.4009278124239, 33.7867261919222], [-84.4009428610537, 33.7866722374369], [-84.4009541313142, 33.7866254266876], [-84.4009616102598, 33.786581796044], [-84.400967178967, 33.7865342035677], [-84.400972781146, 33.7864985065031], [-84.4009850426632, 33.7864675548023], [-84.4010058683431, 33.7864421382983], [-84.4010267177751, 33.7864254452148], [-84.4010542319421, 33.7864150834815], [-84.4010835505746, 33.7864106881423], [-84.4011090134225, 33.7864076012039], [-84.4011162738657, 33.7864015111859], [-84.401117973327, 33.7863574533104], [-84.402553450203, 33.7863623129968], [-84.4025535335079, 33.7863926948537], [-84.4025663096455, 33.7864078623389], [-84.4025808813907, 33.7864139107029], [-84.4026318350653, 33.7864183711174], [-84.4026232176967, 33.7865930868902], [-84.4025782961173, 33.7866052386701], [-84.4025723139097, 33.7866068568484], [-84.4025596283035, 33.7866251106702], [-84.4025779047074, 33.7866554577441], [-84.402601602208, 33.7866721227234], [-84.4026343754356, 33.7866811748389], [-84.402678023073, 33.7866750151394], [-84.4027216040089, 33.7866445488584], [-84.4027360799303, 33.7866156584307], [-84.402734135349, 33.7865700882269], [-84.40273720222, 33.7863619615855], [-84.4027189299917, 33.786333133807], [-84.4026915946054, 33.7863164758077], [-84.4026665190334, 33.7863083692422], [-84.4028189277045, 33.7863088629901], [-84.4028044178844, 33.7863253747335], [-84.4027996900985, 33.7865912300238], [-84.4028161095259, 33.7866079088897], [-84.4028342995231, 33.7866063556967], [-84.402841518154, 33.7865850737486], [-84.4028426995996, 33.7863526449213], [-84.4028407925034, 33.7863207472743], [-84.4028211446333, 33.7863088704687], [-84.4029745068122, 33.7863093676096], [-84.402951758734, 33.7863159778928], [-84.40292269557, 33.7863327438317], [-84.4029045442547, 33.7863479686905], [-84.4028918963, 33.7863798951034], [-84.4028924927993, 33.7865971295187], [-84.4028894669319, 33.7868204470834], [-84.4028751672935, 33.7869131406811], [-84.4028264863214, 33.7870742614151], [-84.4027813077325, 33.7871852445636], [-84.402724632103, 33.7872915953699], [-84.4026435356247, 33.7874161079121], [-84.4025930904986, 33.7874811403328], [-84.4025770323335, 33.7875111878777], [-84.4025764032725, 33.7875491702001], [-84.402575732813, 33.7875724502908], [-84.4025743638131, 33.7876079833418], [-84.4025634453436, 33.7876398595228], [-84.4025473804216, 33.7876674572921], [-84.4025107808166, 33.7876981572164], [-84.4024748735021, 33.7877135403742], [-84.4024330776401, 33.7877221967402], [-84.4023883215548, 33.787721669127], [-84.4023560237199, 33.7877156050114], [-84.4023090199199, 33.7876979295684], [-84.4023024814237, 33.787693210194], [-84.4022733435625, 33.7877026321783], [-84.4020676933876, 33.7878256635565], [-84.4019192579131, 33.7879111958843], [-84.4017797160559, 33.787974276224], [-84.4017153726098, 33.7880252491831], [-84.40165286851, 33.788094165053], [-84.4014923593685, 33.7883502183194], [-84.4014620758065, 33.7884115953803], [-84.4014801477288, 33.7884698896466], [-84.4014604650148, 33.7884774053891], [-84.4014965332586, 33.7885670725889], [-84.4014195692971, 33.7885881571623], [-84.4014034439633, 33.7885866920027], [-84.4013405322846, 33.7885060499572], [-84.401574219717, 33.7881541393058], [-84.4016313086323, 33.788070277213], [-84.4016705891215, 33.7880238386465], [-84.4017152540999, 33.7879818764223], [-84.4018261356352, 33.7879188498786], [-84.4020014319133, 33.787830276563], [-84.4022071108592, 33.7877177143023]], [[-84.4015141725655, 33.7870310253581], [-84.401480662941, 33.7870469248185], [-84.401462751508, 33.787076598858], [-84.4014584325318, 33.7870977210249], [-84.4014658000106, 33.7871245049586], [-84.4014818852406, 33.7871382795192], [-84.4015072162947, 33.7871548784834], [-84.4015320270368, 33.7871584856498], [-84.4016830658232, 33.7871585911867], [-84.4017056114675, 33.7871524702176], [-84.4017294093392, 33.7871414626185], [-84.4017488072971, 33.7871219355876], [-84.4017550765487, 33.7871028402119], [-84.4017540414748, 33.7870801043631], [-84.4017462035158, 33.787059006249], [-84.4017257260966, 33.7870391494411], [-84.4017023609354, 33.7870306670409], [-84.4015360422594, 33.7870261112131], [-84.4015141725655, 33.7870310253581]], [[-84.4024563545381, 33.7867126491383], [-84.4024469295725, 33.7866807018352], [-84.4024048340539, 33.7866519366626], [-84.4023665431242, 33.7866488910017], [-84.4023320226051, 33.7866583124624], [-84.4023115235716, 33.7866739438536], [-84.4022919948924, 33.7867028276505], [-84.4022929930122, 33.7867262145581], [-84.402297710265, 33.7867441366732], [-84.4023108222825, 33.7867589248493], [-84.4023295418577, 33.786775261268], [-84.4023743787057, 33.7867821922712], [-84.4024173164725, 33.7867774324798], [-84.4024387527642, 33.7867633582341], [-84.4024549869971, 33.7867353327694], [-84.4024563545381, 33.7867126491383]]]}, "properties": {"OBJECTID_1": 172, "OBJECTID": 180, "Shape_Leng": 5500.61060138, "CreationDate": 1628109910586, "Creator": "wsims6_GTFacilities", "EditDate": 1628109910586, "Editor": "wsims6_GTFacilities", "Shape__Area": 13042.46484375, "Shape__Length": 2020.0825584922345, "GlobalID": "5e706e66-159a-4113-be93-5a894dd62696"}}, {"type": "Feature", "id": 173, "geometry": {"type": "Polygon", "coordinates": [[[-84.399864699311, 33.7876725141345], [-84.3998901026864, 33.7876851757855], [-84.3999046673123, 33.7876917735828], [-84.3999337247122, 33.7876784689011], [-84.3999481744768, 33.7876431077072], [-84.4000247961667, 33.7876142542737], [-84.4000738660272, 33.7876660577545], [-84.400106925635, 33.787665995214], [-84.4002574183266, 33.7875696467701], [-84.4002786248599, 33.7875872735603], [-84.4003250582231, 33.7876423945962], [-84.4001525077056, 33.787894472833], [-84.4000867138036, 33.7880149514078], [-84.4000366574833, 33.7880868174581], [-84.3999308292092, 33.7880737669151], [-84.3999246198478, 33.787734798689], [-84.3999087334758, 33.7877282033926], [-84.3998942017733, 33.7877337516661], [-84.3998646298963, 33.7877441053074], [-84.3998646810103, 33.7876912576777], [-84.399864699311, 33.7876725141345]]]}, "properties": {"OBJECTID_1": 173, "OBJECTID": 181, "Shape_Leng": 574.505738226, "CreationDate": 1628109910586, "Creator": "wsims6_GTFacilities", "EditDate": 1628109910586, "Editor": "wsims6_GTFacilities", "Shape__Area": 1787.35546875, "Shape__Length": 211.1369125569448, "GlobalID": "013cac20-2628-4c5e-a791-8061b15f3b45"}}, {"type": "Feature", "id": 174, "geometry": {"type": "Polygon", "coordinates": [[[-84.4054162743149, 33.7864689741118], [-84.405403125544, 33.7864562934943], [-84.4053560311087, 33.786456522555], [-84.4053547683209, 33.7864096545024], [-84.4053933021909, 33.7864095799572], [-84.4054017710387, 33.7864063464835], [-84.4054079161652, 33.7863992557363], [-84.4054078143771, 33.7863625767927], [-84.4057407495984, 33.786363862611], [-84.4057538351202, 33.7863580459561], [-84.4057684365226, 33.7863432170713], [-84.4057730221006, 33.7863290513719], [-84.4057722045991, 33.7863123219301], [-84.4057582801269, 33.7862936874521], [-84.4057573211753, 33.7862928904479], [-84.4057449164967, 33.7862825797655], [-84.405867580474, 33.7862828884385], [-84.4058800333521, 33.7862829553642], [-84.405866268961, 33.7862943275153], [-84.4058438791956, 33.7863128267995], [-84.4058438504863, 33.7863129873489], [-84.405842360452, 33.7863211952562], [-84.4058418488585, 33.7864145035443], [-84.4057902180196, 33.7864158902662], [-84.4057856066916, 33.786420403848], [-84.405785636279, 33.7864310486758], [-84.4057857068817, 33.7864564498351], [-84.4057866700082, 33.7865084759034], [-84.4054163963954, 33.7865129635972], [-84.4054162743149, 33.7864689741118]]]}, "properties": {"OBJECTID_1": 174, "OBJECTID": 182, "Shape_Leng": 478.295410815, "CreationDate": 1628109910586, "Creator": "wsims6_GTFacilities", "EditDate": 1628109910586, "Editor": "wsims6_GTFacilities", "Shape__Area": 1009.796875, "Shape__Length": 175.507867626648, "GlobalID": "338a197d-de78-4677-a8b3-2e2639e6a48a"}}, {"type": "Feature", "id": 175, "geometry": {"type": "Polygon", "coordinates": [[[-84.4064244815954, 33.7864210368638], [-84.4064220062611, 33.7863155224252], [-84.4064219995456, 33.7863123378089], [-84.4064110364736, 33.7863032271943], [-84.40640042738, 33.7862971409282], [-84.4063803556558, 33.7862856252725], [-84.4065362322415, 33.7862863303995], [-84.406517189884, 33.7862973855839], [-84.4065021882134, 33.7863060940303], [-84.40649171909, 33.7863161326165], [-84.4064894628581, 33.7863182955528], [-84.4064913492578, 33.7863411216754], [-84.4065169198698, 33.7863593367068], [-84.4065278872061, 33.7863699701911], [-84.4068231817788, 33.7863663518467], [-84.4068269462684, 33.7864089628303], [-84.4068306087823, 33.7864150436454], [-84.4068761937559, 33.7864195208708], [-84.406879346383, 33.7864661345678], [-84.4068281757282, 33.7864687479744], [-84.4068161520373, 33.7864750558791], [-84.4068132537277, 33.7865152805377], [-84.4064694699636, 33.7865101677496], [-84.4064692469988, 33.786430179168], [-84.4064660701074, 33.7864235924741], [-84.4064244815954, 33.7864210368638]]]}, "properties": {"OBJECTID_1": 175, "OBJECTID": 183, "Shape_Leng": 467.125166033, "CreationDate": 1628109910586, "Creator": "wsims6_GTFacilities", "EditDate": 1628109910586, "Editor": "wsims6_GTFacilities", "Shape__Area": 945.9140625, "Shape__Length": 171.40666138117876, "GlobalID": "c5244199-dccd-40ab-b3e0-7ae928fac072"}}, {"type": "Feature", "id": 176, "geometry": {"type": "Polygon", "coordinates": [[[-84.4051541529838, 33.7872001847987], [-84.4051550866009, 33.7871127688946], [-84.4051103767023, 33.7871089259088], [-84.4051055602148, 33.7870686657078], [-84.4051454334473, 33.7870253725492], [-84.4051185410748, 33.7869907524578], [-84.4049565848273, 33.786934323569], [-84.4049079150504, 33.7868871322975], [-84.4048867012812, 33.7868223256563], [-84.4048682960748, 33.7867695569335], [-84.4048294205018, 33.7865873624393], [-84.4048451930679, 33.7864400726405], [-84.4048626729476, 33.786325204695], [-84.404919261463, 33.7863102344409], [-84.4049482156485, 33.7863205439052], [-84.4049647957192, 33.7863607804984], [-84.4049860305905, 33.7863833303398], [-84.4050483791405, 33.7863851736993], [-84.4050706805444, 33.7863674519526], [-84.4051859314815, 33.786358389444], [-84.4051834505422, 33.7863122324406], [-84.4051824523689, 33.786309750323], [-84.4051787130347, 33.7863004552231], [-84.4051559462414, 33.786280775624], [-84.4053495278147, 33.7862815878963], [-84.4053362039492, 33.7862925786398], [-84.4053222304271, 33.7863041062187], [-84.4053209710686, 33.7863102380743], [-84.4053175882623, 33.7863267051478], [-84.4053168618847, 33.7864887665003], [-84.4052909809197, 33.786487834656], [-84.405288110412, 33.7866399495366], [-84.4052879042541, 33.7866508833482], [-84.4052973384726, 33.7866597048842], [-84.4053385137874, 33.7866615899438], [-84.4053433125316, 33.7871192800353], [-84.4053626530492, 33.7871178784263], [-84.4054918958884, 33.7871183000725], [-84.4071448382284, 33.7871236743245], [-84.4071486505496, 33.7874962206735], [-84.4065480481096, 33.7874923621535], [-84.4053889771564, 33.7874807850341], [-84.4052470237369, 33.7873977579196], [-84.4051617490955, 33.7873016193043], [-84.4051579073869, 33.7872974791381], [-84.4051541529838, 33.7872001847987]]]}, "properties": {"OBJECTID_1": 176, "OBJECTID": 184, "Shape_Leng": 2266.55728204, "CreationDate": 1628109910586, "Creator": "wsims6_GTFacilities", "EditDate": 1628109910586, "Editor": "wsims6_GTFacilities", "Shape__Area": 15438.53515625, "Shape__Length": 831.9273537283038, "GlobalID": "4c9b9617-646a-43cc-9730-e009c2a7f9e9"}}, {"type": "Feature", "id": 177, "geometry": {"type": "Polygon", "coordinates": [[[-84.408289865996, 33.7844913798531], [-84.4082916088671, 33.7843868156192], [-84.4086733452872, 33.7843862352481], [-84.4086736207571, 33.7844841674939], [-84.4084977782382, 33.7844868610351], [-84.4084992281548, 33.7845021294506], [-84.4085120705221, 33.7845160014228], [-84.4085119593043, 33.7845160025424], [-84.4085081875819, 33.7845160288693], [-84.408290494615, 33.7845172000936], [-84.408289865996, 33.7844913798531]]]}, "properties": {"OBJECTID_1": 177, "OBJECTID": 185, "Shape_Leng": 331.781393372, "CreationDate": 1628109910586, "Creator": "wsims6_GTFacilities", "EditDate": 1628109910586, "Editor": "wsims6_GTFacilities", "Shape__Area": 662.9921875, "Shape__Length": 121.71677719371309, "GlobalID": "639584cb-e65f-4ce8-b802-d399b0291141"}}, {"type": "Feature", "id": 178, "geometry": {"type": "Polygon", "coordinates": [[[-84.4109068546001, 33.7851839636999], [-84.410424761467, 33.7851709080413], [-84.4103826959661, 33.7851316881862], [-84.4104866211071, 33.7847593194089], [-84.4109503488621, 33.7847637409196], [-84.4109478818465, 33.784904965016], [-84.4112262508906, 33.7849083637551], [-84.4112287239436, 33.7847671450523], [-84.4117389360298, 33.7847606498517], [-84.4117764391909, 33.7847610207773], [-84.4117335167837, 33.7850102167383], [-84.4117154678173, 33.7851194911459], [-84.4116713695743, 33.7853855268271], [-84.4116256096192, 33.7856835644516], [-84.4116245762526, 33.7856892640319], [-84.4116186001838, 33.7857062296277], [-84.4116143064415, 33.7857140761981], [-84.4116056094833, 33.7857239367794], [-84.4116002628137, 33.7857279588351], [-84.4115906812331, 33.7857324256954], [-84.411580563672, 33.7857348612987], [-84.4115684112123, 33.7857359845303], [-84.4115524305279, 33.7857362705119], [-84.4115488063177, 33.7857096104923], [-84.4113537274184, 33.7857122912824], [-84.4112575060589, 33.7856941280541], [-84.4109250237403, 33.785690198153], [-84.4109374399662, 33.7852244287399], [-84.4109068546001, 33.7851839636999]], [[-84.4114914325767, 33.7851843804189], [-84.4112212142015, 33.785182113928], [-84.4112191728317, 33.7853517436733], [-84.4114893917397, 33.7853540101662], [-84.4114914325767, 33.7851843804189]]]}, "properties": {"OBJECTID_1": 178, "OBJECTID": 186, "Shape_Leng": 1846.40713635, "CreationDate": 1628109910586, "Creator": "wsims6_GTFacilities", "EditDate": 1628109910586, "Editor": "wsims6_GTFacilities", "Shape__Area": 12560.5703125, "Shape__Length": 678.0494423521156, "GlobalID": "00f7d182-94f7-40a6-a38d-da32a720396a"}}, {"type": "Feature", "id": 179, "geometry": {"type": "Polygon", "coordinates": [[[-84.4102715302175, 33.7852514043418], [-84.4104197658152, 33.7852477592702], [-84.4104026783445, 33.7855106403665], [-84.4104170815315, 33.7855111763488], [-84.4104167974019, 33.7855233248466], [-84.4108106981463, 33.7855297530062], [-84.4108065546524, 33.7855780112243], [-84.4108123103044, 33.7856697716202], [-84.4108373644381, 33.7857526838021], [-84.4107848001288, 33.7857529636267], [-84.4107326087953, 33.7857541578664], [-84.4105856282869, 33.7857589819966], [-84.4105761858593, 33.7857321855782], [-84.4103591259518, 33.7857349082434], [-84.4102628398089, 33.7856938009702], [-84.4102545130617, 33.7856639917133], [-84.4102569158431, 33.7855423885877], [-84.4102715302175, 33.7852514043418]]]}, "properties": {"OBJECTID_1": 179, "OBJECTID": 187, "Shape_Leng": 698.380151584, "CreationDate": 1628109910586, "Creator": "wsims6_GTFacilities", "EditDate": 1628109910586, "Editor": "wsims6_GTFacilities", "Shape__Area": 2375.203125, "Shape__Length": 256.48647784496626, "GlobalID": "64fb1fbe-b3e7-4ed0-8c29-0e629b8c88d0"}}, {"type": "Feature", "id": 180, "geometry": {"type": "Polygon", "coordinates": [[[-84.4080389050516, 33.7844956299896], [-84.4080409919158, 33.784437362143], [-84.4081242822433, 33.784440017751], [-84.4081265566629, 33.7843974274376], [-84.4081902503291, 33.7843973352455], [-84.4081930809895, 33.7844925097528], [-84.4081929892192, 33.7845171322086], [-84.4081854153545, 33.7845171190818], [-84.4081250179106, 33.7845174653986], [-84.4081244679523, 33.784495800711], [-84.4080389050516, 33.7844956299896]]]}, "properties": {"OBJECTID_1": 180, "OBJECTID": 188, "Shape_Leng": 179.536986679, "CreationDate": 1628109910586, "Creator": "wsims6_GTFacilities", "EditDate": 1628109910586, "Editor": "wsims6_GTFacilities", "Shape__Area": 191.81640625, "Shape__Length": 65.92968726455602, "GlobalID": "09fb1027-c1f9-4c0e-a659-7bedf7e8f5c1"}}, {"type": "Feature", "id": 181, "geometry": {"type": "Polygon", "coordinates": [[[-84.4079212305409, 33.7843860760297], [-84.4079192800479, 33.7839577344417], [-84.4079323848148, 33.7836832535402], [-84.4086038158827, 33.783691903078], [-84.4086516498582, 33.7836940913618], [-84.4086421387758, 33.7841086908242], [-84.4086034871189, 33.7841087494811], [-84.4086028835479, 33.7838322838139], [-84.4081862363165, 33.7838329133607], [-84.4081868365669, 33.7841086730472], [-84.4080242404483, 33.7841089190523], [-84.4080287047114, 33.7840690041609], [-84.4080196696695, 33.7840577448873], [-84.408009529483, 33.7840540057383], [-84.4079971716968, 33.7840615478712], [-84.4079814547319, 33.7840756750158], [-84.4079702394667, 33.7840897933554], [-84.4079703738853, 33.7841377203366], [-84.4079702840384, 33.7843867393042], [-84.4079702450122, 33.784492945715], [-84.4079717869583, 33.7845183449039], [-84.4079110569331, 33.784518692668], [-84.4079140692571, 33.7845093213333], [-84.4079212305409, 33.7843860760297]]]}, "properties": {"OBJECTID_1": 181, "OBJECTID": 189, "Shape_Leng": 1277.51656288, "CreationDate": 1628109910586, "Creator": "wsims6_GTFacilities", "EditDate": 1628109910586, "Editor": "wsims6_GTFacilities", "Shape__Area": 3098.10546875, "Shape__Length": 469.4898748238145, "GlobalID": "36087758-4049-4772-8abd-377da89572c7"}}, {"type": "Feature", "id": 182, "geometry": {"type": "Polygon", "coordinates": [[[-84.4096318502607, 33.7846788975014], [-84.4096123904147, 33.7846378214505], [-84.4095856977018, 33.78452627941], [-84.4094833862443, 33.7844134164954], [-84.4093493356971, 33.7842697812692], [-84.4091928296, 33.7842700889696], [-84.4091787908517, 33.7842803953784], [-84.4091490081359, 33.7843200994869], [-84.4091350397227, 33.784355367951], [-84.4091335052531, 33.7844346621244], [-84.4091507746524, 33.7845112603791], [-84.4090298434015, 33.7845126042861], [-84.4089834665185, 33.7845130307808], [-84.4090140802672, 33.7844892256902], [-84.4090385747464, 33.7844451265372], [-84.4090679066272, 33.7842453731359], [-84.4090696077121, 33.7842248121588], [-84.4089517435043, 33.7842088923693], [-84.408891756221, 33.7841385290053], [-84.4088545510369, 33.7840402220229], [-84.4088841477711, 33.7839344417775], [-84.4089562420486, 33.7839328323541], [-84.4090879666847, 33.7838753071003], [-84.4090984967417, 33.7838679451726], [-84.409109014383, 33.783856177803], [-84.4091124030268, 33.7838106513079], [-84.4091405341823, 33.7838091281463], [-84.4095784121736, 33.783814140297], [-84.4095779650319, 33.7838309326186], [-84.4095773576997, 33.7840147262945], [-84.4095580248685, 33.7840147535305], [-84.4095582861084, 33.7841409489479], [-84.4095767032933, 33.7841409235143], [-84.4095768091802, 33.784272895209], [-84.4096053114956, 33.784353818146], [-84.409627508146, 33.7843867027254], [-84.4097507181118, 33.7844275744366], [-84.4098773673439, 33.7844405394704], [-84.4099775227723, 33.7844124431521], [-84.4100221526274, 33.7843334354669], [-84.4101544670273, 33.7843332456828], [-84.4101543466174, 33.7842746737933], [-84.4104255480331, 33.7842742871282], [-84.410425548401, 33.7842744169652], [-84.4104258828719, 33.7843924703226], [-84.410350276547, 33.7843955563299], [-84.410267727809, 33.784430959433], [-84.4102785904433, 33.7845410646918], [-84.4102893948968, 33.7846306133307], [-84.4102473068812, 33.7846718107838], [-84.4100819916196, 33.7846662636506], [-84.4096318502607, 33.7846788975014]]]}, "properties": {"OBJECTID_1": 182, "OBJECTID": 190, "Shape_Leng": 1741.41011089, "CreationDate": 1628109910586, "Creator": "wsims6_GTFacilities", "EditDate": 1628109910586, "Editor": "wsims6_GTFacilities", "Shape__Area": 8370.48828125, "Shape__Length": 639.439311052028, "GlobalID": "3857e5be-5180-4d5b-bf15-65da80c23cd7"}}, {"type": "Feature", "id": 183, "geometry": {"type": "Polygon", "coordinates": [[[-84.4097945759282, 33.7852353795648], [-84.4097995608506, 33.7851927442147], [-84.4102234312041, 33.7852108411632], [-84.4102247234023, 33.7852511487016], [-84.4097945759282, 33.7852353795648]]]}, "properties": {"OBJECTID_1": 183, "OBJECTID": 191, "Shape_Leng": 290.03078292, "CreationDate": 1628109910586, "Creator": "wsims6_GTFacilities", "EditDate": 1628109910586, "Editor": "wsims6_GTFacilities", "Shape__Area": 264.5, "Shape__Length": 106.31561027347556, "GlobalID": "705061e3-de97-4a39-9f31-039382b1a09b"}}, {"type": "Feature", "id": 184, "geometry": {"type": "Polygon", "coordinates": [[[-84.4093037020161, 33.7852182857116], [-84.4093044036133, 33.7851710892383], [-84.4097350081825, 33.7851855896607], [-84.4097340260408, 33.78523315907], [-84.4093037020161, 33.7852182857116]]]}, "properties": {"OBJECTID_1": 184, "OBJECTID": 192, "Shape_Leng": 296.281643545, "CreationDate": 1628109910586, "Creator": "wsims6_GTFacilities", "EditDate": 1628109910586, "Editor": "wsims6_GTFacilities", "Shape__Area": 304.296875, "Shape__Length": 108.6130216541153, "GlobalID": "78d74373-b2d8-4c79-b694-c462b2642fae"}}, {"type": "Feature", "id": 185, "geometry": {"type": "Polygon", "coordinates": [[[-84.3862910026163, 33.7785425754571], [-84.3863204189919, 33.7782070823773], [-84.386375526766, 33.7782079851118], [-84.3863792856329, 33.7782030283496], [-84.3863779298666, 33.7781930287365], [-84.3863050826371, 33.7781855980576], [-84.386246872926, 33.7781881324988], [-84.3862425219931, 33.7781942164741], [-84.386246900835, 33.778199070391], [-84.3863007658306, 33.7782050516716], [-84.38627391097, 33.7785174479776], [-84.3862113221769, 33.7785151284872], [-84.3862069805273, 33.7785248587253], [-84.3862011437956, 33.7785965242999], [-84.3862037892164, 33.778617283739], [-84.3862046023345, 33.7786236605791], [-84.3861100436597, 33.7786172196517], [-84.3861160010709, 33.7786072430978], [-84.3861200255886, 33.7785883147726], [-84.3861256871224, 33.7785292149365], [-84.3861100030837, 33.7785166233046], [-84.3858391176023, 33.7784983827962], [-84.3858661059079, 33.7781614568972], [-84.3858354141932, 33.7781770649081], [-84.3858357377679, 33.7781731132938], [-84.385845714036, 33.7780783788222], [-84.3858717525913, 33.7780909584083], [-84.3859383350687, 33.7780975384954], [-84.3859469102898, 33.7780975223569], [-84.3859591609258, 33.7780881820135], [-84.3859648385757, 33.77804384941], [-84.3865278241487, 33.778088979815], [-84.386522442709, 33.7781274250291], [-84.3865125151379, 33.7781999346434], [-84.3865022524245, 33.7782845423194], [-84.3864580081935, 33.7782846211275], [-84.3864487082333, 33.7782904713798], [-84.3864440836227, 33.778303118975], [-84.3864248734311, 33.7785316417402], [-84.3863982576605, 33.7785958597108], [-84.386399602374, 33.7786104072756], [-84.3864046945963, 33.7786379544984], [-84.386368304192, 33.7786346344882], [-84.3863097634682, 33.7786307019988], [-84.3863112521398, 33.778624664592], [-84.3863161562889, 33.7786047663207], [-84.3863190738445, 33.778592111851], [-84.3863283231294, 33.778566815769], [-84.3863387707909, 33.7785541578133], [-84.3863340929511, 33.7785463875878], [-84.3862910026163, 33.7785425754571]], [[-84.3861653560074, 33.778182200381], [-84.3860487336137, 33.7781745733015], [-84.3860398746404, 33.7781869615203], [-84.386038598238, 33.7782080795803], [-84.3860931749267, 33.7782124276961], [-84.3860685261978, 33.7784625285007], [-84.386011290635, 33.7784592959358], [-84.3860086336722, 33.7784615232307], [-84.3860126435317, 33.7784681847223], [-84.3861427594012, 33.7784786036969], [-84.3861442533263, 33.778467848839], [-84.3861456437152, 33.7784423233008], [-84.3860830456829, 33.7784363574805], [-84.3861086192868, 33.7781920237978], [-84.3861726664216, 33.778195556174], [-84.3861741002013, 33.778187046536], [-84.3861653560074, 33.778182200381]], [[-84.3859363938756, 33.7781264218624], [-84.3858693729357, 33.7781206630566], [-84.3858686278755, 33.778129972135], [-84.385934324022, 33.7781353212401], [-84.3859387193948, 33.7781326869177], [-84.3859390001613, 33.7781293106332], [-84.3859363938756, 33.7781264218624]]]}, "properties": {"OBJECTID_1": 185, "OBJECTID": 193, "Shape_Leng": 1629.59928648, "CreationDate": 1628109910586, "Creator": "wsims6_GTFacilities", "EditDate": 1628109910586, "Editor": "wsims6_GTFacilities", "Shape__Area": 4142.52734375, "Shape__Length": 598.6295115335932, "GlobalID": "d7e6b204-d801-4ab0-8e62-12cbded3ac15"}}, {"type": "Feature", "id": 186, "geometry": {"type": "Polygon", "coordinates": [[[-84.4050593925435, 33.7749704246246], [-84.4050538730184, 33.774968432717], [-84.4050471467926, 33.7749708729569], [-84.4049831839136, 33.7750248548758], [-84.4049772739922, 33.7750308262086], [-84.4049732126738, 33.7750391959728], [-84.4049723022827, 33.7750445805939], [-84.4049696269075, 33.7750535905597], [-84.4048986125714, 33.7750003624813], [-84.4049228786984, 33.7749855231314], [-84.4049807867909, 33.7749323707341], [-84.4050939879976, 33.774833953152], [-84.4051102439101, 33.7748468261909], [-84.4051254848509, 33.7748588969151], [-84.4053727617193, 33.7750550250258], [-84.4053825114423, 33.7750624420923], [-84.4053907611739, 33.7750689748339], [-84.4054556780909, 33.7751203849735], [-84.4054455501301, 33.7751291938742], [-84.4053154568852, 33.7752423503857], [-84.4052110818338, 33.7751638695072], [-84.4050248379345, 33.7750238295012], [-84.4050570935372, 33.7749925231493], [-84.4050601107359, 33.7749895950665], [-84.4050634994287, 33.7749863056052], [-84.4050658416678, 33.7749809849397], [-84.405064940675, 33.7749765072724], [-84.4050640560949, 33.7749721080171], [-84.4050593925435, 33.7749704246246]]]}, "properties": {"OBJECTID_1": 186, "OBJECTID": 194, "Shape_Leng": 513.803278962, "CreationDate": 1628109910586, "Creator": "wsims6_GTFacilities", "EditDate": 1628109910586, "Editor": "wsims6_GTFacilities", "Shape__Area": 1336.54296875, "Shape__Length": 188.6602687372501, "GlobalID": "2f4172f9-1392-49af-bd71-59ef6493351c"}}, {"type": "Feature", "id": 187, "geometry": {"type": "Polygon", "coordinates": [[[-84.4022877599473, 33.7746498812529], [-84.4023049685035, 33.7746315006755], [-84.4023249701341, 33.7746150623311], [-84.4023457752399, 33.7746018485609], [-84.4023683527844, 33.7745908512699], [-84.4024005518806, 33.7745819815292], [-84.4024163997943, 33.7745737786808], [-84.4024263821746, 33.7745653390812], [-84.4024344122946, 33.7745505285289], [-84.4024598872499, 33.7746173977845], [-84.4024704411438, 33.7746524374656], [-84.4024546897594, 33.7746418857698], [-84.4024466782232, 33.7746402285111], [-84.4024328756923, 33.7746411087447], [-84.402419062258, 33.7746443152603], [-84.402403907464, 33.7746497478109], [-84.40238965942, 33.7746566879937], [-84.4023765305247, 33.7746650263033], [-84.4023647158631, 33.774674638841], [-84.402354392111, 33.7746853819073], [-84.4023457132269, 33.774697095616], [-84.4023388093743, 33.7747096047982], [-84.4023338757929, 33.7747224474357], [-84.4023307058394, 33.7747362577846], [-84.4023296378625, 33.7747519720158], [-84.4023311999385, 33.7747676568801], [-84.4023354175246, 33.7747831455231], [-84.4023840092633, 33.774916831764], [-84.4023916312477, 33.7749378761947], [-84.402462263651, 33.7751328750258], [-84.4024745867851, 33.7751673559055], [-84.4024800914837, 33.7751714406915], [-84.4024984908879, 33.7751782337449], [-84.4024909429383, 33.775259488831], [-84.4024543580582, 33.7752258685016], [-84.4023936092354, 33.7751448304466], [-84.4023709986364, 33.7751087218885], [-84.402298901029, 33.7749096755796], [-84.4022598188928, 33.7748022425924], [-84.4022537397543, 33.7747807741362], [-84.4022508925923, 33.7747590759004], [-84.4022515412574, 33.7747341412729], [-84.4022555170167, 33.7747125670636], [-84.4022626103131, 33.7746915576486], [-84.4022743972097, 33.7746686421964], [-84.4022877599473, 33.7746498812529]]]}, "properties": {"OBJECTID_1": 187, "OBJECTID": 195, "Shape_Leng": 602.014519102, "CreationDate": 1628109910586, "Creator": "wsims6_GTFacilities", "EditDate": 1628109910586, "Editor": "wsims6_GTFacilities", "Shape__Area": 833.11328125, "Shape__Length": 221.35696712333433, "GlobalID": "bd42fd26-bb36-4580-9fc4-58953575fd7a"}}, {"type": "Feature", "id": 189, "geometry": {"type": "Polygon", "coordinates": [[[-84.3992022148544, 33.774074540221], [-84.3992028832333, 33.7740405917484], [-84.3992078042931, 33.7737747906672], [-84.3992105703441, 33.773670855583], [-84.3992112201463, 33.7736464177734], [-84.3992120692425, 33.7735982372752], [-84.3992133855194, 33.7735559328673], [-84.3992132426599, 33.7735394220761], [-84.3992140281088, 33.7735352197972], [-84.3992181923562, 33.7734956321113], [-84.3992168482805, 33.7734860870456], [-84.3992161305607, 33.7734809904549], [-84.3992115368896, 33.7734735298213], [-84.3992075318902, 33.7734689578746], [-84.3992041366343, 33.7734650835596], [-84.3991954418248, 33.7734566289167], [-84.3993797277274, 33.7734850217365], [-84.399368760983, 33.7734928390041], [-84.3993476697865, 33.7735097270485], [-84.399337921962, 33.7735175329988], [-84.3993332128818, 33.7735213035707], [-84.3993323944108, 33.7735296634323], [-84.3993275234144, 33.7735793807164], [-84.3993250985333, 33.7736101649982], [-84.3993240848909, 33.7736226124182], [-84.3993241112643, 33.7736351651741], [-84.3993240498986, 33.7736400233933], [-84.3993257509322, 33.7736542022783], [-84.3993275831107, 33.773659780053], [-84.3993316208083, 33.7736660578605], [-84.3993403543319, 33.7736796347081], [-84.399343480186, 33.7736844941315], [-84.3993639347455, 33.7737024723859], [-84.3993784856272, 33.7737152619392], [-84.3994008139855, 33.7737350363524], [-84.3994054217652, 33.7737289370007], [-84.3994056759771, 33.7737199335215], [-84.3994048660283, 33.7737126767467], [-84.3994047976505, 33.7737077529516], [-84.3994042314072, 33.773666844244], [-84.3995267632684, 33.7736676680445], [-84.399582776999, 33.7736680438272], [-84.3997536696837, 33.7736691917854], [-84.3997896798242, 33.7736694339383], [-84.3997948040785, 33.7736694684398], [-84.3999317173315, 33.7736719038754], [-84.3999326009689, 33.7736812361114], [-84.3999330766707, 33.7736862538097], [-84.3999337158857, 33.7736922458854], [-84.399934192254, 33.7736967126729], [-84.3999356582243, 33.7737006095488], [-84.3999383101083, 33.7737074516851], [-84.3999475079188, 33.7737150253115], [-84.3999521409233, 33.7737166539549], [-84.3999557759789, 33.7737185612918], [-84.3999785247519, 33.7737256954415], [-84.3999831832127, 33.7737271554266], [-84.3999938205494, 33.7737336470501], [-84.4000452217518, 33.7737490889388], [-84.4000224850847, 33.7738483705031], [-84.4000106593651, 33.773838428702], [-84.3999844697808, 33.7738349410342], [-84.3999648019354, 33.7738368004546], [-84.3999572907997, 33.7738444471409], [-84.3999520871375, 33.773850571984], [-84.3999470781311, 33.7738584059919], [-84.3999444907202, 33.7738649965519], [-84.3999427010829, 33.7738695541811], [-84.3999413618086, 33.773872966762], [-84.3999404277472, 33.7738780953232], [-84.3999397053915, 33.7738820612542], [-84.3999401150813, 33.773889811084], [-84.3999390915991, 33.7739523759745], [-84.3999379274323, 33.7740235852717], [-84.3999340776242, 33.7740531928948], [-84.3999318301407, 33.7740704782126], [-84.3999304378258, 33.7740754354241], [-84.3999232177511, 33.7740948751711], [-84.3999137469425, 33.7741041088599], [-84.3999068747896, 33.7741101016064], [-84.3998906770574, 33.7741183615987], [-84.3998830580779, 33.7741180964843], [-84.3998764513668, 33.774118053968], [-84.3998229563267, 33.7741177069221], [-84.3997667674242, 33.7741173423998], [-84.3994801370505, 33.7741166274417], [-84.3993855319574, 33.7741143028851], [-84.3992028240831, 33.7741098135186], [-84.3992028608652, 33.7740970523628], [-84.3992022148544, 33.774074540221]], [[-84.3993286638348, 33.7738510870262], [-84.3993294093278, 33.773807341051], [-84.3993793164741, 33.7738081179517], [-84.3993878807591, 33.7738034186197], [-84.39939212284, 33.7737970341343], [-84.3993916238522, 33.7737917784415], [-84.3993893139467, 33.7737876126548], [-84.3993866861361, 33.7737828704098], [-84.3993791729228, 33.773775789474], [-84.3993545781571, 33.7737631477945], [-84.3993360541725, 33.7737508048336], [-84.3993242731627, 33.7737381966957], [-84.3993053866627, 33.7737135621856], [-84.3992969124793, 33.7736932738475], [-84.3992942676815, 33.7736826429404], [-84.3992915258646, 33.77366487744], [-84.3992909007003, 33.773646490318], [-84.3992930133567, 33.7735692886543], [-84.3992996606409, 33.7735200440957], [-84.399299594034, 33.7735145747973], [-84.3992959171833, 33.7735075812981], [-84.3992916516958, 33.7735053027474], [-84.399286151146, 33.7735034566128], [-84.3992808124807, 33.7735031835564], [-84.3992713961225, 33.7735065987306], [-84.3992689635176, 33.7735117589643], [-84.3992613892155, 33.7735723543683], [-84.3992591170003, 33.7736520503028], [-84.3992577288603, 33.7736597629492], [-84.399248074468, 33.7736721878817], [-84.399244714315, 33.7736765131293], [-84.3992415292872, 33.7736821174916], [-84.3992395827373, 33.7737652697463], [-84.3992394608217, 33.7737704968553], [-84.3992457527782, 33.773777531412], [-84.3992502748633, 33.7737796697244], [-84.3992548689079, 33.773780069515], [-84.3992610583286, 33.7737803238377], [-84.3992822839896, 33.7737811990101], [-84.3992781045103, 33.7740392643214], [-84.3992621903933, 33.7740406233509], [-84.3992563209604, 33.774044120201], [-84.3992557569799, 33.7740515689128], [-84.3992607408813, 33.7740555926111], [-84.3992654272233, 33.7740593770306], [-84.399372325246, 33.7740615910406], [-84.3993774633926, 33.7740599664927], [-84.3993844675051, 33.7740584421161], [-84.3993880913171, 33.7740509993554], [-84.3993875787605, 33.7740463162377], [-84.3993835255587, 33.7740418994723], [-84.3993774794632, 33.7740387559912], [-84.3993255056359, 33.77403636993], [-84.39932575719, 33.7740215868645], [-84.3993266079814, 33.7739716598646], [-84.3993267822472, 33.773961436601], [-84.3993277803164, 33.7739028859192], [-84.3993279397567, 33.773893568844], [-84.3993285146723, 33.773859812598], [-84.3993286638348, 33.7738510870262]]]}, "properties": {"OBJECTID_1": 189, "OBJECTID": 197, "Shape_Leng": 1522.51015708, "CreationDate": 1628109910586, "Creator": "wsims6_GTFacilities", "EditDate": 1628109910586, "Editor": "wsims6_GTFacilities", "Shape__Area": 4890.30078125, "Shape__Length": 559.2631689505836, "GlobalID": "d693d5b6-e639-4496-ab08-323510f0714d"}}, {"type": "Feature", "id": 190, "geometry": {"type": "Polygon", "coordinates": [[[-84.4050596934948, 33.781295486157], [-84.405055305048, 33.7812942305197], [-84.4050497458611, 33.7812944387205], [-84.4049941532537, 33.7812943053591], [-84.4049932615688, 33.7813208904638], [-84.4049905905179, 33.7814005330629], [-84.4048140832903, 33.7814019350669], [-84.4047694019476, 33.7814010898819], [-84.4047697267848, 33.7813569326908], [-84.4047709086551, 33.7811811634236], [-84.404991385291, 33.7811802896952], [-84.4049922571178, 33.7812248945008], [-84.4050410658129, 33.7812251563791], [-84.405048470592, 33.7812238734519], [-84.4050544213631, 33.781223531952], [-84.4050631470624, 33.7812200392299], [-84.4050704716387, 33.7812147513215], [-84.4050758692016, 33.7812080434284], [-84.4050788013625, 33.7812012357067], [-84.4050788941574, 33.7811922487697], [-84.4050788574584, 33.7811790035842], [-84.4050789791334, 33.78115082224], [-84.4050784555917, 33.7811267139993], [-84.4050785834378, 33.7811077745681], [-84.4050787079366, 33.7810891858857], [-84.40508115747, 33.7810730379895], [-84.4050859835685, 33.7810572750148], [-84.4050931145559, 33.7810421387425], [-84.4051024355583, 33.7810278683318], [-84.4051106097172, 33.7810174501871], [-84.4051141261785, 33.7810145941744], [-84.4051453606164, 33.7809892253678], [-84.4051478326776, 33.7809851072575], [-84.4051508593413, 33.780980065686], [-84.4051500784299, 33.7809725780799], [-84.4051431254723, 33.7809677911255], [-84.405138937137, 33.7809674367556], [-84.4051279554498, 33.7809665085383], [-84.4050905231427, 33.7809669433303], [-84.405092070729, 33.7807114069596], [-84.4051458521521, 33.7807095790798], [-84.4051572339967, 33.7807091928164], [-84.4051613236472, 33.7807074501355], [-84.4051652265372, 33.7807029947467], [-84.405166199983, 33.7806961899064], [-84.405167298689, 33.7806617284737], [-84.4051684893177, 33.7806374474081], [-84.4051760185886, 33.7806382461454], [-84.4052130680743, 33.7806380419889], [-84.4052679140095, 33.7806377393955], [-84.4055621397286, 33.78063928092], [-84.4060616418388, 33.7806414840297], [-84.4060617450928, 33.7806785975991], [-84.4060617648983, 33.7806853283874], [-84.4060688278962, 33.7806920112494], [-84.4060758711856, 33.7806931625185], [-84.406083752459, 33.7806931796876], [-84.4061204162075, 33.780693262732], [-84.4061199806998, 33.7807501712966], [-84.4061185656764, 33.780935454357], [-84.4061183377406, 33.7809536537277], [-84.4061182738284, 33.7809617281385], [-84.4061163434519, 33.7809773403686], [-84.4061141340191, 33.7809947221799], [-84.4061130087099, 33.7810035794801], [-84.4061100832976, 33.7810112284539], [-84.4061024827483, 33.7810275134976], [-84.406092736523, 33.7810483957153], [-84.4060840190578, 33.7810583190707], [-84.406070888873, 33.781071847673], [-84.4060554561464, 33.7810836576852], [-84.4060381318377, 33.7810935932252], [-84.4059922019435, 33.7811139261831], [-84.405975084191, 33.7810886509322], [-84.4059718673916, 33.781083547513], [-84.4059695909081, 33.7810799372079], [-84.4059632287706, 33.7810756243244], [-84.4059569612128, 33.7810746473666], [-84.4059506673648, 33.7810747001453], [-84.4059455735875, 33.7810753006039], [-84.4059397505974, 33.7810796524436], [-84.4059362751177, 33.7810840348958], [-84.4059346609522, 33.7810891170268], [-84.4059340773355, 33.7810943594569], [-84.4059374618647, 33.781099206483], [-84.4059509090379, 33.781122388911], [-84.4059610307678, 33.7811398378744], [-84.4059860699022, 33.781180698134], [-84.4059938916648, 33.7811938542853], [-84.4059985983912, 33.7812012269753], [-84.4060057162519, 33.7812070459519], [-84.4060139323248, 33.7812117294225], [-84.4060221548874, 33.7812164164865], [-84.4060320977866, 33.7812161492464], [-84.4060421015242, 33.7812167916534], [-84.4060481655436, 33.7812171820267], [-84.4060701504419, 33.7812185946422], [-84.4060797399684, 33.7812182243939], [-84.4061176726872, 33.7812167595465], [-84.406115082295, 33.7813448008441], [-84.4061142850383, 33.781384241515], [-84.4061142453826, 33.7814037488149], [-84.4060704914994, 33.78140482372], [-84.406060583066, 33.7814050674536], [-84.406056706102, 33.7814071929532], [-84.4060562355707, 33.781415821766], [-84.4060559520605, 33.7814210365647], [-84.4060557835781, 33.7814307260349], [-84.4060554105049, 33.7814522626966], [-84.4053576677939, 33.7814486588151], [-84.405357229994, 33.7814181207365], [-84.4053550105351, 33.7814078137466], [-84.4053519595271, 33.7814036909872], [-84.4053468439452, 33.7814026675895], [-84.4052977838106, 33.7814028850953], [-84.4052988406096, 33.7812844151013], [-84.4053365964084, 33.7812849398787], [-84.405346563073, 33.7812846726478], [-84.4053506220599, 33.7812823773078], [-84.4053574980771, 33.7812784878095], [-84.4053576916091, 33.7812669012172], [-84.4053592777455, 33.7811719055875], [-84.405359348265, 33.7811677443308], [-84.4053555027754, 33.78116058815], [-84.4053469702285, 33.7811574110051], [-84.4053401426385, 33.781157345767], [-84.4053026033243, 33.7811569918857], [-84.4053023195214, 33.7811313593919], [-84.4053209626616, 33.7811316668673], [-84.4053205088217, 33.7811159736038], [-84.405302154517, 33.7811170261614], [-84.4053018534382, 33.7810913937009], [-84.405343590359, 33.7810892238568], [-84.4053504884708, 33.7810878553329], [-84.4053545936687, 33.7810870413164], [-84.405358783465, 33.781083248982], [-84.4053594628514, 33.7810755394516], [-84.4053584434148, 33.7810692641276], [-84.4053569027479, 33.7810654323849], [-84.405355187805, 33.7810622231187], [-84.4053514073316, 33.7810551479605], [-84.4053443028912, 33.7810502540141], [-84.4053364766519, 33.7810463433614], [-84.4053277609731, 33.7810440952701], [-84.4053186532028, 33.7810441345239], [-84.4052577472192, 33.7810443983649], [-84.4052426925674, 33.781044619523], [-84.4052277775135, 33.7810465093659], [-84.4052132085417, 33.7810497681462], [-84.4051988391008, 33.7810537244172], [-84.405185951098, 33.7810604044165], [-84.4051780337027, 33.7810645078061], [-84.4051732511376, 33.7810671435599], [-84.4051688591775, 33.7810704602068], [-84.4051652047598, 33.7810753560227], [-84.405164091959, 33.7810844765724], [-84.4051636793134, 33.7811412913156], [-84.4051635590853, 33.7811579080784], [-84.4051634587742, 33.781177814928], [-84.4051628153327, 33.7813110847289], [-84.4051622750095, 33.7814231231472], [-84.4051624027848, 33.781469222522], [-84.4051684141377, 33.7814915105406], [-84.4050789246317, 33.7814896799987], [-84.4050829309325, 33.7814636875731], [-84.4050835300975, 33.7813221875889], [-84.4050819310024, 33.7813151920618], [-84.405078964866, 33.7813085697545], [-84.4050735054762, 33.7813023183343], [-84.4050678760408, 33.7812978272655], [-84.4050596934948, 33.781295486157]], [[-84.4054487754921, 33.7809857731877], [-84.4054475842251, 33.7809821706911], [-84.4054457451025, 33.7809789598631], [-84.4054298538015, 33.7809512215561], [-84.4058785540703, 33.7807687807542], [-84.4058838766443, 33.7807778554746], [-84.405899282141, 33.7808001486917], [-84.4059033655087, 33.7808062476595], [-84.4059082065284, 33.7808071732866], [-84.4059132475038, 33.7808062285011], [-84.4059295358877, 33.7807973201643], [-84.4059344350926, 33.7807927654412], [-84.4059395378507, 33.7807880227798], [-84.4059417463615, 33.7807819476796], [-84.4059419781358, 33.7807755996054], [-84.4059394425888, 33.7807696851812], [-84.4059338720007, 33.7807622853105], [-84.4059305083046, 33.780760265822], [-84.4059244331029, 33.7807566187002], [-84.4059173257375, 33.7807549472938], [-84.4057524415053, 33.7807556085842], [-84.4057481429945, 33.7807556259288], [-84.4057443020273, 33.7807578748753], [-84.4057437276155, 33.7807633246668], [-84.405741915706, 33.7807998351352], [-84.4057415813067, 33.7808065602982], [-84.4052965604469, 33.7808021244602], [-84.4052951885676, 33.7807664866415], [-84.4052949046543, 33.7807591125847], [-84.4052835697776, 33.7807534649196], [-84.40526316077, 33.7807533565109], [-84.4052518656941, 33.7807546632023], [-84.4052449348894, 33.7807559145693], [-84.4052380645187, 33.7807571540976], [-84.4052336281204, 33.7807635193158], [-84.4052302768953, 33.7807683288909], [-84.405228109475, 33.7807728855182], [-84.4052260348933, 33.7807828870382], [-84.4052256248238, 33.7807931008349], [-84.4052278285075, 33.7807981187724], [-84.405230840441, 33.7808006204419], [-84.4052348656946, 33.7808017433308], [-84.405240702551, 33.780801997132], [-84.4052466495583, 33.7808022561299], [-84.4052669559881, 33.780803139258], [-84.4052817700953, 33.7808030213504], [-84.4052812223201, 33.780847290782], [-84.4052800218619, 33.7809443351234], [-84.4052619072779, 33.7809446000699], [-84.4052457593966, 33.7809454130221], [-84.4052411232646, 33.7809455590362], [-84.4052333974525, 33.780947488178], [-84.4052275347959, 33.7809519527673], [-84.4052244996442, 33.7809558781128], [-84.4052239187018, 33.7809605425762], [-84.405225121322, 33.7809651278529], [-84.4052279885233, 33.7809691698225], [-84.4052322168364, 33.7809722597219], [-84.4052420491481, 33.7809745651703], [-84.4052501796608, 33.7809745052702], [-84.4053251766392, 33.7809746406631], [-84.405348643954, 33.7809768187473], [-84.405371654628, 33.7809821471781], [-84.4054133967716, 33.7810044508201], [-84.4054176720294, 33.7810061665059], [-84.4054231331167, 33.7810083577723], [-84.4054327652226, 33.7810085528272], [-84.4054373631158, 33.7810074664576], [-84.4054434428966, 33.781004204241], [-84.405447922702, 33.7809994745268], [-84.4054505373795, 33.7809907234503], [-84.4054487754921, 33.7809857731877]], [[-84.4055717894257, 33.7810320098066], [-84.4055910326874, 33.7810672397366], [-84.4054908974033, 33.7811094947006], [-84.4054743865087, 33.7810775613144], [-84.4054718288325, 33.7810726134938], [-84.4054690224399, 33.7810698670851], [-84.4054649163374, 33.7810660745711], [-84.4054560060908, 33.7810664768183], [-84.4054514587472, 33.7810678813737], [-84.4054441204843, 33.7810721153008], [-84.4054393029167, 33.7810773100188], [-84.4054380357119, 33.781080584563], [-84.405436226028, 33.7810852595196], [-84.4054357891202, 33.7810908515042], [-84.405432782487, 33.7811941631086], [-84.4054326592925, 33.7811984074192], [-84.4054349427301, 33.7812064763859], [-84.4054406046734, 33.7812098367044], [-84.4054454543722, 33.781212716211], [-84.4054499579725, 33.7812153899089], [-84.4054572628226, 33.7812146751908], [-84.4054611886226, 33.7812126361739], [-84.4054656621566, 33.7812103120767], [-84.405469954621, 33.7812038281112], [-84.4054703621281, 33.7811958134466], [-84.4054676126039, 33.7811913826434], [-84.405465636667, 33.7811878988803], [-84.4054616956488, 33.7811809520708], [-84.4054504053689, 33.7811610492296], [-84.4056470969707, 33.7810774677047], [-84.4056594068298, 33.7810721872382], [-84.4058025468642, 33.7810107915073], [-84.4058200013263, 33.7810033920929], [-84.4059203413533, 33.7809607027705], [-84.4059374088157, 33.7809915945126], [-84.4059412908214, 33.7809971123042], [-84.4059455855862, 33.7810004031185], [-84.4059552646843, 33.7810031298782], [-84.405960053686, 33.7810028185386], [-84.4059675255923, 33.7809973418462], [-84.4059725480327, 33.7809928346703], [-84.4059771147326, 33.78098597056], [-84.4059813610627, 33.7809784461604], [-84.4059824796819, 33.7809745551693], [-84.4059825261225, 33.7809710647874], [-84.4059826121734, 33.780967451704], [-84.4059838066312, 33.7808751347272], [-84.4059838778609, 33.7808696868122], [-84.4059833074902, 33.7808661020513], [-84.4059810458173, 33.7808631562346], [-84.4059784622835, 33.7808597899708], [-84.405976108495, 33.7808567235113], [-84.405965381044, 33.7808548048623], [-84.4059590722346, 33.7808564608062], [-84.4059505461143, 33.7808586981062], [-84.4059464517165, 33.7808664963121], [-84.4059439888524, 33.7808711887725], [-84.4059499411254, 33.7808803280894], [-84.4059558879706, 33.7808894565967], [-84.4059686101484, 33.7809089860369], [-84.4058061542378, 33.7809761611093], [-84.4057883178761, 33.7809836811815], [-84.4056949309269, 33.7810230586885], [-84.4056790819402, 33.7809969802721], [-84.4056731755846, 33.7809872601899], [-84.4056664904643, 33.7809821147908], [-84.4056576525267, 33.7809825006828], [-84.4056113796397, 33.7810022021062], [-84.40559398133, 33.7810096094973], [-84.405583935565, 33.7810148206551], [-84.4055795174071, 33.7810176396558], [-84.405571763268, 33.7810225885035], [-84.4055717743704, 33.7810265873053], [-84.4055717894257, 33.7810320098066]], [[-84.4058627992081, 33.7811677153244], [-84.4056731629926, 33.781246679696], [-84.405612742792, 33.7812718382629], [-84.4056094519354, 33.7812781670133], [-84.4056111590414, 33.7812839928827], [-84.4056174879249, 33.7812879965823], [-84.4056228385761, 33.7812881277806], [-84.4057713675034, 33.7812917802938], [-84.4059160983044, 33.7812944517823], [-84.405928570666, 33.7812947954741], [-84.4059293472905, 33.7813329464364], [-84.405933494607, 33.7813375692756], [-84.4059377112399, 33.7813422677189], [-84.4059449477325, 33.7813414313815], [-84.4059537850202, 33.7813404107077], [-84.4059589619021, 33.7813374612863], [-84.4059665590511, 33.7813331348582], [-84.4059707274545, 33.7813301973101], [-84.4059750520882, 33.7813232561277], [-84.4059770057024, 33.7813155991239], [-84.4059764441038, 33.7813077928154], [-84.4059740929434, 33.7813037345347], [-84.4059704485052, 33.7812978402951], [-84.4059328229838, 33.7812369949946], [-84.4059284458035, 33.7812308632369], [-84.4059254934218, 33.7812280449897], [-84.4059203562238, 33.7812285661861], [-84.4059057019273, 33.7812310416786], [-84.4058991111562, 33.7812338225252], [-84.405866510242, 33.781178149252], [-84.4058816643965, 33.7811713764272], [-84.4058866963701, 33.7811691278726], [-84.4058895721113, 33.7811634112391], [-84.4058844616064, 33.7811548897224], [-84.405880607949, 33.7811475298007], [-84.4058773515901, 33.7811425662116], [-84.4058743800371, 33.7811375110036], [-84.4058657355231, 33.7811228055993], [-84.4058588443306, 33.7811196694891], [-84.4058522688318, 33.7811166770309], [-84.4058445744798, 33.7811190479589], [-84.40584177515, 33.7811223435099], [-84.4058409536306, 33.7811278496828], [-84.4058445187745, 33.7811343572028], [-84.405846395219, 33.7811377807422], [-84.4058627992081, 33.7811677153244]], [[-84.4055932300734, 33.7812838562838], [-84.4055886845897, 33.7812824341642], [-84.4055806621808, 33.7812837165163], [-84.4055668202705, 33.7812894525698], [-84.4055485552871, 33.7812970212244], [-84.4055130275376, 33.7813102838562], [-84.405501655999, 33.7812926262889], [-84.4054933729745, 33.7812797640358], [-84.4054910563842, 33.7812768706122], [-84.4054827409923, 33.7812752988973], [-84.4054743587765, 33.7812780507287], [-84.4054513039047, 33.7812856196218], [-84.4054477516864, 33.7812876525056], [-84.4054437887237, 33.7812899197117], [-84.4054378151947, 33.7812956801981], [-84.405433937411, 33.7813025727098], [-84.4054316767356, 33.7813089337249], [-84.4054328643591, 33.7813186151608], [-84.405437234402, 33.7813245206354], [-84.4054399678502, 33.7813282157229], [-84.4054501592124, 33.7813349881413], [-84.4054536046533, 33.7813372779799], [-84.4054602593691, 33.7813388547136], [-84.4054674767131, 33.7813388984528], [-84.4054961333745, 33.7813390738172], [-84.4055840140504, 33.7813386377157], [-84.4055916889942, 33.7813386003147], [-84.4055952062618, 33.7813356469086], [-84.40559548904, 33.781329380787], [-84.4055957416707, 33.7813212014199], [-84.405596655246, 33.7812916786894], [-84.4055968067883, 33.7812867580854], [-84.4055932300734, 33.7812838562838]], [[-84.4048593990207, 33.7812828422696], [-84.4048718303172, 33.7812874662858], [-84.4048853218605, 33.781288156153], [-84.404897090401, 33.7812854510217], [-84.4048993890808, 33.7812846125567], [-84.4049028601036, 33.7812813283534], [-84.4049105442311, 33.7812729101291], [-84.4049128709903, 33.7812627142733], [-84.4049100611984, 33.7812528862898], [-84.4049055462292, 33.7812461010646], [-84.4048999626038, 33.7812402114386], [-84.4048868873624, 33.7812350512842], [-84.4048740423425, 33.7812354340357], [-84.4048609958118, 33.7812406446154], [-84.4048520217163, 33.7812476344061], [-84.4048477675623, 33.781257833981], [-84.4048471519137, 33.7812671320949], [-84.4048514589338, 33.7812764207075], [-84.4048593990207, 33.7812828422696]], [[-84.4051370805686, 33.7810580571953], [-84.4051347354948, 33.781055399151], [-84.4051290000761, 33.7810562983607], [-84.4051258193936, 33.7810591438068], [-84.4051175694658, 33.7810730028], [-84.4051150456141, 33.7810825913278], [-84.4051131573502, 33.7810916466532], [-84.4051133892434, 33.78109856728], [-84.4051159465397, 33.7811010472894], [-84.4051197721549, 33.7811010398971], [-84.405121679013, 33.7810990841375], [-84.4051224511304, 33.7810975543466], [-84.4051225210168, 33.7810958879601], [-84.4051229222475, 33.7810875451076], [-84.4051252433171, 33.7810811515218], [-84.4051286213719, 33.7810731590691], [-84.4051345478662, 33.7810644511904], [-84.4051377285486, 33.7810616057441], [-84.4051370805686, 33.7810580571953]]]}, "properties": {"OBJECTID_1": 190, "OBJECTID": 198, "Shape_Leng": 3784.33007918, "CreationDate": 1628109910586, "Creator": "wsims6_GTFacilities", "EditDate": 1628109910586, "Editor": "wsims6_GTFacilities", "Shape__Area": 9783.88671875, "Shape__Length": 1389.3496112318333, "GlobalID": "4fedeec0-8f2a-4fea-8594-46e67e081965"}}, {"type": "Feature", "id": 191, "geometry": {"type": "Polygon", "coordinates": [[[-84.3969194510001, 33.7813131524259], [-84.3969181072146, 33.7812161047817], [-84.3969557351889, 33.7812169064641], [-84.3969686600676, 33.7812144767373], [-84.397072287696, 33.7812159008584], [-84.3970761605176, 33.7810193985344], [-84.3970770902511, 33.7810061100627], [-84.3970765719216, 33.7809585128504], [-84.3972555142623, 33.7809611008615], [-84.3972586516668, 33.7808098501797], [-84.3972614677772, 33.7808110855898], [-84.3972752832952, 33.7808114384664], [-84.3972751826026, 33.7808149623086], [-84.3974739566408, 33.7808191088646], [-84.3975122557397, 33.7808197901044], [-84.3975939228973, 33.7808213459344], [-84.3975882211124, 33.7809534954278], [-84.3975884405502, 33.7809580122909], [-84.3976271976712, 33.7809579397588], [-84.3976316473869, 33.7809579314306], [-84.3976374122576, 33.7809579206407], [-84.3976441236042, 33.7809573274154], [-84.3976533408086, 33.7809538099519], [-84.3976612010489, 33.7809508098708], [-84.3976690025408, 33.7809424171219], [-84.3976752278279, 33.7809389485367], [-84.3976761719789, 33.7809511749661], [-84.3976738625885, 33.7810445750497], [-84.3976641827808, 33.7810326399768], [-84.3976604195119, 33.7810289222992], [-84.3976560656617, 33.7810252246617], [-84.3976524910254, 33.7810221891808], [-84.3976481349051, 33.7810216680652], [-84.3976424203048, 33.7810215020378], [-84.3975824029878, 33.7810197668759], [-84.3975704910957, 33.7810194221933], [-84.3975220239197, 33.78101802064], [-84.3975136604367, 33.7810177793151], [-84.3975060160393, 33.7810187295294], [-84.3974874005007, 33.7810210455288], [-84.3974763939621, 33.7810241091894], [-84.3974697722301, 33.7810263125874], [-84.3974652074089, 33.7810280928702], [-84.3974610833018, 33.7810307406188], [-84.3974490020203, 33.781038498481], [-84.3974384989736, 33.7810501368034], [-84.3974361084237, 33.781055798235], [-84.3974344893319, 33.7810596332814], [-84.3974328541474, 33.7810635071288], [-84.3974322936479, 33.7810683022576], [-84.3974328518589, 33.7810727193058], [-84.3974337555262, 33.7810791229476], [-84.3974353404753, 33.7810842981678], [-84.3974452022847, 33.7810948560965], [-84.39747095726, 33.7811046016662], [-84.3974731926938, 33.7813015605305], [-84.3969194510001, 33.7813131524259]], [[-84.397336842701, 33.7810549694703], [-84.397336654538, 33.7809847789625], [-84.3971209671091, 33.780984055786], [-84.3971211581199, 33.7810549721187], [-84.397336842701, 33.7810549694703]]]}, "properties": {"OBJECTID_1": 191, "OBJECTID": 199, "Shape_Leng": 1033.82754998, "CreationDate": 1628109910586, "Creator": "wsims6_GTFacilities", "EditDate": 1628109910586, "Editor": "wsims6_GTFacilities", "Shape__Area": 2911.328125, "Shape__Length": 379.4968530369219, "GlobalID": "a24d491e-467c-4b48-8a0a-1f672f93624e"}}, {"type": "Feature", "id": 192, "geometry": {"type": "Polygon", "coordinates": [[[-84.404707848965, 33.7785933669745], [-84.4047084589817, 33.77857656893], [-84.4046864816671, 33.7785760847561], [-84.4046877348208, 33.7785411875199], [-84.4046882276363, 33.7784991912434], [-84.4046889578957, 33.7784739453927], [-84.4046930815794, 33.7783924155081], [-84.4046943358079, 33.7783575182687], [-84.4046948912709, 33.7783479317387], [-84.4048125291163, 33.7783492249662], [-84.4048081179919, 33.7784411649778], [-84.4047591330514, 33.778440632848], [-84.4047582554192, 33.7784738757318], [-84.4048062142842, 33.7784727237535], [-84.4048059173428, 33.77848949685], [-84.4048057174885, 33.7785007750942], [-84.4048043335239, 33.7785617384306], [-84.40480423264, 33.7785845900838], [-84.4047597690784, 33.7785830979869], [-84.4047592044184, 33.7786287740418], [-84.4047565887094, 33.7786543237799], [-84.4047385577897, 33.7786542143017], [-84.4046927562149, 33.7786522676247], [-84.4046994806039, 33.7786451523448], [-84.4047018920572, 33.7786406087793], [-84.4047043109796, 33.7786329103203], [-84.404704502976, 33.7786285450546], [-84.404707848965, 33.7785933669745]]]}, "properties": {"OBJECTID_1": 192, "OBJECTID": 200, "Shape_Leng": 328.681337974, "CreationDate": 1628109910586, "Creator": "wsims6_GTFacilities", "EditDate": 1628109910586, "Editor": "wsims6_GTFacilities", "Shape__Area": 442.72265625, "Shape__Length": 120.79314190581016, "GlobalID": "9dc6ef19-62bc-49dd-9d35-53e12e2fa822"}}, {"type": "Feature", "id": 193, "geometry": {"type": "Polygon", "coordinates": [[[-84.4049204541971, 33.7804078837287], [-84.4050708221643, 33.7804078800475], [-84.4050708916723, 33.7804088050075], [-84.4050712139119, 33.7804374246016], [-84.4050713084881, 33.7804458386292], [-84.4050754455078, 33.7804522332628], [-84.4050834672388, 33.7804534593388], [-84.4051028137792, 33.7804539909014], [-84.4051527992648, 33.7804535760277], [-84.4052059105774, 33.780453128042], [-84.4052069325266, 33.7804871922569], [-84.4052071899057, 33.7805071994021], [-84.4052071903133, 33.7805096834507], [-84.4052073920269, 33.780523242995], [-84.4051721856484, 33.7805234102264], [-84.4051576766072, 33.7805217693111], [-84.4051438770949, 33.780522120574], [-84.4050974018606, 33.7805233049838], [-84.4050343918529, 33.7805232049051], [-84.4050251671964, 33.7805254651302], [-84.4050176248805, 33.7805300880382], [-84.4050123021465, 33.7805411877284], [-84.4049207415605, 33.7805405269045], [-84.404921293507, 33.7805261652382], [-84.4049204541971, 33.7804078837287]]]}, "properties": {"OBJECTID_1": 193, "OBJECTID": 201, "Shape_Leng": 266.170158273, "CreationDate": 1628109910586, "Creator": "wsims6_GTFacilities", "EditDate": 1628109910586, "Editor": "wsims6_GTFacilities", "Shape__Area": 424.59375, "Shape__Length": 97.67740959922168, "GlobalID": "7b529a23-b904-4fc1-9663-5f92f33d216a"}}, {"type": "Feature", "id": 196, "geometry": {"type": "Polygon", "coordinates": [[[-84.3881557467661, 33.7759744298949], [-84.3881532024971, 33.7759570442913], [-84.3881512332686, 33.7759378074649], [-84.3881381046084, 33.7759250329719], [-84.3882755399648, 33.7759264209521], [-84.3882716923504, 33.775930376197], [-84.3882640743442, 33.7759544405522], [-84.3882656828555, 33.7759761467487], [-84.3881557467661, 33.7759744298949]]]}, "properties": {"OBJECTID_1": 196, "OBJECTID": 204, "Shape_Leng": 113.524547965, "CreationDate": 1628109910586, "Creator": "wsims6_GTFacilities", "EditDate": 1628109910586, "Editor": "wsims6_GTFacilities", "Shape__Area": 85.6015625, "Shape__Length": 41.64784483962644, "GlobalID": "7484914b-17c1-4b79-a6e0-e05cbbb3fa28"}}, {"type": "Feature", "id": 197, "geometry": {"type": "Polygon", "coordinates": [[[-84.3880664427071, 33.7772817100713], [-84.3880674501229, 33.7772703907255], [-84.3881182861442, 33.7772709613257], [-84.3882041203219, 33.7772719262205], [-84.3882006092122, 33.7774334716287], [-84.3882005214439, 33.7774375454507], [-84.3881986118249, 33.7775253716038], [-84.3881945324962, 33.7775425247442], [-84.3880597257979, 33.7775402735914], [-84.388061143862, 33.7775232135916], [-84.3880664427071, 33.7772817100713]]]}, "properties": {"OBJECTID_1": 197, "OBJECTID": 205, "Shape_Leng": 279.34550296, "CreationDate": 1628109910586, "Creator": "wsims6_GTFacilities", "EditDate": 1628109910586, "Editor": "wsims6_GTFacilities", "Shape__Area": 553.62109375, "Shape__Length": 102.67435888150692, "GlobalID": "f2e27be9-8bbe-4a84-ae16-a20a779d4ec1"}}, {"type": "Feature", "id": 198, "geometry": {"type": "Polygon", "coordinates": [[[-84.3882541469281, 33.7775116659683], [-84.3882565317624, 33.7774373330875], [-84.3882071260211, 33.7774370809651], [-84.3882125771335, 33.7772745988641], [-84.3882548439037, 33.7772757934066], [-84.388259168874, 33.7772756341633], [-84.3882635537519, 33.7772740006108], [-84.3882664528253, 33.777271488812], [-84.3882677354595, 33.7772693613145], [-84.3882684162205, 33.7772666334959], [-84.3882686526264, 33.777264515992], [-84.3882673025819, 33.7772618495257], [-84.3882655996036, 33.7772596552572], [-84.3882628509661, 33.777257691886], [-84.3882587737966, 33.7772563845981], [-84.3881417292611, 33.7772542251652], [-84.3881427349442, 33.7772090920605], [-84.3881428559056, 33.7772049090788], [-84.3881424794453, 33.7772037917056], [-84.3881415283607, 33.7772025924117], [-84.3881402792079, 33.7772017876748], [-84.3881393195491, 33.7772014521791], [-84.3881381292456, 33.777201278493], [-84.3881363697645, 33.7772014610794], [-84.3881352155899, 33.777201900452], [-84.388134144249, 33.7772026408278], [-84.3881332209379, 33.7772038425838], [-84.3881328315211, 33.7772052426469], [-84.3881316732789, 33.7772540304218], [-84.3880686628314, 33.7772528324797], [-84.3879513935442, 33.7772506038421], [-84.3879528232661, 33.777204478161], [-84.3879529080152, 33.7772017451011], [-84.3879512520969, 33.7771993731184], [-84.3879531228571, 33.7771979568749], [-84.3879554427505, 33.777179311957], [-84.3879503796833, 33.7771783788091], [-84.3879386971818, 33.777175903983], [-84.3879280876884, 33.7771720765569], [-84.3879159938244, 33.7771654061768], [-84.3879074021444, 33.7771585636129], [-84.3879046350663, 33.7771548826193], [-84.3878993098869, 33.7771494299565], [-84.3878976940065, 33.7771470912624], [-84.3878939900041, 33.7771405771535], [-84.3878926477928, 33.7771375923857], [-84.3878900915751, 33.7771298328407], [-84.3878894830099, 33.7771270478262], [-84.3878885631952, 33.7771174297473], [-84.3878883451573, 33.7771124151485], [-84.3878892885521, 33.7770917232434], [-84.3878906154657, 33.777032053126], [-84.3878909503579, 33.7770283422267], [-84.3878997334932, 33.7770139036523], [-84.3878990641572, 33.7770097392188], [-84.3879002676921, 33.7770049808456], [-84.3879018281706, 33.777002569735], [-84.3879085061345, 33.7769953842179], [-84.3879116372996, 33.7769865532323], [-84.3879124801759, 33.7769103846466], [-84.3879074151118, 33.7768851483652], [-84.3879697793517, 33.7768862438591], [-84.3879617884242, 33.7769135701373], [-84.3879609228537, 33.7769876144712], [-84.3879607102073, 33.7770014939856], [-84.3879593004993, 33.7770629585404], [-84.387959058037, 33.7770765802355], [-84.3879582335934, 33.7771103530984], [-84.3879597873565, 33.7771170874578], [-84.3879625618382, 33.7771219676344], [-84.387965534106, 33.7771256644886], [-84.3879686625956, 33.7771283899831], [-84.3879721190501, 33.7771305901278], [-84.3879757524921, 33.777132336424], [-84.3879796213076, 33.7771336603246], [-84.3879821418612, 33.777134266223], [-84.3879867535008, 33.7771347403365], [-84.3880155424045, 33.7771352495312], [-84.3880191083876, 33.7771346958323], [-84.388022885037, 33.7771325097648], [-84.3880247387708, 33.7771307716609], [-84.3880261463015, 33.7771285059891], [-84.3880268174917, 33.7771262524579], [-84.3880267766792, 33.7771229786319], [-84.3880270565657, 33.7771213921235], [-84.388026401943, 33.7771183330901], [-84.38802394643, 33.7771148886747], [-84.388021229452, 33.7771126367126], [-84.3880160436869, 33.7771105947552], [-84.3880128832433, 33.7771101387778], [-84.3879684406619, 33.7771096856055], [-84.3879688417934, 33.7770767303986], [-84.3879706882136, 33.7770016086358], [-84.387970747163, 33.7769875833293], [-84.3879714231278, 33.7769561153551], [-84.3880170955347, 33.7769570279666], [-84.3880199968953, 33.7769570858783], [-84.3880246421574, 33.7769559432677], [-84.3880278144986, 33.7769538908268], [-84.3880296969368, 33.7769515602858], [-84.3880306208975, 33.7769493522854], [-84.3880313186303, 33.7769146022574], [-84.3880247763244, 33.7768872091736], [-84.3880881220748, 33.7768883208802], [-84.3880802608537, 33.7769152673376], [-84.388080230181, 33.7769478305639], [-84.3880803729956, 33.7769508814989], [-84.3880818439704, 33.7769539724286], [-84.3880828544335, 33.7769551707149], [-84.3880857077874, 33.7769571330007], [-84.3880889475659, 33.7769582109739], [-84.3880941178751, 33.7769584451433], [-84.3881122822154, 33.7769585171422], [-84.3881091336593, 33.7770847874671], [-84.3881081439907, 33.7771244015304], [-84.3881089224505, 33.7771281699416], [-84.3881103419129, 33.777131801053], [-84.3881127848042, 33.7771357936938], [-84.3881146613061, 33.7771382888049], [-84.3881193084476, 33.7771420692085], [-84.3881231765903, 33.7771443894316], [-84.3881270333498, 33.7771460622887], [-84.3881325557329, 33.777147583384], [-84.3881368123901, 33.7771481528025], [-84.3881475689073, 33.7771482723528], [-84.3881542411935, 33.7771485335785], [-84.3881935683056, 33.7771490806219], [-84.3881969198715, 33.7771491205898], [-84.3881998727476, 33.7771486356102], [-84.3882019840237, 33.777147958286], [-84.3882051530213, 33.7771462836389], [-84.3882075425689, 33.7771442325987], [-84.3882091404829, 33.7771421054375], [-84.3882102387636, 33.7771396672016], [-84.3882103012306, 33.7771261846837], [-84.3882100275017, 33.7771242899021], [-84.3882092162127, 33.7771220309164], [-84.3882075761389, 33.7771195245625], [-84.3882055109319, 33.7771175455366], [-84.3882032495546, 33.7771161177724], [-84.3882001897382, 33.7771149060347], [-84.3881970667425, 33.7771143174519], [-84.3881518725032, 33.7771133797044], [-84.3881542933344, 33.7769993028269], [-84.3881545449865, 33.7769854881611], [-84.3881558246389, 33.7769347958766], [-84.3882009893033, 33.7769347671047], [-84.3882031642051, 33.7769344809834], [-84.3882057332848, 33.7769338064439], [-84.3882087099082, 33.7769324828848], [-84.3882114517436, 33.7769305502301], [-84.3882128614479, 33.7769291321053], [-84.3882143568684, 33.7769270375875], [-84.3882152760383, 33.7769250676305], [-84.3882158416002, 33.7769228882233], [-84.388215947928, 33.7769201524195], [-84.3882154685944, 33.7769176602115], [-84.3882080185927, 33.7768904256546], [-84.38830648601, 33.7768921540404], [-84.3882975873219, 33.776919130326], [-84.3882971162883, 33.7769471139495], [-84.3882981160756, 33.7769500353106], [-84.3883004728089, 33.7769532734196], [-84.3883043277313, 33.7769559119441], [-84.3883091708567, 33.7769573927755], [-84.3883511855148, 33.7769580196973], [-84.3883476066884, 33.7771832859028], [-84.3883016466306, 33.7771826678691], [-84.3882978358599, 33.7771833419356], [-84.3882946086276, 33.7771846244709], [-84.3882914204253, 33.7771868076866], [-84.3882898073547, 33.777188499378], [-84.3882880947524, 33.7771913724126], [-84.3882871023972, 33.7771946922749], [-84.3882871611312, 33.777200728731], [-84.3882872023856, 33.7772050087999], [-84.3882883040105, 33.7772084817892], [-84.3882903829352, 33.7772115932642], [-84.3882924400033, 33.7772133450868], [-84.3882959888238, 33.7772153502997], [-84.3883007395931, 33.7772166004742], [-84.3884008463324, 33.7772182996917], [-84.388408173704, 33.7772171820021], [-84.3884148260861, 33.777213068433], [-84.3884190678645, 33.7772057664447], [-84.3884198673084, 33.7772017499509], [-84.3884191139399, 33.7771934777439], [-84.3884189328041, 33.7771914827131], [-84.3884149032706, 33.7771851964212], [-84.3884092713546, 33.7771818154269], [-84.3884025774366, 33.7771802838258], [-84.3883731108215, 33.7771799193017], [-84.3883786337258, 33.7769829840246], [-84.3884075340034, 33.7769839942465], [-84.3884113602463, 33.7769843002448], [-84.3884147568072, 33.7769837865115], [-84.388418196437, 33.7769823881799], [-84.3884209822031, 33.7769803256038], [-84.3884232623996, 33.7769769051461], [-84.388423981849, 33.776974109633], [-84.3884240178496, 33.776970062953], [-84.3884249811447, 33.7769349364572], [-84.388635854581, 33.7769385354412], [-84.3886344891048, 33.7769931004808], [-84.388634959206, 33.7769970317407], [-84.388636173062, 33.7769996398406], [-84.3886382905274, 33.7770022021343], [-84.3886412696334, 33.7770043544296], [-84.3886446106227, 33.7770057378663], [-84.3886494366568, 33.7770064496057], [-84.3886870284709, 33.7770065307541], [-84.3886829290905, 33.777282049684], [-84.3886674333882, 33.7772818323109], [-84.3886368247196, 33.7772811777689], [-84.3886313506995, 33.7772825067319], [-84.3886275614327, 33.7772848208752], [-84.3886249472638, 33.7772876919293], [-84.3886235094407, 33.7772907664443], [-84.3886230518385, 33.7772967055487], [-84.3886230552866, 33.7773244169209], [-84.3886229955496, 33.7773263736136], [-84.388639759278, 33.7773267537138], [-84.3886563405197, 33.7773271287301], [-84.3886652973715, 33.7773273317196], [-84.3886726939264, 33.7773274987442], [-84.3886730860366, 33.7774455946376], [-84.3886254921803, 33.777444546871], [-84.3886134409458, 33.7774544416366], [-84.3886128262751, 33.7775171219939], [-84.3882541469281, 33.7775116659683]], [[-84.3883857367854, 33.7772845631113], [-84.3883843774707, 33.7772803954121], [-84.3883813045449, 33.777276613092], [-84.3883782076674, 33.7772744303459], [-84.3883752135758, 33.7772731680019], [-84.3883705253103, 33.7772722919037], [-84.3883589577827, 33.7772729636771], [-84.3883543437783, 33.7772745092826], [-84.3883508502386, 33.7772767805086], [-84.3883487255173, 33.7772789455856], [-84.3883467637183, 33.7772823230922], [-84.3883460004321, 33.777285288194], [-84.3883453960238, 33.77731975223], [-84.388384743665, 33.7773206931974], [-84.3883857367854, 33.7772845631113]]]}, "properties": {"OBJECTID_1": 198, "OBJECTID": 206, "Shape_Leng": 1764.91352235, "CreationDate": 1628109910586, "Creator": "wsims6_GTFacilities", "EditDate": 1628109910586, "Editor": "wsims6_GTFacilities", "Shape__Area": 4893.78515625, "Shape__Length": 648.4022906600558, "GlobalID": "4cd63463-966d-4633-99a0-13a7d4d50aa5"}}, {"type": "Feature", "id": 199, "geometry": {"type": "Polygon", "coordinates": [[[-84.3964591617317, 33.7729895703035], [-84.3964441897826, 33.7729895161289], [-84.3964439293544, 33.7730399857181], [-84.3964586853741, 33.7730400384914], [-84.3964585601057, 33.773053374167], [-84.3964492801667, 33.7730666619685], [-84.3964584682497, 33.7730711368947], [-84.3964584191651, 33.7730806557328], [-84.396449141409, 33.7730939534484], [-84.3964583273332, 33.7730984274769], [-84.3964582782221, 33.7731079363968], [-84.396449000463, 33.7731212341124], [-84.3964584588131, 33.7731258374716], [-84.3964583212055, 33.7731523454129], [-84.396747383902, 33.7731533865558], [-84.3967466847858, 33.7732735375756], [-84.3964252447196, 33.7732665526074], [-84.3964252677704, 33.7732432349267], [-84.3964105096085, 33.7732427971478], [-84.3963800806091, 33.7732421946809], [-84.3963462547733, 33.7732415245926], [-84.396134029156, 33.7732397364658], [-84.3961151618771, 33.7732401547467], [-84.3961160838708, 33.7732044953769], [-84.3960994504109, 33.7732044956438], [-84.3960866433141, 33.7732044951071], [-84.3960741792252, 33.7732043713069], [-84.3960742562977, 33.7731984509125], [-84.3960278551022, 33.7731980304264], [-84.3960277966317, 33.773203639716], [-84.3960188866053, 33.7732038366049], [-84.3959839089626, 33.7732032370834], [-84.3959837506412, 33.773197710247], [-84.3959370287631, 33.7731972822077], [-84.395936977919, 33.7732021088486], [-84.3958937580809, 33.7732015228095], [-84.3958938482542, 33.7731968683112], [-84.3958471582195, 33.7731962346019], [-84.3958470623772, 33.7732011938692], [-84.3958230113217, 33.7731994839132], [-84.395822963964, 33.7731727743455], [-84.3958229095135, 33.773142184078], [-84.3958556342271, 33.773143735466], [-84.3958655230047, 33.7731457809846], [-84.3958885857955, 33.773145738152], [-84.3960384901557, 33.7731454596418], [-84.3960524850377, 33.7731426817874], [-84.3960681007501, 33.7731302721703], [-84.3960771319901, 33.7731192498111], [-84.3960764760543, 33.7730878428628], [-84.396075614654, 33.7726066639953], [-84.3960789195021, 33.7726066596554], [-84.3960786935374, 33.7724801545939], [-84.396078670096, 33.7724632576655], [-84.3960775153214, 33.7724488495983], [-84.3960715621923, 33.7724306734269], [-84.3961337546698, 33.7724312899514], [-84.3961356410297, 33.7724532290648], [-84.3961351683937, 33.7724934193101], [-84.3961344916737, 33.7726024475118], [-84.3961341769619, 33.7727419698339], [-84.3961339327936, 33.7728261458763], [-84.3961432793447, 33.7728260906286], [-84.3961398317552, 33.7729503411682], [-84.3961390209984, 33.7729503697253], [-84.3961177823781, 33.7729506201999], [-84.3961065951806, 33.7729507528031], [-84.3961067081047, 33.7729647633737], [-84.3961180901895, 33.7729648350833], [-84.3961397908667, 33.7729649723618], [-84.3961406990599, 33.7730832954502], [-84.3961230716394, 33.7730810136823], [-84.3961151651216, 33.7730882758657], [-84.3961161754538, 33.7731080309997], [-84.3961190539967, 33.7731190167935], [-84.3961243882966, 33.7731277898741], [-84.3961316909805, 33.7731349949275], [-84.3961436085302, 33.7731419227072], [-84.3961568068469, 33.7731457130581], [-84.3961679684166, 33.7731468924025], [-84.3961787064424, 33.7731463350489], [-84.3961867362136, 33.7731448053395], [-84.3962007028032, 33.77313951732], [-84.396215537278, 33.7731284976823], [-84.396221027997, 33.7731218332733], [-84.3962253597698, 33.7731133785344], [-84.396226819327, 33.7730999592285], [-84.3962921993772, 33.7730993218557], [-84.3962938611756, 33.773122862717], [-84.3962999613509, 33.7731269178202], [-84.3963125639556, 33.7731312114833], [-84.3963269759809, 33.7731330348565], [-84.3963313006754, 33.7731324515544], [-84.3963409861772, 33.7731311450687], [-84.3963557404408, 33.7731285109327], [-84.3963711096246, 33.7731224556822], [-84.3963862457783, 33.7731091867408], [-84.396393922741, 33.7730984472933], [-84.3963979701274, 33.7730890283093], [-84.3964010328693, 33.7730800205084], [-84.3964008119435, 33.7730676331143], [-84.3964005611343, 33.7730100702741], [-84.3963857694377, 33.7730099977239], [-84.3963636881386, 33.773009648407], [-84.3963658111162, 33.7728269083173], [-84.3964605530453, 33.7728272585153], [-84.3964591617317, 33.7729895703035]]]}, "properties": {"OBJECTID_1": 199, "OBJECTID": 208, "Shape_Leng": 1483.65321887, "CreationDate": 1628109910586, "Creator": "wsims6_GTFacilities", "EditDate": 1628109910586, "Editor": "wsims6_GTFacilities", "Shape__Area": 2323.5, "Shape__Length": 544.9726894321022, "GlobalID": "9fcb3d57-c785-41bd-bdcb-fda7194767e4"}}, {"type": "Feature", "id": 200, "geometry": {"type": "Polygon", "coordinates": [[[-84.3996879107401, 33.7776761454663], [-84.3996962209051, 33.7773908507231], [-84.3996999949114, 33.7772837228404], [-84.3997005845015, 33.7772669978872], [-84.3996817144837, 33.7772515701875], [-84.3996716508586, 33.7772437754732], [-84.3996534102516, 33.7772271221375], [-84.3995527493329, 33.7771352210138], [-84.3995460801821, 33.7771313420692], [-84.3995378226525, 33.7771318129856], [-84.3995327160067, 33.7771355689856], [-84.3995315969008, 33.7771413651127], [-84.3995312330179, 33.7771509359331], [-84.3995307683993, 33.7771631812433], [-84.3995298462781, 33.7771875086511], [-84.399528325698, 33.777264002261], [-84.3995174496848, 33.777671855267], [-84.3995168809729, 33.7776939161548], [-84.3995049613721, 33.7780872301618], [-84.3995042629575, 33.7781100414672], [-84.3993630081703, 33.7781082476233], [-84.3993177295855, 33.7781082951228], [-84.3993091403129, 33.7781083041021], [-84.399298580433, 33.7781090786913], [-84.3992913897422, 33.7781096070892], [-84.3992839674407, 33.7781115307787], [-84.3992773330445, 33.7781133429811], [-84.3992718045599, 33.7781148528486], [-84.3992630767298, 33.7781231212165], [-84.3992578490783, 33.7781280739246], [-84.3992486791554, 33.7781413590137], [-84.3992457038293, 33.7781471099465], [-84.3992444229706, 33.7781573893878], [-84.3992438841313, 33.7781617652179], [-84.39924292218, 33.7781725868525], [-84.3992427804534, 33.7781796741028], [-84.3992440610761, 33.7781868858054], [-84.3992528043289, 33.7782034966882], [-84.3992594641531, 33.7782162830836], [-84.3991253864563, 33.7782125828737], [-84.3991305293071, 33.7781958186923], [-84.3991337169513, 33.7781867222341], [-84.3991344359073, 33.7781846687202], [-84.3991370132689, 33.7781794838755], [-84.3991413317123, 33.7781325339438], [-84.3991417930217, 33.7781262359385], [-84.3991406421009, 33.7781214683684], [-84.3991394234625, 33.7781164142007], [-84.3991351931737, 33.7781128597433], [-84.3991287989652, 33.7781128546568], [-84.3991227686258, 33.7781128488846], [-84.3991094402488, 33.7781128045627], [-84.3991046710148, 33.7781127892011], [-84.3990964163606, 33.7781127614692], [-84.3990905241902, 33.7781127419105], [-84.3990861179579, 33.7781136040733], [-84.3990818009106, 33.7781159051043], [-84.3990756843769, 33.7781191661767], [-84.3990754025475, 33.7781231574184], [-84.3990743865627, 33.7781375677278], [-84.3990739508792, 33.7781553554337], [-84.3990739883133, 33.7781652185324], [-84.3988320354209, 33.7781607518375], [-84.3984528390852, 33.778153749201], [-84.3984546734883, 33.7781080238927], [-84.3984516082998, 33.7781020778461], [-84.3984460932593, 33.7780989630791], [-84.3984412636485, 33.7780989802647], [-84.3984277691287, 33.778098985772], [-84.3984109976135, 33.7780989920219], [-84.3983701653011, 33.7780990091844], [-84.3983653610555, 33.7781008278198], [-84.3983609483561, 33.7781024987506], [-84.3983595162698, 33.7781617201285], [-84.3981410421578, 33.7781572061926], [-84.3981414308747, 33.7781439638046], [-84.3981445114567, 33.7780392302626], [-84.3981969324549, 33.7780423941006], [-84.3982049992853, 33.7780424429831], [-84.3982085531221, 33.7780349778511], [-84.3982092451572, 33.7779346245039], [-84.3982042858334, 33.7779289660251], [-84.3981961173947, 33.7779260618017], [-84.3981792099574, 33.777925700401], [-84.3981473149606, 33.777925019074], [-84.3981518093817, 33.777807218842], [-84.3982202647865, 33.7778081714967], [-84.3982840598943, 33.7778090589247], [-84.3982854943053, 33.77782730747], [-84.398288511695, 33.7778327522924], [-84.3982957475289, 33.7778333572445], [-84.3983159063513, 33.777835044266], [-84.3983638092894, 33.7778376800314], [-84.3983563852252, 33.778029846802], [-84.3983561924525, 33.7780348450202], [-84.3983571560594, 33.7780430455379], [-84.3983646246387, 33.7780458726208], [-84.3984297107565, 33.7780469640275], [-84.3984435622224, 33.7780471967873], [-84.3984547338996, 33.7780414584304], [-84.3984547078657, 33.7780378058876], [-84.398455824616, 33.7779453168512], [-84.3984563932794, 33.7778854542142], [-84.3984574595267, 33.7778427653069], [-84.3984578551583, 33.777826897294], [-84.3985636810408, 33.7778281952227], [-84.3987018913208, 33.7778298893122], [-84.3987015895305, 33.7778657278365], [-84.3987014023211, 33.7778879989895], [-84.3987016704832, 33.7778933488875], [-84.3987024400583, 33.7778972515931], [-84.3987055541745, 33.7779009172641], [-84.3987102463085, 33.7779039776645], [-84.3987313225933, 33.7779047396014], [-84.398738526244, 33.7779050181901], [-84.3987426889492, 33.7779043413363], [-84.3987506413384, 33.7779007955123], [-84.398756478755, 33.7778945306769], [-84.3987548212023, 33.7778312134887], [-84.399083136926, 33.7778369910177], [-84.3990832701364, 33.7778591290249], [-84.399083393078, 33.7778794637477], [-84.3990849467612, 33.7778866406753], [-84.3990920970903, 33.7778911634191], [-84.3991037664292, 33.7778918095646], [-84.3991135906896, 33.7778925241032], [-84.3991369954662, 33.7778935033913], [-84.3991415189779, 33.7778936923318], [-84.3991462301961, 33.7778926204092], [-84.3991513843485, 33.7778916387188], [-84.3991579349543, 33.7778903902134], [-84.3991630418962, 33.7778875205525], [-84.3991670701609, 33.7778846421038], [-84.3991728611909, 33.7778784043856], [-84.3991775920352, 33.7778722083374], [-84.399177875986, 33.7778670061728], [-84.3991920456964, 33.777607401114], [-84.3991941340423, 33.7775627004914], [-84.3991952384247, 33.7775390570976], [-84.3991941848196, 33.7775227509049], [-84.3991939546924, 33.7775187011181], [-84.3991904439852, 33.7775005295289], [-84.399188369018, 33.7774938359682], [-84.3991858793289, 33.7774902998721], [-84.3991766664731, 33.777484476329], [-84.3991663567918, 33.7774783185355], [-84.3991628355187, 33.7774762162057], [-84.3991517876776, 33.7774757916028], [-84.3991250173741, 33.7774747645576], [-84.3991163868016, 33.7774746500748], [-84.3991047836297, 33.777474495206], [-84.399089226334, 33.7774746804928], [-84.3990237744732, 33.7774751364545], [-84.3990255536374, 33.7774050702422], [-84.3990106516148, 33.7774048061642], [-84.3990108613594, 33.7773965105716], [-84.3990174847198, 33.7773966279394], [-84.3990192394096, 33.7773274931787], [-84.3990013021483, 33.7773271762069], [-84.3990012552972, 33.7773290192717], [-84.398994631942, 33.7773289019031], [-84.398994725642, 33.7773252148719], [-84.3989530559527, 33.7773244773169], [-84.3989555709396, 33.7772253855424], [-84.3989556910144, 33.777220668775], [-84.399083673797, 33.7772197948504], [-84.3990814769575, 33.7773970556439], [-84.3991089855409, 33.7774071925008], [-84.3991252965559, 33.7774078371148], [-84.3991427231406, 33.7774041634175], [-84.3991501347007, 33.777401482369], [-84.3991568541434, 33.77739639882], [-84.3991634028105, 33.777384055491], [-84.3991644552421, 33.7773739523018], [-84.3991648267228, 33.7773703756503], [-84.3991661530286, 33.777332556968], [-84.3991664668314, 33.7773236173996], [-84.399180281925, 33.7773240178528], [-84.3992583651598, 33.7773262763191], [-84.3992586190738, 33.7774202243645], [-84.3993710303122, 33.7774189457938], [-84.3993713839884, 33.7773884233079], [-84.3993711014295, 33.7773418264693], [-84.399370727238, 33.7772801091002], [-84.3993767779048, 33.7772804664664], [-84.3993877518307, 33.7772811166015], [-84.3993887700682, 33.7772635694363], [-84.3993948868557, 33.7771582170028], [-84.3993959153269, 33.7771189021364], [-84.3993973391466, 33.7770644784438], [-84.3993918682796, 33.7770605178857], [-84.3993266701637, 33.7770564670723], [-84.3993295946041, 33.7769288696891], [-84.3993320062153, 33.7768236540761], [-84.3993337447794, 33.7767738119837], [-84.3993790074363, 33.7767737239356], [-84.3994046139161, 33.7767736747454], [-84.3994060586242, 33.7767241839485], [-84.3994073307289, 33.7766595781821], [-84.399407766508, 33.7766374616394], [-84.399408327332, 33.7766180651449], [-84.3994097997036, 33.7765372833621], [-84.3994108103997, 33.776496191369], [-84.3994117122179, 33.7764459811736], [-84.3994093998994, 33.7764357598985], [-84.3994060084133, 33.7764273376512], [-84.3994018343403, 33.7764181928529], [-84.3993957316767, 33.7764089660346], [-84.3993902190473, 33.7764023231397], [-84.3993836690943, 33.7763957840873], [-84.3993763419573, 33.7763897216708], [-84.3993667312327, 33.7763832623245], [-84.3993539836251, 33.7763766862674], [-84.3993418363284, 33.7763721026298], [-84.3993275483642, 33.7763684670565], [-84.3993177750419, 33.7763669607878], [-84.3993044501501, 33.7763661085995], [-84.3992708736142, 33.7763658581143], [-84.3991734478177, 33.7763646648817], [-84.399173924622, 33.7763972776404], [-84.3991715402586, 33.7764491018801], [-84.3992653828593, 33.7765910218011], [-84.3992346223304, 33.7766487773891], [-84.3992239640476, 33.7766801975063], [-84.399090644576, 33.7766765075448], [-84.3990915484216, 33.7765578141714], [-84.3990617076672, 33.7765571778998], [-84.3990638572106, 33.7764919402275], [-84.3990664777507, 33.7764123987608], [-84.3990271456344, 33.7764114945303], [-84.3990274928495, 33.7764009292192], [-84.3990294191789, 33.7764009733798], [-84.3990301985598, 33.7763773152669], [-84.3990253367979, 33.7763593896593], [-84.399053947266, 33.7763426750607], [-84.3991261220972, 33.7762616411028], [-84.3991475003893, 33.7762620354285], [-84.3991487227049, 33.7761341617268], [-84.3991508685943, 33.7759097184375], [-84.3991502163348, 33.7758181442675], [-84.3991496885842, 33.7758146306216], [-84.3991488596054, 33.7758091221869], [-84.3991382802062, 33.7758021669349], [-84.3991325025213, 33.7758017026476], [-84.3991272075701, 33.7758012771234], [-84.3991170163627, 33.7758037289769], [-84.3991125323928, 33.7758069464026], [-84.3991071577685, 33.775814599831], [-84.3991071618744, 33.7758181189716], [-84.3991071695095, 33.775823744365], [-84.3991071929044, 33.7758428007392], [-84.3991072063734, 33.7758529848748], [-84.3988948881517, 33.7758544918148], [-84.3988954966988, 33.7758055237442], [-84.3988931365816, 33.775801967561], [-84.3988925495997, 33.7758009074209], [-84.3988853950349, 33.7757987479019], [-84.3988750862695, 33.7757988493495], [-84.3988681173988, 33.775801085936], [-84.3988646815829, 33.7758062182931], [-84.3988657753303, 33.7758518416378], [-84.3987553662864, 33.775851318084], [-84.3987046420666, 33.7758510771499], [-84.3987045159203, 33.7758899890876], [-84.3986450690852, 33.7758886825465], [-84.3985595783657, 33.7758864799853], [-84.3985510616156, 33.7758864743485], [-84.3985509199277, 33.7758960005698], [-84.3984750202762, 33.7758954119188], [-84.3984775392208, 33.7756448687033], [-84.3985540714364, 33.7756450855856], [-84.3985544711538, 33.7756688127137], [-84.3985544922284, 33.7756766345068], [-84.3985568713571, 33.775680040085], [-84.3985627435004, 33.7756831072917], [-84.398566405832, 33.7756851002745], [-84.3985723121771, 33.775684832205], [-84.3986725295994, 33.7756873325701], [-84.398677213675, 33.7756874490939], [-84.3986822040678, 33.775686646258], [-84.3986879498421, 33.7756856905242], [-84.3986925268811, 33.7756837505801], [-84.3986974933553, 33.7756800832396], [-84.3987023682344, 33.7756764827934], [-84.3987066687291, 33.7756684842659], [-84.3987093556022, 33.7756634885691], [-84.3987091733991, 33.7755278308303], [-84.3992695950801, 33.7755328565785], [-84.3994783758257, 33.7755355014659], [-84.3994791451048, 33.7755504656376], [-84.3994795907278, 33.7755591377893], [-84.3994815240043, 33.775568941413], [-84.3994835699407, 33.7755740922989], [-84.3994866852339, 33.7755778129503], [-84.3995004465163, 33.7755779817453], [-84.3995493048272, 33.7755790130161], [-84.3995481579223, 33.7756367750187], [-84.3995664745684, 33.7756381704735], [-84.3995643123802, 33.7758007298151], [-84.3995640293795, 33.775811459108], [-84.3995618819077, 33.7758928778405], [-84.3995613276807, 33.7759139000042], [-84.3995248345539, 33.7759134738597], [-84.3994965823946, 33.7759128833844], [-84.3994572960723, 33.7759120612543], [-84.3994125428827, 33.7759111258957], [-84.3993943464411, 33.7759110808664], [-84.3993305733488, 33.7759090335409], [-84.3993038018249, 33.7759081742428], [-84.3993037447786, 33.7757536582216], [-84.3993026846664, 33.775749323273], [-84.3992989439531, 33.7757435047498], [-84.3992967833489, 33.7757370719277], [-84.3992914220008, 33.7757352489749], [-84.3992839197902, 33.7757326988172], [-84.3992760685151, 33.775730030299], [-84.3992633440563, 33.7757315816805], [-84.3992590557984, 33.775732104606], [-84.3992538494038, 33.7757348815888], [-84.3992478845895, 33.7757366871181], [-84.3992428887109, 33.7757434499079], [-84.3992407731458, 33.77575048588], [-84.3992406668341, 33.7757554947581], [-84.3992369323688, 33.7759309858453], [-84.3992365433084, 33.775954424124], [-84.3992349418419, 33.7760510202326], [-84.3992332192123, 33.7760879966255], [-84.3992329029812, 33.7761048238531], [-84.3992320817958, 33.7761485510196], [-84.399232330013, 33.7761521039628], [-84.3992334709844, 33.7761543965172], [-84.399235473912, 33.7761568172852], [-84.3992383091346, 33.7761587784454], [-84.3992414196926, 33.7761599438295], [-84.3992451740239, 33.7761604083182], [-84.3992496056117, 33.7761597769248], [-84.3992538544083, 33.776157828562], [-84.3992561091321, 33.7761559371548], [-84.3992576956454, 33.7761528955971], [-84.3992583257975, 33.7761503508488], [-84.3992590451874, 33.7761065165775], [-84.3995303181596, 33.7761097189158], [-84.399912688302, 33.7761122472852], [-84.3999525586973, 33.7761126173399], [-84.3999535411241, 33.7761488240275], [-84.3999561472365, 33.7761598625357], [-84.3999596128721, 33.7761633598044], [-84.3999628067539, 33.7761665816812], [-84.400017257192, 33.7761675994893], [-84.4000167118808, 33.7761998336806], [-84.4000104874439, 33.7763794689675], [-84.3999634659137, 33.7763790745812], [-84.3999504555417, 33.7763819294614], [-84.3999454658272, 33.7763921546111], [-84.3999430738089, 33.7764330165936], [-84.3996730362498, 33.776427484767], [-84.3995264944588, 33.7764244045098], [-84.3995277118243, 33.7763795071534], [-84.399526603028, 33.7763751434463], [-84.3995249254722, 33.7763728672352], [-84.3995208431977, 33.7763701194891], [-84.3995170459958, 33.7763693773809], [-84.399511907669, 33.7763693888791], [-84.3995085951829, 33.7763706141624], [-84.3995061951097, 33.7763722587958], [-84.3995031874962, 33.7763756249275], [-84.3995009757072, 33.7764189282357], [-84.3995003162896, 33.7764377920409], [-84.3994998197688, 33.7764438331448], [-84.399500558004, 33.7764477169707], [-84.3995024202595, 33.7764512154738], [-84.3995054107813, 33.7764543015964], [-84.3995081256306, 33.7764560628107], [-84.399510857269, 33.7764572451325], [-84.3995142790456, 33.7764581024591], [-84.3995234869914, 33.7764585521412], [-84.3995653951591, 33.776460189805], [-84.3995639962547, 33.7765393385598], [-84.3995626614812, 33.7766461760246], [-84.399562505709, 33.7766915519565], [-84.3994970535477, 33.7766916754589], [-84.399493646816, 33.776694786274], [-84.3994884317084, 33.7766995496222], [-84.3994862237986, 33.7767039818007], [-84.3994843381868, 33.7767165967648], [-84.3994858189711, 33.7767227648775], [-84.3994972172601, 33.7767230544435], [-84.399615115706, 33.7767269299627], [-84.3996165565295, 33.7767466526839], [-84.3996189235094, 33.7767790499824], [-84.3996506393663, 33.7767488100145], [-84.3996749350604, 33.7767260298908], [-84.3996800419819, 33.7767203930381], [-84.3996855454877, 33.776717270144], [-84.3997227346295, 33.7766942961544], [-84.3997770712071, 33.7766607296164], [-84.3997901150418, 33.7766526721592], [-84.3998405935097, 33.7767070915763], [-84.3998906291388, 33.7767610321302], [-84.3998936731337, 33.776764318309], [-84.4002597380734, 33.7771594484595], [-84.4004155206039, 33.7773275991991], [-84.4005733570909, 33.7774972299619], [-84.4005763307403, 33.7775004369113], [-84.4005831156877, 33.7775035915539], [-84.4005872951982, 33.7775055348063], [-84.4005936665395, 33.7775070744721], [-84.400600071366, 33.7775082218556], [-84.400604690501, 33.7775078461271], [-84.4006110411333, 33.7775073282617], [-84.4006173801766, 33.7775049304738], [-84.4006229210961, 33.7775000744924], [-84.4006283920047, 33.777495281759], [-84.4006291179201, 33.7774874630611], [-84.4006290111581, 33.7774831425477], [-84.4006272342626, 33.7774109831098], [-84.4006278808381, 33.7774021790567], [-84.4006327868906, 33.7774052732413], [-84.4006671704841, 33.7774170737886], [-84.4007036226971, 33.7774212766911], [-84.4007404038223, 33.7774173902399], [-84.4007749335067, 33.7774058863854], [-84.4007946324286, 33.7773937254034], [-84.4008058817028, 33.777402707055], [-84.4008286390937, 33.7774217509446], [-84.4008410797611, 33.7774320873185], [-84.4008519918087, 33.7774413328881], [-84.4008359132354, 33.7774535032393], [-84.4008293070915, 33.7774593188059], [-84.4007997049284, 33.7774853813162], [-84.4007707763563, 33.7775232992637], [-84.4007608140069, 33.7775432572911], [-84.4007573348729, 33.7775495168463], [-84.4007913358313, 33.7775631231913], [-84.4007939188966, 33.7775565064777], [-84.4008295964603, 33.7775057470165], [-84.4008352368602, 33.7774993616352], [-84.4008835242006, 33.777457612782], [-84.4010338789294, 33.7776199627856], [-84.401025758362, 33.7776267315796], [-84.4010191119906, 33.7776340313515], [-84.4010143399308, 33.7776412951043], [-84.401011226949, 33.7776479912724], [-84.4010085065521, 33.7776580958404], [-84.401007663952, 33.7776678578216], [-84.4010079132467, 33.777676932474], [-84.4010086789232, 33.7776833309448], [-84.4010107728036, 33.7776929512003], [-84.4010159195148, 33.777706695224], [-84.4009681899916, 33.7777241318302], [-84.4009341744625, 33.7777365409224], [-84.4009305765514, 33.7777301036467], [-84.4009250173171, 33.7777179175553], [-84.4009214843831, 33.7777075841184], [-84.4009189905526, 33.7776973983831], [-84.4009172152393, 33.7776850148601], [-84.4009167818572, 33.7776725674774], [-84.4008581916092, 33.7776726507269], [-84.4008561119511, 33.7776583310323], [-84.4008563504963, 33.777650764819], [-84.4008577021416, 33.7776423678754], [-84.4008593746849, 33.7776364318322], [-84.4008627136843, 33.777628274563], [-84.4008662260815, 33.7776219401047], [-84.4008308553792, 33.7776140609672], [-84.4008250950216, 33.7776128699953], [-84.4008096019131, 33.7776096687728], [-84.4007772760793, 33.7776029884497], [-84.4007366165345, 33.7775945855403], [-84.4007249721657, 33.7776265324129], [-84.4007231309277, 33.7776315833521], [-84.4007211048653, 33.777640534286], [-84.4007192432701, 33.7776476284069], [-84.4007181659579, 33.7776632064857], [-84.400718259596, 33.7776702427991], [-84.4007183179272, 33.7776746193066], [-84.4007192559746, 33.7776824718167], [-84.4007212431826, 33.7776973462049], [-84.400722235839, 33.7777018543847], [-84.4007274898949, 33.777725705734], [-84.4007302732375, 33.7777383344004], [-84.4006812871054, 33.7777471363562], [-84.4006750199334, 33.7777271306679], [-84.4006690497127, 33.77770435364], [-84.4006628601352, 33.7776938223613], [-84.4006551036122, 33.7776847844839], [-84.4006098846026, 33.7776371566008], [-84.4005256689759, 33.7775477749757], [-84.4004867872154, 33.7775057775743], [-84.4004787451772, 33.7774969521146], [-84.4004733390552, 33.7774910186678], [-84.4004637271185, 33.777484188832], [-84.400454086971, 33.7774773076547], [-84.4004461265571, 33.7774730894793], [-84.4004407483783, 33.7774706841419], [-84.4004330062285, 33.7774689090288], [-84.4004196510471, 33.7774665124892], [-84.4004087473797, 33.777465504357], [-84.4004030320266, 33.7774649759942], [-84.4003928160061, 33.7774655065796], [-84.4003856487041, 33.7774658781095], [-84.4003716498493, 33.7774666043026], [-84.4003504395873, 33.7774761127143], [-84.4003029542807, 33.777506352058], [-84.4002452337566, 33.7775435904436], [-84.4002434121185, 33.7775522921271], [-84.4002432125517, 33.7775575311022], [-84.4002453731076, 33.7775611182923], [-84.4002670849492, 33.7775971595002], [-84.4002516181585, 33.777607225965], [-84.4001484303338, 33.7776743896231], [-84.4001209458283, 33.7776939019714], [-84.4000438931455, 33.7776111300013], [-84.4000388309875, 33.7776121818839], [-84.4000357140125, 33.7776847229658], [-84.4000353129298, 33.777711612786], [-84.4000759258043, 33.7777131634605], [-84.4000744549014, 33.7777771429495], [-84.4000704997274, 33.7779490801066], [-84.4000701626677, 33.7779637425043], [-84.4000643290924, 33.7781716401804], [-84.4000630170828, 33.778218967659], [-84.400054404358, 33.7782242676271], [-84.4000332030772, 33.7782252247011], [-84.4000002773558, 33.7782243474392], [-84.3999930728322, 33.778224156386], [-84.3999419988211, 33.7782117019486], [-84.3998657163443, 33.778193718412], [-84.3997742485065, 33.7781721551027], [-84.3997415093659, 33.7781149791824], [-84.3997285592414, 33.7781146637175], [-84.3996751152752, 33.7781133607662], [-84.3996763470179, 33.7780646232585], [-84.399686963613, 33.7777079710573], [-84.3996872565758, 33.7776981334823], [-84.3996879107401, 33.7776761454663]], [[-84.4000635038835, 33.7771268733813], [-84.3997334255526, 33.776768288971], [-84.3997219160396, 33.776771585507], [-84.3997011318285, 33.7767789019889], [-84.3996524192982, 33.7768231974525], [-84.3999814040985, 33.777179921331], [-84.4002379096267, 33.777459527973], [-84.4002522225563, 33.7774519928272], [-84.4002775718213, 33.7774354734672], [-84.4002900723167, 33.7774249167059], [-84.400299147837, 33.7774111493334], [-84.4003037380654, 33.7773933663794], [-84.4003026197016, 33.7773898727923], [-84.4003008403296, 33.7773843111655], [-84.4002982272818, 33.7773814867288], [-84.400254018364, 33.7773335313036], [-84.4000684311198, 33.7771322180718], [-84.4000635038835, 33.7771268733813]], [[-84.3990787956836, 33.77804102317], [-84.399078640247, 33.7780486361092], [-84.3990807176097, 33.7780526165963], [-84.3990872399851, 33.7780565021533], [-84.399092913275, 33.7780570360661], [-84.3991090205642, 33.7780573627826], [-84.399134233758, 33.7780578743141], [-84.3991394682693, 33.778056658945], [-84.3991456143539, 33.7780559458818], [-84.3991517945961, 33.778053088626], [-84.399155682149, 33.7780496793699], [-84.3991580687964, 33.7780454434216], [-84.3991582306566, 33.7780418094598], [-84.3991614902448, 33.7779686234527], [-84.3991601483423, 33.7779623054013], [-84.3991561204624, 33.7779553360077], [-84.3991527107005, 33.7779521523871], [-84.3991457916269, 33.7779493026771], [-84.3991112985116, 33.7779497229024], [-84.3990924523722, 33.7779503489806], [-84.3990840365741, 33.7779522168235], [-84.3990805200648, 33.7779562826828], [-84.3990787956836, 33.77804102317]], [[-84.3992546880936, 33.7780119985216], [-84.399259280744, 33.7780173916618], [-84.3992635147445, 33.778015927514], [-84.3993651231208, 33.7779807753137], [-84.3993657129687, 33.7779713077589], [-84.3993620924452, 33.7779692461964], [-84.3992631300098, 33.7779678602781], [-84.3992579181941, 33.7779702793149], [-84.3992547740619, 33.7779750928484], [-84.3992546994072, 33.7780073955677], [-84.3992546880936, 33.7780119985216]], [[-84.3985411953111, 33.7779402848498], [-84.3985314106872, 33.7779382519761], [-84.3985254020215, 33.7779394732822], [-84.3985209138578, 33.7779467941111], [-84.3985194039494, 33.7780392072462], [-84.3985256070079, 33.7780464142166], [-84.3985312592155, 33.77804754058], [-84.3985393929114, 33.7780459573252], [-84.3985433520453, 33.7780414551517], [-84.3985459332935, 33.7779451349493], [-84.3985411953111, 33.7779402848498]], [[-84.3993517241606, 33.7777333882118], [-84.3993368665125, 33.777748360203], [-84.3993074140107, 33.7777800628074], [-84.3993090965706, 33.7777837825561], [-84.3993152272551, 33.7777837709987], [-84.3993592174919, 33.7777697259813], [-84.3993619916817, 33.777765067325], [-84.3993630254188, 33.7777352793064], [-84.399359110528, 33.7777301671089], [-84.3993517241606, 33.7777333882118]], [[-84.3993220280715, 33.7776194708944], [-84.3992636737959, 33.7776800835378], [-84.3992631279776, 33.7776842727396], [-84.3992670340558, 33.7776861272885], [-84.3992720479423, 33.7776851873335], [-84.3993297048717, 33.7776238357446], [-84.3993298351883, 33.7776213171852], [-84.3993275990886, 33.7776185289851], [-84.3993220280715, 33.7776194708944]], [[-84.3992833323197, 33.7777363600538], [-84.3992872384006, 33.7777382146021], [-84.3992922499501, 33.7777368084966], [-84.3993261543359, 33.7777027703391], [-84.3993311493478, 33.7776948489268], [-84.3993277953746, 33.7776911323295], [-84.3993210591661, 33.7776912171612], [-84.3993110972236, 33.7776990758046], [-84.3992833172237, 33.7777307752505], [-84.3992833323197, 33.7777363600538]], [[-84.3993064167399, 33.7778233475833], [-84.3993097669441, 33.7778256684311], [-84.3993813255687, 33.7778034791066], [-84.3993827091926, 33.777800864412], [-84.3993815835871, 33.7777966774601], [-84.3993760100404, 33.7777966879702], [-84.3993091896742, 33.7778182227767], [-84.3993064079335, 33.7778200899317], [-84.3993064167399, 33.7778233475833]], [[-84.3991121300041, 33.7779349685087], [-84.3991165603616, 33.7779398435102], [-84.3991635347481, 33.7779396585437], [-84.3991669692817, 33.7779352258642], [-84.3991649884546, 33.7779314083955], [-84.3991163404489, 33.7779311799518], [-84.3991121300041, 33.7779349685087]]]}, "properties": {"OBJECTID_1": 200, "OBJECTID": 209, "Shape_Leng": 8421.52689479, "CreationDate": 1628109910586, "Creator": "wsims6_GTFacilities", "EditDate": 1628109910586, "Editor": "wsims6_GTFacilities", "Shape__Area": 31906.49609375, "Shape__Length": 3093.58905533212, "GlobalID": "c554b4da-8989-4aec-ab2f-2bc77c2b8bd5"}}, {"type": "Feature", "id": 201, "geometry": {"type": "Polygon", "coordinates": [[[-84.3916166521598, 33.7796719185474], [-84.391426612865, 33.7796689584604], [-84.3914217300434, 33.7796697211344], [-84.3914276225471, 33.7795681330171], [-84.3914343503455, 33.7795680756808], [-84.3914331170604, 33.7795303789638], [-84.3914637749735, 33.7795305575499], [-84.3914634120291, 33.7795739006128], [-84.391775376146, 33.7795757213147], [-84.3917754451096, 33.7795674124677], [-84.3917991115222, 33.7795675505263], [-84.3917994053386, 33.7795325172118], [-84.3918112374592, 33.7795325857905], [-84.3918131686928, 33.7793017233387], [-84.3918790571739, 33.7793021080359], [-84.3918840527766, 33.7793782767758], [-84.3919064868487, 33.7794170798925], [-84.3919420788516, 33.779453012471], [-84.3919638813557, 33.7794662621144], [-84.3919500414369, 33.7794861940492], [-84.3919603730088, 33.7794913317344], [-84.39196204023, 33.7796344704191], [-84.3918544284666, 33.7796331782082], [-84.3918346129062, 33.7796732440979], [-84.3916166521598, 33.7796719185474]]]}, "properties": {"OBJECTID_1": 201, "OBJECTID": 210, "Shape_Leng": 609.926973579, "CreationDate": 1628109910586, "Creator": "wsims6_GTFacilities", "EditDate": 1628109910586, "Editor": "wsims6_GTFacilities", "Shape__Area": 1194.1328125, "Shape__Length": 223.95275954357038, "GlobalID": "3d58fed0-759a-4b23-aa1b-3ed4ac460f81"}}, {"type": "Feature", "id": 202, "geometry": {"type": "Polygon", "coordinates": [[[-84.3912628792502, 33.7721097691281], [-84.3912750645362, 33.7720957920709], [-84.3912814090938, 33.7720889396839], [-84.3913049260382, 33.7721058182016], [-84.3913203382647, 33.7720913673086], [-84.3913213916307, 33.7720903934094], [-84.3913349335248, 33.7720778745545], [-84.3913353686581, 33.7720774725269], [-84.3913418374888, 33.7720714927104], [-84.3913477037829, 33.7720663074451], [-84.3913341218324, 33.7720576871222], [-84.3913243560348, 33.7720501364249], [-84.3913014471948, 33.7720312830857], [-84.3913248995206, 33.7720085160395], [-84.3913352387112, 33.7719987314161], [-84.3913790854753, 33.7719572386724], [-84.3914099593054, 33.7719266047002], [-84.3914370999722, 33.7719469470565], [-84.3914474134246, 33.7719517070335], [-84.3914592418621, 33.771952004675], [-84.3914687720303, 33.7719491191585], [-84.3914765505109, 33.7719423290685], [-84.3914942853923, 33.771930912493], [-84.3914823127402, 33.7719150814412], [-84.3914947272414, 33.7718971204419], [-84.3915724465531, 33.7718975856504], [-84.3915725989021, 33.7718798624832], [-84.3916246878029, 33.7718801741957], [-84.3916261314905, 33.7717116950104], [-84.3916892437446, 33.7717120722597], [-84.3917283904839, 33.7717114707074], [-84.3917281054181, 33.7718646521406], [-84.3917294500558, 33.771871023473], [-84.3917310682003, 33.7718812461678], [-84.3917351187238, 33.7718873051021], [-84.3917380419908, 33.7718916763943], [-84.3917409855991, 33.7718951559147], [-84.3917456393092, 33.7718981932112], [-84.3917505039149, 33.7719013689776], [-84.3917536461537, 33.7719035993461], [-84.3917630086084, 33.7719071852757], [-84.3917735749411, 33.771908316513], [-84.3917776322727, 33.7719091332234], [-84.3918674133407, 33.7719078730229], [-84.3918790212875, 33.7718957011668], [-84.3919359922288, 33.7718955304713], [-84.3919272963574, 33.7719593599254], [-84.391922173348, 33.7719568735005], [-84.3919178364831, 33.7719556831191], [-84.3919124003082, 33.7719539970315], [-84.391907750923, 33.7719534410821], [-84.391897291155, 33.7719521897421], [-84.3918924295416, 33.7719522238604], [-84.3917987352278, 33.7719528735853], [-84.3917503281487, 33.7719526499053], [-84.3917385802413, 33.7719525955911], [-84.391715876786, 33.7719520319832], [-84.3917116833646, 33.771943762456], [-84.3916113097603, 33.771949166912], [-84.3915901360032, 33.7719555585483], [-84.391546616449, 33.771977203587], [-84.3915347627258, 33.7719837594637], [-84.3915234457212, 33.7719911916695], [-84.3915123712247, 33.7719984656434], [-84.3914830817871, 33.772022685101], [-84.391463408889, 33.7720390597874], [-84.3914544492939, 33.7720475200856], [-84.3914503148976, 33.7720515093149], [-84.3914321704986, 33.7720690145901], [-84.3914000214664, 33.7721000313867], [-84.3913944213381, 33.7721054343699], [-84.3914030402303, 33.7721277499126], [-84.3914062449531, 33.7721423337223], [-84.3914057784876, 33.7721931760723], [-84.3914053271662, 33.7722303835998], [-84.3913617878392, 33.7722304628755], [-84.3913615534872, 33.77220893093], [-84.3913562333334, 33.7722070237018], [-84.3913431918331, 33.7722069221143], [-84.3912926817723, 33.7721691807007], [-84.3912711204305, 33.7721458166393], [-84.3912622881145, 33.7721385185045], [-84.391262615115, 33.7721223287318], [-84.3912628792502, 33.7721097691281]]]}, "properties": {"OBJECTID_1": 202, "OBJECTID": 211, "Shape_Leng": 750.803711899, "CreationDate": 1628109910586, "Creator": "wsims6_GTFacilities", "EditDate": 1628109910586, "Editor": "wsims6_GTFacilities", "Shape__Area": 1186.1484375, "Shape__Length": 275.6651276821278, "GlobalID": "2ccc0cd9-4fde-4829-8a80-60b230158d83"}}, {"type": "Feature", "id": 203, "geometry": {"type": "Polygon", "coordinates": [[[-84.3951795804287, 33.7783748075138], [-84.3942169521569, 33.7783438364626], [-84.3940484123721, 33.7783401104231], [-84.394053030511, 33.7782469784023], [-84.39404644665, 33.7782520253577], [-84.3938410836379, 33.7782650519455], [-84.3938236160637, 33.7782811650616], [-84.3938087796089, 33.7782812500761], [-84.3937702369055, 33.7782520578983], [-84.3937664935233, 33.7781706627487], [-84.3937686435951, 33.7781658728235], [-84.3937717652836, 33.7780665158538], [-84.3938158455067, 33.7780370751345], [-84.3938157008763, 33.7780350502904], [-84.3938007427416, 33.7780233806912], [-84.3937693171278, 33.778020132169], [-84.3937701005023, 33.7779802506609], [-84.3938148241817, 33.7779757547627], [-84.3938228298938, 33.7779698324031], [-84.3938231670707, 33.7779597197556], [-84.3938139124798, 33.777960465325], [-84.3937610642538, 33.7779610377582], [-84.3937629930173, 33.7778167401371], [-84.3938021970765, 33.7778175831639], [-84.3938023485392, 33.7777714696971], [-84.3938141656147, 33.7773016331386], [-84.3938191809961, 33.7772038875272], [-84.3938336882464, 33.7771290606681], [-84.393834964082, 33.7771141846667], [-84.3938432981319, 33.7770342982773], [-84.3938861310691, 33.7770352500096], [-84.393882121223, 33.7770770552789], [-84.3938680796531, 33.7771319439558], [-84.393859529634, 33.7771925930943], [-84.3938600928219, 33.7772071546403], [-84.3938626440476, 33.777216908524], [-84.3938702323828, 33.7772271445344], [-84.3938782823479, 33.7772290141665], [-84.3938936898181, 33.7772330270029], [-84.3938901914532, 33.7772653116869], [-84.3938663035195, 33.7772652763223], [-84.3938577993226, 33.7772688507992], [-84.3938534868054, 33.7772724960028], [-84.393849896241, 33.7772841763021], [-84.3938456697575, 33.7773674498473], [-84.3938428795761, 33.777527313383], [-84.3938367441009, 33.7777439258366], [-84.3938444479536, 33.7778146742055], [-84.3938509713963, 33.7778525983022], [-84.3938528463921, 33.7779571125445], [-84.3938589667768, 33.7779855042157], [-84.3938728723931, 33.7780189326076], [-84.3938894955625, 33.7780392180234], [-84.3939529613444, 33.7781054627348], [-84.394005926406, 33.7781593019937], [-84.3940568601195, 33.778201128657], [-84.3940824539067, 33.778221445304], [-84.394128004832, 33.7782496515846], [-84.3941650061027, 33.7782638502173], [-84.3942053411026, 33.7782749960104], [-84.394237816701, 33.7782796093892], [-84.3944694028791, 33.7782847876804], [-84.3947372200503, 33.7782876561749], [-84.394766971995, 33.77828797447], [-84.394872122845, 33.7782877800687], [-84.3948750869145, 33.7782878512279], [-84.395053592975, 33.778292121227], [-84.3950338222242, 33.7782507449432], [-84.395120222409, 33.7782188649138], [-84.3951439090017, 33.7782149484675], [-84.3951655876575, 33.7782103603973], [-84.3951811625326, 33.7782037296629], [-84.3951874786001, 33.7781999220126], [-84.3951976165152, 33.7781914836137], [-84.395206425743, 33.77818200266], [-84.3952133648036, 33.7781700591512], [-84.3952159594238, 33.7781615265223], [-84.395224992226, 33.7781219894884], [-84.3952341944976, 33.7781015437174], [-84.3952424114636, 33.7780719353805], [-84.395257330533, 33.7780399613172], [-84.3952625530818, 33.7780269056415], [-84.3952721834355, 33.7780156000217], [-84.3952814978077, 33.7780068773176], [-84.3953012274388, 33.777995363639], [-84.395316386021, 33.7779848700801], [-84.3953372404234, 33.7779748681854], [-84.3953715385406, 33.7779575352878], [-84.3953919951337, 33.7779497999723], [-84.3954071285867, 33.7779440770892], [-84.3953975523136, 33.7779684078832], [-84.3953904860648, 33.7779954497999], [-84.3953844588472, 33.7780303350638], [-84.395382481602, 33.7780505537644], [-84.3953696803608, 33.7780477463018], [-84.3953524020924, 33.7780439580221], [-84.3953432193369, 33.7780428858428], [-84.3953345098898, 33.7780448026635], [-84.3953167294007, 33.7780519316092], [-84.395310909099, 33.7780557960533], [-84.395303551465, 33.778064210376], [-84.3952936775025, 33.7780752648886], [-84.3952866084351, 33.778093539141], [-84.3952806486809, 33.7781152258937], [-84.3952717705347, 33.7781475322985], [-84.3952673894517, 33.778170477537], [-84.3952506739746, 33.7782549995944], [-84.3952432639233, 33.7782924688409], [-84.3952397663329, 33.778316333028], [-84.3952372984963, 33.7783331678329], [-84.3952351406127, 33.7783630372449], [-84.3951795804287, 33.7783748075138]], [[-84.3939951587157, 33.7782003731403], [-84.3938596990349, 33.7780771918554], [-84.3937871528964, 33.7781337264261], [-84.3939210287923, 33.7782565761932], [-84.3939951587157, 33.7782003731403]], [[-84.3938017654294, 33.7780929935532], [-84.3938454475563, 33.778059176036], [-84.3938211503422, 33.7780383394043], [-84.3937755356048, 33.7780693364958], [-84.3938017654294, 33.7780929935532]]]}, "properties": {"OBJECTID_1": 203, "OBJECTID": 212, "Shape_Leng": 3074.56168013, "CreationDate": 1628109910586, "Creator": "wsims6_GTFacilities", "EditDate": 1628109910586, "Editor": "wsims6_GTFacilities", "Shape__Area": 3009.5546875, "Shape__Length": 876.833267891949, "GlobalID": "8ac5fbce-aaac-48e3-993e-805ef7b22e0f"}}, {"type": "Feature", "id": 204, "geometry": {"type": "Polygon", "coordinates": [[[-84.3918887919039, 33.7702248156893], [-84.3918602300431, 33.7702239652516], [-84.3917861542391, 33.7702244718688], [-84.3917270798824, 33.7702236986908], [-84.3916817801072, 33.7702132319454], [-84.3916594455231, 33.7702049179445], [-84.3916377498641, 33.7701936264179], [-84.3916126698925, 33.7701762684216], [-84.3915943557669, 33.7701600567143], [-84.3915737594357, 33.7701302612498], [-84.3915628464933, 33.7701075387377], [-84.391557473396, 33.7700882107727], [-84.3915547831264, 33.7700692701382], [-84.3915665231715, 33.7700159980106], [-84.3915977957354, 33.7699643024418], [-84.3916448067866, 33.7699265123253], [-84.3917163909209, 33.7699026115349], [-84.3917762423704, 33.7698959446623], [-84.3919156179124, 33.7698997892912], [-84.391973227317, 33.7699291510666], [-84.391995190311, 33.7699283319428], [-84.39200904852, 33.7699246342079], [-84.3920316963597, 33.7699185914519], [-84.392035402311, 33.7699176027846], [-84.3920633863512, 33.7699043893491], [-84.3920601600668, 33.7700019829683], [-84.3920600220555, 33.7700102991676], [-84.3920310006052, 33.7699992401897], [-84.3920071932316, 33.7699887911209], [-84.3919275347254, 33.7699896650698], [-84.3919110840448, 33.7699998666429], [-84.3919112196328, 33.770051272348], [-84.391757901185, 33.7700498064589], [-84.3917541844298, 33.7699983576936], [-84.3917470043674, 33.7699923874174], [-84.3917233689127, 33.7699948244076], [-84.3916961793975, 33.7700080363173], [-84.3916740313408, 33.7700314114813], [-84.3916690852716, 33.7700577460662], [-84.3916712926796, 33.7700798803324], [-84.391682816107, 33.770103194108], [-84.3917050674113, 33.7701193075566], [-84.3917323148388, 33.7701282329281], [-84.3917523696811, 33.7701264011639], [-84.391758790638, 33.7701162179044], [-84.3917586733016, 33.7700713446434], [-84.3919105876998, 33.7700734208081], [-84.3919113924591, 33.7701177346909], [-84.3919171450557, 33.7701261005501], [-84.3919279026577, 33.7701302690954], [-84.3920076868548, 33.7701324055364], [-84.3920289084087, 33.7701217723639], [-84.3920320111062, 33.7701217053861], [-84.3920583295794, 33.7701127084185], [-84.3920570591616, 33.7701895234724], [-84.392057024114, 33.770200465999], [-84.3920276625493, 33.7701947814947], [-84.3920079158592, 33.7701939041749], [-84.3919784969306, 33.7701960001286], [-84.391967286222, 33.7701985659607], [-84.3919406662437, 33.7702103549772], [-84.3919169803598, 33.7702199467143], [-84.391900186715, 33.77022370119], [-84.3918989659581, 33.7702238206327], [-84.3918887919039, 33.7702248156893]]]}, "properties": {"OBJECTID_1": 204, "OBJECTID": 213, "Shape_Leng": 796.168540201, "CreationDate": 1628109910586, "Creator": "wsims6_GTFacilities", "EditDate": 1628109910586, "Editor": "wsims6_GTFacilities", "Shape__Area": 1645.8984375, "Shape__Length": 292.1711646891693, "GlobalID": "214671e3-c537-4c0b-9d9a-e3c783b742d8"}}, {"type": "Feature", "id": 205, "geometry": {"type": "Polygon", "coordinates": [[[-84.3906877996586, 33.7711251390122], [-84.3906875825042, 33.7711138822681], [-84.3906814753094, 33.7710322982602], [-84.3906493334606, 33.7710303486142], [-84.3906497839944, 33.7710242481136], [-84.3906509165008, 33.7710105391285], [-84.3906520490046, 33.7709968292417], [-84.390653181508, 33.7709831193549], [-84.3906543140157, 33.7709694112713], [-84.3906554465184, 33.7709557013844], [-84.3906565790208, 33.7709419914974], [-84.3906577115275, 33.7709282834136], [-84.3906588440315, 33.7709145744282], [-84.3906599765305, 33.7709008636395], [-84.3906611090362, 33.7708871555557], [-84.3906622415391, 33.7708734465702], [-84.3906633729574, 33.7708597357833], [-84.390664506537, 33.7708460258941], [-84.390665637964, 33.7708323187137], [-84.3906667704632, 33.7708186088264], [-84.3906679029621, 33.770804898939], [-84.3906690354653, 33.7707911908549], [-84.3906701679635, 33.7707774809675], [-84.3906712638261, 33.7707642138582], [-84.3906723973379, 33.7707500639621], [-84.3906734963662, 33.7707363541353], [-84.3906745943122, 33.7707226434088], [-84.3906756922579, 33.7707089326822], [-84.3906767881308, 33.7706952553205], [-84.3906778871579, 33.7706815454935], [-84.3906789851049, 33.7706678356685], [-84.3906800841242, 33.7706541231365], [-84.3906811820706, 33.7706404133114], [-84.3906822800143, 33.7706267025845], [-84.3906833790396, 33.7706129927574], [-84.3906844769849, 33.7705992829321], [-84.3906855749229, 33.7705855704019], [-84.3906866739472, 33.7705718605746], [-84.3906877718916, 33.7705581507493], [-84.3906888698356, 33.7705444409239], [-84.3906899688589, 33.7705307310965], [-84.3906910667928, 33.7705170176644], [-84.3906921647358, 33.7705033078389], [-84.3906932637581, 33.7704895980114], [-84.3906943606583, 33.7704759026141], [-84.390695458598, 33.7704621918869], [-84.390696557624, 33.7704484838625], [-84.3906976555606, 33.7704347722335], [-84.3906987534992, 33.7704210615061], [-84.3906998525148, 33.7704073498751], [-84.3907009504528, 33.7703936391476], [-84.3907020483974, 33.7703799311251], [-84.390703147412, 33.7703662194939], [-84.3907042453489, 33.7703525087663], [-84.3907053443628, 33.7703387971351], [-84.3907064433552, 33.770325077389], [-84.3907075413005, 33.7703113702679], [-84.3907086392362, 33.7702976595401], [-84.390709738251, 33.7702839488104], [-84.390710836186, 33.7702702380825], [-84.3907119341205, 33.7702565273547], [-84.3907130331344, 33.7702428166248], [-84.3907141310683, 33.7702291058969], [-84.3907152300815, 33.770215395167], [-84.3907163280147, 33.7702016844389], [-84.3907174039982, 33.7701882514599], [-84.3907279552657, 33.7699858273928], [-84.3907586543943, 33.7699666484944], [-84.390761449177, 33.7699092667176], [-84.3907724458456, 33.7696092504873], [-84.3907689597236, 33.7694010623701], [-84.390766765445, 33.7693125429348], [-84.3907699942768, 33.7690445079976], [-84.3907758248944, 33.7690223663291], [-84.3907824053667, 33.7689108802708], [-84.390782369091, 33.7688969461855], [-84.3907656537656, 33.7688855011941], [-84.3907430790402, 33.7688847225778], [-84.390738244488, 33.7688378471828], [-84.3908229817461, 33.7688387058727], [-84.3908183682245, 33.7687672708442], [-84.3908905314243, 33.7687077388412], [-84.390948500213, 33.768708069916], [-84.3909583686316, 33.7686979832196], [-84.3909587532382, 33.768697669647], [-84.3909586479172, 33.7687985477208], [-84.3909265021975, 33.768798524083], [-84.3909264494994, 33.7688483342162], [-84.3909269861516, 33.7688798622561], [-84.3909411821093, 33.7688889918495], [-84.3909486739791, 33.7688912116311], [-84.3909569685003, 33.7688932063436], [-84.3909668598511, 33.7688927420498], [-84.3909714026194, 33.7688913939371], [-84.3909746019252, 33.7688878148705], [-84.3909761934338, 33.7688828997706], [-84.3909760061052, 33.7688520256964], [-84.3910488745098, 33.7688526506331], [-84.3910488767065, 33.7688505939579], [-84.3911295849124, 33.7688506527821], [-84.3911295813778, 33.7688538518547], [-84.3911388833988, 33.7688538583803], [-84.3911388869353, 33.7688506602094], [-84.3912182261802, 33.7688507178589], [-84.3912182226467, 33.7688539160298], [-84.3912275246699, 33.7688539234504], [-84.3912275282008, 33.7688507243778], [-84.3913068674455, 33.7688507819703], [-84.3913068639176, 33.7688539810428], [-84.3913161659385, 33.7688539875551], [-84.3913161694661, 33.7688507884825], [-84.3913955087129, 33.7688508469197], [-84.3913955062655, 33.7688540450886], [-84.3914048072092, 33.7688540524978], [-84.3914048107334, 33.7688508534253], [-84.3914841510573, 33.7688509109018], [-84.391484147536, 33.7688541099743], [-84.3914934495568, 33.7688541164733], [-84.3914934519982, 33.7688509174027], [-84.3915727923219, 33.7688509748223], [-84.3915727888038, 33.7688541738948], [-84.3915820908247, 33.768854180387], [-84.3915820943447, 33.7688509822161], [-84.3915919426526, 33.7688509886137], [-84.3915919402148, 33.7688541876843], [-84.3915979871763, 33.7688541919924], [-84.3915980485987, 33.7688776997866], [-84.3916019383249, 33.768885081747], [-84.3916099766604, 33.7688931477145], [-84.3916141604743, 33.7688957359493], [-84.3916476848229, 33.7688953150847], [-84.3916822002605, 33.7688944803486], [-84.3916926177343, 33.7688858902391], [-84.3916973791946, 33.7688798233491], [-84.3916972723747, 33.7688517622883], [-84.3917459712117, 33.7688511009392], [-84.3917459684804, 33.7688541855003], [-84.3917604429342, 33.7688591371315], [-84.3917656998766, 33.7688736928523], [-84.3917770307624, 33.7688783391443], [-84.3919732259392, 33.7688779811509], [-84.3919877137337, 33.7688768862437], [-84.3920289820595, 33.7688397123709], [-84.3920448192185, 33.7689890765902], [-84.3920161871618, 33.7689761017834], [-84.3919972475795, 33.7689695840476], [-84.3919833716657, 33.7689648089773], [-84.3918898097284, 33.7689636434945], [-84.3918490265339, 33.7689630371607], [-84.3918282343817, 33.7689627279571], [-84.391735445974, 33.7689613472542], [-84.3917298749129, 33.7689612645429], [-84.3916635026962, 33.76896071743], [-84.3916521009189, 33.7689665394521], [-84.3916445105474, 33.7689729063376], [-84.3916433260791, 33.7689774032385], [-84.3916422795217, 33.7689813796341], [-84.3916432004909, 33.7690103174207], [-84.3916148374686, 33.7690106233839], [-84.3914797179829, 33.769012082299], [-84.391245160989, 33.7690131197363], [-84.3912449771135, 33.7689649835038], [-84.3912387311653, 33.7689619562968], [-84.3912322352217, 33.7689628364084], [-84.3912107190651, 33.7689854529544], [-84.3911758302755, 33.7689640246134], [-84.3911677782479, 33.768966426838], [-84.3911628559367, 33.7689725147382], [-84.3911645185049, 33.7690122394622], [-84.3909162688237, 33.769013339049], [-84.3909140820429, 33.7689737559318], [-84.3909071974984, 33.7689680303182], [-84.3908944385954, 33.7689680534984], [-84.3908699235083, 33.7689762949641], [-84.3908542631813, 33.7689927163703], [-84.390844492157, 33.7690091270777], [-84.3908435534765, 33.7690255226438], [-84.3908416579559, 33.7690517551825], [-84.390852144115, 33.7690554049634], [-84.3908522581378, 33.7690855082564], [-84.3908478619538, 33.7690855234548], [-84.3908482315322, 33.7691598659041], [-84.3908526277177, 33.769159849804], [-84.3908528006455, 33.7691993058394], [-84.3908533062285, 33.7692582964911], [-84.3908534736136, 33.7693225705431], [-84.3908536914441, 33.7694062147206], [-84.3908543633396, 33.7695294803237], [-84.3908548184814, 33.7695691008467], [-84.3908551779304, 33.7696921984049], [-84.3908557117825, 33.7697802817438], [-84.3908558585208, 33.769809679881], [-84.3908561484929, 33.769867959514], [-84.3908564298921, 33.7699246053664], [-84.3908773098103, 33.7699245331744], [-84.3908769600269, 33.7699440221424], [-84.3908190851953, 33.769944021772], [-84.390819082239, 33.7701700977918], [-84.3908417438055, 33.7701700981089], [-84.3908417431088, 33.7702291149171], [-84.3908417433269, 33.7702511711566], [-84.3908417409058, 33.7703667369481], [-84.3908417407197, 33.7703861504425], [-84.3908417404276, 33.7704411765311], [-84.3908542923179, 33.7704411762732], [-84.3908544425561, 33.7704412409193], [-84.3908545110962, 33.7704675582466], [-84.3908543325797, 33.7705727093588], [-84.3908542904739, 33.7705727094353], [-84.3908197300742, 33.7705727090921], [-84.39081973034, 33.7705960294479], [-84.3908542929083, 33.7705960297871], [-84.3908542906174, 33.7705976374388], [-84.39085786639, 33.7705976372551], [-84.3908578719104, 33.7705960259909], [-84.3908585197041, 33.7705960293225], [-84.3908597677709, 33.7705960297604], [-84.3908839668589, 33.7705960299814], [-84.3908839665923, 33.7706357189487], [-84.3908578662453, 33.7706357194763], [-84.3908578657757, 33.7706338810065], [-84.3908542900015, 33.7706338811902], [-84.3908542892461, 33.7706393948004], [-84.3908578661001, 33.7706393946147], [-84.3908578656329, 33.7706375570465], [-84.3908599741734, 33.7706375568229], [-84.3908839670624, 33.7706375574185], [-84.3908839657979, 33.7706685733861], [-84.3908601283704, 33.7706685734098], [-84.390857851415, 33.7706685775459], [-84.3908578655701, 33.7706669653644], [-84.390854288715, 33.7706669655501], [-84.3908542892728, 33.7706733979424], [-84.3908578650509, 33.7706733986603], [-84.3908578550296, 33.7706720380839], [-84.3908601459827, 33.770672019496], [-84.3908839661393, 33.7706720204053], [-84.3908839653901, 33.7707024052146], [-84.3908602963767, 33.7707024049324], [-84.3908578650205, 33.7707024048407], [-84.390857865279, 33.7706991877419], [-84.3908542884224, 33.7706991879276], [-84.390854288774, 33.7707005665546], [-84.390837885759, 33.7707005665943], [-84.390819728323, 33.7707005662116], [-84.3908197282118, 33.7707171079396], [-84.3908063183329, 33.7707172495085], [-84.3907967574686, 33.7707199123215], [-84.3907906249758, 33.7707227690751], [-84.3907869783657, 33.7707254202456], [-84.3907845559397, 33.7707305090663], [-84.3907852173493, 33.7708381661461], [-84.3908441886149, 33.7709376592514], [-84.3908542854262, 33.7709384740388], [-84.3908542845394, 33.7710372095588], [-84.3908359721008, 33.7710365864179], [-84.3907607291, 33.771035668126], [-84.3907607763651, 33.7710538237261], [-84.39082682689, 33.7710550129802], [-84.3908245988341, 33.7711235507733], [-84.3907970833003, 33.7711236972215], [-84.390758852052, 33.7711229353196], [-84.3907591472392, 33.7711446709335], [-84.3907676877861, 33.7712203491984], [-84.3907613547238, 33.7712204111901], [-84.3906941728792, 33.7711919498523], [-84.3906875670704, 33.7711917517576], [-84.3906873436499, 33.7711502923532], [-84.3906877996586, 33.7711251390122]]]}, "properties": {"OBJECTID_1": 205, "OBJECTID": 214, "Shape_Leng": 3010.97860771, "CreationDate": 1628109910586, "Creator": "wsims6_GTFacilities", "EditDate": 1628109910586, "Editor": "wsims6_GTFacilities", "Shape__Area": 6481.0546875, "Shape__Length": 1106.3893699645555, "GlobalID": "2fea3672-3239-4887-96e7-1a6408d7c866"}}, {"type": "Feature", "id": 206, "geometry": {"type": "Polygon", "coordinates": [[[-84.390738244488, 33.7688378471828], [-84.3907172296006, 33.7686648309975], [-84.3906838668382, 33.7685339786938], [-84.3906821811241, 33.7685172164096], [-84.3909589461418, 33.7685139673331], [-84.3909587532382, 33.768697669647], [-84.3909583686316, 33.7686979832196], [-84.390948500213, 33.768708069916], [-84.3908905314243, 33.7687077388412], [-84.3908183682245, 33.7687672708442], [-84.3908229817461, 33.7688387058727], [-84.390738244488, 33.7688378471828]]]}, "properties": {"OBJECTID_1": 206, "OBJECTID": 215, "Shape_Leng": 374.165072412, "CreationDate": 1628109910586, "Creator": "wsims6_GTFacilities", "EditDate": 1628109910586, "Editor": "wsims6_GTFacilities", "Shape__Area": 937.41015625, "Shape__Length": 137.44866685243642, "GlobalID": "f2cbca41-9a8a-4334-941c-49bb828948f6"}}, {"type": "Feature", "id": 207, "geometry": {"type": "Polygon", "coordinates": [[[-84.3987316927137, 33.773724255691], [-84.3987330265055, 33.7736419079672], [-84.3986586272643, 33.7736408549569], [-84.3986587267591, 33.7736321033308], [-84.3986522622577, 33.7736143069441], [-84.3986426888264, 33.7735967120594], [-84.3986070356055, 33.7735710477105], [-84.3985638424848, 33.7735592135402], [-84.3984790453698, 33.773554714908], [-84.3984170954646, 33.7735578815442], [-84.3983857968576, 33.7735655737031], [-84.3983612935788, 33.7735816276455], [-84.3983348470142, 33.7736045549212], [-84.3982603649547, 33.7735486335663], [-84.3983499497923, 33.7734758842004], [-84.3983652008652, 33.7734584699054], [-84.3983757121253, 33.7734330253734], [-84.3983764212572, 33.7734092826295], [-84.398369435503, 33.7733871322241], [-84.3983532921195, 33.7733654498364], [-84.3983315262505, 33.7733483502806], [-84.3982961376951, 33.7733194574275], [-84.3985543419898, 33.7733526763251], [-84.3985332476698, 33.773362840614], [-84.3985257485837, 33.7733713852372], [-84.3985230796126, 33.7733838060066], [-84.3985303948447, 33.7733995946257], [-84.3985549154604, 33.7734216660921], [-84.3985774994769, 33.7734406539344], [-84.3985986640374, 33.7734549486338], [-84.3986224179022, 33.7734701301974], [-84.3986376616248, 33.7734784526518], [-84.3986542322994, 33.7734879862343], [-84.3987096059813, 33.7735061018265], [-84.3987811003964, 33.7735182253492], [-84.3989989509414, 33.7735156722047], [-84.399020015135, 33.7735171518334], [-84.3990175194575, 33.7736929300766], [-84.3990012407096, 33.7736927785894], [-84.3990008627616, 33.7737259547017], [-84.3987316927137, 33.773724255691]]]}, "properties": {"OBJECTID_1": 207, "OBJECTID": 216, "Shape_Leng": 679.403479056, "CreationDate": 1628109910586, "Creator": "wsims6_GTFacilities", "EditDate": 1628109910586, "Editor": "wsims6_GTFacilities", "Shape__Area": 1952.2734375, "Shape__Length": 270.2517974748592, "GlobalID": "93cc504f-01a8-4e20-ba48-1292fcce3367"}}, {"type": "Feature", "id": 208, "geometry": {"type": "Polygon", "coordinates": [[[-84.3941859010045, 33.7754073552182], [-84.3941570734778, 33.7753266708032], [-84.394168182897, 33.7753308980085], [-84.3941832970618, 33.7753396684693], [-84.3941873880604, 33.7753417148913], [-84.3941967044893, 33.7753444558698], [-84.3942084066141, 33.7753445785589], [-84.3942156848806, 33.7753421288747], [-84.3944373411673, 33.7752703767409], [-84.3945282400186, 33.7752393733351], [-84.3945371189658, 33.7752330661127], [-84.3945413257588, 33.7752254249563], [-84.394546367142, 33.7752104373986], [-84.3945479533344, 33.7751962081989], [-84.3945451122499, 33.775186271826], [-84.3945347394336, 33.7751544076496], [-84.3944976567255, 33.7750498204208], [-84.3944937971452, 33.7750303698875], [-84.3944921277632, 33.7750090957763], [-84.3944956474811, 33.7749544049629], [-84.3944999148978, 33.7749186853385], [-84.3944499716396, 33.7749301942516], [-84.3944350742043, 33.7748849867475], [-84.3944561222781, 33.7748798697935], [-84.3944798085064, 33.7748741113994], [-84.3944976038942, 33.7748691609366], [-84.3944951002677, 33.7748569950543], [-84.3944981668458, 33.7748428118107], [-84.3944969372176, 33.7748306300516], [-84.3944998399148, 33.7747463815043], [-84.3944964220114, 33.7747338909114], [-84.394501430234, 33.774712910132], [-84.3944981527172, 33.7746926794954], [-84.3944960377115, 33.7746861960107], [-84.3944819507887, 33.7746461570893], [-84.3944793596181, 33.774639257018], [-84.3944732236748, 33.774622920484], [-84.3944677901656, 33.7746084544835], [-84.3944551061874, 33.774574685765], [-84.3944370354787, 33.7745265762862], [-84.3944341365977, 33.7745188580814], [-84.3944314721606, 33.7745116046964], [-84.3944200705293, 33.7744805584008], [-84.3944184664247, 33.7744761892483], [-84.3944087787466, 33.7744498112499], [-84.3943902483139, 33.7744025826244], [-84.394384058827, 33.7743868079135], [-84.3943813923686, 33.7743800116689], [-84.394378645765, 33.7743727133516], [-84.3943688673987, 33.7743442878641], [-84.394358457345, 33.7743097115661], [-84.3943447642673, 33.774264227722], [-84.3943321642518, 33.7742131822701], [-84.3943320911261, 33.7742128848597], [-84.3943310161107, 33.7742085282546], [-84.3943284404564, 33.7741980963781], [-84.3943264287882, 33.7741882197808], [-84.3943198892159, 33.7741515156521], [-84.3943121846427, 33.7741082703794], [-84.3942986601511, 33.7740391457898], [-84.3942969883712, 33.77400714111], [-84.3942940548476, 33.7739871289327], [-84.3942925367589, 33.7739809851673], [-84.394288303583, 33.7739704706897], [-84.3942837605277, 33.7739652594021], [-84.3942802181473, 33.7739628332768], [-84.3942737683125, 33.7739584162548], [-84.3942642562927, 33.7739531059321], [-84.3943901533063, 33.7739557445539], [-84.3943815372079, 33.7739577008082], [-84.3943760077556, 33.773960001208], [-84.3943699053065, 33.7739636452255], [-84.3943654416071, 33.7739676180273], [-84.3943614284363, 33.7739729289517], [-84.394358885296, 33.7739780514235], [-84.3943577325781, 33.7739839106851], [-84.394357766028, 33.7739892087337], [-84.3943572423751, 33.7739977772022], [-84.3943560736872, 33.7740008648133], [-84.3943565872273, 33.7740015337937], [-84.3943575453355, 33.7740057770062], [-84.3943603792239, 33.7740093432236], [-84.394391418363, 33.7740184620718], [-84.3944324786004, 33.77403064066], [-84.3944304185871, 33.7740490102222], [-84.3944289719375, 33.7741498356768], [-84.3944191582866, 33.7741496905886], [-84.3944185950911, 33.7741832998236], [-84.3944184492295, 33.7742342632956], [-84.3943941313191, 33.7742346273552], [-84.3943937660483, 33.7742577599241], [-84.39444271177, 33.7742586704326], [-84.3947201258116, 33.7742599776531], [-84.3947196838054, 33.7742928274733], [-84.3947219257258, 33.7742930117759], [-84.3947213888865, 33.7743348936241], [-84.394709073175, 33.7743345971965], [-84.394708640692, 33.7743645229397], [-84.3947210131338, 33.7743642241718], [-84.3947203438436, 33.7744164256768], [-84.3948404233522, 33.7744175300567], [-84.3948420170844, 33.7742966146119], [-84.3948431691392, 33.774296625105], [-84.3948445201658, 33.7741941227521], [-84.3948528315552, 33.7741941082868], [-84.3948524126627, 33.7741843441647], [-84.3948686702923, 33.7741842347588], [-84.3948696863272, 33.7741598206387], [-84.3948690200333, 33.7741255662888], [-84.3948551110441, 33.77412538643], [-84.3948549900579, 33.7741591643598], [-84.394853261276, 33.7741590873092], [-84.3948533794297, 33.7741494899015], [-84.3948447427546, 33.7741493895568], [-84.3948452613719, 33.7740945482891], [-84.3948631965095, 33.7740947306228], [-84.3948629294718, 33.7740840086649], [-84.3948654326068, 33.7740792820823], [-84.3948800757289, 33.774065192833], [-84.3948837068823, 33.7740587429095], [-84.394882900896, 33.7740231128957], [-84.394882593828, 33.7740066601083], [-84.3948804068461, 33.7739986890359], [-84.3948785834143, 33.7739934538065], [-84.3948755890817, 33.7739876139301], [-84.3948729380168, 33.7739833756555], [-84.3948645029618, 33.7739750185071], [-84.3948597822767, 33.7739712375901], [-84.3948532570374, 33.7739668973784], [-84.3948427752935, 33.7739627592383], [-84.3948344578282, 33.7739600660516], [-84.3948258905899, 33.7739588637578], [-84.3948799632546, 33.7739580289338], [-84.3949836107437, 33.7739600697211], [-84.3949775199338, 33.7739607653432], [-84.3949690131402, 33.7739636275971], [-84.3949589980288, 33.7739697467045], [-84.3949532013576, 33.7739746885647], [-84.3949483917671, 33.7739825742976], [-84.3949458530176, 33.7739905604217], [-84.3949458229272, 33.7739983480502], [-84.3949454651804, 33.7740368808323], [-84.3949544128606, 33.7740398559646], [-84.3949531764122, 33.774135437926], [-84.3949081369989, 33.7741349117127], [-84.3949081087023, 33.7741604772201], [-84.394920475865, 33.7741606418915], [-84.3949215166216, 33.7742062166969], [-84.394920793635, 33.7742621448331], [-84.3949391537624, 33.7742646030421], [-84.3949380588831, 33.7743492494969], [-84.3949018917788, 33.7743493641754], [-84.3949016510617, 33.7744263368883], [-84.3949012935114, 33.7744637299787], [-84.3949005165799, 33.7744928061005], [-84.3949003392717, 33.7745065593332], [-84.3949000768007, 33.774548049356], [-84.3949073491205, 33.7745482757463], [-84.3949059091981, 33.7747491440291], [-84.3948463937687, 33.7747468971627], [-84.3948465527279, 33.7747327355159], [-84.3948274072084, 33.774732586074], [-84.394827248246, 33.7747467477208], [-84.3946668348477, 33.7747454933393], [-84.3946655333232, 33.7748614653753], [-84.3948234975784, 33.7748616747624], [-84.3948221005133, 33.7749863289849], [-84.3947684966558, 33.7749854533855], [-84.3947686198343, 33.7749744890648], [-84.3948090995723, 33.7749748055572], [-84.3948102681179, 33.774870651726], [-84.3946789820269, 33.7748696248277], [-84.3946784790268, 33.7749145073084], [-84.3946609754133, 33.7749142556256], [-84.394660442652, 33.7749617646743], [-84.3946779498032, 33.7749617179038], [-84.3946778144045, 33.774973779558], [-84.3947511154346, 33.7749743528077], [-84.3947509914752, 33.774985430738], [-84.3946640147147, 33.7749847502111], [-84.3946628404022, 33.7751002441319], [-84.3946440621615, 33.7751006016135], [-84.3946439987587, 33.7751051983544], [-84.3946786763057, 33.7751055319192], [-84.3946783365702, 33.7751301242135], [-84.3946436590134, 33.7751297906487], [-84.39464239672, 33.7752410208152], [-84.394630775526, 33.7752412830233], [-84.3946229450919, 33.7752411126485], [-84.3946170097593, 33.7752426591255], [-84.3946144328547, 33.7752472713287], [-84.3946116479345, 33.775251614322], [-84.3946086153675, 33.7752558080983], [-84.3946044159097, 33.7752609174036], [-84.3946012076056, 33.7752643919858], [-84.3945944622994, 33.7752707565845], [-84.3945900763387, 33.7752743433429], [-84.3945806549445, 33.7752808932137], [-84.3945696278422, 33.7752869627633], [-84.3945593132916, 33.7752913827756], [-84.3945541204523, 33.7752932100957], [-84.3945478663964, 33.775295086261], [-84.3945417317783, 33.775296808023], [-84.3944899869134, 33.7753150799663], [-84.3944890332555, 33.7753096709111], [-84.3944840922585, 33.775301404667], [-84.3944777965042, 33.7752997653633], [-84.3944577805542, 33.7753065259314], [-84.3943286007427, 33.775350158123], [-84.3942753920129, 33.7753681306232], [-84.3942551601942, 33.7753749303276], [-84.3942366393331, 33.7753811831774], [-84.3942145689621, 33.7753888698846], [-84.3942046892244, 33.7753927769271], [-84.3941977820352, 33.7753955081437], [-84.3941945955967, 33.7753986851296], [-84.3941859010045, 33.7754073552182]], [[-84.3946276016732, 33.7746670941022], [-84.3946288630024, 33.7746064493343], [-84.394826671056, 33.7746104748435], [-84.394830519942, 33.7744910600912], [-84.3945543895885, 33.7744883793368], [-84.3945388251982, 33.7745611290515], [-84.3945383956676, 33.7746325650629], [-84.3945946993468, 33.7746671792174], [-84.3946276016732, 33.7746670941022]], [[-84.3946067299592, 33.7750388298411], [-84.3946099425766, 33.774910201391], [-84.3945774800291, 33.7749096355982], [-84.3945742673632, 33.7750382640477], [-84.3946067299592, 33.7750388298411]], [[-84.3946328627776, 33.7748985394608], [-84.394635391924, 33.7747686950389], [-84.3946045698731, 33.7747682758971], [-84.3946020396029, 33.7748981212222], [-84.3946328627776, 33.7748985394608]]]}, "properties": {"OBJECTID_1": 208, "OBJECTID": 217, "Shape_Leng": 2884.92075532, "CreationDate": 1628109910586, "Creator": "wsims6_GTFacilities", "EditDate": 1628109910586, "Editor": "wsims6_GTFacilities", "Shape__Area": 4844.61328125, "Shape__Length": 1059.856843278476, "GlobalID": "a584da44-49d7-4169-9a90-f08128469d79"}}, {"type": "Feature", "id": 209, "geometry": {"type": "Polygon", "coordinates": [[[-84.3963836479824, 33.7780729729814], [-84.3963619064779, 33.7780644946432], [-84.3963696172994, 33.7780654657965], [-84.3963844744667, 33.7780658745409], [-84.3963980209488, 33.7780647078326], [-84.3964128440943, 33.7780616750316], [-84.3964311593881, 33.77805632299], [-84.3964445983305, 33.7780480406401], [-84.3964526278031, 33.77804178175], [-84.396460029216, 33.7780348441834], [-84.3964708604983, 33.778021674323], [-84.3964819379289, 33.7780056637998], [-84.3964939098982, 33.7779878275678], [-84.3965046964358, 33.7779712495435], [-84.3965093951584, 33.7779638679848], [-84.3965222437434, 33.7779431583559], [-84.3965339733652, 33.7779235291857], [-84.3965432152727, 33.7779075365021], [-84.396556425902, 33.7778837245126], [-84.3965579152386, 33.7778810393238], [-84.3965697057585, 33.7778587492617], [-84.3965816127037, 33.7778351795375], [-84.3965892110557, 33.7778195217202], [-84.3965979126189, 33.7778009332815], [-84.3966081650362, 33.7777780356629], [-84.3966123810714, 33.7777649863137], [-84.3966176278205, 33.7777457154488], [-84.3966215811685, 33.7777272972514], [-84.3966245852368, 33.7777084020456], [-84.3966266660365, 33.7776878540287], [-84.3966274473251, 33.7776715281644], [-84.3966279909221, 33.7776466604924], [-84.3966283447238, 33.7776360239467], [-84.3966276756269, 33.7776248356928], [-84.3966259968601, 33.7776140054728], [-84.39662346575, 33.7776038197189], [-84.3966196465282, 33.7775928275833], [-84.3966144790918, 33.7775815683658], [-84.3966084024106, 33.7775710745414], [-84.396600421461, 33.7775599116324], [-84.3965919017817, 33.7775491726013], [-84.3965862826108, 33.7775430121644], [-84.3965818759366, 33.777540070169], [-84.3965751288516, 33.7775372930278], [-84.3965669451884, 33.7775359305494], [-84.3965618426673, 33.7775360338268], [-84.3965520632566, 33.7775383431419], [-84.3965462849825, 33.777541334767], [-84.3965409965068, 33.7775457942705], [-84.3965376581988, 33.77755032047], [-84.3965351691472, 33.7775566844577], [-84.3965353494953, 33.7776043959369], [-84.3964806651536, 33.7776313480773], [-84.396414957202, 33.7776637333333], [-84.3963732442262, 33.7776314615143], [-84.3963622394425, 33.7776398899021], [-84.3963553586716, 33.7776303109354], [-84.3962838067459, 33.7775277801918], [-84.3962779135283, 33.777520878191], [-84.3963949729223, 33.7774632801066], [-84.396388463644, 33.777455744495], [-84.3964056270544, 33.7774472739836], [-84.3964091655608, 33.777451003842], [-84.3964118661811, 33.7774527047399], [-84.3964153784251, 33.7774542815021], [-84.396418590993, 33.777455232174], [-84.3964242107371, 33.7774559520496], [-84.396430361735, 33.7774554690338], [-84.3964371475204, 33.7774533339109], [-84.3964549361593, 33.7774465077434], [-84.3964801122771, 33.7774368465475], [-84.396505336926, 33.7774271663213], [-84.3965321859756, 33.7774168636294], [-84.3965529332577, 33.7774089021669], [-84.3965677082123, 33.7774032330066], [-84.3965833870465, 33.7773972159263], [-84.3965946257425, 33.7773922990172], [-84.3966067083426, 33.7773856006736], [-84.3966206416525, 33.7773765004861], [-84.396629682291, 33.7773696644458], [-84.3966315621325, 33.7773680623139], [-84.3966384760701, 33.7773621697573], [-84.3966475600379, 33.777353367132], [-84.3966543122932, 33.7773459628055], [-84.396664314275, 33.7773332137406], [-84.3966718435948, 33.777321644136], [-84.396678644227, 33.7773089109546], [-84.3966876832358, 33.7772921783807], [-84.3966970233794, 33.7772733867734], [-84.3967033167142, 33.7772587015579], [-84.396708667177, 33.7772443192515], [-84.3967138425713, 33.7772278607665], [-84.3967167255066, 33.7772169814692], [-84.3967204284069, 33.7771998098171], [-84.3967225923822, 33.7771865587117], [-84.3967245607434, 33.7771687961043], [-84.3967258856795, 33.7771373349954], [-84.3967252995797, 33.7771071136138], [-84.396708901534, 33.7770613609968], [-84.3967024678922, 33.7770506135757], [-84.3966969557973, 33.7770433006323], [-84.3966802136408, 33.7770263402053], [-84.3966318102212, 33.776933196885], [-84.3966431378456, 33.77691875295], [-84.3966593456385, 33.7768868745913], [-84.3966709833786, 33.7768595950585], [-84.3966806348516, 33.7768324743108], [-84.3966891250578, 33.7768027192961], [-84.3966949670241, 33.7767759104059], [-84.3966987909926, 33.776754756832], [-84.3967000577933, 33.7767455747509], [-84.3967014435171, 33.7767178689078], [-84.3967019061222, 33.7766833113277], [-84.3967003265984, 33.7766550736268], [-84.3966957925419, 33.7766194046064], [-84.3966916798007, 33.7765979574605], [-84.3966861523922, 33.7765752082606], [-84.3966831831244, 33.7765646870066], [-84.3966799455324, 33.7765539579709], [-84.396672127368, 33.7765293367017], [-84.3966614947361, 33.7764911084351], [-84.3966532187372, 33.7764555608956], [-84.3966467406512, 33.7764168488125], [-84.3966454903461, 33.7764128099376], [-84.3966452744067, 33.7764128112417], [-84.3966450513634, 33.776411366309], [-84.3966432633401, 33.7763996427534], [-84.3966410020503, 33.7763821305714], [-84.3966397617087, 33.7763725266809], [-84.3966396082328, 33.7763672153342], [-84.3966394560148, 33.7763619707073], [-84.3966375416777, 33.776283984971], [-84.3966370295397, 33.7762604167381], [-84.3966385416516, 33.776192726893], [-84.3966404203296, 33.7761086749837], [-84.3966398663705, 33.776054909595], [-84.3966450010432, 33.7757844377275], [-84.3967065840163, 33.7757851524716], [-84.3967055390041, 33.7758530695692], [-84.3967021535892, 33.7761849190481], [-84.3967098012182, 33.7761950294449], [-84.3967210212803, 33.7762098614457], [-84.3967597687095, 33.7762453287303], [-84.3967688184227, 33.7762488003493], [-84.3968113206306, 33.776265104115], [-84.3968462524122, 33.7762654483169], [-84.396978258311, 33.7762667483683], [-84.3969793766582, 33.7762368042168], [-84.3970774147922, 33.7762369034331], [-84.3970775324754, 33.77623690141], [-84.39707746105, 33.7762501486167], [-84.3970774973121, 33.7762608700946], [-84.3970774924693, 33.7762880981949], [-84.3970774692597, 33.7763036264913], [-84.3970578290251, 33.7763035315174], [-84.3970565626517, 33.7763826322162], [-84.3970416776798, 33.7763826194292], [-84.3968992943714, 33.7763824929212], [-84.3967702502671, 33.7763817147298], [-84.3967696000087, 33.7764159390504], [-84.3967556560005, 33.7764173391666], [-84.3967541371885, 33.7764328152504], [-84.396763062422, 33.7764325281141], [-84.3967759360029, 33.7764321777128], [-84.3967892540003, 33.7764324756709], [-84.3967964533499, 33.776432405442], [-84.3968650598577, 33.7764317319891], [-84.3968650376661, 33.7764319123609], [-84.3968659008997, 33.7765092138948], [-84.3967541506804, 33.7765069211112], [-84.3967541647509, 33.776589320366], [-84.3967508627407, 33.776885260456], [-84.3967504841667, 33.7769003557189], [-84.3967497968926, 33.7769332582836], [-84.3968053465991, 33.7770879818844], [-84.3968067687994, 33.7770941149742], [-84.3968081536375, 33.7771012156063], [-84.3968088017196, 33.7771077685063], [-84.3968102585984, 33.7771171790365], [-84.3968107169152, 33.777123427532], [-84.3968110961748, 33.7771416997045], [-84.3968108141749, 33.77715454787], [-84.3968097524573, 33.7771717786167], [-84.3968086474226, 33.77718290526], [-84.3968063154074, 33.7771999337005], [-84.3968035298883, 33.7772153400131], [-84.3968018451018, 33.7772232596595], [-84.3967995549127, 33.7772329152133], [-84.396828706151, 33.7772408963713], [-84.3968302372082, 33.7772413028658], [-84.3968280626218, 33.7772477546349], [-84.3967973135357, 33.7772414436111], [-84.3967947268076, 33.7772504361019], [-84.3967885150074, 33.7772693607377], [-84.3967846257246, 33.777279817235], [-84.3967797568831, 33.7772917966457], [-84.3967736755593, 33.7773054103071], [-84.396768145311, 33.7773167570891], [-84.3967640730235, 33.7773245937263], [-84.3967465872274, 33.7773562310332], [-84.3967426952984, 33.7773604508073], [-84.3967367733286, 33.7773678436726], [-84.3967307042585, 33.7773771600354], [-84.3967252400725, 33.7773881811959], [-84.3967218684162, 33.7773975944165], [-84.3967198759367, 33.7774055290617], [-84.3967183896829, 33.7774158250913], [-84.3967183737384, 33.7774308637744], [-84.3967206820183, 33.7774449342587], [-84.3966698387371, 33.777462710424], [-84.3966777395123, 33.7774834661534], [-84.3966964630431, 33.7775258693079], [-84.3967015927714, 33.7775444274649], [-84.3967087754956, 33.7775704168169], [-84.3967111394732, 33.7776057265108], [-84.3967130434795, 33.7776341664739], [-84.3967126823153, 33.7776573937013], [-84.3967119101895, 33.77770703108], [-84.3967035612263, 33.7777581486681], [-84.3966974409826, 33.7777988245783], [-84.3966938310491, 33.7778136247102], [-84.3966857896667, 33.7778319756923], [-84.3966806289863, 33.7778470870791], [-84.3966693402221, 33.7778648021365], [-84.3966553662138, 33.7778885984293], [-84.3966374036871, 33.777920484561], [-84.3966190318678, 33.7779519440695], [-84.3965638157727, 33.7780446529061], [-84.3965564415403, 33.7780581246996], [-84.3965540387771, 33.7780672890571], [-84.3965524482989, 33.7780773833078], [-84.3965527072215, 33.7780906416165], [-84.3965545662237, 33.7781002290246], [-84.3965585358641, 33.7781077035371], [-84.3965648300579, 33.7781203879718], [-84.3965752290263, 33.7781341413313], [-84.3965876468941, 33.7781445827678], [-84.3966014899826, 33.7781533949675], [-84.3965351089207, 33.7781287538618], [-84.396500078065, 33.7781158533541], [-84.3964786631166, 33.7781079659121], [-84.3964693369044, 33.7781045308542], [-84.3964558215198, 33.7780995536564], [-84.3964371312755, 33.7780926709837], [-84.3964163929188, 33.7780850329303], [-84.3963836479824, 33.7780729729814]]]}, "properties": {"OBJECTID_1": 209, "OBJECTID": 218, "Shape_Leng": 2399.81892115, "CreationDate": 1628109910586, "Creator": "wsims6_GTFacilities", "EditDate": 1628109910586, "Editor": "wsims6_GTFacilities", "Shape__Area": 4517.0546875, "Shape__Length": 882.0934205908834, "GlobalID": "e75907d6-b9fd-4c0f-b2a6-ea5e59fa9300"}}, {"type": "Feature", "id": 210, "geometry": {"type": "Polygon", "coordinates": [[[-84.3915764863784, 33.7775236572587], [-84.3915122485435, 33.7775234785726], [-84.3914693289143, 33.777523730782], [-84.3914693134947, 33.7775215479104], [-84.391468689151, 33.7774300998854], [-84.3914684068082, 33.7773972414919], [-84.3914683696603, 33.7773929406791], [-84.3914691676005, 33.7773929491437], [-84.3916335756246, 33.7773946674438], [-84.3916475553448, 33.777389901072], [-84.391658138899, 33.7773812556714], [-84.3916633620033, 33.7773636756542], [-84.3916594879563, 33.7773409655923], [-84.3916528663232, 33.7773200277775], [-84.3916487128923, 33.7773118726929], [-84.3916426808777, 33.7773045965371], [-84.3916350118492, 33.7772985018245], [-84.3916260249821, 33.777293839534], [-84.3916160965325, 33.7772908055396], [-84.3916056381893, 33.777289519912], [-84.3915410177508, 33.7772899550613], [-84.3915406298993, 33.7772493724058], [-84.3917604109973, 33.7772460016855], [-84.3917587664258, 33.7772839227635], [-84.3917679908914, 33.7772836516722], [-84.3917732573686, 33.7772834896867], [-84.3917734321875, 33.7772735459482], [-84.3919859545968, 33.7772756331434], [-84.3919841285602, 33.7773324594951], [-84.3919843731045, 33.7773409084305], [-84.3920090454843, 33.7773407389535], [-84.3920084894177, 33.7773700130061], [-84.3920264216639, 33.7773704815794], [-84.3920391961022, 33.7773585988209], [-84.3920371786953, 33.7774247963921], [-84.3920344990434, 33.7774211739393], [-84.392028203338, 33.7774195949221], [-84.3920087176204, 33.7774159292224], [-84.3920054178295, 33.7774158739354], [-84.3919090220136, 33.7774142484116], [-84.3918913882105, 33.7774139505905], [-84.3917783385585, 33.7774135139803], [-84.3917805122164, 33.7774734293053], [-84.3916643028761, 33.7774712157883], [-84.3916480259904, 33.7774708072603], [-84.3915907434553, 33.7774704960151], [-84.3915776324848, 33.7774717984531], [-84.3915765780843, 33.7775194986721], [-84.3915764863784, 33.7775236572587]]]}, "properties": {"OBJECTID_1": 210, "OBJECTID": 219, "Shape_Leng": 628.437278212, "CreationDate": 1628109910586, "Creator": "wsims6_GTFacilities", "EditDate": 1628109910586, "Editor": "wsims6_GTFacilities", "Shape__Area": 1257.5625, "Shape__Length": 230.5985629203755, "GlobalID": "3b86cd1b-d0c9-4dbc-b8ad-a15c1a417be1"}}, {"type": "Feature", "id": 211, "geometry": {"type": "Polygon", "coordinates": [[[-84.4008641579786, 33.7813657925191], [-84.4008629659754, 33.7812555300394], [-84.4008691796987, 33.7812625303888], [-84.4008722266345, 33.7812648409483], [-84.4008762874179, 33.7812679222986], [-84.4008847765477, 33.7812694858795], [-84.4008905657327, 33.7812692765281], [-84.4008953807147, 33.781268183604], [-84.4009039833661, 33.781266230528], [-84.4009205747695, 33.7812553665947], [-84.4009257606339, 33.7812508953795], [-84.4009304320365, 33.7812462448105], [-84.4009373142275, 33.7812393945233], [-84.4009442983555, 33.7812255670643], [-84.4009482168016, 33.7812144422643], [-84.400950245144, 33.7812086867796], [-84.4009524587657, 33.7812015793678], [-84.4009578725672, 33.7811781135317], [-84.4009600400382, 33.7811655575284], [-84.4009626553168, 33.7811437713718], [-84.4009659379293, 33.7811136707227], [-84.4009662904459, 33.7811011686576], [-84.4009666468075, 33.7810884925664], [-84.4009669149576, 33.7810684032654], [-84.4009670493246, 33.7810582675476], [-84.4009542507636, 33.7810431918921], [-84.4009033279748, 33.7810254737348], [-84.4009025908016, 33.7809351504062], [-84.4009022304853, 33.7808547490342], [-84.4009019879131, 33.7808005449186], [-84.400937355028, 33.7808141576365], [-84.400944084117, 33.7808141448616], [-84.4009541560784, 33.780811321604], [-84.4009559697902, 33.7808072454012], [-84.400957664387, 33.7808034408217], [-84.4009581543038, 33.7807712094612], [-84.4009585252219, 33.7807468272018], [-84.4009570168254, 33.7807428763243], [-84.4009527964758, 33.7807359091617], [-84.4009487880964, 33.7807286683962], [-84.4009459993733, 33.7807236298527], [-84.4009427064529, 33.7807213873857], [-84.4009363217105, 33.7807162050931], [-84.4009311985509, 33.7807135540457], [-84.4009229494844, 33.7807121009151], [-84.4009137628708, 33.7807117243321], [-84.4009078861176, 33.7807114839267], [-84.4008956254968, 33.7807135214882], [-84.4008863223461, 33.780717933795], [-84.4008825156749, 33.7807197380113], [-84.4008734418356, 33.7807282650188], [-84.4008718134359, 33.7807329855494], [-84.4008673171098, 33.7807460148307], [-84.4008680780869, 33.7806082581836], [-84.4008734442885, 33.780618087721], [-84.4008750159971, 33.7806214992919], [-84.40087822927, 33.7806254243935], [-84.400881279877, 33.7806290919314], [-84.40088441539, 33.7806314239624], [-84.400893450315, 33.780637562388], [-84.400897020943, 33.7806394860463], [-84.4009042456134, 33.7806430365609], [-84.4009089026756, 33.7806438392073], [-84.4009132427125, 33.780644798441], [-84.4009145791879, 33.780645093449], [-84.4009365845942, 33.780645397008], [-84.4009500430722, 33.7806454913771], [-84.4009545703908, 33.7806454376992], [-84.4010000962357, 33.7806448986281], [-84.4011052211605, 33.7806436548458], [-84.4011105755543, 33.7806435914761], [-84.4011172156661, 33.7806390642923], [-84.4011194268568, 33.7806326601696], [-84.4011219358772, 33.7806253953056], [-84.4011215816274, 33.7806206082097], [-84.4011211399502, 33.7806146446248], [-84.4011194640195, 33.7805920073421], [-84.4011467072983, 33.7805910990107], [-84.4011803864845, 33.7805899773746], [-84.4011807022678, 33.7806012510237], [-84.4011815347755, 33.7806309678718], [-84.4011817279564, 33.7806380635013], [-84.4011957204047, 33.7806419311415], [-84.4012046342202, 33.780644827436], [-84.4012102342295, 33.780644554412], [-84.401218316294, 33.7806441603571], [-84.4012281137011, 33.7806440127986], [-84.4012336603263, 33.7806415849282], [-84.4012380852828, 33.7806392340267], [-84.401248232278, 33.7806338436009], [-84.4012734656039, 33.7806101714628], [-84.4012914523341, 33.7805887771444], [-84.4012960756931, 33.7805811791541], [-84.401301462284, 33.7805632260493], [-84.4012628977997, 33.7805629955122], [-84.401248338244, 33.7805630006486], [-84.4012493000308, 33.7805070495468], [-84.4012495828535, 33.7804602848582], [-84.4013012271465, 33.7804603615946], [-84.4013143787374, 33.7804603807688], [-84.4013669883427, 33.7804604583472], [-84.4013777881978, 33.7804604747741], [-84.4013801399631, 33.7804604883341], [-84.4013801863928, 33.7804604882458], [-84.4013801384824, 33.7804607371927], [-84.4013800701798, 33.7804717194369], [-84.4013932218782, 33.7804717773735], [-84.4013932912564, 33.7804607942256], [-84.4013936372345, 33.7804605645481], [-84.4014327480042, 33.780460784087], [-84.4014458997452, 33.7804608582476], [-84.4014853552856, 33.7804611970335], [-84.4014852859167, 33.7804721792798], [-84.4014984386949, 33.7804722372031], [-84.4014985069799, 33.7804612540573], [-84.4014985131878, 33.7804611548638], [-84.4015116595301, 33.7804612290277], [-84.4015642675742, 33.7804615256262], [-84.4015774193153, 33.7804615997728], [-84.4015760788538, 33.7805053297131], [-84.4015766938982, 33.7805451229271], [-84.4015769733017, 33.780586954512], [-84.4015614314592, 33.7805866757318], [-84.4015627986787, 33.780643324788], [-84.4015664761583, 33.7806460173322], [-84.4015722109741, 33.7806468710994], [-84.4015757859858, 33.7806416933233], [-84.401578260569, 33.7805905821101], [-84.4016658212875, 33.7805879160193], [-84.4016653948193, 33.7806424919868], [-84.4016757683552, 33.7806437552818], [-84.4016757702119, 33.7806626214318], [-84.4016759656136, 33.7806843526613], [-84.4016757344231, 33.7807151462995], [-84.4016666089353, 33.7807150122004], [-84.40166544714, 33.7807636557995], [-84.4016653056234, 33.7807695618854], [-84.4015803184779, 33.7807700996881], [-84.4015794981443, 33.7807176025984], [-84.4015755769729, 33.7807154298697], [-84.4015700276657, 33.7807148958358], [-84.4015651349952, 33.7807159943441], [-84.4015652830293, 33.7807702220809], [-84.4015750342072, 33.7807701431084], [-84.4015752234103, 33.7807753741295], [-84.4015771610893, 33.7809049188067], [-84.4014997879348, 33.7809045124573], [-84.4014997768019, 33.7808917288656], [-84.4014857430166, 33.7808917258164], [-84.401485914843, 33.7809044396752], [-84.4013957645809, 33.7809039665064], [-84.4013957624533, 33.7808917076586], [-84.4013817286704, 33.7808917054993], [-84.4013817370803, 33.7809038931047], [-84.4012472410832, 33.7809031867851], [-84.4012478840141, 33.7808538490036], [-84.4012478143644, 33.7808445395856], [-84.4012486751001, 33.7807962770598], [-84.4012973527396, 33.7807976704378], [-84.4012982611138, 33.7807779766446], [-84.4012968040197, 33.7807726506554], [-84.4012947045383, 33.7807649761841], [-84.4012905384298, 33.7807573200684], [-84.401271544255, 33.7807395124996], [-84.4012636140644, 33.7807334360189], [-84.4012596770215, 33.7807309837985], [-84.4012418110576, 33.7807218317368], [-84.4012379686666, 33.7807204324645], [-84.4012237718138, 33.7807152614297], [-84.401217355777, 33.780715637892], [-84.4012008476817, 33.7807166069852], [-84.4011949023476, 33.7807169555021], [-84.4011890725308, 33.7807172974877], [-84.4011860674836, 33.7807208439836], [-84.4011822950274, 33.7807252953926], [-84.4011821855963, 33.7807326855353], [-84.4011816552924, 33.7807682918546], [-84.4011408850066, 33.7807677598117], [-84.40112248401, 33.7807675197699], [-84.4011217127281, 33.780730148687], [-84.4011214334617, 33.7807259339974], [-84.4011211417898, 33.7807215254763], [-84.4011171945817, 33.7807181148151], [-84.4011136575744, 33.7807150595269], [-84.4011058329105, 33.7807136272419], [-84.4010566954171, 33.7807138477159], [-84.4010519174991, 33.7807138685124], [-84.4010470966102, 33.780714366364], [-84.4010428683487, 33.7807148035808], [-84.4010371296212, 33.7807160813003], [-84.4010192626024, 33.7807235800045], [-84.4010138448686, 33.7807364667767], [-84.4010116659797, 33.7807416518033], [-84.4010100116144, 33.7807479367502], [-84.4010104248912, 33.7807807434528], [-84.4010075208515, 33.7809367580979], [-84.401012660501, 33.7809898628157], [-84.4010105156519, 33.7810693988492], [-84.401004060071, 33.7811492315961], [-84.400990750687, 33.7811864689216], [-84.4009839126969, 33.7812174779733], [-84.4009825849408, 33.7812219743247], [-84.4009800755559, 33.7812330811222], [-84.4009778881787, 33.7812399125793], [-84.4009734084946, 33.7812539020904], [-84.4009698791858, 33.7812643868815], [-84.4009637005569, 33.7812738470168], [-84.4009560649024, 33.7812855369969], [-84.4009504458265, 33.7812923064434], [-84.400934126499, 33.7813079206649], [-84.400927208134, 33.7813137810073], [-84.400891811422, 33.7813425243161], [-84.4008828674388, 33.7813491954788], [-84.4008750775473, 33.781355004275], [-84.4008718092707, 33.7813582537177], [-84.4008641579786, 33.7813657925191]]]}, "properties": {"OBJECTID_1": 211, "OBJECTID": 220, "Shape_Leng": 1604.3968571, "CreationDate": 1628109910586, "Creator": "wsims6_GTFacilities", "EditDate": 1628109910586, "Editor": "wsims6_GTFacilities", "Shape__Area": 3494.87890625, "Shape__Length": 589.5158147900246, "GlobalID": "e4fc7102-8c02-40b1-a571-ebbb8c13c016"}}, {"type": "Feature", "id": 212, "geometry": {"type": "Polygon", "coordinates": [[[-84.4022332168713, 33.7805002819872], [-84.4022096462863, 33.7805001421408], [-84.402206830254, 33.7805005352259], [-84.4022049201958, 33.7805013413414], [-84.4022031810839, 33.7805026673834], [-84.4022020492955, 33.7805041743998], [-84.4022016463131, 33.7805048793586], [-84.4022015857515, 33.7805052392332], [-84.4022016847302, 33.7805260148956], [-84.4022036609309, 33.7805316211987], [-84.4022054899622, 33.7805335598647], [-84.4022078449319, 33.780535137768], [-84.402211984331, 33.7805365607877], [-84.4020487365507, 33.78053651793], [-84.4020508978703, 33.780535987243], [-84.4020522832535, 33.7805352136885], [-84.4020532009526, 33.780534386927], [-84.4020541513442, 33.780532880258], [-84.4020544942963, 33.7805311502364], [-84.402054511531, 33.7805157409812], [-84.4020545440603, 33.7804865815129], [-84.4022045373409, 33.7804877036931], [-84.4022405416498, 33.7804879271019], [-84.4023444440279, 33.7804886402801], [-84.4024134171429, 33.7804893777264], [-84.402412768627, 33.7805222441584], [-84.4024129669453, 33.7805248720933], [-84.4024135965106, 33.7805272593651], [-84.4024151198674, 33.780530341906], [-84.4024171124559, 33.7805328600182], [-84.4024204542976, 33.7805356063756], [-84.4024242738559, 33.7805377323857], [-84.40223086923, 33.7805368790887], [-84.4022357985661, 33.780534981621], [-84.4022389580909, 33.7805330568754], [-84.4022403241383, 33.7805303484118], [-84.4022415656605, 33.7805255393382], [-84.4022415632409, 33.7805073016401], [-84.4022414793486, 33.7805062387533], [-84.4022405087124, 33.7805038990176], [-84.4022388518515, 33.7805021385504], [-84.4022355888584, 33.7805005822174], [-84.4022332168713, 33.7805002819872]]]}, "properties": {"OBJECTID_1": 212, "OBJECTID": 221, "Shape_Leng": 295.060089272, "CreationDate": 1628109910586, "Creator": "wsims6_GTFacilities", "EditDate": 1628109910586, "Editor": "wsims6_GTFacilities", "Shape__Area": 242.48046875, "Shape__Length": 108.19958540912575, "GlobalID": "eea31b7e-f20a-4fbe-96d3-92928453073e"}}, {"type": "Feature", "id": 213, "geometry": {"type": "Polygon", "coordinates": [[[-84.4021762014138, 33.7809608560476], [-84.4021786586032, 33.7806474806278], [-84.4021754434004, 33.7806369545742], [-84.4021722478044, 33.780626490697], [-84.4021670746032, 33.7806166139623], [-84.4021630440454, 33.7806107735432], [-84.4021607157816, 33.7806079071283], [-84.402142582904, 33.7805935739159], [-84.4022889627569, 33.7805936461526], [-84.4022795325029, 33.7806009008121], [-84.4022723093429, 33.780607385755], [-84.4022608124281, 33.7806205618968], [-84.4022533326218, 33.7806322985462], [-84.4022478521312, 33.7806442793324], [-84.4022443201957, 33.780658471756], [-84.4022435730095, 33.7807018606462], [-84.4022426614395, 33.7807806513871], [-84.4022440705383, 33.7807881450264], [-84.402248374845, 33.7807953707581], [-84.402254560389, 33.7808019094465], [-84.4022612693305, 33.7808063697306], [-84.4022711498914, 33.7808101639502], [-84.4022806146998, 33.7808115768], [-84.4022807320444, 33.7808098715532], [-84.4022917776371, 33.780810102024], [-84.4022883518759, 33.7810507665182], [-84.4022857815814, 33.7812351519032], [-84.4022721307072, 33.7812354141996], [-84.4022625233361, 33.7812387388975], [-84.402252361591, 33.7812458434734], [-84.4022455898924, 33.7812519966464], [-84.4022388192752, 33.7812581507185], [-84.4022365754756, 33.7812652401776], [-84.4022357365834, 33.7812928828006], [-84.4022357166631, 33.7812938890815], [-84.4022308802884, 33.7814252075914], [-84.4022349713375, 33.7814353794245], [-84.4022486506871, 33.781450238671], [-84.4022640884334, 33.781469623553], [-84.4022698354437, 33.7814776688346], [-84.4021288021537, 33.7814763862793], [-84.4021361590719, 33.781467848932], [-84.4021526722434, 33.7814501423516], [-84.402157725545, 33.7814442034496], [-84.4021608002722, 33.7814381105343], [-84.4021625161286, 33.7814338036784], [-84.40216490116, 33.7814278139658], [-84.4021649392611, 33.7814227980071], [-84.4021650283398, 33.7814111584209], [-84.4021654590571, 33.781405593509], [-84.4021661629504, 33.7813684639699], [-84.4021729043712, 33.7812060619054], [-84.4021762014138, 33.7809608560476]]]}, "properties": {"OBJECTID_1": 213, "OBJECTID": 222, "Shape_Leng": 764.849571586, "CreationDate": 1628109910586, "Creator": "wsims6_GTFacilities", "EditDate": 1628109910586, "Editor": "wsims6_GTFacilities", "Shape__Area": 1230.03515625, "Shape__Length": 281.28591407238895, "GlobalID": "a2e7c6bc-58e6-40fc-a760-a7fea70ffcc9"}}, {"type": "Feature", "id": 215, "geometry": {"type": "Polygon", "coordinates": [[[-84.3894065836475, 33.777747120746], [-84.3894068345244, 33.7777435127832], [-84.3894830926233, 33.7777443137404], [-84.3894825404312, 33.777749561451], [-84.389481969555, 33.7777676099503], [-84.3894863288278, 33.7777815244895], [-84.3894970900306, 33.777794264338], [-84.3894973759587, 33.7777946037445], [-84.3893874807544, 33.7777929023464], [-84.3893918778375, 33.7777909765966], [-84.3894005018578, 33.777782710915], [-84.3894035581018, 33.7777708459688], [-84.3894065836475, 33.777747120746]]]}, "properties": {"OBJECTID_1": 215, "OBJECTID": 224, "Shape_Leng": 96.0258970639, "CreationDate": 1628109910586, "Creator": "wsims6_GTFacilities", "EditDate": 1628109910586, "Editor": "wsims6_GTFacilities", "Shape__Area": 61.6953125, "Shape__Length": 35.23752209215954, "GlobalID": "ddff70f8-9a23-4d94-81ed-fc63ea2999d3"}}, {"type": "Feature", "id": 216, "geometry": {"type": "Polygon", "coordinates": [[[-84.3892226062748, 33.7777593121014], [-84.3892237100816, 33.7777419010119], [-84.3892971089742, 33.7777426729776], [-84.3892972905086, 33.7777473179617], [-84.3892973545373, 33.7777720681966], [-84.3893047900478, 33.7777818521343], [-84.3893115975386, 33.7777880278912], [-84.389317600942, 33.7777918202287], [-84.3892038131536, 33.777790058066], [-84.3892038465225, 33.7777900183331], [-84.3892066224926, 33.7777866700012], [-84.3892220180095, 33.7777706577491], [-84.3892226062748, 33.7777593121014]]]}, "properties": {"OBJECTID_1": 216, "OBJECTID": 225, "Shape_Leng": 96.5886775113, "CreationDate": 1628109910586, "Creator": "wsims6_GTFacilities", "EditDate": 1628109910586, "Editor": "wsims6_GTFacilities", "Shape__Area": 59.4609375, "Shape__Length": 35.44068674965017, "GlobalID": "3571141e-77b0-41f0-948a-621a08d21c31"}}, {"type": "Feature", "id": 217, "geometry": {"type": "Polygon", "coordinates": [[[-84.4000622300994, 33.7827019134525], [-84.4000765661451, 33.7826834674074], [-84.4000957127274, 33.7826706178259], [-84.4001225387888, 33.7826601557117], [-84.4001311445325, 33.7826505296326], [-84.4001292083661, 33.7826441261628], [-84.4001003320713, 33.7826057397967], [-84.4004177860741, 33.7826059404303], [-84.4004457025769, 33.7826443276384], [-84.4004553171803, 33.7826531185547], [-84.4004697162422, 33.7826578970743], [-84.4005358377016, 33.7826568358631], [-84.4005587337047, 33.7826564678735], [-84.4005580244391, 33.7827069734019], [-84.4005355791087, 33.7827066985616], [-84.4004736832971, 33.7827059403493], [-84.4004564250818, 33.78270757438], [-84.4004468452868, 33.782711596762], [-84.4004086109461, 33.7827589193161], [-84.4001467805859, 33.7827578127625], [-84.4001266077783, 33.7827458382315], [-84.4001485722478, 33.7827113608151], [-84.4001485505162, 33.7827033523909], [-84.4001399100004, 33.7827001651728], [-84.4001207373442, 33.7827034050128], [-84.4001083135711, 33.7827194454468], [-84.4001065974693, 33.7827790297991], [-84.4001060280706, 33.7827988013802], [-84.4000520098911, 33.782799058641], [-84.4000527760708, 33.7827793777547], [-84.400054638584, 33.7827315596733], [-84.4000622300994, 33.7827019134525]]]}, "properties": {"OBJECTID_1": 217, "OBJECTID": 229, "Shape_Leng": 470.799439173, "CreationDate": 1628109910586, "Creator": "wsims6_GTFacilities", "EditDate": 1628109910586, "Editor": "wsims6_GTFacilities", "Shape__Area": 889.69140625, "Shape__Length": 172.7649563952363, "GlobalID": "41e3f5a0-75a9-4288-8f45-aede14be39d3"}}, {"type": "Feature", "id": 218, "geometry": {"type": "Polygon", "coordinates": [[[-84.3953430538628, 33.7863176342289], [-84.3951489608991, 33.7863243260701], [-84.3951570825556, 33.7863109801254], [-84.3951620836995, 33.7863013773009], [-84.3951649226125, 33.7862887804915], [-84.3951703910254, 33.7853801714563], [-84.3952723670379, 33.7853795056], [-84.3952718600021, 33.7862663973029], [-84.3952733216725, 33.7862759881586], [-84.3952812509241, 33.7862873658249], [-84.395292053614, 33.7862987381667], [-84.3953114754841, 33.7863112937321], [-84.3953430538628, 33.7863176342289]]]}, "properties": {"OBJECTID_1": 218, "OBJECTID": 232, "Shape_Leng": 788.180942043, "CreationDate": 1628109910586, "Creator": "wsims6_GTFacilities", "EditDate": 1628109910586, "Editor": "wsims6_GTFacilities", "Shape__Area": 1487.38671875, "Shape__Length": 289.9393079117388, "GlobalID": "73516bb3-74c9-4bf2-91de-14e14dbe4865"}}, {"type": "Feature", "id": 219, "geometry": {"type": "Polygon", "coordinates": [[[-84.3923747838866, 33.7715683232173], [-84.3923732482625, 33.771459485695], [-84.3927549931776, 33.7714604360991], [-84.3927668217092, 33.7714780570733], [-84.3927668164803, 33.7714797657152], [-84.3928018638972, 33.7714800747886], [-84.3928382069267, 33.7714803950026], [-84.3928726475631, 33.7714806979547], [-84.3928725745316, 33.7714787901909], [-84.3928851726697, 33.7714610000288], [-84.3931652046388, 33.7714631895873], [-84.3931645313933, 33.7715688131518], [-84.3931649469669, 33.7715712396388], [-84.3931630489162, 33.7715712323023], [-84.3930653306617, 33.7715708715046], [-84.392996112306, 33.7715706161581], [-84.3929612974528, 33.7715704879457], [-84.3929329032194, 33.7715674536468], [-84.3929042342591, 33.7715650519036], [-84.3928466564159, 33.771562209932], [-84.392788978598, 33.7715619973367], [-84.3927313735439, 33.7715644138011], [-84.3927026972102, 33.7715666023396], [-84.3926742546755, 33.7715694288137], [-84.392641276331, 33.7715693070661], [-84.3925901747426, 33.771569118403], [-84.3925126645687, 33.771568832881], [-84.3923747838866, 33.7715683232173]]]}, "properties": {"OBJECTID_1": 219, "OBJECTID": 234, "Shape_Leng": 568.764366809, "CreationDate": 1628109910586, "Creator": "wsims6_GTFacilities", "EditDate": 1628109910586, "Editor": "wsims6_GTFacilities", "Shape__Area": 1227.671875, "Shape__Length": 208.51121097930155, "GlobalID": "9e322fb5-afec-4b09-a014-7f55295ccdfc"}}, {"type": "Feature", "id": 220, "geometry": {"type": "Polygon", "coordinates": [[[-84.3970787047097, 33.7728744030311], [-84.3970733987878, 33.7728710182147], [-84.3970765812203, 33.772865209237], [-84.3970786962519, 33.7728587404389], [-84.3970795280989, 33.7728520711647], [-84.3970790567186, 33.7728453772738], [-84.3970772933809, 33.7728388354694], [-84.3970742849753, 33.772832618781], [-84.3970701129087, 33.7728268884524], [-84.3972025117445, 33.772918414119], [-84.3971954182489, 33.7729163761093], [-84.3971870255648, 33.7729125967298], [-84.397179478591, 33.7729077301803], [-84.3971786887911, 33.77290711763], [-84.397177965593, 33.7729023474351], [-84.397166227307, 33.7729043223383], [-84.3971549581227, 33.7729077029425], [-84.3971443975271, 33.7729124148649], [-84.3971347698295, 33.7729183603085], [-84.3971278963702, 33.7729251120955], [-84.3971222395345, 33.7729326090805], [-84.3971179122845, 33.7729407004764], [-84.3971150016339, 33.7729492220204], [-84.3971135675858, 33.7729580022864], [-84.3971139737786, 33.7729681721695], [-84.3971164534642, 33.7729781344074], [-84.397120933521, 33.7729875960993], [-84.3971272836486, 33.7729962806811], [-84.3971353163771, 33.7730039315315], [-84.3971441225149, 33.773009701893], [-84.3971538142979, 33.7730143796002], [-84.3971641971395, 33.7730178730478], [-84.3971929919776, 33.773027544491], [-84.3972200996454, 33.7730401683849], [-84.3972391093148, 33.7730530219955], [-84.3972560585967, 33.7730677494803], [-84.3972706866729, 33.7730841205043], [-84.3972859966684, 33.7731071778097], [-84.3972963246367, 33.7731320919092], [-84.3973013641121, 33.773158118612], [-84.3973019255578, 33.7731702123306], [-84.3973020748217, 33.773189250446], [-84.3973021959053, 33.7732046215929], [-84.3973023020945, 33.7732180605262], [-84.3973004918364, 33.7732371311562], [-84.3972948159814, 33.7732556644117], [-84.3972854393469, 33.7732731189927], [-84.3972726380363, 33.7732889831453], [-84.397259789703, 33.7733026112861], [-84.3972448739299, 33.7733146807243], [-84.3972281568137, 33.7733249736637], [-84.3972099412516, 33.7733333065023], [-84.3971878941707, 33.7733401218005], [-84.397164938646, 33.7733443564585], [-84.397141505258, 33.7733459312279], [-84.397118034437, 33.7733448164332], [-84.397090594785, 33.7733417064737], [-84.3970638353018, 33.773335762246], [-84.3970370061478, 33.7733239555975], [-84.397012829086, 33.7733086681226], [-84.3969919465273, 33.7732903043675], [-84.3969785756794, 33.7732749155694], [-84.396967911048, 33.7732581169451], [-84.396960161891, 33.7732402381097], [-84.3969554813836, 33.7732216313241], [-84.396953960111, 33.7732026606873], [-84.3969549360647, 33.7730977137171], [-84.3969606181815, 33.7730588995927], [-84.3969716252346, 33.7730208924285], [-84.3969878084998, 33.7729841992294], [-84.3970051650495, 33.772956671842], [-84.3970249215412, 33.772930296793], [-84.3970787047097, 33.7728744030311]], [[-84.397142952165, 33.773067769605], [-84.3971289668047, 33.7730664243079], [-84.3971158314905, 33.7730668203164], [-84.397102941637, 33.7730689695796], [-84.3970906307084, 33.7730728146707], [-84.3970792169453, 33.7730782576173], [-84.397068995802, 33.7730851581121], [-84.3970592426073, 33.7730942442399], [-84.3970513420473, 33.7731045098768], [-84.3970454942383, 33.7731156922687], [-84.3970418484994, 33.7731275089198], [-84.3970404968792, 33.7731396594083], [-84.3970394508508, 33.7732074944887], [-84.397048012311, 33.7732364044238], [-84.3970505095095, 33.7732436319176], [-84.397054379969, 33.7732504240546], [-84.3970595217159, 33.7732565997928], [-84.3970657961156, 33.7732619961917], [-84.3970730386724, 33.7732664692939], [-84.3971002239781, 33.7732786314225], [-84.397129033812, 33.7732878249762], [-84.3971380807763, 33.7732895744193], [-84.3971473384807, 33.7732901900908], [-84.3971566028261, 33.7732896570439], [-84.3971656719479, 33.7732879882786], [-84.3971743472805, 33.7732852193305], [-84.3971794659604, 33.773282778013], [-84.397184057107, 33.7732796902942], [-84.3971880043213, 33.7732760330318], [-84.397191207445, 33.773271900185], [-84.3971935847012, 33.7732673955966], [-84.3971950770099, 33.7732626320835], [-84.3971956469113, 33.7732577323406], [-84.3971973677362, 33.7731738186319], [-84.3972185785193, 33.7731554980039], [-84.3972224104605, 33.7731515343938], [-84.3972253838382, 33.7731470845936], [-84.3972274093904, 33.7731422795094], [-84.3972284313416, 33.773137256297], [-84.3972284187752, 33.7731321619833], [-84.397227371003, 33.7731271426374], [-84.3972253208065, 33.7731223442658], [-84.3972203635394, 33.7731145037391], [-84.3972143582467, 33.773107191735], [-84.3971991966924, 33.7730931921455], [-84.3971816643712, 33.7730812788981], [-84.3971695635047, 33.7730752703451], [-84.3971565737029, 33.7730707376531], [-84.397142952165, 33.773067769605]]]}, "properties": {"OBJECTID_1": 220, "OBJECTID": null, "Shape_Leng": null, "CreationDate": 1628109910586, "Creator": "wsims6_GTFacilities", "EditDate": 1628109910586, "Editor": "wsims6_GTFacilities", "Shape__Area": 1243.80078125, "Shape__Length": 275.43451273890884, "GlobalID": "2be558c2-42cd-40ad-b311-5c3a776e6e04"}}, {"type": "Feature", "id": 221, "geometry": {"type": "Polygon", "coordinates": [[[-84.3973956678903, 33.773042408188], [-84.3973978477364, 33.7730391816064], [-84.3974287519522, 33.7730563796534], [-84.3974235240496, 33.773062774932], [-84.3974143579327, 33.7730818160382], [-84.3974079708096, 33.7731016327791], [-84.3974044536998, 33.7731219436695], [-84.3974035498365, 33.773160139363], [-84.397402948612, 33.7732028887376], [-84.3974028541345, 33.7732103374662], [-84.3974031452457, 33.773215021007], [-84.3974043602781, 33.7732196000322], [-84.3974064632666, 33.7732239492791], [-84.3974093977447, 33.7732279480318], [-84.3974130824425, 33.7732314864406], [-84.3974174166944, 33.7732344691185], [-84.3974250190707, 33.7732382382383], [-84.3974331793132, 33.7732410803173], [-84.3974361619431, 33.7732416950772], [-84.397439225511, 33.7732418931222], [-84.3974422857882, 33.7732416691999], [-84.3974452607318, 33.773241027972], [-84.3974480683354, 33.7732399876248], [-84.3974506341767, 33.7732385762488], [-84.3974528871014, 33.773236832748], [-84.3974544879445, 33.7732351048931], [-84.3974557244096, 33.7732331802576], [-84.3974565631672, 33.7732311111998], [-84.3974569827787, 33.7732289554654], [-84.3974569704451, 33.7732267716859], [-84.3974568805883, 33.773187219962], [-84.397653117568, 33.7731879366253], [-84.397652868151, 33.7732289685957], [-84.3976530650791, 33.7732311394065], [-84.397653677537, 33.7732332562421], [-84.3976546880975, 33.773235262331], [-84.3976560717954, 33.7732371081291], [-84.3976577917888, 33.7732387441142], [-84.3976598047771, 33.7732401279899], [-84.3976620577598, 33.7732412237892], [-84.3976644912776, 33.7732420027704], [-84.3976670437386, 33.7732424461143], [-84.3976696481693, 33.7732425413229], [-84.3977690627123, 33.7732430413617], [-84.3977744632226, 33.7732434351892], [-84.3977797156005, 33.7732445524192], [-84.3977846826508, 33.7732463644558], [-84.3977892346801, 33.7732488219511], [-84.3977929629654, 33.7732508950814], [-84.3977969913067, 33.7732525312499], [-84.3978012462018, 33.7732536990363], [-84.3978056509407, 33.7732543787479], [-84.3978122398288, 33.7732546441167], [-84.3978188116209, 33.7732541719654], [-84.3978252486593, 33.7732529724326], [-84.3978303413589, 33.7732513173779], [-84.3978350273225, 33.7732489706156], [-84.3978391728502, 33.7732459991187], [-84.3978426604809, 33.7732424860591], [-84.3978453900791, 33.7732385335112], [-84.3978464516069, 33.7732361989476], [-84.3978810428455, 33.7732484894922], [-84.3978769078661, 33.7732529757472], [-84.39786560227, 33.7732637085592], [-84.3978522978425, 33.7732727031218], [-84.3978373739397, 33.7732797026543], [-84.3978212532649, 33.7732845098042], [-84.3978173799042, 33.7732851031331], [-84.3978134436463, 33.7732851916541], [-84.397810292301, 33.773285276], [-84.3978072004177, 33.7732857921261], [-84.3978042521718, 33.7732867254482], [-84.3978015273911, 33.7732880505706], [-84.3977991004782, 33.7732897321895], [-84.3977970382469, 33.7732917232938], [-84.3977953956199, 33.773293971485], [-84.3977942177738, 33.7732964135626], [-84.3977935358447, 33.7732989845495], [-84.3977933701576, 33.7733016140786], [-84.3977937237604, 33.7733042309138], [-84.3977935304559, 33.7733496493181], [-84.3974340593491, 33.7733478334338], [-84.3974346029765, 33.7733126012452], [-84.39743464686, 33.7733056124542], [-84.397433490327, 33.7732986917283], [-84.3974311564304, 33.773291980584], [-84.3974276930507, 33.7732856186877], [-84.3974231728787, 33.7732797375448], [-84.3974143201897, 33.7732707159315], [-84.397403861167, 33.7732629848806], [-84.397392063023, 33.7732567431573], [-84.3973840359541, 33.773249609862], [-84.3973773786785, 33.7732415534183], [-84.3973722417583, 33.7732327556786], [-84.397368741247, 33.7732234138883], [-84.3973669554482, 33.7732137397894], [-84.3973672854666, 33.7731330412662], [-84.3973694468948, 33.7731092462206], [-84.3973751755962, 33.7730858673814], [-84.3973843818717, 33.7730632763968], [-84.3973956678903, 33.773042408188]]]}, "properties": {"OBJECTID_1": 221, "OBJECTID": null, "Shape_Leng": null, "CreationDate": 1628109910586, "Creator": "wsims6_GTFacilities", "EditDate": 1628109910586, "Editor": "wsims6_GTFacilities", "Shape__Area": 896.76953125, "Shape__Length": 199.45034622561556, "GlobalID": "749e5078-0cf1-40c2-92b9-4a8ed3a213fd"}}, {"type": "Feature", "id": 222, "geometry": {"type": "Polygon", "coordinates": [[[-84.4031956483557, 33.7808582007419], [-84.4031964415681, 33.7809210345522], [-84.4031969104887, 33.7809582230608], [-84.4031972698148, 33.7809613037473], [-84.4031982624532, 33.7809642873689], [-84.4031998578611, 33.7809670835807], [-84.4032020102245, 33.7809696095044], [-84.4032046530681, 33.7809717897282], [-84.4027771358412, 33.7809708205739], [-84.4027775382865, 33.7809701859198], [-84.4027778041878, 33.7809695034798], [-84.4027779263587, 33.7809687934138], [-84.4027779003076, 33.7809680758813], [-84.402777727831, 33.7809673732817], [-84.4027774125224, 33.7809667050282], [-84.4027800023653, 33.7809666721755], [-84.4027825535807, 33.7809663033294], [-84.4027850041848, 33.780965606703], [-84.4027872930921, 33.7809645987228], [-84.4027893637089, 33.7809633062681], [-84.402791164831, 33.7809617599517], [-84.4027926524411, 33.7809599978528], [-84.4027937897083, 33.7809580640239], [-84.4027945487847, 33.7809560055041], [-84.4027949108058, 33.780953874559], [-84.4028060553052, 33.7808090724563], [-84.4028107984099, 33.7807474294769], [-84.4031695576866, 33.7807467425553], [-84.4031696457215, 33.7807787852029], [-84.4031870398003, 33.7808016738675], [-84.4032004300879, 33.7808016484813], [-84.4032005854965, 33.7808581589293], [-84.4031956483557, 33.7808582007419]]]}, "properties": {"OBJECTID_1": 222, "OBJECTID": null, "Shape_Leng": null, "CreationDate": 1628109910586, "Creator": "wsims6_GTFacilities", "EditDate": 1628109910586, "Editor": "wsims6_GTFacilities", "Shape__Area": 1304.5078125, "Shape__Length": 151.6891823896441, "GlobalID": "84aafcd5-e5e7-4c81-a58d-d2cbf54eb52c"}}, {"type": "Feature", "id": 223, "geometry": {"type": "MultiPolygon", "coordinates": [[[[-84.4031436790199, 33.7810326097362], [-84.4032193755573, 33.7810324641392], [-84.4032165126265, 33.7810326836547], [-84.4032137386289, 33.7810333130819], [-84.4032111389045, 33.7810343330077], [-84.4032087907083, 33.7810357128195], [-84.4032067677023, 33.7810374099582], [-84.4032051291752, 33.7810393736513], [-84.403203926331, 33.7810415441669], [-84.4032031951024, 33.7810438557995], [-84.4032029570488, 33.7810462368706], [-84.4032030711349, 33.7810874602268], [-84.4031438308352, 33.7810875737177], [-84.4031436790199, 33.7810326097362]]], [[[-84.4028015538473, 33.7810882292773], [-84.4028014253882, 33.7810414426223], [-84.4028012115892, 33.7810392638936], [-84.4028005854634, 33.781037140417], [-84.4027995640789, 33.7810351259515], [-84.4027981716903, 33.7810332712694], [-84.4031272236805, 33.7810326410956], [-84.4031273745975, 33.7810876050771], [-84.4028015538473, 33.7810882292773]]]]}, "properties": {"OBJECTID_1": 223, "OBJECTID": null, "Shape_Leng": null, "CreationDate": 1628109910586, "Creator": "wsims6_GTFacilities", "EditDate": 1628109910586, "Editor": "wsims6_GTFacilities", "Shape__Area": 316.3984375, "Shape__Length": 118.48326558715573, "GlobalID": "f821e782-dfbd-44bf-86c0-5e922db64a66"}}, {"type": "Feature", "id": 224, "geometry": {"type": "Polygon", "coordinates": [[[-84.4034826663772, 33.7810319594028], [-84.4034960351052, 33.78102980382], [-84.4034932979386, 33.7810304578867], [-84.4034907368417, 33.7810314927456], [-84.4034884281714, 33.7810328777841], [-84.4034864393014, 33.7810345719362], [-84.403484831317, 33.7810365251763], [-84.4034836500324, 33.7810386792656], [-84.4034829322785, 33.7810409692454], [-84.4034826978182, 33.781043327917], [-84.4034828181925, 33.7810869233847], [-84.4032458560952, 33.7810873780952], [-84.4032457429075, 33.7810461547389], [-84.4032455398883, 33.7810440103563], [-84.4032449362204, 33.7810419182392], [-84.4032439453786, 33.7810399306533], [-84.4032425934141, 33.7810380968775], [-84.4032409117679, 33.7810364609643], [-84.4032389435591, 33.7810350632328], [-84.4032367372968, 33.7810339395224], [-84.4032343459815, 33.7810331159659], [-84.4032318289021, 33.7810326142161], [-84.4032292489406, 33.7810324454729], [-84.4034826663772, 33.7810319594028]]]}, "properties": {"OBJECTID_1": 224, "OBJECTID": null, "Shape_Leng": null, "CreationDate": 1628109910586, "Creator": "wsims6_GTFacilities", "EditDate": 1628109910586, "Editor": "wsims6_GTFacilities", "Shape__Area": 195.37890625, "Shape__Length": 72.88199968471429, "GlobalID": "8770a1fd-bb83-47ba-b0b8-311d11744f80"}}, {"type": "Feature", "id": 225, "geometry": {"type": "Polygon", "coordinates": [[[-84.4034536894211, 33.780948729379], [-84.4034540406623, 33.7809521512858], [-84.4034550692333, 33.7809554768744], [-84.4034567454897, 33.7809586157998], [-84.4034590254139, 33.7809614799572], [-84.4034618443272, 33.7809639902014], [-84.4034648482935, 33.7809659262701], [-84.4034681765517, 33.7809674539201], [-84.4034717473549, 33.7809685373122], [-84.4034754762616, 33.7809691510601], [-84.4034792743387, 33.7809692794842], [-84.4034830517544, 33.7809689203447], [-84.4034833634698, 33.7809702695448], [-84.4034756586197, 33.7809715119737], [-84.4032280919105, 33.7809718666334], [-84.4032281098768, 33.7809704927937], [-84.4032304526831, 33.7809703546631], [-84.4032327406921, 33.7809699118985], [-84.4032349155134, 33.7809691742063], [-84.4032369232481, 33.7809681602529], [-84.4032387126921, 33.7809668961711], [-84.4032402407264, 33.7809654133202], [-84.4032414678251, 33.7809637490328], [-84.4032423643437, 33.7809619443747], [-84.4032429060279, 33.7809600448919], [-84.4032430811993, 33.7809580976233], [-84.4032429644184, 33.7809156190821], [-84.4034535977929, 33.7809152151431], [-84.4034536894211, 33.780948729379]]]}, "properties": {"OBJECTID_1": 225, "OBJECTID": null, "Shape_Leng": null, "CreationDate": 1628109910586, "Creator": "wsims6_GTFacilities", "EditDate": 1628109910586, "Editor": "wsims6_GTFacilities", "Shape__Area": 180.1953125, "Shape__Length": 69.87977100620954, "GlobalID": "b333a4cf-279d-4676-82db-4eb894b21e6d"}}, {"type": "Feature", "id": 227, "geometry": {"type": "Polygon", "coordinates": [[[-84.3999698368422, 33.7800402114946], [-84.3999710360793, 33.779900684965], [-84.3999716231358, 33.7799037485687], [-84.3999731167305, 33.7799082359696], [-84.399975175798, 33.7799126050867], [-84.3999777438001, 33.7799167117626], [-84.3999814587451, 33.7799213049651], [-84.3999858972, 33.7799255262208], [-84.3999909707341, 33.7799290177411], [-84.3999948269752, 33.779930766867], [-84.3999989738624, 33.7799321881439], [-84.4000031175031, 33.7799336067217], [-84.4000757735335, 33.7799352581965], [-84.4000776948457, 33.7799350156248], [-84.4000796193947, 33.7799347721453], [-84.4000814484069, 33.7799343376963], [-84.4000832205187, 33.7799336256463], [-84.4000848960017, 33.7799327181207], [-84.4000843934366, 33.7800029982994], [-84.4000810261013, 33.7800019641628], [-84.4000772783698, 33.7800008117276], [-84.4000234804939, 33.779998044416], [-84.4000182416103, 33.7799984826071], [-84.4000130005695, 33.7799989217037], [-84.4000079747258, 33.7799998788428], [-84.4000033191073, 33.7800015836525], [-84.3999988689166, 33.7800037875884], [-84.3999946331673, 33.7800062309581], [-84.3999889690744, 33.780009934832], [-84.3999837208755, 33.7800141058766], [-84.3999792285193, 33.7800186794318], [-84.3999748022336, 33.7800261165071], [-84.3999718952141, 33.7800343667045], [-84.3999698368422, 33.7800402114946]]]}, "properties": {"OBJECTID_1": 227, "OBJECTID": null, "Shape_Leng": null, "CreationDate": 1628109910586, "Creator": "wsims6_GTFacilities", "EditDate": 1628109910586, "Editor": "wsims6_GTFacilities", "Shape__Area": 123.3359375, "Shape__Length": 59.06516294875758, "GlobalID": "9a475439-1f4e-476b-9a31-9ecf26bd45f1"}}, {"type": "Feature", "id": 229, "geometry": {"type": "Polygon", "coordinates": [[[-84.4040394185336, 33.7795777423368], [-84.4040390464078, 33.7795849292149], [-84.4040399774413, 33.779592078422], [-84.4040421917512, 33.7795990276989], [-84.4040456424608, 33.7796056148384], [-84.4039799812511, 33.7796051243962], [-84.4039772623747, 33.7796051043785], [-84.4039756130649, 33.7795978663871], [-84.403971875989, 33.7795911932376], [-84.4039662747241, 33.779585501063], [-84.4039591611707, 33.7795811453387], [-84.403950978764, 33.7795783930022], [-84.403942231141, 33.7795774153003], [-84.403634844315, 33.7795745544221], [-84.4033887366484, 33.7795716464745], [-84.4034149854054, 33.7793341849636], [-84.4035033361882, 33.7793330686999], [-84.4037601652581, 33.7793305468151], [-84.4037595319348, 33.7793416978546], [-84.4037792658767, 33.779342239701], [-84.4037797350394, 33.7793302919168], [-84.4040412112272, 33.7793312526142], [-84.4040379506214, 33.7794213699383], [-84.4040381363145, 33.7794315384068], [-84.4041043611687, 33.7794309078827], [-84.4041013749322, 33.7795128250603], [-84.4040401194351, 33.779513599305], [-84.4040394185336, 33.7795777423368]]]}, "properties": {"OBJECTID_1": 229, "OBJECTID": null, "Shape_Leng": null, "CreationDate": 1628109910586, "Creator": "wsims6_GTFacilities", "EditDate": 1628109910586, "Editor": "wsims6_GTFacilities", "Shape__Area": 2419.30859375, "Shape__Length": 230.95268709997583, "GlobalID": "2ece3dda-4679-4316-9017-6e7577d2d864"}}, {"type": "Feature", "id": 230, "geometry": {"type": "Polygon", "coordinates": [[[-84.3919157674377, 33.7813908687745], [-84.3919157647427, 33.7813874416587], [-84.3919174104564, 33.7813875454428], [-84.3919173457777, 33.7812792738976], [-84.3919056497127, 33.7812291625158], [-84.3918980643384, 33.7812202587174], [-84.3918888700815, 33.7812124726529], [-84.3918783014021, 33.7812060021848], [-84.391866627795, 33.7812010138165], [-84.3918541483991, 33.7811976329853], [-84.3918411794213, 33.7811959477963], [-84.3918280532384, 33.7811960008084], [-84.3917400443917, 33.7812022793882], [-84.3917090866504, 33.7808997019434], [-84.3916948240986, 33.7808120165106], [-84.3916751042815, 33.7807250634556], [-84.391649978403, 33.7806390794705], [-84.3916195165317, 33.7805542952746], [-84.3915837986177, 33.780470940095], [-84.3916237745462, 33.7804581483777], [-84.3916261209457, 33.7804572098305], [-84.3916282607327, 33.7804559778473], [-84.3916301427032, 33.7804544815478], [-84.3916317183482, 33.7804527582646], [-84.3916329490402, 33.7804508513039], [-84.3916338051346, 33.780448807705], [-84.3916342659704, 33.7804466774939], [-84.3916343180727, 33.7804445144299], [-84.3916339623398, 33.7804423700321], [-84.3916332059583, 33.7804402995534], [-84.3916121710077, 33.7803979797933], [-84.3916109645702, 33.7803960526716], [-84.3916094059932, 33.7803943084809], [-84.3916075348025, 33.7803927920205], [-84.3916053977104, 33.78039154137], [-84.3916030495143, 33.7803905878889], [-84.3916005486045, 33.7803899562171], [-84.3915979596598, 33.7803896620342], [-84.3915953464607, 33.7803897128069], [-84.3915927763807, 33.7803901070418], [-84.3915493293619, 33.7803998367292], [-84.3915374455491, 33.7803734543482], [-84.3915299221586, 33.7803470682258], [-84.3915042590875, 33.7802566539382], [-84.3915030634299, 33.7802519940442], [-84.3914978855406, 33.7802318111227], [-84.3914895258185, 33.7801992299297], [-84.3914770059984, 33.7801447536932], [-84.3914728234425, 33.7801265464071], [-84.391465200339, 33.7800923038563], [-84.3914557051464, 33.7800433162502], [-84.3914520822409, 33.7800220035826], [-84.3914480515002, 33.7799969031013], [-84.3914440998113, 33.7799744741645], [-84.3914425816584, 33.7799587502361], [-84.3914304445206, 33.7798575851043], [-84.3914259870802, 33.7797799464406], [-84.3914260185212, 33.7797219815286], [-84.3914685079358, 33.7797212602523], [-84.3914713124762, 33.7797210063869], [-84.3914740235917, 33.7797203597768], [-84.391476563129, 33.779719338342], [-84.3914788556296, 33.7797179719489], [-84.3914808346182, 33.7797163009173], [-84.3914824426025, 33.7797143737803], [-84.3914836310736, 33.7797122472842], [-84.3914843667939, 33.7797099841488], [-84.3914846273053, 33.7797076493336], [-84.3914848545791, 33.7796872833515], [-84.3914846147289, 33.7796846618171], [-84.391483831398, 33.7796821149489], [-84.3914825279425, 33.7796797196533], [-84.3914807438883, 33.7796775491032], [-84.3914785340327, 33.7796756690051], [-84.3914759639527, 33.7796741361054], [-84.3914731135983, 33.7796729974439], [-84.3914700683095, 33.7796722873671], [-84.3914669206127, 33.7796720282749], [-84.3914265143913, 33.7796717169163], [-84.3914266132059, 33.779668958742], [-84.3916166518043, 33.7796719185155], [-84.3917550642233, 33.7796727607516], [-84.3917563533057, 33.7796734125887], [-84.3917577465927, 33.7796738926932], [-84.3917592117449, 33.7796741898651], [-84.3917607146264, 33.7796742973847], [-84.3918700620544, 33.7796751426075], [-84.391869667694, 33.7797108674511], [-84.3918698572385, 33.7797131037066], [-84.3918704833642, 33.7797152847091], [-84.3918715290032, 33.7797173522187], [-84.3918729654094, 33.7797192502357], [-84.3918747539551, 33.7797209279873], [-84.3918768488263, 33.7797223414201], [-84.3918791916326, 33.7797234524544], [-84.3918817212884, 33.7797242312238], [-84.3918843695219, 33.7797246575682], [-84.3918883876862, 33.7797241356509], [-84.3918922486453, 33.7797230738963], [-84.3918958481946, 33.7797215006777], [-84.3918990893161, 33.7797194585547], [-84.3919018848733, 33.7797170027804], [-84.3919041585093, 33.7797141998078], [-84.3919058482403, 33.7797111257964], [-84.391906910049, 33.7797078621326], [-84.3919073151892, 33.7797044991624], [-84.3919083302855, 33.7796610217105], [-84.3919080410279, 33.779656770209], [-84.3919069639479, 33.7796526060669], [-84.3919051241982, 33.7796486308305], [-84.3919025675929, 33.7796449400728], [-84.3918993552175, 33.7796416218999], [-84.3918955634286, 33.7796387569517], [-84.3918912847529, 33.7796364139214], [-84.3918866215983, 33.7796346495552], [-84.3918816853558, 33.7796335056666], [-84.3919620405563, 33.779634470356], [-84.3919620971502, 33.7796422856838], [-84.3919621582356, 33.779650564689], [-84.3919620001321, 33.7796534856365], [-84.3919627888529, 33.7796586331343], [-84.3919638722212, 33.7796615346682], [-84.3919670217146, 33.779666567926], [-84.3919704478891, 33.7796698980445], [-84.3919740465401, 33.779672453873], [-84.3919785713542, 33.7796746050099], [-84.391981878951, 33.7796755891122], [-84.3920415567303, 33.7796756488452], [-84.3920407868741, 33.779776626033], [-84.3920403305299, 33.7798951309789], [-84.3920362800263, 33.7800777484721], [-84.3920332284493, 33.7802326361803], [-84.3920326822736, 33.7802325988474], [-84.3920326014252, 33.7802644819024], [-84.3919896637513, 33.7802637830304], [-84.3919870783999, 33.7802639144422], [-84.3919845496424, 33.7802643818502], [-84.3919821403608, 33.7802651718145], [-84.3919799098439, 33.7802662656687], [-84.3919779119907, 33.780267636533], [-84.3919761980052, 33.7802692508078], [-84.3919748092097, 33.7802710674269], [-84.3919737788421, 33.7802730430842], [-84.3919731347501, 33.7802751285001], [-84.3919728904083, 33.7802772714087], [-84.3919723334528, 33.7803028534022], [-84.3919709536406, 33.7803148872851], [-84.3919673199552, 33.7803265933837], [-84.3919615222284, 33.7803376797549], [-84.3919537032922, 33.7803478738691], [-84.391944058081, 33.7803569218632], [-84.39193282375, 33.7803645997402], [-84.3919202805737, 33.7803707185962], [-84.3919067366742, 33.780375125367], [-84.3918925298179, 33.780377712534], [-84.391800733674, 33.7803880641881], [-84.3917956644809, 33.7803889870562], [-84.3917908315446, 33.7803905587693], [-84.3917863543412, 33.7803927405012], [-84.3917823451601, 33.7803954784924], [-84.3917789010193, 33.7803987047972], [-84.3917761072588, 33.7804023402699], [-84.3917740339471, 33.7804062945649], [-84.3917727322883, 33.7804104698702], [-84.3917722337233, 33.7804147638937], [-84.3917718842787, 33.7804297336151], [-84.3917720603484, 33.7804320572108], [-84.3917727080337, 33.7804343233138], [-84.3917738075717, 33.780436464725], [-84.3917753275211, 33.7804384209654], [-84.3917772238647, 33.7804401352889], [-84.3917794418051, 33.7804415576698], [-84.391781917562, 33.7804426470417], [-84.3917845801686, 33.7804433727919], [-84.3917873514712, 33.7804437132673], [-84.3917901524183, 33.7804436587614], [-84.3919220763059, 33.7804314277792], [-84.3919419632097, 33.7804308521069], [-84.3919617270443, 33.7804327807211], [-84.3919809123638, 33.7804371695689], [-84.3919990789938, 33.7804439185979], [-84.3920158110143, 33.7804528717564], [-84.3920307221497, 33.7804638237131], [-84.3920418837171, 33.7804732771293], [-84.3920585959746, 33.7804898767909], [-84.3920719745841, 33.7805084476212], [-84.392081687169, 33.7805285304255], [-84.3920874947773, 33.7805496309169], [-84.3920892545769, 33.7805712264355], [-84.3920881703104, 33.7806558187244], [-84.3920873178092, 33.7807223008354], [-84.3920885251449, 33.7807340987167], [-84.392090263385, 33.7807510970409], [-84.3921403525469, 33.7807515457799], [-84.392135420796, 33.7807533011632], [-84.3921308959819, 33.7807556979221], [-84.3921268993772, 33.7807586733377], [-84.3921235369831, 33.7807621482646], [-84.3921208968345, 33.7807660308642], [-84.3921192304597, 33.7807696775211], [-84.392092138169, 33.7807694348586], [-84.3921073044259, 33.7809177171754], [-84.3921073735962, 33.7809296419608], [-84.3921051529609, 33.7809414233872], [-84.392100697317, 33.780952758314], [-84.3920941225475, 33.7809633577871], [-84.3920311201033, 33.7810475427638], [-84.3920203286418, 33.7810644969734], [-84.392012471078, 33.7810825323303], [-84.3920077019222, 33.7811012994013], [-84.3920061110058, 33.7811204345669], [-84.3920076605997, 33.7813796421696], [-84.3920062673127, 33.7813796294766], [-84.3920069069132, 33.7813916415555], [-84.3919157674377, 33.7813908687745]], [[-84.3919725194041, 33.7811603505027], [-84.3919421024486, 33.7811271462095], [-84.3918963314882, 33.7811351719567], [-84.3918911203613, 33.7811892914111], [-84.3919719974829, 33.7811881512764], [-84.3919725194041, 33.7811603505027]], [[-84.3919699592055, 33.7808666961589], [-84.391934501803, 33.7805201484667], [-84.3919925455467, 33.7805415476224], [-84.3919992667417, 33.7805352047818], [-84.391994008004, 33.7805137921848], [-84.3919759527651, 33.7804966235758], [-84.3919484795888, 33.7804866228632], [-84.391929339185, 33.7804860561512], [-84.3918273229081, 33.7804955140448], [-84.391815945745, 33.7805009586611], [-84.3918127109117, 33.7805099521331], [-84.3918164676662, 33.7805172402419], [-84.39183037718, 33.7805220905187], [-84.3918749201434, 33.7805189127512], [-84.3919253488685, 33.7810117998114], [-84.3918794359744, 33.781015075372], [-84.3918644403973, 33.7810299352307], [-84.3918674021428, 33.7810588814098], [-84.3918736616037, 33.7810728019738], [-84.3918924777157, 33.7810832588217], [-84.3919091432608, 33.7810829892807], [-84.3919228066363, 33.7810765113364], [-84.3920407590263, 33.7809167009815], [-84.3920375053284, 33.7808993659498], [-84.3920222887658, 33.780887181325], [-84.3919699592055, 33.7808666961589]], [[-84.3918679662848, 33.7802833514448], [-84.3918065197227, 33.7802824547086], [-84.39177952984, 33.7802865180212], [-84.3917747301415, 33.7803078044899], [-84.3917929982811, 33.780321729656], [-84.3918787676278, 33.7803137770051], [-84.3918935179647, 33.7802981121249], [-84.3918897396507, 33.7802893919076], [-84.3918773078655, 33.7802834880832], [-84.3918679662848, 33.7802833514448]], [[-84.3916758642562, 33.7802981210849], [-84.3916963925571, 33.7802793725044], [-84.3916970905481, 33.7802494613793], [-84.3916938413417, 33.7802127183181], [-84.3916816026943, 33.7802078575706], [-84.3916497547225, 33.7802073393895], [-84.3916440540137, 33.779983231747], [-84.3916263419313, 33.7799829734024], [-84.3916038930323, 33.7799826456184], [-84.3915872912675, 33.7799981798906], [-84.3916286254487, 33.7801940675312], [-84.3916509665498, 33.7802835231761], [-84.3916758642562, 33.7802981210849]], [[-84.3918954358679, 33.7797903690998], [-84.3917967182047, 33.7797889302816], [-84.3917866741415, 33.7797970129004], [-84.3917962124532, 33.7798122858746], [-84.3918949301164, 33.7798137261857], [-84.3919051340797, 33.7797987742766], [-84.3918954358679, 33.7797903690998]], [[-84.3917076987533, 33.7797958936538], [-84.3916979996432, 33.7797874899701], [-84.3915992810817, 33.7797860496585], [-84.3915892379168, 33.7797941322776], [-84.3915987762284, 33.7798094059989], [-84.39169749479, 33.7798108463101], [-84.3917076987533, 33.7797958936538]]]}, "properties": {"OBJECTID_1": 230, "OBJECTID": null, "Shape_Leng": null, "CreationDate": 1628109910586, "Creator": "wsims6_GTFacilities", "EditDate": 1628109910586, "Editor": "wsims6_GTFacilities", "Shape__Area": 9658.38671875, "Shape__Length": 1099.3214287204805, "GlobalID": "de0ee5e8-3b1b-4178-bf07-42537af828bb"}}, {"type": "Feature", "id": 231, "geometry": {"type": "Polygon", "coordinates": [[[-84.3921396296541, 33.7809411623018], [-84.3921398649843, 33.7809390790567], [-84.392150196811, 33.7809524839672], [-84.3921498960523, 33.7809543220827], [-84.3921396296541, 33.7809411623018]]]}, "properties": {"OBJECTID_1": 231, "OBJECTID": null, "Shape_Leng": null, "CreationDate": 1628109910586, "Creator": "wsims6_GTFacilities", "EditDate": 1628109910586, "Editor": "wsims6_GTFacilities", "Shape__Area": 0.35546875, "Shape__Length": 4.76143163489134, "GlobalID": "9ed04f2d-e93e-4703-b051-d02ccad1aedc"}}, {"type": "Feature", "id": 232, "geometry": {"type": "Polygon", "coordinates": [[[-84.392168274332, 33.7807485280011], [-84.3921692221614, 33.780748448727], [-84.3921709699063, 33.7807664244662], [-84.3921707270019, 33.7807664411398], [-84.392168274332, 33.7807485280011]]]}, "properties": {"OBJECTID_1": 232, "OBJECTID": null, "Shape_Leng": null, "CreationDate": 1628109910586, "Creator": "wsims6_GTFacilities", "EditDate": 1628109910586, "Editor": "wsims6_GTFacilities", "Shape__Area": 0.1640625, "Shape__Length": 4.963140092289867, "GlobalID": "9f2ca6c1-7eb5-4155-b347-fd2281f8baff"}}, {"type": "Feature", "id": 233, "geometry": {"type": "Polygon", "coordinates": [[[-84.3921145241859, 33.7804100532357], [-84.3920869225505, 33.7803867470851], [-84.3920865111221, 33.7803870681476], [-84.3920753926738, 33.7803770114229], [-84.3920612433098, 33.7803650634143], [-84.3920569089385, 33.7803619685199], [-84.3920520113236, 33.7803595217239], [-84.3920466888055, 33.7803577924656], [-84.3920410931996, 33.780356830771], [-84.3920353817111, 33.7803566635197], [-84.3920297187315, 33.7803572944452], [-84.3920285419385, 33.7803528398874], [-84.3920323436088, 33.7803523008008], [-84.3920712783898, 33.7803201482351], [-84.3920695428447, 33.7803186832927], [-84.3920729474596, 33.7803158721266], [-84.3921229575698, 33.7803591782615], [-84.3921234570331, 33.7803596277493], [-84.392149108426, 33.7803814592595], [-84.392146489837, 33.7803836559247], [-84.3921407046865, 33.7803787705472], [-84.3921126233508, 33.7804019602215], [-84.3921184085012, 33.7804068455977], [-84.3921145241859, 33.7804100532357]]]}, "properties": {"OBJECTID_1": 233, "OBJECTID": null, "Shape_Leng": null, "CreationDate": 1628109910586, "Creator": "wsims6_GTFacilities", "EditDate": 1628109910586, "Editor": "wsims6_GTFacilities", "Shape__Area": 63.76171875, "Shape__Length": 39.76814713389856, "GlobalID": "622b769a-a148-4cbb-b4f2-bd8103ec0726"}}, {"type": "Feature", "id": 234, "geometry": {"type": "Polygon", "coordinates": [[[-84.4012169759918, 33.773778824279], [-84.4012118493064, 33.7737797083891], [-84.4012069561831, 33.7737812563286], [-84.4012024187926, 33.7737834277748], [-84.4011983521193, 33.7737861697109], [-84.4011948594695, 33.7737894111989], [-84.4011920279797, 33.7737930723404], [-84.4011899286169, 33.7737970590493], [-84.4011886152799, 33.7738012720125], [-84.4011725713689, 33.7738723465068], [-84.4011004698893, 33.7738607059838], [-84.4011165632076, 33.7737893641559], [-84.4011171309429, 33.7737847882889], [-84.4011167734134, 33.7737801974873], [-84.4011155005006, 33.7737757201861], [-84.4011133481372, 33.77377148258], [-84.4011103765102, 33.7737676011568], [-84.4011066682648, 33.77376418643], [-84.401102326707, 33.7737613332328], [-84.4010974749061, 33.7737591207167], [-84.4012169759918, 33.773778824279]]]}, "properties": {"OBJECTID_1": 234, "OBJECTID": null, "Shape_Leng": null, "CreationDate": 1628109910586, "Creator": "wsims6_GTFacilities", "EditDate": 1628109910586, "Editor": "wsims6_GTFacilities", "Shape__Area": 113.5078125, "Shape__Length": 50.734550686119064, "GlobalID": "ab03ee46-2312-44f6-9383-015c11d1f133"}}, {"type": "Feature", "id": 235, "geometry": {"type": "Polygon", "coordinates": [[[-84.4014249305902, 33.7738119350945], [-84.4014164855281, 33.7738126034039], [-84.4014083018759, 33.7738144627227], [-84.4014006221786, 33.7738174577939], [-84.4013936710149, 33.7738215005052], [-84.4013876540991, 33.7738264713821], [-84.4013827492977, 33.7738322248153], [-84.4013790994427, 33.7738385905537], [-84.4013768132303, 33.7738453811718], [-84.401333341957, 33.774034391474], [-84.4013324508283, 33.7740414912156], [-84.4013330473096, 33.7740486126113], [-84.4013351125365, 33.7740555421013], [-84.401338584525, 33.7740620706064], [-84.4013433608674, 33.7740680032346], [-84.4013492960365, 33.7740731622687], [-84.4013562139625, 33.7740773923926], [-84.4013639062363, 33.7740805666656], [-84.4013721410925, 33.7740825902552], [-84.4014990380078, 33.7741037767128], [-84.4015034217864, 33.7741041836707], [-84.4015078262263, 33.7741039775783], [-84.4015121273598, 33.7741031651558], [-84.4015162057112, 33.7741017680579], [-84.4015199471944, 33.7740998266071], [-84.4015232476047, 33.7740973938197], [-84.4015260144158, 33.7740945383934], [-84.4015281712708, 33.7740913402262], [-84.401529656186, 33.7740878874301], [-84.4015304287371, 33.7740842778243], [-84.401530468263, 33.7740806114683], [-84.4015297720687, 33.7740769906615], [-84.4015134829176, 33.7740214121173], [-84.4016669160664, 33.773990050931], [-84.4016864750851, 33.7740567876173], [-84.4016872763823, 33.7740588313688], [-84.4016884540737, 33.7740607459389], [-84.4016899776164, 33.7740624827915], [-84.4016918101796, 33.7740640001107], [-84.4016939059491, 33.7740652598141], [-84.4016962128228, 33.7740662312866], [-84.401698675105, 33.7740668898868], [-84.401701230812, 33.7740672191868], [-84.4017038170617, 33.7740672124664], [-84.4017063700737, 33.7740668682321], [-84.4017095662795, 33.7740662141122], [-84.4017665347399, 33.7741641251956], [-84.4017280545064, 33.7741797396744], [-84.4017255913259, 33.7741809762281], [-84.4017234218944, 33.7741825488018], [-84.4017216135858, 33.7741844096059], [-84.4017202194004, 33.7741865026372], [-84.4017192815593, 33.7741887644252], [-84.4017188297067, 33.774191127019], [-84.4017188764191, 33.7741935187346], [-84.4017194207982, 33.7741958678876], [-84.4017204457759, 33.7741981035404], [-84.4017398619625, 33.7742314747959], [-84.4016470309593, 33.7742691418634], [-84.4016470695869, 33.7742692098141], [-84.4016041669472, 33.7742867694539], [-84.4016041956933, 33.7742973899131], [-84.4015828050098, 33.7742974302354], [-84.4015829505368, 33.7743508401557], [-84.4012734656501, 33.7743514293096], [-84.4012722484329, 33.7742827260179], [-84.4012705775664, 33.774282728258], [-84.4012704598871, 33.7742395855674], [-84.401269821185, 33.7742331750562], [-84.4012679544858, 33.7742269325544], [-84.4012649074004, 33.7742210193517], [-84.4012377800754, 33.7741782649198], [-84.4012351884358, 33.7741748188476], [-84.4012320110947, 33.7741717297032], [-84.4012283181205, 33.7741690661842], [-84.4012241912601, 33.7741668857872], [-84.4012197221416, 33.7741652385421], [-84.401215007783, 33.7741641587976], [-84.4011593805073, 33.7741553102681], [-84.401174856683, 33.7740877283805], [-84.4011813119767, 33.7740900170527], [-84.401185424464, 33.7740904053429], [-84.401189558511, 33.7740902537603], [-84.4011936135062, 33.7740895652919], [-84.4011974888383, 33.7740883578587], [-84.4012010883876, 33.7740866605823], [-84.401204323221, 33.774084514532], [-84.4012071142866, 33.7740819749645], [-84.4012093924141, 33.7740791023633], [-84.4012111001115, 33.7740759691594], [-84.4012121969544, 33.7740726515176], [-84.4012725278089, 33.7738146374538], [-84.4012731224936, 33.7738103042703], [-84.4012728862367, 33.7738059479384], [-84.4012718253264, 33.7738016774784], [-84.4012699658137, 33.7737975989239], [-84.4012673553095, 33.7737938168149], [-84.4012640584924, 33.7737904237439], [-84.4012601589058, 33.7737875070768], [-84.4012557535676, 33.773785138498], [-84.4014249305902, 33.7738119350945]]]}, "properties": {"OBJECTID_1": 235, "OBJECTID": null, "Shape_Leng": null, "CreationDate": 1628109910586, "Creator": "wsims6_GTFacilities", "EditDate": 1628109910586, "Editor": "wsims6_GTFacilities", "Shape__Area": 2467.25, "Shape__Length": 296.7834561625474, "GlobalID": "c073dd02-bdcf-4c6a-8354-bb2afc4159ac"}}]}