{"type": "FeatureCollection", "features": [{"type": "Feature", "id": 1, "geometry": {"type": "Polygon", "coordinates": [[[-84.4011753835576, 33.7703800088072], [-84.4010946379543, 33.7704059864441], [-84.4010578819216, 33.7703351133017], [-84.4011482255856, 33.7703032404805], [-84.4011753835576, 33.7703800088072]]]}, "properties": {"OBJECTID_1": 1, "OBJECTID": 1, "Shape_Leng": 113.329505081, "CreationDate": 1628109913579, "Creator": "wsims6_GTFacilities", "EditDate": 1628109913579, "Editor": "wsims6_GTFacilities", "Shape__Area": 107.91796875, "Shape__Length": 41.61460228057592, "GlobalID": "036bbcb9-cdba-44d0-86c2-22ffe4b0e09d"}}, {"type": "Feature", "id": 2, "geometry": {"type": "Polygon", "coordinates": [[[-84.4009149935124, 33.7703900878632], [-84.4009505825911, 33.7704550953059], [-84.4008713145202, 33.7704880848514], [-84.4008377017365, 33.7704236615141], [-84.4009149935124, 33.7703900878632]]]}, "properties": {"OBJECTID_1": 2, "OBJECTID": 2, "Shape_Leng": 104.967991219, "CreationDate": 1628109913579, "Creator": "wsims6_GTFacilities", "EditDate": 1628109913579, "Editor": "wsims6_GTFacilities", "Shape__Area": 92.6796875, "Shape__Length": 38.54440484987006, "GlobalID": "4571a628-850b-43c7-aad3-fd4866a62879"}}, {"type": "Feature", "id": 3, "geometry": {"type": "Polygon", "coordinates": [[[-84.4008292585384, 33.7704080284457], [-84.4007857002175, 33.7703106667448], [-84.4008607582344, 33.7702850634682], [-84.4009050997112, 33.7703742204184], [-84.4008292585384, 33.7704080284457]]]}, "properties": {"OBJECTID_1": 3, "OBJECTID": 3, "Shape_Leng": 123.710292153, "CreationDate": 1628109913579, "Creator": "wsims6_GTFacilities", "EditDate": 1628109913579, "Editor": "wsims6_GTFacilities", "Shape__Area": 124.359375, "Shape__Length": 45.44160535035104, "GlobalID": "d347f504-19ca-48f6-8aad-107edd06c406"}}, {"type": "Feature", "id": 4, "geometry": {"type": "Polygon", "coordinates": [[[-84.4007562049929, 33.7704410638325], [-84.4006348650655, 33.7704961540848], [-84.4005834631024, 33.7704138016703], [-84.4007161436053, 33.7703571733826], [-84.4007562049929, 33.7704410638325]]]}, "properties": {"OBJECTID_1": 4, "OBJECTID": 4, "Shape_Leng": 153.904838475, "CreationDate": 1628109913579, "Creator": "wsims6_GTFacilities", "EditDate": 1628109913579, "Editor": "wsims6_GTFacilities", "Shape__Area": 195.46484375, "Shape__Length": 56.505062269983824, "GlobalID": "2f43d0e4-fb6d-43b7-9862-cdd5a25f4975"}}, {"type": "Feature", "id": 5, "geometry": {"type": "Polygon", "coordinates": [[[-84.4007639575741, 33.7704564331299], [-84.400796579952, 33.770519146127], [-84.4006850955441, 33.7705756630813], [-84.4006465367236, 33.7705123175294], [-84.4007639575741, 33.7704564331299]]]}, "properties": {"OBJECTID_1": 5, "OBJECTID": 5, "Shape_Leng": 131.437532878, "CreationDate": 1628109913579, "Creator": "wsims6_GTFacilities", "EditDate": 1628109913579, "Editor": "wsims6_GTFacilities", "Shape__Area": 137.359375, "Shape__Length": 48.25491511086004, "GlobalID": "9816ab2a-6334-4a3a-ab78-0a893fec026a"}}, {"type": "Feature", "id": 6, "geometry": {"type": "Polygon", "coordinates": [[[-84.401048035752, 33.770316127862], [-84.4010048752378, 33.7702329043015], [-84.4011188943649, 33.7701911963995], [-84.4011424561874, 33.7702830940889], [-84.401048035752, 33.770316127862]]]}, "properties": {"OBJECTID_1": 6, "OBJECTID": 6, "Shape_Leng": 136.133265996, "CreationDate": 1628109913579, "Creator": "wsims6_GTFacilities", "EditDate": 1628109913579, "Editor": "wsims6_GTFacilities", "Shape__Area": 154.625, "Shape__Length": 49.990112139814826, "GlobalID": "b3e6ffe3-0381-4bc3-a86a-2ff1666327d1"}}, {"type": "Feature", "id": 7, "geometry": {"type": "Polygon", "coordinates": [[[-84.391348879233, 33.7816849451114], [-84.3913724415812, 33.7817901402635], [-84.391373791835, 33.7823071735887], [-84.3913831644601, 33.7837976383909], [-84.3913778628362, 33.784390179809], [-84.3913892950134, 33.7850959353561], [-84.3913887677065, 33.7864674528072], [-84.3913588804527, 33.7865635934527], [-84.3906807412307, 33.7865579630865], [-84.3906851967557, 33.7861644601542], [-84.3906863189112, 33.7855433288504], [-84.3906848802899, 33.7849908349073], [-84.390692435805, 33.7842095486486], [-84.3907001699312, 33.7834968938557], [-84.3906981386323, 33.7827167690084], [-84.3907046145109, 33.7820475849439], [-84.390707750209, 33.7816735291364], [-84.391348879233, 33.7816849451114]]]}, "properties": {"OBJECTID_1": 7, "OBJECTID": 7, "Shape_Leng": 3955.29155655, "CreationDate": 1628109913579, "Creator": "wsims6_GTFacilities", "EditDate": 1628109913579, "Editor": "wsims6_GTFacilities", "Shape__Area": 50075.98828125, "Shape__Length": 1455.202697276346, "GlobalID": "4a4a3ed8-0f39-4c35-a1f6-859bf5567cee"}}, {"type": "Feature", "id": 9, "geometry": {"type": "Polygon", "coordinates": [[[-84.3969668537432, 33.7727112341434], [-84.397455065949, 33.7730399537328], [-84.397451050939, 33.7730428807919], [-84.397442721753, 33.7730462829741], [-84.3974352151011, 33.7730508278149], [-84.3974289997051, 33.7730561664001], [-84.3974103127288, 33.7730460947154], [-84.3973978477364, 33.7730391816064], [-84.3973990188503, 33.7730374473422], [-84.3974014511241, 33.7730321266512], [-84.3974029121223, 33.7730265634282], [-84.3974032406506, 33.7730242617965], [-84.3973984850247, 33.7730219678667], [-84.3973968701589, 33.7730212829248], [-84.397390043421, 33.7730172653002], [-84.3973722144968, 33.7730066789653], [-84.3973541228944, 33.7729959722972], [-84.3973360829537, 33.7729852033159], [-84.3973181323615, 33.7729743340815], [-84.3972970028719, 33.7729613194418], [-84.3972759982554, 33.7729481648089], [-84.397255131444, 33.7729348611423], [-84.3972443463233, 33.7729279015996], [-84.3972138349872, 33.7729203017658], [-84.3972044339589, 33.772918966848], [-84.3972025117445, 33.772918414119], [-84.3970701129111, 33.772826889354], [-84.397069986349, 33.772826799425], [-84.3969224974338, 33.7727248407942], [-84.3969222178147, 33.7727244427854], [-84.3969261177274, 33.7727232886072], [-84.3969668537432, 33.7727112341434]]]}, "properties": {"OBJECTID_1": 9, "OBJECTID": null, "Shape_Leng": null, "CreationDate": 1628109913579, "Creator": "wsims6_GTFacilities", "EditDate": 1628109913579, "Editor": "wsims6_GTFacilities", "Shape__Area": 283.40625, "Shape__Length": 152.45977611959188, "GlobalID": "b79c5eb7-9db5-48dc-8563-ef55f90ef0d4"}}, {"type": "Feature", "id": 10, "geometry": {"type": "Polygon", "coordinates": [[[-84.3985315834111, 33.7733494370692], [-84.3985388730672, 33.7733629463583], [-84.3982075387472, 33.773309939932], [-84.3981078245258, 33.7732899696218], [-84.3980217070235, 33.7732693173402], [-84.397949600717, 33.7732491472739], [-84.3979382804337, 33.7732459721294], [-84.3979145179206, 33.7732391577852], [-84.3979015997647, 33.773235194882], [-84.3978881425828, 33.7732496194864], [-84.3978871953078, 33.7732506761947], [-84.3978810428455, 33.7732484894922], [-84.3978464516069, 33.7732361989476], [-84.3978404320743, 33.7732340597817], [-84.3978417428286, 33.7732312567936], [-84.3978432534886, 33.7732261037245], [-84.397843934631, 33.7732208286828], [-84.3978437767882, 33.7732155245564], [-84.397843432495, 33.7732131583633], [-84.3978378761509, 33.7732049916839], [-84.3978405768027, 33.7732059396721], [-84.3978480530345, 33.7732085630016], [-84.3978631330216, 33.7732138545032], [-84.3979164012988, 33.7732296715763], [-84.3979634009033, 33.7732426385295], [-84.398036617195, 33.7732628389663], [-84.3980484721822, 33.7732661104777], [-84.3980612329268, 33.7732689465949], [-84.3980764157531, 33.7732723218658], [-84.398093427746, 33.7732761715806], [-84.3981223140922, 33.7732816589667], [-84.3981896489656, 33.773294449742], [-84.398218818343, 33.7732999906736], [-84.398252696919, 33.7733062044111], [-84.3983099233026, 33.7733155607592], [-84.3983849621928, 33.7733277265488], [-84.3984226109721, 33.7733331207718], [-84.398481371425, 33.7733420071035], [-84.3985166588096, 33.7733473435193], [-84.3985315834111, 33.7733494370692]]]}, "properties": {"OBJECTID_1": 10, "OBJECTID": null, "Shape_Leng": null, "CreationDate": 1628109913579, "Creator": "wsims6_GTFacilities", "EditDate": 1628109913579, "Editor": "wsims6_GTFacilities", "Shape__Area": 126.8359375, "Shape__Length": 167.2456368259105, "GlobalID": "c62f9a05-ee4d-4639-b9c0-ac3182a9d618"}}, {"type": "Feature", "id": 16, "geometry": {"type": "Polygon", "coordinates": [[[-84.4029718061532, 33.78131325838], [-84.4027516820777, 33.7813134853613], [-84.4027516272804, 33.7812700759245], [-84.402751400905, 33.781267794164], [-84.402750719982, 33.7812655758687], [-84.4027496051727, 33.7812634822637], [-84.4027480870199, 33.7812615715877], [-84.402746206846, 33.7812598983463], [-84.40274401855, 33.781258508085], [-84.4027415823189, 33.7812574396297], [-84.4027389664248, 33.7812567228462], [-84.4027362427329, 33.7812563778941], [-84.4027160773514, 33.7812552803193], [-84.4027135764416, 33.781255323625], [-84.4027111204476, 33.7812557141227], [-84.4027087758447, 33.7812564391193], [-84.4027066109049, 33.7812574799487], [-84.402704684917, 33.7812588059982], [-84.4027030526781, 33.7812603814285], [-84.4027017600024, 33.7812621606942], [-84.4027008419242, 33.7812640945162], [-84.4027003262912, 33.7812661291358], [-84.4027002256799, 33.7812682063144], [-84.4026983302346, 33.7812712810166], [-84.402695045994, 33.781271105554], [-84.4027071076733, 33.7811069500546], [-84.4027104476095, 33.7811084679957], [-84.4027111887196, 33.7811132674668], [-84.4027128155686, 33.7811179138742], [-84.4027152904272, 33.781122293727], [-84.40271855221, 33.7811263017477], [-84.4027225227636, 33.7811298416183], [-84.4027271050698, 33.7811328259806], [-84.402732188636, 33.7811351846497], [-84.4027376512912, 33.7811368586402], [-84.4027433591866, 33.7811378091263], [-84.4029713237579, 33.7811373723358], [-84.4029718061532, 33.78131325838]]]}, "properties": {"OBJECTID_1": 16, "OBJECTID": null, "Shape_Leng": null, "CreationDate": 1628109913579, "Creator": "wsims6_GTFacilities", "EditDate": 1628109913579, "Editor": "wsims6_GTFacilities", "Shape__Area": 674.37109375, "Shape__Length": 116.15758120646561, "GlobalID": "e8e5a1fc-6cc7-475f-bd5c-333442202016"}}, {"type": "Feature", "id": 17, "geometry": {"type": "Polygon", "coordinates": [[[-84.4036515235995, 33.7810067666326], [-84.4036473428401, 33.7810035552838], [-84.4036425817691, 33.781000962909], [-84.4036373706421, 33.7809990596938], [-84.4036318522914, 33.7809978986504], [-84.4036261794303, 33.7809975111381], [-84.4036205074676, 33.7809979091035], [-84.4036149927101, 33.7809990798534], [-84.4036097860747, 33.7810009927751], [-84.4036050321902, 33.7810035948563], [-84.403600860414, 33.7810068136717], [-84.4036005720548, 33.7810069988413], [-84.4035944087137, 33.7810108284176], [-84.4035876461962, 33.7810138807295], [-84.403580425538, 33.7810160908181], [-84.4035728967576, 33.7810174138848], [-84.4034960351052, 33.78102980382], [-84.4034826663772, 33.7810319594028], [-84.4033723469721, 33.7810321707052], [-84.4032429186043, 33.7810324193401], [-84.4032193755573, 33.7810324641392], [-84.4032057067919, 33.781032490272], [-84.4031734330187, 33.7810325522441], [-84.4031420342046, 33.7810326127228], [-84.4031288693941, 33.781032638109], [-84.4027981716903, 33.7810332712694], [-84.4027943206126, 33.7810301674393], [-84.4027860812648, 33.7810277647149], [-84.4027665653653, 33.781026661164], [-84.4027579577082, 33.7810268142275], [-84.4027495117479, 33.7810282067325], [-84.4027414844026, 33.7810307953732], [-84.4027341191156, 33.7810345024976], [-84.4027276395674, 33.7810392153613], [-84.4027222424892, 33.781044790607], [-84.4027180895776, 33.781051060238], [-84.4027153092918, 33.7810578331115], [-84.4027139842768, 33.7810649038983], [-84.4027257701733, 33.7809222209828], [-84.402727410497, 33.7809223217809], [-84.4027274033105, 33.7809285802211], [-84.4027285819001, 33.7809347617557], [-84.4027309175199, 33.780940711081], [-84.4027343508809, 33.7809462811065], [-84.4027387966432, 33.7809513314618], [-84.4027441443141, 33.780955737456], [-84.4027502600446, 33.7809593878381], [-84.4027569920193, 33.7809621922632], [-84.4027641704567, 33.7809640805462], [-84.4027716174904, 33.7809650056482], [-84.4027775059471, 33.7809653326817], [-84.4027771358412, 33.7809708205739], [-84.4032046530681, 33.7809717897282], [-84.4032418055916, 33.7809719599649], [-84.4034575234307, 33.7809681386], [-84.4034607636539, 33.780965027301], [-84.4034639670462, 33.780967087314], [-84.4034675144933, 33.7809687120287], [-84.4034713197568, 33.7809698648594], [-84.4034752930053, 33.7809705166866], [-84.4034793390174, 33.7809706525773], [-84.4034833625715, 33.7809702695448], [-84.4034830517544, 33.7809689203447], [-84.4035374761859, 33.7809601464366], [-84.4035431176059, 33.780959357972], [-84.403548520074, 33.7809577937359], [-84.4035535308767, 33.780955499274], [-84.4035580080801, 33.7809525380517], [-84.4035618232251, 33.7809489951872], [-84.4035648703105, 33.7809449707319], [-84.4035670621998, 33.7809405781769], [-84.4035683369092, 33.7809359429596], [-84.4035686585061, 33.7809311949976], [-84.403568017109, 33.7809264701816], [-84.4036515235995, 33.7810067666326]]]}, "properties": {"OBJECTID_1": 17, "OBJECTID": null, "Shape_Leng": null, "CreationDate": 1628109913579, "Creator": "wsims6_GTFacilities", "EditDate": 1628109913579, "Editor": "wsims6_GTFacilities", "Shape__Area": 845.546875, "Shape__Length": 243.6598230396956, "GlobalID": "90f63957-370c-4e3e-9c37-e6280093c760"}}, {"type": "Feature", "id": 20, "geometry": {"type": "Polygon", "coordinates": [[[-84.3989471461695, 33.7795709658441], [-84.3988859996448, 33.779571095017], [-84.3988449789756, 33.7795724733591], [-84.3988044856175, 33.7795780979801], [-84.3987651555778, 33.7795878807728], [-84.3987276015073, 33.7796016694165], [-84.3986924135993, 33.7796192473766], [-84.3986601416228, 33.7796403391319], [-84.3986218599169, 33.7796650574261], [-84.3985798600841, 33.779685176268], [-84.3985349371334, 33.7797003163561], [-84.3984879399727, 33.7797101902278], [-84.3984397570358, 33.7797146112191], [-84.3983913001127, 33.7797134964513], [-84.3983434854851, 33.7797068668308], [-84.3982972168581, 33.7796948470491], [-84.3982533700891, 33.7796776655827], [-84.398153934672, 33.7796315195412], [-84.3981163267026, 33.7796174949567], [-84.3980763741303, 33.7796090688556], [-84.3980352708162, 33.7796064936119], [-84.397994250147, 33.7796098468793], [-84.3979545383233, 33.7796190286041], [-84.3979173256126, 33.7796337625189], [-84.3978837259261, 33.7796536080893], [-84.397854746275, 33.7796779717146], [-84.3978312526354, 33.7797061231545], [-84.397813951083, 33.779737219423], [-84.3978156686618, 33.7796528771058], [-84.3978463703833, 33.7796261592427], [-84.3978816669874, 33.7796037010889], [-84.3979207113629, 33.7795860417393], [-84.3979625674653, 33.7795736038086], [-84.3980062318763, 33.7795666859649], [-84.3980506580587, 33.7795654539689], [-84.3980947806105, 33.7795699376876], [-84.3981375413163, 33.7795800296002], [-84.3981779151985, 33.7795954870391], [-84.3982773506156, 33.7796416323532], [-84.3983174208671, 33.7796571681806], [-84.398359782721, 33.7796676961343], [-84.3984035360652, 33.7796729922173], [-84.3984477511435, 33.7796729436842], [-84.3984914874197, 33.7796675520283], [-84.3985338160359, 33.779656932235], [-84.3985738368801, 33.7796413083012], [-84.3986106992478, 33.779621013983], [-84.398649295364, 33.7795935830459], [-84.3986918916782, 33.7795706029654], [-84.3987377506734, 33.7795524724636], [-84.3987860773407, 33.7795395058897], [-84.3988360344503, 33.7795319279918], [-84.3988867560262, 33.7795298694377], [-84.3989477803801, 33.7795297402647], [-84.3989486607291, 33.7794725756083], [-84.3989545159481, 33.7793714935289], [-84.3989278817982, 33.7793623535908], [-84.3989502687134, 33.779316868926], [-84.3989572576063, 33.7793199772982], [-84.3989637317646, 33.7793237785765], [-84.3989695923735, 33.7793282137744], [-84.3989764483158, 33.7793351719574], [-84.398981811258, 33.7793429820859], [-84.3989855329782, 33.7793514268799], [-84.3989875074752, 33.7793602688993], [-84.3989876799518, 33.7793692609977], [-84.3989896948729, 33.7795025168712], [-84.3989887130143, 33.779529984424], [-84.3990397085764, 33.7795306317821], [-84.3990433045325, 33.7795310603676], [-84.3990469364212, 33.7795311133808], [-84.3990505476486, 33.7795307885818], [-84.3990481284856, 33.7795424283343], [-84.3990476415987, 33.7795542330982], [-84.3990452610632, 33.779556211012], [-84.3990432685999, 33.7795584666848], [-84.3990417100228, 33.7795609471036], [-84.399040622163, 33.7795635955217], [-84.3990326478183, 33.7795746745251], [-84.3990228723514, 33.779584706704], [-84.3990128237966, 33.7795911347347], [-84.3990020134704, 33.7795966443682], [-84.3989895718038, 33.7796005046208], [-84.3989767770992, 33.7796025474932], [-84.3989475243603, 33.7796026221597], [-84.3989474102742, 33.7795961127434], [-84.3989471407796, 33.7795713137896], [-84.3989471461695, 33.7795709658441]]]}, "properties": {"OBJECTID_1": 20, "OBJECTID": null, "Shape_Leng": null, "CreationDate": 1628109913579, "Creator": "wsims6_GTFacilities", "EditDate": 1628109913579, "Editor": "wsims6_GTFacilities", "Shape__Area": 980.38671875, "Shape__Length": 379.4105375069292, "GlobalID": "47e07a6a-8d2f-45c5-b183-b5ca1743fc0b"}}, {"type": "Feature", "id": 21, "geometry": {"type": "Polygon", "coordinates": [[[-84.3989801880023, 33.7795297701313], [-84.3989809371972, 33.7794925847357], [-84.3989876799518, 33.7793692609977], [-84.3989875973067, 33.7793604854325], [-84.3989857818116, 33.7793518405329], [-84.3989822828735, 33.7793435607522], [-84.3989771948158, 33.779335870837], [-84.3989706559788, 33.7793289806008], [-84.3989628442291, 33.7793230759635], [-84.3989539724674, 33.7793183182054], [-84.3989442805438, 33.7793148365], [-84.398934032563, 33.779312725674], [-84.3989235061045, 33.7793120424742], [-84.3984194012115, 33.779312989994], [-84.3984192898204, 33.7792717665303], [-84.3988159930364, 33.7792682728764], [-84.3988158663739, 33.779221553174], [-84.3988454865238, 33.779221497174], [-84.3988481832663, 33.7790011755514], [-84.3989630894692, 33.7789982112748], [-84.3989460502249, 33.7788393445671], [-84.3988670658535, 33.7788394939011], [-84.398866346303, 33.7785729149234], [-84.3989387487182, 33.7785727790289], [-84.3989267436328, 33.7785384081759], [-84.3990232801865, 33.7785382267343], [-84.3990240473477, 33.7791270340107], [-84.3990239673977, 33.779130067723], [-84.3990244785391, 33.779133072315], [-84.3990255663989, 33.7791359693868], [-84.399027202231, 33.7791386820315], [-84.399029344713, 33.7791411393157], [-84.3990319363526, 33.7791432762793], [-84.3990349088778, 33.7791450376689], [-84.3990381850337, 33.7791463771911], [-84.3990416785818, 33.7791472582592], [-84.3990452969958, 33.7791476599665], [-84.3990489459525, 33.7791475696197], [-84.3990525302304, 33.7791469909521], [-84.3990559546083, 33.7791459388971], [-84.3990591292545, 33.7791444403346], [-84.3990652818159, 33.7791400820339], [-84.399070501926, 33.7791349516784], [-84.3990746512443, 33.7791291844147], [-84.399077619278, 33.779122934803], [-84.3990793278737, 33.7791163671102], [-84.3990505476486, 33.7795307885818], [-84.3989801880023, 33.7795297701313]]]}, "properties": {"OBJECTID_1": 21, "OBJECTID": null, "Shape_Leng": null, "CreationDate": 1628109913579, "Creator": "wsims6_GTFacilities", "EditDate": 1628109913579, "Editor": "wsims6_GTFacilities", "Shape__Area": 2325.30078125, "Shape__Length": 432.8611696012078, "GlobalID": "7786f554-6b33-4a5c-b645-47cef06dc6ba"}}, {"type": "Feature", "id": 22, "geometry": {"type": "Polygon", "coordinates": [[[-84.3990995345777, 33.7807045872106], [-84.3990998211403, 33.7806840534682], [-84.3990763283989, 33.7806115032617], [-84.3990718134663, 33.780600934358], [-84.3990652836125, 33.7805911203214], [-84.3990569122124, 33.7805823247216], [-84.3990469256414, 33.7805747835021], [-84.3990355906991, 33.7805686990067], [-84.3990232128128, 33.7805642355002], [-84.3990101234608, 33.7805615109541], [-84.398996675681, 33.780560600781], [-84.3985592805793, 33.7805614235954], [-84.3985594072417, 33.7806084277892], [-84.3985331566725, 33.7806084778151], [-84.3983949302048, 33.7806087369044], [-84.3981419062303, 33.7806092117771], [-84.3981419017387, 33.7806073227396], [-84.3980559392542, 33.7806074840172], [-84.3980559078132, 33.780595754064], [-84.3980197057073, 33.7805958220096], [-84.3980196428252, 33.7805723404454], [-84.397970196857, 33.7805724330307], [-84.397969914786, 33.7804675189156], [-84.397993788413, 33.7804674741162], [-84.3979994909184, 33.7804670395622], [-84.3980050173541, 33.7804657911527], [-84.3980102006332, 33.7804637677139], [-84.3980148853474, 33.7804610289782], [-84.3980189286645, 33.780457658571], [-84.3980222102103, 33.7804537580376], [-84.39802463117, 33.7804494438564], [-84.3980261178818, 33.7804448474387], [-84.3980266254299, 33.7804401061694], [-84.3980266496844, 33.7804352200484], [-84.3980266748372, 33.7804303249672], [-84.3980268491104, 33.7803953209478], [-84.398144876959, 33.7803923298398], [-84.3981599120619, 33.7803922760805], [-84.3981634451359, 33.780392264134], [-84.3981652354782, 33.780415700948], [-84.3981597683314, 33.7804157114012], [-84.3981620338826, 33.7804294483923], [-84.3981662856088, 33.7804294401791], [-84.3981663907117, 33.780430814774], [-84.3984986928066, 33.7804301913157], [-84.3989087890052, 33.7804706981783], [-84.3989663844896, 33.7804707556709], [-84.398970283178, 33.7804692309986], [-84.3989833940896, 33.7804675286221], [-84.3989959723002, 33.7804640126172], [-84.3990076566871, 33.7804587860223], [-84.3990181148736, 33.7804519959283], [-84.3990267387003, 33.7804444756037], [-84.3990338964765, 33.7804359584918], [-84.3990394247088, 33.7804266402164], [-84.399043194938, 33.7804167350678], [-84.3990451218243, 33.7804064692826], [-84.3990451074512, 33.7804159503314], [-84.3990453589795, 33.7804239627053], [-84.399065441716, 33.780495546151], [-84.3991028457678, 33.7805648821038], [-84.3991093774182, 33.780687107285], [-84.3990999010903, 33.7806867406776], [-84.3990996432738, 33.7807046043836], [-84.3990995345777, 33.7807045872106]]]}, "properties": {"OBJECTID_1": 22, "OBJECTID": null, "Shape_Leng": null, "CreationDate": 1628109913579, "Creator": "wsims6_GTFacilities", "EditDate": 1628109913579, "Editor": "wsims6_GTFacilities", "Shape__Area": 2443.921875, "Shape__Length": 345.22219087416164, "GlobalID": "40733429-f26f-419b-adb8-601197920850"}}, {"type": "Feature", "id": 23, "geometry": {"type": "Polygon", "coordinates": [[[-84.3989620164324, 33.7803959577542], [-84.3989619170873, 33.780374756508], [-84.3989620099539, 33.7803747590382], [-84.3989620712949, 33.7804066809921], [-84.3989620164324, 33.7803959577542]]]}, "properties": {"OBJECTID_1": 23, "OBJECTID": null, "Shape_Leng": null, "CreationDate": 1628109913579, "Creator": "wsims6_GTFacilities", "EditDate": 1628109913579, "Editor": "wsims6_GTFacilities", "Shape__Area": 0.01953125, "Shape__Length": 8.56135589541886, "GlobalID": "6ee3a7ff-371f-486d-bab8-d538d20810bd"}}, {"type": "Feature", "id": 24, "geometry": {"type": "Polygon", "coordinates": [[[-84.3981707963207, 33.7803911005983], [-84.3988879234776, 33.7803885314476], [-84.3988880169949, 33.7804067797962], [-84.3988876822696, 33.780406780426], [-84.3988876523353, 33.7803908870715], [-84.3981708004936, 33.7803918489613], [-84.3981707963207, 33.7803911005983]]]}, "properties": {"OBJECTID_1": 24, "OBJECTID": null, "Shape_Leng": null, "CreationDate": 1628109913579, "Creator": "wsims6_GTFacilities", "EditDate": 1628109913579, "Editor": "wsims6_GTFacilities", "Shape__Area": 16.6640625, "Shape__Length": 164.34078222776898, "GlobalID": "ea9037c1-ceca-4f90-b7e5-59815f10ff84"}}, {"type": "Feature", "id": 25, "geometry": {"type": "Polygon", "coordinates": [[[-84.3979346200483, 33.7803672087658], [-84.3979523242876, 33.7803512993053], [-84.3979553046218, 33.7803513685565], [-84.3979386965776, 33.7803653563469], [-84.3979388390133, 33.7803930421915], [-84.3979417836046, 33.7803954801485], [-84.3979353255665, 33.7803954922516], [-84.3979346720254, 33.780394984945], [-84.3979346200483, 33.7803672087658]]]}, "properties": {"OBJECTID_1": 25, "OBJECTID": null, "Shape_Leng": null, "CreationDate": 1628109913579, "Creator": "wsims6_GTFacilities", "EditDate": 1628109913579, "Editor": "wsims6_GTFacilities", "Shape__Area": 2.40625, "Shape__Length": 14.575603399283267, "GlobalID": "2eda143d-52cd-4b5e-9fbf-c59ff63dc7a7"}}, {"type": "Feature", "id": 26, "geometry": {"type": "Polygon", "coordinates": [[[-84.3980188259875, 33.7803818686691], [-84.3980275385195, 33.7803818370067], [-84.3980275907894, 33.7803920408989], [-84.398018878203, 33.780392052725], [-84.3980188259875, 33.7803818686691]]]}, "properties": {"OBJECTID_1": 26, "OBJECTID": null, "Shape_Leng": null, "CreationDate": 1628109913579, "Creator": "wsims6_GTFacilities", "EditDate": 1628109913579, "Editor": "wsims6_GTFacilities", "Shape__Area": 1.32421875, "Shape__Length": 4.6703545231248675, "GlobalID": "6e8eb3cc-c34c-4a76-b4f1-e54496140a12"}}, {"type": "Feature", "id": 27, "geometry": {"type": "Polygon", "coordinates": [[[-84.39875786333, 33.7798867744233], [-84.398888282504, 33.7798866003001], [-84.398888345497, 33.7799187449614], [-84.3988874136629, 33.77991874401], [-84.3988873297582, 33.7799024567341], [-84.3988872485537, 33.779886769953], [-84.3988803392493, 33.7798867946761], [-84.398866664615, 33.7798869799997], [-84.3987632287538, 33.7798872142564], [-84.3987481263264, 33.7798872688078], [-84.3987481239505, 33.7798867882319], [-84.39875786333, 33.7798867744233]]]}, "properties": {"OBJECTID_1": 27, "OBJECTID": null, "Shape_Leng": null, "CreationDate": 1628109913579, "Creator": "wsims6_GTFacilities", "EditDate": 1628109913579, "Editor": "wsims6_GTFacilities", "Shape__Area": 1.26171875, "Shape__Length": 39.845213239026165, "GlobalID": "c079a716-c0df-4078-be92-03bdb6c48981"}}, {"type": "Feature", "id": 28, "geometry": {"type": "Polygon", "coordinates": [[[-84.3986174434031, 33.7798877372171], [-84.3986174391583, 33.779886963608], [-84.3986228843575, 33.779886956078], [-84.3986228885707, 33.7798877179657], [-84.3986174434031, 33.7798877372171]]]}, "properties": {"OBJECTID_1": 28, "OBJECTID": null, "Shape_Leng": null, "CreationDate": 1628109913579, "Creator": "wsims6_GTFacilities", "EditDate": 1628109913579, "Editor": "wsims6_GTFacilities", "Shape__Area": 0.0625, "Shape__Length": 1.4179668790597617, "GlobalID": "75af0040-2c03-4e8e-a25b-b3e87f409dd7"}}, {"type": "Feature", "id": 29, "geometry": {"type": "Polygon", "coordinates": [[[-84.398682784324, 33.7798875025799], [-84.3986827804749, 33.7798868759393], [-84.3986882267537, 33.7798868684044], [-84.3986882294915, 33.7798874833256], [-84.398682784324, 33.7798875025799]]]}, "properties": {"OBJECTID_1": 29, "OBJECTID": null, "Shape_Leng": null, "CreationDate": 1628109913579, "Creator": "wsims6_GTFacilities", "EditDate": 1628109913579, "Editor": "wsims6_GTFacilities", "Shape__Area": 0.05078125, "Shape__Length": 1.3787200054386863, "GlobalID": "6c018709-511c-4d91-b89f-89e0a4d561ee"}}, {"type": "Feature", "id": 30, "geometry": {"type": "Polygon", "coordinates": [[[-84.3987578630543, 33.7798867743446], [-84.3987481217234, 33.779886330081], [-84.3987480992655, 33.7798820390177], [-84.3986882022973, 33.7798822548028], [-84.3986882094838, 33.7798836025267], [-84.3986827620999, 33.7798833553818], [-84.3986827576084, 33.779882274216], [-84.3986607452906, 33.7798823533621], [-84.3986166874175, 33.7798803470827], [-84.3986166353152, 33.7798539809683], [-84.3986205384951, 33.7798186720751], [-84.3986312185656, 33.7797843442818], [-84.3986483970487, 33.7797518891045], [-84.398671627482, 33.7797221502744], [-84.3987003052991, 33.7796959005907], [-84.3987336866951, 33.7796738240002], [-84.3987709021007, 33.7796564924502], [-84.3988562932566, 33.7796207369707], [-84.3988854992831, 33.779610895942], [-84.3989161318343, 33.7796047404451], [-84.398947520767, 33.7796024056271], [-84.3989475243603, 33.7796026221597], [-84.3989551690233, 33.7796024228004], [-84.3989672019566, 33.7796029133586], [-84.3989804143777, 33.7796021345881], [-84.3989932845408, 33.7795995347043], [-84.3990054531197, 33.7795951846402], [-84.3990165769578, 33.7795892083415], [-84.3990263443399, 33.7795817723142], [-84.3990344812798, 33.779573084877], [-84.3990407605036, 33.7795633909357], [-84.399045004145, 33.7795529622755], [-84.3990470936264, 33.7795420900954], [-84.3990473478496, 33.7795410246052], [-84.3990474394777, 33.7795399404484], [-84.3990473685108, 33.7795388547983], [-84.3990508270247, 33.7794982332553], [-84.3990508207364, 33.7794990403999], [-84.3990505278857, 33.7795158216899], [-84.3990506132256, 33.7795800370668], [-84.3990501919157, 33.7796016477632], [-84.3990511019092, 33.7796310461565], [-84.3990472418484, 33.7798137224524], [-84.3990466408754, 33.7797707617464], [-84.3990456868646, 33.7797599993533], [-84.3990427125427, 33.7797494945574], [-84.3990377915716, 33.7797395079442], [-84.3990310452238, 33.7797302874059], [-84.3990226414843, 33.7797220614215], [-84.3990127896606, 33.7797150330836], [-84.3990017313994, 33.7797093771118], [-84.398989743382, 33.7797052331322], [-84.3989771211539, 33.7797027056778], [-84.398964177329, 33.7797018552286], [-84.3989460951406, 33.7797018888285], [-84.3989365361677, 33.7797037569794], [-84.3989233192549, 33.7797060656614], [-84.3989107509258, 33.7797101715612], [-84.3988991788283, 33.7797159589457], [-84.3988889290509, 33.779723267282], [-84.3988802854612, 33.7797318919842], [-84.3988734906044, 33.7797415926265], [-84.398868734025, 33.77975209817], [-84.3988661477753, 33.7797631159226], [-84.3988640052933, 33.7797711149177], [-84.3988649224733, 33.7798846851858], [-84.3987578630543, 33.7798867743446]]]}, "properties": {"OBJECTID_1": 30, "OBJECTID": null, "Shape_Leng": null, "CreationDate": 1628109913579, "Creator": "wsims6_GTFacilities", "EditDate": 1628109913579, "Editor": "wsims6_GTFacilities", "Shape__Area": 1066.23828125, "Shape__Length": 201.77549727872707, "GlobalID": "522cb90a-2e6f-4e42-b7ae-47ef2e1e552b"}}, {"type": "Feature", "id": 31, "geometry": {"type": "Polygon", "coordinates": [[[-84.4074501953054, 33.7815855757682], [-84.3989500621009, 33.7815207503908], [-84.3989499013025, 33.7814612313897], [-84.3990190086973, 33.7814619623579], [-84.3990277528983, 33.7814620153698], [-84.3990520262756, 33.7814621624594], [-84.3990567756685, 33.7814614882365], [-84.3990615493159, 33.7814609513968], [-84.3990661846228, 33.7814598597979], [-84.399070587266, 33.7814582350925], [-84.3990746701089, 33.781456110133], [-84.3990773749363, 33.781455516548], [-84.3990787008496, 33.7814532437522], [-84.3990825501306, 33.781449426142], [-84.3990855433171, 33.7814451112643], [-84.399087588781, 33.7814404297822], [-84.3990886263352, 33.7814355243054], [-84.3990886227419, 33.7814305434169], [-84.3990886218436, 33.7814305098178], [-84.399089432124, 33.7814273813627], [-84.3990895273454, 33.7814101375255], [-84.3990899037395, 33.7813461452752], [-84.3990907643256, 33.7813097371832], [-84.3990915557413, 33.7812679681333], [-84.3990918018797, 33.7812581011611], [-84.3990995345777, 33.7807045872106], [-84.3990996432738, 33.7807046043836], [-84.3990999010903, 33.7806867406776], [-84.3991093774182, 33.780687107285], [-84.3991028457678, 33.7805648821038], [-84.399065441716, 33.780495546151], [-84.3990453589795, 33.7804239627053], [-84.3990451074512, 33.7804159503314], [-84.3990451218243, 33.780406468536], [-84.3990451236209, 33.7804063893904], [-84.3990451712316, 33.7803726180921], [-84.3990452188423, 33.7803399540736], [-84.3990399385451, 33.7803244161301], [-84.3990367082033, 33.780313281971], [-84.3990174707815, 33.7802490985035], [-84.399016019104, 33.7802416834398], [-84.3990143239831, 33.7802321172527], [-84.3990111493369, 33.7802141959555], [-84.399011340678, 33.7802035194838], [-84.3990127752875, 33.7801232319862], [-84.3990131750378, 33.7800794045635], [-84.3990133169717, 33.7800639039056], [-84.3990190554097, 33.7800427286287], [-84.3990299636522, 33.7800064118218], [-84.3990468483863, 33.7799437968589], [-84.3990468465896, 33.779935976332], [-84.3990468259284, 33.7798334081956], [-84.3990472418484, 33.7798137224524], [-84.3990511019092, 33.7796310461565], [-84.3990501919157, 33.7796016477632], [-84.3990506132256, 33.7795800370668], [-84.3990505278857, 33.7795158216899], [-84.3990508207364, 33.7794990403999], [-84.3990508270247, 33.7794982332553], [-84.3990509303309, 33.7794850441669], [-84.3990793278737, 33.7791163671102], [-84.399077619278, 33.779122934803], [-84.3990746512443, 33.7791291844147], [-84.399070501926, 33.7791349516784], [-84.3990652818159, 33.7791400820339], [-84.3990591292545, 33.7791444403346], [-84.3990563777148, 33.7791457776168], [-84.3990534258508, 33.7791467766584], [-84.3990503329513, 33.7791474187928], [-84.3990471627966, 33.7791476898332], [-84.3990439782689, 33.7791475852997], [-84.3990501928141, 33.7791467273783], [-84.3990585372647, 33.7791419755838], [-84.3990671548033, 33.7791335076225], [-84.399077636346, 33.7791156383622], [-84.3990789209369, 33.7791000792898], [-84.3990822689579, 33.7790500562333], [-84.3990810301811, 33.7790130722301], [-84.3990885445885, 33.778669502233], [-84.3990894015813, 33.7785562073694], [-84.3990898749934, 33.7784121396741], [-84.3990899971643, 33.7784049962409], [-84.399090343914, 33.7783947384281], [-84.3990890422552, 33.7783871335487], [-84.3990864281577, 33.7783767809061], [-84.3990776201763, 33.7783590847164], [-84.3990635579489, 33.778346987838], [-84.399054574796, 33.7783411144934], [-84.3990446008014, 33.7783363387606], [-84.39903396924, 33.7783328450685], [-84.3990173018983, 33.7783299860499], [-84.3990034831142, 33.778329510418], [-84.3990029037009, 33.7783475538176], [-84.3989414930714, 33.7783461844158], [-84.398941118474, 33.7782073901406], [-84.3990037121846, 33.7782085459951], [-84.3990386359879, 33.7782097048364], [-84.3990688867551, 33.778210708369], [-84.3991253862949, 33.7782125825258], [-84.3992557938264, 33.7782161815042], [-84.3992631609101, 33.7782248168116], [-84.399272073096, 33.7782323791449], [-84.399282307602, 33.7782386803422], [-84.3992936084083, 33.7782435621084], [-84.3993056934438, 33.7782469034824], [-84.3993182608746, 33.7782486200898], [-84.3993680508976, 33.7782527783268], [-84.399369804409, 33.778241882088], [-84.3995352668978, 33.7782661027531], [-84.3999967826632, 33.778356427301], [-84.4000391076862, 33.7783647109105], [-84.4001370213572, 33.7783838735677], [-84.4001340173909, 33.7783945763998], [-84.4001756722706, 33.7784027285909], [-84.4001786762369, 33.7783920257599], [-84.4003103360199, 33.7784177919982], [-84.4004025894063, 33.7784333078874], [-84.4004958381261, 33.7784439487394], [-84.40058970848, 33.7784496719955], [-84.400683826769, 33.7784504545098], [-84.4007032797864, 33.7784501043197], [-84.4007035618574, 33.7784610953596], [-84.4007057564417, 33.7784610550392], [-84.4007116709495, 33.778460558501], [-84.4007174174724, 33.7784592973689], [-84.4007228549748, 33.7784573007629], [-84.4007278487095, 33.7784546194569], [-84.4007322729122, 33.7784513199048], [-84.4007418372751, 33.7784429825432], [-84.4007466477534, 33.7784393962679], [-84.4007520753743, 33.7784364827457], [-84.4007579853906, 33.7784343129108], [-84.4007642322751, 33.7784329405238], [-84.4007706606193, 33.7784323999317], [-84.4009251241357, 33.778429622304], [-84.4009377813981, 33.7784293960617], [-84.400943590803, 33.7784296349975], [-84.4009493013933, 33.7784305556467], [-84.4009547972862, 33.7784321378491], [-84.4009599688873, 33.7784343502445], [-84.400964711992, 33.7784371487789], [-84.4009761493422, 33.7784449604826], [-84.4009812697393, 33.7784479083515], [-84.4009869039728, 33.7784501155198], [-84.4009928984306, 33.7784515215068], [-84.4009990896196, 33.778452088979], [-84.4010053095546, 33.7784518015096], [-84.401007481681, 33.7784515498804], [-84.4010056742706, 33.7784406611337], [-84.4010404552418, 33.7784357569785], [-84.4010748768869, 33.7784293385678], [-84.4010917544344, 33.7784258008257], [-84.401113375985, 33.7784198565525], [-84.4011337416908, 33.7784113862797], [-84.4011524266487, 33.7784005654753], [-84.4011555402095, 33.7783984703069], [-84.4011721096349, 33.7784156318697], [-84.4012189208444, 33.7783978610206], [-84.4011939764255, 33.778372602515], [-84.4012785707758, 33.7783156700489], [-84.4013123815665, 33.7783507040387], [-84.4013337479956, 33.7783373527452], [-84.4013516711821, 33.7783256949086], [-84.4013170087885, 33.7782898029787], [-84.4013595907296, 33.7782611448273], [-84.4013919776906, 33.7782421255043], [-84.4014270802586, 33.7782267895293], [-84.4014369329806, 33.7782231494843], [-84.4014527837538, 33.7782164159604], [-84.4014676652448, 33.778208297352], [-84.4014980103351, 33.7781897140762], [-84.401495861565, 33.7781873030586], [-84.4015066143989, 33.7781805508651], [-84.4016220991169, 33.7781087160946], [-84.4018289020751, 33.7779791735229], [-84.4018497708375, 33.7779819347383], [-84.4018659809368, 33.7779717881299], [-84.4018716133736, 33.7779680405523], [-84.401875805811, 33.7779652509626], [-84.4019078244627, 33.7779439444981], [-84.4019556112425, 33.7779081270762], [-84.4019637418942, 33.7779016630786], [-84.4019749232245, 33.7778927753612], [-84.4019943151566, 33.7778753142754], [-84.402026313147, 33.7778478499253], [-84.4020324064196, 33.777841945186], [-84.4020772781663, 33.7777986370316], [-84.4020857888053, 33.7777894215111], [-84.4020952049461, 33.7777797408081], [-84.4021033948866, 33.7777713212463], [-84.402105977543, 33.7777682299916], [-84.4021344819853, 33.7777341111936], [-84.4021508609679, 33.7777128554458], [-84.4021646195648, 33.7776945468409], [-84.4021852323073, 33.777665444962], [-84.402193124007, 33.7776550795386], [-84.4021959743614, 33.777650452357], [-84.4022204247069, 33.7776150260733], [-84.4022224036954, 33.7776111127169], [-84.4022369770643, 33.7775822930552], [-84.4022418944421, 33.777572374884], [-84.4022574236184, 33.7775389384752], [-84.4022623733357, 33.7775280951601], [-84.4022664193477, 33.7775182837582], [-84.4022713519969, 33.7775063174304], [-84.4022757375721, 33.7774962962082], [-84.4022803692857, 33.777483059024], [-84.4022947674831, 33.7774371014577], [-84.4023084281636, 33.7773935048789], [-84.4023095860921, 33.7773889717653], [-84.4023120636456, 33.7773792760834], [-84.4023192780157, 33.7773444769017], [-84.4023292124844, 33.777296548762], [-84.4023303317852, 33.7772868022951], [-84.4023330743418, 33.7772629128808], [-84.4023358537293, 33.7772277992977], [-84.402336513991, 33.7772194476299], [-84.4023393589555, 33.7771809537859], [-84.4023454288719, 33.7771000474395], [-84.4025031335099, 33.7771045350206], [-84.4024974417843, 33.7771438188919], [-84.4024972199004, 33.7771552633374], [-84.4024975100562, 33.7771688246337], [-84.4024998402861, 33.777185561579], [-84.4025069872825, 33.7772008058981], [-84.4025156506351, 33.7772137160781], [-84.402523286315, 33.7772217541388], [-84.4025319299047, 33.7772274588095], [-84.4025448907976, 33.7772344276167], [-84.4025601343096, 33.7772409678264], [-84.4025720684282, 33.7772434886332], [-84.4025950940456, 33.7772445227912], [-84.4026015475425, 33.7772448610392], [-84.4028762900857, 33.7772415136527], [-84.4030637702821, 33.7772388397756], [-84.4032572036139, 33.7772360815229], [-84.4033773478933, 33.7772347972255], [-84.4036540334924, 33.777231839608], [-84.4036859461428, 33.7772314991198], [-84.4040157024123, 33.7772269943716], [-84.4040749463052, 33.7772262842746], [-84.4040974293402, 33.7772260147214], [-84.4041876390593, 33.7772251769413], [-84.4042342463512, 33.7772247431175], [-84.4042982468236, 33.7772233318835], [-84.4043074374873, 33.7772239157909], [-84.4043228462894, 33.7772227957639], [-84.4043292144464, 33.7772248252528], [-84.4043398253466, 33.7772282062408], [-84.4043497014248, 33.7772308233703], [-84.404395580183, 33.7772303096513], [-84.404465343348, 33.7772295301125], [-84.4046185761725, 33.7772278157247], [-84.4047159140234, 33.7772269622642], [-84.4047247785986, 33.7772269562907], [-84.4047541041011, 33.7772269346369], [-84.4048166079802, 33.7772268905824], [-84.4048453001704, 33.7772262671008], [-84.404909674342, 33.7772248670671], [-84.4050314310973, 33.7772226501604], [-84.4050819712135, 33.7772218168603], [-84.4051419795728, 33.7772208275032], [-84.4051550976709, 33.7772188659625], [-84.4052886834418, 33.77721986652], [-84.4052853614719, 33.7772841523132], [-84.4051269256052, 33.7772777801107], [-84.4051124061353, 33.777276729526], [-84.4050035842218, 33.7772781086517], [-84.4049891321255, 33.7772804674269], [-84.4048648493076, 33.7772813806216], [-84.404852239656, 33.7772814739572], [-84.4047756978039, 33.7772820362103], [-84.404756930201, 33.7772821743469], [-84.404632402143, 33.7772830897816], [-84.4046166528795, 33.777283204771], [-84.4045630989155, 33.7772833175203], [-84.4044888612421, 33.7772840328437], [-84.4044165010476, 33.7772857554439], [-84.4044117974688, 33.7772858674465], [-84.4043715736053, 33.7772889587187], [-84.4043640017058, 33.7772896785221], [-84.4043520765704, 33.7772927033392], [-84.4043416336552, 33.7772970960813], [-84.4043350220547, 33.7772998774792], [-84.4043275193255, 33.7773047144979], [-84.4043224276744, 33.7773079416658], [-84.4043008097171, 33.7773345475027], [-84.4042620581924, 33.7773536685762], [-84.4042639635191, 33.7773601550156], [-84.4042701475215, 33.7773803669877], [-84.4042687847773, 33.777397466033], [-84.4042680849897, 33.7774731505482], [-84.404267222607, 33.7775119511472], [-84.4042655894698, 33.7775769109747], [-84.4042572575955, 33.7778200719612], [-84.4042523249463, 33.7779764742816], [-84.4042506361136, 33.7780224330519], [-84.4042430740955, 33.7781964013082], [-84.4042305704451, 33.778621316486], [-84.4042335070377, 33.7786323821712], [-84.404241756267, 33.7786424629942], [-84.4042504259078, 33.7786469967881], [-84.4042607951611, 33.7786490964304], [-84.4043107298128, 33.7786495899807], [-84.4044783428684, 33.7786521667465], [-84.404523738333, 33.7786505554279], [-84.4046927563537, 33.7786522675472], [-84.4047385578568, 33.7786542141216], [-84.4047565888412, 33.7786543238825], [-84.4047620793442, 33.778654356736], [-84.4047681896847, 33.7786543940696], [-84.4047757202618, 33.7786539400929], [-84.4047803950945, 33.7786521943734], [-84.4047846369393, 33.7786488537619], [-84.404787667855, 33.7786427004359], [-84.4047883541679, 33.7786053279871], [-84.404811575618, 33.7786055639357], [-84.4048408050007, 33.778605859618], [-84.4050911888266, 33.7786083953181], [-84.4051368555824, 33.7786088575084], [-84.405165360923, 33.7786091464707], [-84.4052205318545, 33.7786097049818], [-84.405250515822, 33.7786100088775], [-84.4052507511806, 33.7786454033895], [-84.4052545510543, 33.7786508518568], [-84.4052591998359, 33.7786551534352], [-84.4052612794358, 33.7786566564863], [-84.4052682332944, 33.7786598746432], [-84.4052779755236, 33.778659938857], [-84.4053487924124, 33.7786608535304], [-84.4054249740401, 33.7786616875631], [-84.4054328217224, 33.778661769697], [-84.4054815822761, 33.7786622819141], [-84.4055015482315, 33.7786618391375], [-84.4056265514983, 33.77866309952], [-84.4056310682275, 33.7786633989355], [-84.4056521274327, 33.7786638096052], [-84.4056574939682, 33.778662036259], [-84.4056606219021, 33.7786600053108], [-84.405663995076, 33.7786566422995], [-84.4056662965597, 33.7786498132357], [-84.4056664672396, 33.7786380777878], [-84.405666813091, 33.7786142223507], [-84.4056908232619, 33.7786144657659], [-84.405749349401, 33.7786151512113], [-84.4057670812464, 33.7786152370786], [-84.4057807248589, 33.7786153759597], [-84.4058394216779, 33.778615970311], [-84.4058700344661, 33.7786166236495], [-84.4058695224264, 33.7786519554383], [-84.4058724221882, 33.7786598948034], [-84.4058781669144, 33.7786639910465], [-84.4058810460149, 33.7786653888167], [-84.4058858627815, 33.778665895807], [-84.4059028238723, 33.7786661392221], [-84.4059957509952, 33.778667332404], [-84.406048238659, 33.7786677677139], [-84.4060541432853, 33.7786678169942], [-84.406059581686, 33.7786678841947], [-84.4060636519526, 33.7786671181092], [-84.4061805964329, 33.7786671218425], [-84.4061803826339, 33.7788213303912], [-84.4061787872259, 33.7791151731879], [-84.4061756880382, 33.7793303036934], [-84.4061746253312, 33.7793991388302], [-84.4061730460929, 33.7795102553046], [-84.4061731574841, 33.7795423641212], [-84.4061743378703, 33.779560814944], [-84.4061744663294, 33.7795628286975], [-84.4061418305351, 33.7796453947908], [-84.406137638996, 33.7796493431475], [-84.4061348200827, 33.7796540695273], [-84.4061327081434, 33.7796622626651], [-84.4061310004461, 33.7797613403592], [-84.4061330045875, 33.7798464172848], [-84.4061320676446, 33.7799254185448], [-84.4061308971398, 33.7800674341135], [-84.4061304354058, 33.780123357425], [-84.4061301641146, 33.7801563194431], [-84.4061295002596, 33.7802368622668], [-84.4061279237162, 33.7803966410373], [-84.4061272571663, 33.7805253952176], [-84.4061263220201, 33.7805964185872], [-84.4061262986639, 33.7806054247422], [-84.4061268726874, 33.7806149587815], [-84.4048595914683, 33.780609131885], [-84.4046420518458, 33.780608200806], [-84.4045798893265, 33.7806079349968], [-84.4043823165578, 33.7806070882899], [-84.4043009193116, 33.7806067403486], [-84.4041555736953, 33.7806060265463], [-84.4038392445444, 33.780604598195], [-84.4035162265379, 33.7806028868612], [-84.4034736311221, 33.7806031937365], [-84.4034648024794, 33.7806067836546], [-84.4034573060384, 33.7806141277544], [-84.4034559405992, 33.7806238021638], [-84.4034610250637, 33.7806324700813], [-84.4034642877448, 33.7806360428251], [-84.4035808288815, 33.7807636415721], [-84.4036367570928, 33.7808248768671], [-84.4041490240785, 33.7813804074843], [-84.4042307644812, 33.7814661868904], [-84.4042365038175, 33.7814722093502], [-84.4042460394343, 33.7814782250898], [-84.4042538718452, 33.7814824025828], [-84.4042590344632, 33.7814838645186], [-84.4042754305137, 33.7814850793141], [-84.4043932113256, 33.7814855549286], [-84.4043931484435, 33.7814839025976], [-84.4046501259036, 33.78148666818], [-84.4050721813735, 33.7814884974662], [-84.4050789250264, 33.7814896801558], [-84.4051684142966, 33.7814915101887], [-84.4052790085862, 33.7814922964085], [-84.4062512309637, 33.7814966523495], [-84.4063516239849, 33.7814961102835], [-84.4071129363067, 33.7815058069927], [-84.4071509808573, 33.7814990729803], [-84.4071734405361, 33.7814938837809], [-84.4072020509795, 33.7814838383859], [-84.4072187048466, 33.7814762382606], [-84.4072342636673, 33.7814659166039], [-84.407258865828, 33.7814492200673], [-84.4072726055603, 33.7814364800148], [-84.4072881455164, 33.7814191951136], [-84.4073033144683, 33.7813991879297], [-84.4073098056945, 33.7813870668412], [-84.4073184483859, 33.7813667692033], [-84.407326005014, 33.7813467769401], [-84.4073299522114, 33.7813325420813], [-84.40733134999, 33.7813137720745], [-84.4073279687312, 33.7812156041024], [-84.4073323875441, 33.7806086510391], [-84.4073338005941, 33.7804145145103], [-84.4073340700886, 33.7803671077619], [-84.4073364811669, 33.7799428269464], [-84.4073383074418, 33.7797534936823], [-84.4073379023016, 33.7797375024081], [-84.4073367587463, 33.7796089322161], [-84.4073346378239, 33.7796088941362], [-84.4073346270441, 33.7796084864577], [-84.4073345641621, 33.7795646162117], [-84.4073230127258, 33.7794989052536], [-84.4073139154869, 33.7794459263822], [-84.4073096484893, 33.779426037457], [-84.4073078096379, 33.7794174649906], [-84.4073004326728, 33.7793892253493], [-84.4072853481626, 33.779332434679], [-84.4072765114351, 33.779304122583], [-84.40726756152, 33.779275850051], [-84.4072514062179, 33.7792242098159], [-84.407231840911, 33.7791734155242], [-84.4072197522822, 33.7791454901496], [-84.4072050136234, 33.7791145362799], [-84.4071764409091, 33.7790602878342], [-84.4071481170282, 33.779012722789], [-84.4071341194795, 33.7789883522544], [-84.4071305953886, 33.7789831502095], [-84.4071231645246, 33.7789721823834], [-84.4071162501918, 33.7789619761587], [-84.4070703741286, 33.7788962371115], [-84.407029905025, 33.7788421804218], [-84.406985263247, 33.7787873927071], [-84.4069462871434, 33.7787457934148], [-84.4068813128972, 33.7786799130807], [-84.4068341513448, 33.7786319729947], [-84.4067831288333, 33.7785819183045], [-84.4066819111587, 33.7784876500645], [-84.4066296902946, 33.7784359175134], [-84.4065526103516, 33.7783605735859], [-84.4065339505466, 33.7783422330124], [-84.4064996322078, 33.7783083839928], [-84.4064712032239, 33.7782804389226], [-84.4064508276367, 33.7782582955131], [-84.4064178046685, 33.7782202225145], [-84.4064111697118, 33.7782125735657], [-84.4063926976546, 33.7781908415573], [-84.4063676813706, 33.7781592086137], [-84.4063499046095, 33.7781361228669], [-84.4063403573146, 33.7781237242995], [-84.4063176568874, 33.7780900581295], [-84.4063000768573, 33.7780639841615], [-84.4062824896406, 33.7780379012253], [-84.4062579907862, 33.7780015559414], [-84.406252690726, 33.7779919790506], [-84.4061961893896, 33.7778908026357], [-84.406188075806, 33.7778726672984], [-84.4061850430936, 33.7778650466924], [-84.40617111741, 33.7778300490913], [-84.4061580496176, 33.7777972071401], [-84.4061413166988, 33.7777551526388], [-84.4061336855105, 33.7777359749073], [-84.4061110964743, 33.7776792025545], [-84.4061034410315, 33.7776497930378], [-84.4060976307282, 33.7776274695152], [-84.4075242973332, 33.7791383975511], [-84.4074501953054, 33.7815855757682]], [[-84.4040233686349, 33.7814211714911], [-84.4039880890987, 33.7813828759039], [-84.4038771157201, 33.781262399622], [-84.403802813368, 33.7811711836516], [-84.4036528504111, 33.7810080389271], [-84.4036527659695, 33.7810079553021], [-84.403652075165, 33.781007297502], [-84.4036484369881, 33.7810043818272], [-84.4036443352805, 33.7810019290764], [-84.403639851789, 33.7809999900218], [-84.4036350817348, 33.7809986034896], [-84.4036349380044, 33.7809984481861], [-84.4036395795994, 33.7809997652797], [-84.4036439499033, 33.7810016169759], [-84.4036479581861, 33.7810039666888], [-84.4036515235995, 33.7810067666326], [-84.4035692504958, 33.7809276558655], [-84.4035685965223, 33.7809226906272], [-84.4035670783695, 33.7809178575461], [-84.4035647283767, 33.7809132604069], [-84.4035615959513, 33.7809089977678], [-84.4032912039491, 33.7806161646294], [-84.4032827076831, 33.7806103974655], [-84.4032732798642, 33.7806057360974], [-84.4032631271049, 33.7806022828172], [-84.4032524721873, 33.7806001130372], [-84.4032241069839, 33.7805999375732], [-84.4032247250248, 33.7806006080696], [-84.4031542737503, 33.7806009836372], [-84.4029969149637, 33.7805991573185], [-84.4028093179863, 33.7805986070336], [-84.4027926766957, 33.7805984666624], [-84.4027843870422, 33.7805984591959], [-84.4027776218298, 33.780599344729], [-84.4027714584887, 33.7806011605945], [-84.4027672364068, 33.7806030630719], [-84.4027620522293, 33.7806065335251], [-84.4027580771842, 33.7806099061664], [-84.4027550741162, 33.7806135841894], [-84.4027526001559, 33.7806178991091], [-84.4027508008304, 33.7806231645204], [-84.4027501711114, 33.7806280416708], [-84.4027450040018, 33.780691949339], [-84.4027407639537, 33.7807441680925], [-84.4027364996511, 33.7807978622016], [-84.4027321239573, 33.7808715837485], [-84.4027272856312, 33.7809223143144], [-84.4027257701733, 33.7809222209828], [-84.4027139842768, 33.7810649038983], [-84.4027144990114, 33.7810611915486], [-84.402715415293, 33.7810575329577], [-84.4027109928869, 33.7811123976187], [-84.4027104476095, 33.7811084679957], [-84.4027071076733, 33.7811069500546], [-84.402695045994, 33.781271105554], [-84.4026980849946, 33.7812712675769], [-84.4026968237599, 33.7812874721064], [-84.4026892922845, 33.7813838286272], [-84.40268404253, 33.7814509791695], [-84.402685968518, 33.7814609760362], [-84.4026899094272, 33.7814671000405], [-84.4026956379837, 33.7814721518583], [-84.4027027454542, 33.7814757745925], [-84.402710736867, 33.7814777188627], [-84.4027405133237, 33.7814779219509], [-84.4028719125953, 33.7814788171813], [-84.402927551549, 33.7814791957316], [-84.4029464395262, 33.781479324155], [-84.4030549407412, 33.7814801424807], [-84.4034864204367, 33.7814825922312], [-84.4035960122065, 33.7814842736814], [-84.4035963661427, 33.7814842781613], [-84.4037617379016, 33.7814864658384], [-84.4039238613526, 33.7814871997929], [-84.4039266622996, 33.7814872124859], [-84.4039534752142, 33.7814873334428], [-84.4039838634236, 33.7814875260779], [-84.403992075822, 33.7814865681292], [-84.4039999962678, 33.7814845215684], [-84.4040074154538, 33.7814814401541], [-84.4040141393437, 33.7814774045241], [-84.4040199927661, 33.7814725207023], [-84.4040248212107, 33.7814669163652], [-84.4040284998118, 33.7814607378556], [-84.4040309315513, 33.781454147196], [-84.4040320526488, 33.781447316862], [-84.4040318334598, 33.7814404260489], [-84.4040302802727, 33.781433654699], [-84.4040274335116, 33.7814271797678], [-84.4040233686349, 33.7814211714911]], [[-84.4026460042676, 33.7812096876488], [-84.4026548086557, 33.7810840614715], [-84.4026548553681, 33.7810833932189], [-84.4026560815685, 33.7810658222791], [-84.4026584324596, 33.7810321161996], [-84.40266297524, 33.7809727103501], [-84.4026756720282, 33.7808034105835], [-84.4026757879109, 33.7808020740738], [-84.4026892249109, 33.7806460442669], [-84.4026908589464, 33.7806265700139], [-84.4026898088158, 33.7806137365071], [-84.4026830939091, 33.7806036596494], [-84.4026778782905, 33.7806006371892], [-84.4026706513441, 33.7805973250266], [-84.4023622902498, 33.7805934454059], [-84.4022889625698, 33.7805936462562], [-84.4021425829925, 33.7805935738306], [-84.401947808476, 33.7805899152198], [-84.4018746326113, 33.7805917236188], [-84.4018583766979, 33.7805785317122], [-84.4018593082508, 33.7805450733307], [-84.4018722826185, 33.7805366144679], [-84.4018791008315, 33.7805336046984], [-84.4018804168634, 33.780533614405], [-84.402028618224, 33.7805361425815], [-84.4020487368931, 33.7805365181493], [-84.4022119841364, 33.7805365607087], [-84.4022271063759, 33.7805371953661], [-84.4022308694186, 33.780536878784], [-84.4024242740044, 33.7805377322116], [-84.4024278735537, 33.780538594599], [-84.402431578206, 33.7805390485657], [-84.4024464677818, 33.7805390985916], [-84.4024976169557, 33.7805396757565], [-84.4025764171725, 33.780540184229], [-84.4026291392965, 33.7805407173412], [-84.4027083572298, 33.7805410779759], [-84.4027609284369, 33.7805415438891], [-84.4027988400368, 33.780541986656], [-84.402838880644, 33.7805408995252], [-84.4028927193739, 33.7805410652828], [-84.4029070915201, 33.7805412623999], [-84.4029700948626, 33.7805426078735], [-84.4030242291382, 33.7805433896221], [-84.4030890309079, 33.7805437808696], [-84.403095245453, 33.7805438189491], [-84.4031023690932, 33.7805419291635], [-84.4031124499873, 33.780539256136], [-84.4031237588785, 33.7805334150479], [-84.4031322281949, 33.7805269460218], [-84.4031392054098, 33.7805193331185], [-84.4031444776222, 33.780510820494], [-84.4031478723556, 33.7805016664911], [-84.403149297982, 33.7804921540922], [-84.4031487006023, 33.7804825804665], [-84.403145300479, 33.7804734100341], [-84.4031408259705, 33.7804646905812], [-84.4031346087305, 33.7804567700498], [-84.4031134013032, 33.7804337707878], [-84.4030927732894, 33.7804123574188], [-84.403092527151, 33.7804125149634], [-84.4027573522438, 33.7800504274403], [-84.4024905022987, 33.7797648100999], [-84.402487748064, 33.7797618615296], [-84.4024533255207, 33.7797219860086], [-84.4024307328913, 33.7796958132311], [-84.4023293077058, 33.7795930693411], [-84.4021622372326, 33.7794099288952], [-84.4021089725262, 33.7793515411198], [-84.4020103635591, 33.779243446201], [-84.4019368966402, 33.7791629106565], [-84.4019250523532, 33.7791498790634], [-84.4018910026107, 33.7791160072162], [-84.4018611417123, 33.7790841289604], [-84.4018195631894, 33.7790397410042], [-84.401795662613, 33.7790142258337], [-84.4018073362201, 33.7790067113563], [-84.4016953441519, 33.7789132694006], [-84.4016896398499, 33.7789265616174], [-84.4015867153762, 33.778820187985], [-84.4015833493888, 33.778816630099], [-84.4015235215909, 33.7787543786419], [-84.401514193485, 33.7787446032206], [-84.4014750449049, 33.7787035758582], [-84.4014225383766, 33.7786509392174], [-84.4013187353505, 33.7785433795258], [-84.4013289851279, 33.7785364810123], [-84.4013067715876, 33.7785136820899], [-84.4012969907307, 33.7785061235147], [-84.4012858399431, 33.7785000157255], [-84.4012736273468, 33.7784955259775], [-84.4012606880135, 33.7784927782188], [-84.4012473803709, 33.7784918486102], [-84.4012340718299, 33.7784927625387], [-84.401221128005, 33.778495495364], [-84.401189558511, 33.7785058435122], [-84.40119417136, 33.7785161401386], [-84.4011339168623, 33.7785327431663], [-84.4010722762641, 33.7785453477561], [-84.4010096322478, 33.7785538755095], [-84.4009363351105, 33.7785622419806], [-84.4008624513733, 33.7785654437142], [-84.4006868720578, 33.7785685999007], [-84.4005868239896, 33.7785678450144], [-84.4004870193649, 33.7785619881118], [-84.4004637862367, 33.7785580949588], [-84.4004416274936, 33.7785511075925], [-84.4004179398179, 33.778542787414], [-84.4004192163239, 33.7785384104159], [-84.4003506110873, 33.7785287947581], [-84.4002825511282, 33.7785167942245], [-84.4001492887507, 33.7784907136664], [-84.3998385453243, 33.7784298978268], [-84.3998279164578, 33.7784285844269], [-84.399817172607, 33.778428756162], [-84.3998066129109, 33.7784304100452], [-84.3997965302201, 33.7784334997827], [-84.3997872048091, 33.7784379387601], [-84.3997812507754, 33.7784407880683], [-84.3997748197363, 33.7784427988614], [-84.3997680814734, 33.7784439181258], [-84.3997612147514, 33.778444116741], [-84.3997544001316, 33.7784433894805], [-84.3995681650002, 33.7784059684109], [-84.3995616629941, 33.7784042249264], [-84.3995555436704, 33.778401701167], [-84.399549940878, 33.7783984523867], [-84.3995449785844, 33.7783945495195], [-84.399540766384, 33.7783900799262], [-84.3995332061625, 33.7783821465096], [-84.3995242292979, 33.7783753092104], [-84.3995140630638, 33.7783697405111], [-84.3995029634802, 33.7783655807865], [-84.3994649108448, 33.7783596992297], [-84.3994265051714, 33.7783557127332], [-84.399385449468, 33.7783536690843], [-84.3993443227977, 33.7783539909012], [-84.3993324847988, 33.7783552520349], [-84.3993210546352, 33.7783581065725], [-84.3993103413271, 33.7783624790998], [-84.3993006341321, 33.7783682508951], [-84.3992921953583, 33.7783752659033], [-84.3992852531778, 33.7783833344687], [-84.3992799935418, 33.7783922393088], [-84.3992705019426, 33.7783919548258], [-84.3992710283553, 33.7783903673959], [-84.3992665745081, 33.7783909184416], [-84.3992670416321, 33.7784023888541], [-84.3992691284185, 33.7784580899972], [-84.3992702054985, 33.778631744513], [-84.399269004451, 33.7788283050421], [-84.3992685921243, 33.7788454269452], [-84.3992675105527, 33.7790197452111], [-84.3992672617193, 33.7790254870954], [-84.3992664038282, 33.7790461869959], [-84.399261286126, 33.7791151478012], [-84.3992550868523, 33.7791914550127], [-84.3992416678186, 33.7793460501371], [-84.3992384213071, 33.7793966681134], [-84.3992365078956, 33.779431659101], [-84.3992333440291, 33.7795311298074], [-84.3992334751832, 33.7795643145593], [-84.3992303176049, 33.7796051152704], [-84.3992303364696, 33.7796414785405], [-84.3992289764202, 33.7796600480614], [-84.3992312545478, 33.7797078785592], [-84.3992303957584, 33.7797603047383], [-84.3992305215225, 33.7800712980781], [-84.3992306248288, 33.7803284719741], [-84.3992308817469, 33.7804297104688], [-84.3992308386278, 33.7804406452554], [-84.3992307416098, 33.7804655029434], [-84.399230417318, 33.780548540053], [-84.3992305853029, 33.7806557082195], [-84.3992297175303, 33.7807414390723], [-84.3992296232072, 33.7807535557722], [-84.3992270836699, 33.781078906593], [-84.3992267683613, 33.7811194258418], [-84.3992266183426, 33.7811384691654], [-84.3992260173697, 33.7811716219353], [-84.3992221537156, 33.781384406533], [-84.3992217180327, 33.7814136042128], [-84.3992215302848, 33.7814262576575], [-84.3992213560117, 33.781432708696], [-84.3992232469653, 33.7814417140165], [-84.3992299942114, 33.7814516123268], [-84.3992359572283, 33.7814554665226], [-84.3992405970267, 33.7814584665532], [-84.3992497194185, 33.7814615561815], [-84.3994772896294, 33.7814614262648], [-84.3998337052015, 33.7814638857223], [-84.3998388507515, 33.7814639215614], [-84.3998431896143, 33.7814639521739], [-84.3998509438718, 33.7814617600163], [-84.3998556411624, 33.781459369997], [-84.3998589245048, 33.7814568664871], [-84.3998637700174, 33.7814531728207], [-84.3998682490174, 33.7814462730483], [-84.3998702720235, 33.7814330924731], [-84.3998701723105, 33.7814196236897], [-84.3998712952046, 33.7812187975237], [-84.3998729795457, 33.7809385024836], [-84.3998731717852, 33.7809065121615], [-84.3998742686282, 33.780842775637], [-84.3998745722587, 33.7808251381958], [-84.3998764946534, 33.7807133760779], [-84.3998781448586, 33.7805833185199], [-84.3998794078899, 33.7804975486828], [-84.3998811757744, 33.7802864709817], [-84.3998822025488, 33.7801862052142], [-84.3998858353358, 33.77983167146], [-84.3998864497834, 33.7797718429136], [-84.3998869492467, 33.7797232418955], [-84.3998873651667, 33.7796827100395], [-84.3999736429598, 33.7796727749382], [-84.3999712821873, 33.7798944209039], [-84.3999712103221, 33.7799011916289], [-84.3999712112204, 33.7799015978126], [-84.3999710360489, 33.7799006846458], [-84.3999698915952, 33.7800342868895], [-84.3999698358997, 33.7800402116376], [-84.3999698089502, 33.7800427219087], [-84.3999648771993, 33.7804334668985], [-84.3999633213172, 33.7805829227925], [-84.3999640498509, 33.7807023801005], [-84.3999641504622, 33.7807187086822], [-84.399963269215, 33.7807223769941], [-84.3999561626427, 33.7814343834274], [-84.3999561222185, 33.7814383503678], [-84.3999570376018, 33.7814466732516], [-84.3999598205826, 33.781452618808], [-84.3999694918449, 33.7814602226687], [-84.399974996721, 33.7814642247003], [-84.3999794936873, 33.7814651856359], [-84.3999856911644, 33.7814651901158], [-84.4001685621051, 33.7814653282456], [-84.4002886174513, 33.7814650407862], [-84.4005672991069, 33.7814663100873], [-84.4007521957486, 33.7814674054194], [-84.400757864118, 33.7814674927772], [-84.4007652060488, 33.7814676062676], [-84.4007729243738, 33.7814649153494], [-84.4007777177841, 33.7814632443519], [-84.4007834912565, 33.7814574563389], [-84.4007841389418, 33.7814508186402], [-84.4007848378311, 33.7814455226672], [-84.4007848584923, 33.7814405223665], [-84.4007850103076, 33.7814051305028], [-84.4007877133383, 33.7809957102141], [-84.4007894066626, 33.7807393081218], [-84.4007895252402, 33.7807211830941], [-84.4007900309917, 33.7806330031929], [-84.4007900579412, 33.7806280573506], [-84.4007899187023, 33.780544686563], [-84.4008063345158, 33.7805291680696], [-84.4008123271771, 33.780526225499], [-84.4008200877228, 33.7805224130741], [-84.400845543283, 33.7805229260267], [-84.4008513221453, 33.7805296421961], [-84.4008692076026, 33.7805504320784], [-84.4008680784202, 33.7806082582985], [-84.4008673175472, 33.7807460145677], [-84.4008668055075, 33.7808328929361], [-84.4008656430875, 33.7810300128825], [-84.400865302626, 33.7811146696768], [-84.4008630280917, 33.7812505204286], [-84.400862966108, 33.7812555297003], [-84.4008641581723, 33.7813657925871], [-84.4008641887151, 33.7813746411184], [-84.4008642677668, 33.7813823248774], [-84.4008643647849, 33.7813862156621], [-84.400865487679, 33.7814313863825], [-84.400865949413, 33.7814421366192], [-84.4008666006916, 33.7814519856507], [-84.4008686003414, 33.7814564065521], [-84.400870562262, 33.7814607430821], [-84.4008765953475, 33.7814647951392], [-84.4008816923884, 33.7814657053027], [-84.4008910986477, 33.7814673845133], [-84.4009072979672, 33.7814679056733], [-84.4009156927236, 33.7814681752131], [-84.4014265161166, 33.781470273293], [-84.4015465759544, 33.7814707660804], [-84.4021288019377, 33.7814763860969], [-84.4022698356407, 33.7814776688373], [-84.4023278955542, 33.7814781899974], [-84.402368317047, 33.7814785528681], [-84.4023692018876, 33.7814785603345], [-84.4025129907235, 33.7814797228648], [-84.4025944499535, 33.7814803814079], [-84.402605041989, 33.7814789209653], [-84.4026109942261, 33.7814771267712], [-84.402614729421, 33.7814753885757], [-84.4026193171172, 33.7814724019853], [-84.4026234296045, 33.7814685268841], [-84.4026267479812, 33.7814638767625], [-84.4026287458344, 33.7814590601382], [-84.4026297097267, 33.7814535050789], [-84.402629978323, 33.7814383705273], [-84.4026460042676, 33.7812096876488]], [[-84.3991254069562, 33.7798046908276], [-84.3991188555428, 33.7798022738822], [-84.3991123059261, 33.7798041270977], [-84.399110120325, 33.7798103019934], [-84.3991066743876, 33.78021007664], [-84.3991099056276, 33.7803400332193], [-84.3991153431301, 33.7804267447483], [-84.3991159800356, 33.7804305773372], [-84.3991180623304, 33.7804337110553], [-84.3991257896385, 33.7804371464225], [-84.3991329644827, 33.7804367327747], [-84.3991435915525, 33.780432389473], [-84.3991523644995, 33.7804236730025], [-84.3991603514207, 33.7804124649373], [-84.3991628559237, 33.780406440163], [-84.3991639374953, 33.7803928987924], [-84.3991632251313, 33.7802197376552], [-84.3991253090398, 33.7800862611396], [-84.3991277686271, 33.7798111808148], [-84.3991254069562, 33.7798046908276]], [[-84.3991663027595, 33.7784314090952], [-84.3991626340399, 33.7784303779382], [-84.3991581739045, 33.7784310103712], [-84.3991552750411, 33.7784328404694], [-84.3991528585729, 33.7784362662102], [-84.3991518210188, 33.7788147104084], [-84.399148590677, 33.7789732732673], [-84.3991453809965, 33.7790525941602], [-84.3991235097143, 33.7793100667948], [-84.3991141088449, 33.7794701564135], [-84.3991129706794, 33.7796445338878], [-84.3991155335729, 33.7796494200539], [-84.399120121269, 33.7796526874532], [-84.399124970375, 33.7796539508078], [-84.3991328432101, 33.7796527889995], [-84.3991428791884, 33.7796451610852], [-84.3991552966006, 33.7796312059425], [-84.3991637650188, 33.7796165578936], [-84.3991668067144, 33.7796048352714], [-84.399171139289, 33.7794483321377], [-84.3991741998492, 33.7793883980437], [-84.3991959013498, 33.7791336995162], [-84.3992050902168, 33.7789845696279], [-84.3992059552944, 33.7789198916159], [-84.399170207736, 33.7787781638528], [-84.3991706524021, 33.7784372757135], [-84.3991685754972, 33.7784331062854], [-84.3991663027595, 33.7784314090952]], [[-84.4014455343495, 33.778464576353], [-84.4014551651877, 33.7784745511681], [-84.4014654122701, 33.7784676511558], [-84.4015473781499, 33.7785525449381], [-84.4015502581487, 33.7785555264036], [-84.4015612131036, 33.778563275376], [-84.4015709265868, 33.7785720943299], [-84.4015792485796, 33.778581846624], [-84.4019026106408, 33.77893441957], [-84.4019001690199, 33.7789361660306], [-84.4020999723054, 33.7791520436535], [-84.4021013934401, 33.7791511573588], [-84.4025088791345, 33.7795954459725], [-84.4025256300196, 33.7796068759038], [-84.4025402527958, 33.779612988094], [-84.4025620791622, 33.7796136772647], [-84.4029807982892, 33.7796173090374], [-84.4040112395819, 33.7796256948179], [-84.4041113208877, 33.7796259016437], [-84.4041198602728, 33.77962348096], [-84.4041300759142, 33.7796162428015], [-84.4041346321694, 33.7796098461326], [-84.4041365374961, 33.7795989119866], [-84.4041396690232, 33.7795155581172], [-84.4041463075731, 33.7791728644835], [-84.4041553859474, 33.7785482433545], [-84.4041676749004, 33.7781845403565], [-84.4041702440822, 33.7781209996759], [-84.4041709887855, 33.7780864621325], [-84.4041735013734, 33.7780121079923], [-84.4041914101869, 33.7774254502187], [-84.404191854853, 33.7773728583403], [-84.4041861972633, 33.7773551611965], [-84.4041612232001, 33.7773255872981], [-84.4041238218432, 33.7773072763705], [-84.4040418020645, 33.7773055881181], [-84.403703056354, 33.777310766371], [-84.402618530193, 33.77732203159], [-84.4025704245112, 33.7773230515601], [-84.4025228129028, 33.7773349828193], [-84.4024920527909, 33.7773550096198], [-84.4024630048679, 33.7773992924199], [-84.4024248659942, 33.7775227623571], [-84.402343699615, 33.7776896269627], [-84.4022811445318, 33.7777784938528], [-84.4021628660533, 33.777911043603], [-84.4019963965531, 33.7780501654032], [-84.4017976389066, 33.7781774700786], [-84.401632265351, 33.7782819449669], [-84.4016035668726, 33.77830289817], [-84.4015853714965, 33.7783143349938], [-84.4015759095416, 33.7783193138235], [-84.4015655843058, 33.7783229195174], [-84.4015546823515, 33.7783250527681], [-84.4015378551096, 33.7783269791897], [-84.4015287237347, 33.7783285942477], [-84.4015340040319, 33.7783342644976], [-84.4014785761823, 33.7783702519832], [-84.4014704967346, 33.7783615733833], [-84.4014588123477, 33.7783691610915], [-84.4014493611726, 33.7783763874086], [-84.401441398506, 33.7783847613638], [-84.401435121977, 33.7783940738879], [-84.4014306887911, 33.7784040912716], [-84.4014282094409, 33.7784145648721], [-84.4014277468086, 33.77842523186], [-84.4014293116738, 33.7784358264192], [-84.401432865409, 33.7784460834804], [-84.4014383181828, 33.7784557469345], [-84.4014455343495, 33.778464576353]], [[-84.4042210959138, 33.779614813687], [-84.4042461166894, 33.7796265721477], [-84.4043736900361, 33.7796259001504], [-84.4048118451126, 33.7796229082689], [-84.4048163771132, 33.7796225536036], [-84.4048230974098, 33.7796225289637], [-84.4048340954839, 33.779622812696], [-84.4049490807385, 33.779624901861], [-84.4049828322404, 33.7796261472961], [-84.405034960578, 33.7796257709776], [-84.405161762272, 33.7796246293288], [-84.4054145571761, 33.7796221160587], [-84.4054799994445, 33.7796227074164], [-84.4055285408092, 33.7796224050175], [-84.4056112801384, 33.7796218883262], [-84.4056597963503, 33.7796215866741], [-84.4057425491543, 33.7796210699828], [-84.4057910339251, 33.7796207675839], [-84.4058790760095, 33.7796205241716], [-84.4059425347978, 33.7796197655612], [-84.4059627262304, 33.7796196961215], [-84.4059713680235, 33.7796193100963], [-84.4059825906763, 33.7796178003422], [-84.4059913465554, 33.7796157888299], [-84.4060002820975, 33.779612917161], [-84.4060092113514, 33.7796091158954], [-84.4060164400945, 33.7796052436966], [-84.4060212559628, 33.7796021980546], [-84.4060303765579, 33.7795951585069], [-84.4060390821313, 33.7795862746985], [-84.4060474481415, 33.7795741772467], [-84.4060525703352, 33.7795627092312], [-84.4060553200783, 33.7795518542256], [-84.4060561905459, 33.7795392639704], [-84.4060661582522, 33.7789674208725], [-84.4060677509652, 33.7788636233035], [-84.4060698898539, 33.7788099451554], [-84.4060696113762, 33.7787988205062], [-84.4060665921385, 33.778788016924], [-84.4060654279219, 33.7787837459658], [-84.4060625829574, 33.7787775366491], [-84.4060598960964, 33.7787713400255], [-84.4060571840826, 33.7787675402159], [-84.4060517645464, 33.7787599503029], [-84.4060416279568, 33.7787497776532], [-84.406029621973, 33.7787411319453], [-84.4060205939044, 33.778736546636], [-84.4060160475307, 33.7787342984082], [-84.4060087451258, 33.7787318239389], [-84.406001286414, 33.778729516724], [-84.4059921613273, 33.7787266943056], [-84.4059859243243, 33.7787262074757], [-84.4059522563658, 33.7787253965904], [-84.4058247162567, 33.7787269511606], [-84.4057018725399, 33.7787250717883], [-84.4055912746571, 33.7787233813239], [-84.4055216354596, 33.7787226600391], [-84.4054351438674, 33.7787225861187], [-84.405310870931, 33.7787224793446], [-84.4051829113087, 33.7787246887458], [-84.4050493444023, 33.7787233410036], [-84.4049475365346, 33.7787223613705], [-84.4044794495929, 33.7787167142932], [-84.4042537676407, 33.7787140195552], [-84.4042478136069, 33.7787140352353], [-84.4042434181503, 33.7787147303866], [-84.4042386930119, 33.7787166926397], [-84.4042354258392, 33.7787189460946], [-84.404232598841, 33.7787220186482], [-84.4042307438199, 33.7787253413367], [-84.4042298149619, 33.7787303791295], [-84.4042278530413, 33.7789509597963], [-84.4042273113572, 33.7789838632787], [-84.4042281090612, 33.7790051791913], [-84.4042274299348, 33.7790378728389], [-84.4042272673398, 33.7790594866587], [-84.4042240343031, 33.7791690915718], [-84.4042168998831, 33.7795601586261], [-84.4042170319354, 33.7796079234732], [-84.4042210959138, 33.779614813687]], [[-84.403060952267, 33.7801992695026], [-84.4033569669161, 33.78051969002], [-84.4033649098199, 33.780525852171], [-84.4033709015828, 33.7805280861654], [-84.4033763831027, 33.780531045909], [-84.4033847679775, 33.7805330909993], [-84.403395642084, 33.7805338929076], [-84.4034753954133, 33.7805339384536], [-84.4037670146056, 33.7805341042112], [-84.4037715394197, 33.7805341012246], [-84.4039105519133, 33.7805357110144], [-84.4039879480632, 33.7805362067939], [-84.4040663287667, 33.7805366921201], [-84.4040831919412, 33.780535991757], [-84.4040898843901, 33.780535740134], [-84.4041024069052, 33.7805352675009], [-84.4041120521164, 33.780529902779], [-84.404116099925, 33.7805276493716], [-84.4041223018938, 33.7805203470772], [-84.404128012484, 33.7805136204539], [-84.4041299762012, 33.7805022548561], [-84.404130089389, 33.780496586243], [-84.4041302591706, 33.7804917464179], [-84.4041308745165, 33.7804463429917], [-84.4041318779347, 33.7803995417996], [-84.4041327358258, 33.780322194077], [-84.4041328005045, 33.7803163731339], [-84.4041313200809, 33.7803083898696], [-84.4041346788817, 33.7801756840442], [-84.4041347157127, 33.780171391502], [-84.4041349879022, 33.7801397966227], [-84.4041350229365, 33.780135878155], [-84.4041376747632, 33.7799868776905], [-84.404138118531, 33.7799774137675], [-84.4041384670773, 33.7799699665739], [-84.4041387509449, 33.779960920779], [-84.4041419597271, 33.7798391223989], [-84.4041405385923, 33.7797481998444], [-84.4041406122542, 33.7797352795932], [-84.4041389126417, 33.7797238638656], [-84.4041328813529, 33.7797135696243], [-84.4041245171393, 33.779704393883], [-84.4041171356826, 33.7796987954034], [-84.404106164558, 33.7796901699513], [-84.4040974553913, 33.7796885691055], [-84.4040874427692, 33.7796866389811], [-84.4040758455189, 33.7796869690063], [-84.4035000137436, 33.7796785615786], [-84.4032133496584, 33.779676729267], [-84.4030689391882, 33.7796758071378], [-84.4027327087606, 33.7796744623973], [-84.4026908787093, 33.7796719192621], [-84.4026858086179, 33.7796721962742], [-84.4026745311678, 33.7796728122714], [-84.4026636642478, 33.7796754927926], [-84.4026531907899, 33.7796794239746], [-84.4026487342478, 33.7796832797435], [-84.4026429526906, 33.7796882950801], [-84.4026373256437, 33.779693178257], [-84.402633346107, 33.7797011765119], [-84.4026302029018, 33.7797112251026], [-84.4026288680053, 33.7797206920418], [-84.4026311856587, 33.7797292174381], [-84.4026354014523, 33.7797388792542], [-84.4026813745336, 33.7797876243693], [-84.4027809482913, 33.7798929835807], [-84.4029760524895, 33.7801064007891], [-84.403060952267, 33.7801992695026]], [[-84.4042571767472, 33.7796842459257], [-84.404247115616, 33.7796875894834], [-84.4042378575787, 33.7796922897279], [-84.40422966135, 33.7796982122596], [-84.4042227577971, 33.7797051943057], [-84.4042173328711, 33.7797130417336], [-84.4042135383873, 33.7797215327842], [-84.4042106763548, 33.7797303045791], [-84.4042102658247, 33.7797482401642], [-84.4042102775028, 33.7797743233261], [-84.4042077712032, 33.7801198197529], [-84.4042070974667, 33.7802128340502], [-84.4042030963704, 33.7803801384231], [-84.4042032724402, 33.7804915590072], [-84.4042041923151, 33.7804972582335], [-84.4042056475858, 33.7805062793321], [-84.4042103583512, 33.7805145530272], [-84.4042169286292, 33.7805218978815], [-84.4042250970101, 33.7805280331528], [-84.4042345517784, 33.7805327199114], [-84.4042474084668, 33.7805362269535], [-84.404257911569, 33.7805398474873], [-84.40490529236, 33.7805404410786], [-84.4049207415863, 33.780540526944], [-84.4050123023716, 33.7805411877343], [-84.4052156351379, 33.7805414774368], [-84.4053142782409, 33.7805408032066], [-84.4058623718368, 33.7805448859201], [-84.4058870773037, 33.7805449068264], [-84.4059298353146, 33.7805449419193], [-84.4060106998598, 33.7805450091182], [-84.4060180723334, 33.7805437711631], [-84.4060244315073, 33.7805423823835], [-84.40603458247, 33.780540164816], [-84.4060476448725, 33.7805323480768], [-84.4060571229971, 33.7805223227287], [-84.4060614295206, 33.7805143499368], [-84.4060638136494, 33.7805058276052], [-84.4060641568058, 33.7804970588763], [-84.4060656650772, 33.7804584283739], [-84.4060658716897, 33.7804531569792], [-84.4060661106415, 33.7804470321557], [-84.4060668292938, 33.7802911084741], [-84.4060714915501, 33.7799632287075], [-84.4060721598967, 33.7799162346128], [-84.4060722982372, 33.7798701103531], [-84.4060724024418, 33.7798353315966], [-84.4060728686674, 33.7797508833499], [-84.406073104026, 33.7797354124991], [-84.4060729405326, 33.7797247411944], [-84.4060701000597, 33.7797149009243], [-84.4060631390146, 33.779703757726], [-84.4060511833364, 33.7796934000159], [-84.4060399040897, 33.7796875611102], [-84.4060300513677, 33.7796844281115], [-84.4060201025259, 33.7796827623059], [-84.4059936812768, 33.7796824113742], [-84.4054701673837, 33.7796857116255], [-84.4054553182321, 33.7796857004256], [-84.4051418331474, 33.7796857302921], [-84.405008898655, 33.779685743732], [-84.4049752306965, 33.7796857467187], [-84.4047992040199, 33.7796863925823], [-84.4047457488706, 33.7796861917299], [-84.4047309626011, 33.7796861364768], [-84.4046913846263, 33.7796859886375], [-84.4045817362627, 33.7796874244708], [-84.404302245225, 33.7796830632111], [-84.4042946203248, 33.7796821015089], [-84.40427851982, 33.7796822471083], [-84.4042677624945, 33.7796823456678], [-84.4042571767472, 33.7796842459257]]]}, "properties": {"OBJECTID_1": 31, "OBJECTID": null, "Shape_Leng": null, "CreationDate": 1628109913579, "Creator": "wsims6_GTFacilities", "EditDate": 1628109913579, "Editor": "wsims6_GTFacilities", "Shape__Area": 65252.67578125, "Shape__Length": 11298.512902786026, "GlobalID": "afd5310c-9f91-4773-ab8e-3ad9d92b2262"}}, {"type": "Feature", "id": 32, "geometry": {"type": "Polygon", "coordinates": [[[-84.4008750775473, 33.781355004275], [-84.4008828674388, 33.7813491954788], [-84.4008718092707, 33.7813582537177], [-84.4008750775473, 33.781355004275]]]}, "properties": {"OBJECTID_1": 32, "OBJECTID": null, "Shape_Leng": null, "CreationDate": 1628109913579, "Creator": "wsims6_GTFacilities", "EditDate": 1628109913579, "Editor": "wsims6_GTFacilities", "Shape__Area": 0.046875, "Shape__Length": 3.460590724200996, "GlobalID": "61e60682-acc5-4f92-b6d2-c45c0a8cc988"}}, {"type": "Feature", "id": 33, "geometry": {"type": "Polygon", "coordinates": [[[-84.4048697096181, 33.7812437736565], [-84.4048814521922, 33.7812414418604], [-84.4048918249295, 33.7812431539084], [-84.4048980571803, 33.7812477583312], [-84.4049029132026, 33.7812540974826], [-84.4049050039366, 33.7812604419725], [-84.4049036458025, 33.7812691022494], [-84.4049013214263, 33.781273529336], [-84.4048981338804, 33.7812754614168], [-84.4048905434869, 33.7812795154675], [-84.4048810102375, 33.7812814967655], [-84.4048723528736, 33.7812800356711], [-84.4048642711869, 33.7812766808989], [-84.4048580346588, 33.7812709214674], [-84.4048552448887, 33.7812616930422], [-84.4048586756668, 33.7812524517083], [-84.4048697096181, 33.7812437736565]]]}, "properties": {"OBJECTID_1": 33, "OBJECTID": null, "Shape_Leng": null, "CreationDate": 1628109913579, "Creator": "wsims6_GTFacilities", "EditDate": 1628109913579, "Editor": "wsims6_GTFacilities", "Shape__Area": 22.5, "Shape__Length": 16.97853127152805, "GlobalID": "98c85180-48f2-4f31-b5e4-a8307c0669b7"}}, {"type": "Feature", "id": 34, "geometry": {"type": "Polygon", "coordinates": [[[-84.3989489688512, 33.7811156716821], [-84.3989488996809, 33.7810899846537], [-84.3989565668019, 33.7810907574374], [-84.3989557789794, 33.7810962064957], [-84.39895458961, 33.7811029338199], [-84.3989523051942, 33.7811094632812], [-84.3989489688512, 33.7811156716821]]]}, "properties": {"OBJECTID_1": 34, "OBJECTID": null, "Shape_Leng": null, "CreationDate": 1628109913579, "Creator": "wsims6_GTFacilities", "EditDate": 1628109913579, "Editor": "wsims6_GTFacilities", "Shape__Area": 1.859375, "Shape__Length": 7.767187722790163, "GlobalID": "0f107eb3-aa9c-46a6-b9fc-b34fbd289ab5"}}, {"type": "Feature", "id": 35, "geometry": {"type": "Polygon", "coordinates": [[[-84.4036223966247, 33.780997700041], [-84.4036213159514, 33.7809978389182], [-84.4036201445483, 33.7809979792887], [-84.4036208308611, 33.7809978777441], [-84.4036223966247, 33.780997700041]]]}, "properties": {"OBJECTID_1": 35, "OBJECTID": null, "Shape_Leng": null, "CreationDate": 1628109913579, "Creator": "wsims6_GTFacilities", "EditDate": 1628109913579, "Editor": "wsims6_GTFacilities", "Shape__Area": 0.00390625, "Shape__Length": 0.5069960853852001, "GlobalID": "5fe43b24-848a-4442-88e6-3f7b31f1071d"}}, {"type": "Feature", "id": 36, "geometry": {"type": "Polygon", "coordinates": [[[-84.4054298538015, 33.7809512215561], [-84.4058764829796, 33.7807652511976], [-84.4058785540703, 33.7807687807542], [-84.4054298538015, 33.7809512215561]]]}, "properties": {"OBJECTID_1": 36, "OBJECTID": null, "Shape_Leng": null, "CreationDate": 1628109913579, "Creator": "wsims6_GTFacilities", "EditDate": 1628109913579, "Editor": "wsims6_GTFacilities", "Shape__Area": 14.625, "Shape__Length": 111.73975805015638, "GlobalID": "b44c0530-835e-4cd5-b901-f6a71e2328fb"}}, {"type": "Feature", "id": 37, "geometry": {"type": "Polygon", "coordinates": [[[-84.4050568506823, 33.7806567808354], [-84.4050595564801, 33.780655185997], [-84.405058245828, 33.7806560324746], [-84.4050568506823, 33.7806567808354]]]}, "properties": {"OBJECTID_1": 37, "OBJECTID": null, "Shape_Leng": null, "CreationDate": 1628109913579, "Creator": "wsims6_GTFacilities", "EditDate": 1628109913579, "Editor": "wsims6_GTFacilities", "Shape__Area": 0, "Shape__Length": 0.738866315585303, "GlobalID": "f788cef0-700f-4e0d-b43a-90fd13708a03"}}, {"type": "Feature", "id": 38, "geometry": {"type": "Polygon", "coordinates": [[[-84.4050595920373, 33.7806551588788], [-84.4050619103011, 33.7806532113418], [-84.4050608020367, 33.7806542278404], [-84.4050595920373, 33.7806551588788]]]}, "properties": {"OBJECTID_1": 38, "OBJECTID": null, "Shape_Leng": null, "CreationDate": 1628109913579, "Creator": "wsims6_GTFacilities", "EditDate": 1628109913579, "Editor": "wsims6_GTFacilities", "Shape__Area": 0, "Shape__Length": 0.7342031360409806, "GlobalID": "f0832a68-aa89-4e07-a8f7-8a33a41e4abb"}}, {"type": "Feature", "id": 39, "geometry": {"type": "Polygon", "coordinates": [[[-84.4050638205555, 33.780650925572], [-84.4050652226424, 33.7806483955347], [-84.4050645891552, 33.7806496861199], [-84.4050638205555, 33.780650925572]]]}, "properties": {"OBJECTID_1": 39, "OBJECTID": null, "Shape_Leng": null, "CreationDate": 1628109913579, "Creator": "wsims6_GTFacilities", "EditDate": 1628109913579, "Editor": "wsims6_GTFacilities", "Shape__Area": 0, "Shape__Length": 0.7465024130112576, "GlobalID": "f190c223-9230-4483-a179-a448c8fcd53d"}}, {"type": "Feature", "id": 40, "geometry": {"type": "Polygon", "coordinates": [[[-84.4050652387163, 33.7806483513228], [-84.4050660789949, 33.7806457024512], [-84.4050657285427, 33.7806470420804], [-84.4050652387163, 33.7806483513228]]]}, "properties": {"OBJECTID_1": 40, "OBJECTID": null, "Shape_Leng": null, "CreationDate": 1628109913579, "Creator": "wsims6_GTFacilities", "EditDate": 1628109913579, "Editor": "wsims6_GTFacilities", "Shape__Area": 0.00390625, "Shape__Length": 0.7341296534400373, "GlobalID": "33b8bda8-5c05-4427-b37d-3d8005d8db7e"}}, {"type": "Feature", "id": 41, "geometry": {"type": "Polygon", "coordinates": [[[-84.3989617913887, 33.7803477928567], [-84.3989619587513, 33.7803477925416], [-84.3989620712949, 33.7804066809921], [-84.3989620164324, 33.7803959577542], [-84.3989617913887, 33.7803477928567]]]}, "properties": {"OBJECTID_1": 41, "OBJECTID": null, "Shape_Leng": null, "CreationDate": 1628109913579, "Creator": "wsims6_GTFacilities", "EditDate": 1628109913579, "Editor": "wsims6_GTFacilities", "Shape__Area": 0.07421875, "Shape__Length": 15.792553192796172, "GlobalID": "16c62259-ab9e-45a5-a8be-7d0a8a6fe330"}}, {"type": "Feature", "id": 42, "geometry": {"type": "Polygon", "coordinates": [[[-84.4050666620066, 33.7801027800845], [-84.405066650288, 33.7801020578844], [-84.4050671303329, 33.7801042344451], [-84.4050666620066, 33.7801027800845]]]}, "properties": {"OBJECTID_1": 42, "OBJECTID": null, "Shape_Leng": null, "CreationDate": 1628109913579, "Creator": "wsims6_GTFacilities", "EditDate": 1628109913579, "Editor": "wsims6_GTFacilities", "Shape__Area": 0.00390625, "Shape__Length": 0.594735519306443, "GlobalID": "ab76bb2e-8147-4640-a82e-7149fd97bfb4"}}, {"type": "Feature", "id": 43, "geometry": {"type": "Polygon", "coordinates": [[[-84.404074322385, 33.7799975823893], [-84.4040846586732, 33.7799974930764], [-84.4040972914925, 33.7799977527915], [-84.4040873898971, 33.7799976789719], [-84.404074322385, 33.7799975823893]]]}, "properties": {"OBJECTID_1": 43, "OBJECTID": null, "Shape_Leng": null, "CreationDate": 1628109913579, "Creator": "wsims6_GTFacilities", "EditDate": 1628109913579, "Editor": "wsims6_GTFacilities", "Shape__Area": 0.02734375, "Shape__Length": 5.11441284975836, "GlobalID": "fa7f382b-9ce3-40cd-8c1a-983076c10220"}}, {"type": "Feature", "id": 44, "geometry": {"type": "MultiPolygon", "coordinates": [[[[-84.3989867367207, 33.7793557284232], [-84.3989866325161, 33.7793551325836], [-84.398986902909, 33.7793564190893], [-84.3989867367207, 33.7793557284232]]], [[[-84.3989865867021, 33.779355102717], [-84.3989867367207, 33.7793557284232], [-84.3989875128651, 33.7793601539128], [-84.3989865867021, 33.779355102717]]], [[[-84.3989447988717, 33.7795709710708], [-84.3989471461695, 33.7795709658441], [-84.3989471407796, 33.7795713137896], [-84.3989474102742, 33.7795961127434], [-84.398947520767, 33.7796024056271], [-84.3989448842116, 33.7796024526669], [-84.3989447988717, 33.7795709710708]]]]}, "properties": {"OBJECTID_1": 44, "OBJECTID": null, "Shape_Leng": null, "CreationDate": 1628109913579, "Creator": "wsims6_GTFacilities", "EditDate": 1628109913579, "Editor": "wsims6_GTFacilities", "Shape__Area": 1.15625, "Shape__Length": 10.70071168030115, "GlobalID": "8ca0465c-315c-4717-9c1d-068ca3a03163"}}, {"type": "Feature", "id": 45, "geometry": {"type": "Polygon", "coordinates": [[[-84.4040318191134, 33.7790363341492], [-84.4038682068007, 33.779034234119], [-84.4038678668241, 33.7790526969899], [-84.4038186728755, 33.7790520657077], [-84.403818664442, 33.7790431285536], [-84.4038205918303, 33.7790431428827], [-84.4038212296697, 33.7790148279943], [-84.404122078396, 33.7790183276418], [-84.404122322137, 33.779003747467], [-84.404009718066, 33.7790023825903], [-84.4040099310442, 33.7789723355438], [-84.4040201898461, 33.7789723834367], [-84.4040202561364, 33.7789623596486], [-84.4040247922082, 33.7789623806785], [-84.4040257362718, 33.7788728692054], [-84.4040376697674, 33.7788729246956], [-84.4040377271179, 33.7788643579935], [-84.4040604123993, 33.7788646912467], [-84.404060429397, 33.7789557868765], [-84.4040658765668, 33.7789670831084], [-84.4040734747256, 33.7789729481613], [-84.4040864851209, 33.7789774458156], [-84.4041016525735, 33.7789783209905], [-84.404111401552, 33.778978302233], [-84.4041173534904, 33.7789764820676], [-84.4041224285167, 33.7789687352303], [-84.4041248060278, 33.7787832284652], [-84.4040762640259, 33.7787820712695], [-84.4040767878024, 33.7787664527545], [-84.4041259862463, 33.7787672065503], [-84.4041228289394, 33.7789733716539], [-84.4041214876438, 33.7790628883986], [-84.4041218453634, 33.7790375711379], [-84.4040318191134, 33.7790363341492]]]}, "properties": {"OBJECTID_1": 45, "OBJECTID": null, "Shape_Leng": null, "CreationDate": 1628109913579, "Creator": "wsims6_GTFacilities", "EditDate": 1628109913579, "Editor": "wsims6_GTFacilities", "Shape__Area": 217.56640625, "Shape__Length": 215.41362804277085, "GlobalID": "75b182c7-d759-430a-847e-d6791dd5f347"}}, {"type": "Feature", "id": 46, "geometry": {"type": "Polygon", "coordinates": [[[-84.4036209672884, 33.7790310610156], [-84.4036218234796, 33.7789683035201], [-84.4035078113469, 33.7789668931014], [-84.4035078400483, 33.7789667289457], [-84.4037103739549, 33.7789669108202], [-84.4037103132316, 33.779014246743], [-84.4037118124023, 33.7790410761124], [-84.4037190552432, 33.7790422145104], [-84.4037195237324, 33.7790507937268], [-84.4036703297856, 33.7790501623855], [-84.4036706698046, 33.7790316995148], [-84.4036209672884, 33.7790310610156]], [[-84.4037082863039, 33.7789961274397], [-84.4037082155444, 33.7789704395222], [-84.4036679207051, 33.7789705169152], [-84.4036679914525, 33.7789962048329], [-84.4037082863039, 33.7789961274397]]]}, "properties": {"OBJECTID_1": 46, "OBJECTID": null, "Shape_Leng": null, "CreationDate": 1628109913579, "Creator": "wsims6_GTFacilities", "EditDate": 1628109913579, "Editor": "wsims6_GTFacilities", "Shape__Area": 84.31640625, "Shape__Length": 84.90966775400899, "GlobalID": "52393c7d-c288-4e2d-af79-433ca5864d23"}}, {"type": "Feature", "id": 47, "geometry": {"type": "Polygon", "coordinates": [[[-84.4016700254774, 33.7790355264959], [-84.4016693605644, 33.7790391623198], [-84.401673946573, 33.7790444201336], [-84.401678706115, 33.7790448213212], [-84.4016771325608, 33.7790450839935], [-84.401675515828, 33.7790449554312], [-84.4016738897284, 33.7790445599979], [-84.4016724530108, 33.7790439252662], [-84.401671493411, 33.77904324274], [-84.4016706446283, 33.7790424148369], [-84.4016699781174, 33.7790415117495], [-84.4016694643217, 33.7790403856634], [-84.4016691845838, 33.7790391689664], [-84.4016691219108, 33.7790379653809], [-84.4016695977495, 33.7790362630581], [-84.4016700254774, 33.7790355264959]]]}, "properties": {"OBJECTID_1": 47, "OBJECTID": null, "Shape_Leng": null, "CreationDate": 1628109913579, "Creator": "wsims6_GTFacilities", "EditDate": 1628109913579, "Editor": "wsims6_GTFacilities", "Shape__Area": 0.1171875, "Shape__Length": 3.8843274245949795, "GlobalID": "231ce1e9-6d45-417a-a868-a902b1e2cc54"}}, {"type": "Feature", "id": 49, "geometry": {"type": "Polygon", "coordinates": [[[-84.4015830747637, 33.7790403635041], [-84.4015787187195, 33.779035491156], [-84.4015872535847, 33.7790447871669], [-84.4015830747637, 33.7790403635041]]]}, "properties": {"OBJECTID_1": 49, "OBJECTID": null, "Shape_Leng": null, "CreationDate": 1628109913579, "Creator": "wsims6_GTFacilities", "EditDate": 1628109913579, "Editor": "wsims6_GTFacilities", "Shape__Area": 0.00390625, "Shape__Length": 3.1323599957632053, "GlobalID": "2dfafcad-268c-4c7a-af73-4511d3f928ca"}}, {"type": "Feature", "id": 52, "geometry": {"type": "Polygon", "coordinates": [[[-84.4038121375633, 33.7789738482713], [-84.4038123613498, 33.7789590607554], [-84.403824655072, 33.7789593554132], [-84.4038249199945, 33.7789614539489], [-84.4038397150284, 33.778961581501], [-84.4038460919979, 33.7789615773598], [-84.4038466643898, 33.7790004067865], [-84.403821046544, 33.7790000962612], [-84.4038202578663, 33.7789740698008], [-84.4038121375633, 33.7789738482713]]]}, "properties": {"OBJECTID_1": 52, "OBJECTID": null, "Shape_Leng": null, "CreationDate": 1628109913579, "Creator": "wsims6_GTFacilities", "EditDate": 1628109913579, "Editor": "wsims6_GTFacilities", "Shape__Area": 16.84375, "Shape__Length": 18.433286201016067, "GlobalID": "c430e1d8-57e5-4b6a-98fb-3c808c361d5a"}}, {"type": "Feature", "id": 53, "geometry": {"type": "Polygon", "coordinates": [[[-84.4035880430695, 33.7789441815745], [-84.4036033710624, 33.778944152146], [-84.4036033496268, 33.7789449943298], [-84.4036081079126, 33.7789488595907], [-84.4037308550711, 33.7789510186392], [-84.4037379112016, 33.7789510150023], [-84.4037530543224, 33.7789512915702], [-84.4037530422582, 33.7789520075047], [-84.4035881470961, 33.7789509834344], [-84.4035880430695, 33.7789441815745]]]}, "properties": {"OBJECTID_1": 53, "OBJECTID": null, "Shape_Leng": null, "CreationDate": 1628109913579, "Creator": "wsims6_GTFacilities", "EditDate": 1628109913579, "Editor": "wsims6_GTFacilities", "Shape__Area": 4.9765625, "Shape__Length": 38.062079155710144, "GlobalID": "f09993a2-69c2-4343-854d-b54c0a3e157a"}}, {"type": "Feature", "id": 54, "geometry": {"type": "Polygon", "coordinates": [[[-84.4037865784371, 33.7789043268504], [-84.403786338701, 33.7788639540578], [-84.4037635259924, 33.7788640060043], [-84.403762281053, 33.7788640083962], [-84.4037622449908, 33.7788622845076], [-84.4038142345315, 33.7788630033105], [-84.4038170230373, 33.7787789847607], [-84.4038163534827, 33.7787421139065], [-84.4039078908164, 33.7787424780544], [-84.403906807813, 33.7787816361607], [-84.4038607334686, 33.7787814217722], [-84.4038276850452, 33.7787815592243], [-84.403827141884, 33.7787952536511], [-84.4038250206552, 33.7789043413409], [-84.4037865784371, 33.7789043268504]]]}, "properties": {"OBJECTID_1": 54, "OBJECTID": null, "Shape_Leng": null, "CreationDate": 1628109913579, "Creator": "wsims6_GTFacilities", "EditDate": 1628109913579, "Editor": "wsims6_GTFacilities", "Shape__Area": 91.05859375, "Shape__Length": 75.26966754218509, "GlobalID": "5f0bc691-b37b-4854-905a-204f5425a01a"}}, {"type": "Feature", "id": 55, "geometry": {"type": "Polygon", "coordinates": [[[-84.403716492246, 33.7787593298538], [-84.403719855426, 33.778759249458], [-84.403718011452, 33.7788592840324], [-84.4037167676074, 33.7788592918316], [-84.403716492246, 33.7787593298538]]]}, "properties": {"OBJECTID_1": 55, "OBJECTID": null, "Shape_Leng": null, "CreationDate": 1628109913579, "Creator": "wsims6_GTFacilities", "EditDate": 1628109913579, "Editor": "wsims6_GTFacilities", "Shape__Area": 3.43359375, "Shape__Length": 27.299721371288243, "GlobalID": "d302bee5-8475-4a12-bbc9-38ab87630f02"}}, {"type": "Feature", "id": 56, "geometry": {"type": "Polygon", "coordinates": [[[-84.40394559487, 33.7787818158547], [-84.4039458550807, 33.7787426539202], [-84.4040082923286, 33.7787434382097], [-84.4040075718076, 33.7787394029012], [-84.4040076614277, 33.778725701231], [-84.4039893062263, 33.7787254669375], [-84.4039891788643, 33.7787031675348], [-84.403989283395, 33.7786874326114], [-84.4040290921766, 33.7786877320374], [-84.4040376047142, 33.7786872846744], [-84.4040378160712, 33.7786989290984], [-84.4040684170764, 33.7786985420325], [-84.4040265913928, 33.7787010055526], [-84.4040267423347, 33.7787432025575], [-84.4040266800307, 33.7787433189904], [-84.4040263726102, 33.7787817930556], [-84.404026338556, 33.7787819734515], [-84.40394559487, 33.7787818158547]]]}, "properties": {"OBJECTID_1": 56, "OBJECTID": null, "Shape_Leng": null, "CreationDate": 1628109913579, "Creator": "wsims6_GTFacilities", "EditDate": 1628109913579, "Editor": "wsims6_GTFacilities", "Shape__Area": 75.44140625, "Shape__Length": 56.56465427367486, "GlobalID": "925f1c83-7949-41e9-acdb-ae2ce580b63d"}}, {"type": "Feature", "id": 58, "geometry": {"type": "Polygon", "coordinates": [[[-84.404125148759, 33.778741915031], [-84.4041264634729, 33.7786396372574], [-84.4041285701059, 33.7786396575483], [-84.4041278287202, 33.7787419288089], [-84.404125148759, 33.778741915031]]]}, "properties": {"OBJECTID_1": 58, "OBJECTID": null, "Shape_Leng": null, "CreationDate": 1628109913579, "Creator": "wsims6_GTFacilities", "EditDate": 1628109913579, "Editor": "wsims6_GTFacilities", "Shape__Area": 3.6484375, "Shape__Length": 27.92866272801325, "GlobalID": "1ec93655-2791-4a40-8fe9-1048f4b3d51e"}}, {"type": "Feature", "id": 59, "geometry": {"type": "Polygon", "coordinates": [[[-84.4036080456649, 33.77873919686], [-84.403605915054, 33.7787383119223], [-84.4036075175885, 33.7787387749993], [-84.4036080456649, 33.77873919686]]]}, "properties": {"OBJECTID_1": 59, "OBJECTID": null, "Shape_Leng": null, "CreationDate": 1628109913579, "Creator": "wsims6_GTFacilities", "EditDate": 1628109913579, "Editor": "wsims6_GTFacilities", "Shape__Area": 0, "Shape__Length": 0.5355421813477216, "GlobalID": "d9fc11ed-006e-4249-ab67-255e524f0d78"}}, {"type": "Feature", "id": 60, "geometry": {"type": "Polygon", "coordinates": [[[-84.4037442973504, 33.7786921457723], [-84.4037444000052, 33.7786862956593], [-84.4037836901867, 33.7786864780444], [-84.4037834069832, 33.7787290780209], [-84.4038151357149, 33.7787292505799], [-84.4038149550515, 33.7787353938795], [-84.4037725572129, 33.7787347711578], [-84.4037734483445, 33.7786925730516], [-84.4037442973504, 33.7786921457723]]]}, "properties": {"OBJECTID_1": 60, "OBJECTID": null, "Shape_Leng": null, "CreationDate": 1628109913579, "Creator": "wsims6_GTFacilities", "EditDate": 1628109913579, "Editor": "wsims6_GTFacilities", "Shape__Area": 12.9921875, "Shape__Length": 28.836300387193717, "GlobalID": "6092e4dc-7741-49a1-a0c6-c5018601d9ae"}}, {"type": "Feature", "id": 61, "geometry": {"type": "Polygon", "coordinates": [[[-84.4037023926835, 33.7787314003268], [-84.4037310513562, 33.778731054043], [-84.4037310269048, 33.7787311929443], [-84.4037023926835, 33.7787314003268]]]}, "properties": {"OBJECTID_1": 61, "OBJECTID": null, "Shape_Leng": null, "CreationDate": 1628109913579, "Creator": "wsims6_GTFacilities", "EditDate": 1628109913579, "Editor": "wsims6_GTFacilities", "Shape__Area": 0.03125, "Shape__Length": 6.3970746668558895, "GlobalID": "e20bedc1-727a-4387-8797-156ce67012f3"}}, {"type": "Feature", "id": 62, "geometry": {"type": "Polygon", "coordinates": [[[-84.4034621385296, 33.7787123949094], [-84.4034677859495, 33.7786984012594], [-84.403468357587, 33.7786985660664], [-84.4034621385296, 33.7787123949094]]]}, "properties": {"OBJECTID_1": 62, "OBJECTID": null, "Shape_Leng": null, "CreationDate": 1628109913579, "Creator": "wsims6_GTFacilities", "EditDate": 1628109913579, "Editor": "wsims6_GTFacilities", "Shape__Area": 0.06640625, "Shape__Length": 4.0213486411644555, "GlobalID": "136104ef-1152-4210-90f6-3f28738c39e7"}}, {"type": "Feature", "id": 63, "geometry": {"type": "Polygon", "coordinates": [[[-84.4035863977441, 33.7787109067252], [-84.4035840379767, 33.7787103224771], [-84.4035877404979, 33.7787103523366], [-84.4035863977441, 33.7787109067252]]]}, "properties": {"OBJECTID_1": 63, "OBJECTID": null, "Shape_Leng": null, "CreationDate": 1628109913579, "Creator": "wsims6_GTFacilities", "EditDate": 1628109913579, "Editor": "wsims6_GTFacilities", "Shape__Area": 0.01953125, "Shape__Length": 0.8531758555479736, "GlobalID": "fa4ac09b-4f61-4e36-88c9-95672bf86b74"}}, {"type": "Feature", "id": 64, "geometry": {"type": "Polygon", "coordinates": [[[-84.4035780964252, 33.7787088533717], [-84.4035411157974, 33.7786980774914], [-84.4035824593982, 33.7787099323875], [-84.4035780964252, 33.7787088533717]]]}, "properties": {"OBJECTID_1": 64, "OBJECTID": null, "Shape_Leng": null, "CreationDate": 1628109913579, "Creator": "wsims6_GTFacilities", "EditDate": 1628109913579, "Editor": "wsims6_GTFacilities", "Shape__Area": 0.05078125, "Shape__Length": 9.737544577090683, "GlobalID": "34b5d705-2fae-4278-b4c1-22e7488a2c06"}}, {"type": "Feature", "id": 65, "geometry": {"type": "Polygon", "coordinates": [[[-84.4035898694865, 33.7787094718438], [-84.4035921537333, 33.7787069410305], [-84.4035921052499, 33.7787085478668], [-84.4035898694865, 33.7787094718438]]]}, "properties": {"OBJECTID_1": 65, "OBJECTID": null, "Shape_Leng": null, "CreationDate": 1628109913579, "Creator": "wsims6_GTFacilities", "EditDate": 1628109913579, "Editor": "wsims6_GTFacilities", "Shape__Area": 0.02734375, "Shape__Length": 0.9169432483849949, "GlobalID": "c86a0c88-32a3-43a4-8ff3-afa2a5e17b07"}}, {"type": "Feature", "id": 66, "geometry": {"type": "Polygon", "coordinates": [[[-84.4035916296026, 33.778701677293], [-84.4035254193276, 33.7786371830187], [-84.4035922982852, 33.778702186344], [-84.4035922675738, 33.7787031890396], [-84.4035916296026, 33.778701677293]]]}, "properties": {"OBJECTID_1": 66, "OBJECTID": null, "Shape_Leng": null, "CreationDate": 1628109913579, "Creator": "wsims6_GTFacilities", "EditDate": 1628109913579, "Editor": "wsims6_GTFacilities", "Shape__Area": 0.078125, "Shape__Length": 23.15869550693062, "GlobalID": "ce28079f-a8b0-4f23-8d5f-b391c537be4c"}}, {"type": "Feature", "id": 67, "geometry": {"type": "Polygon", "coordinates": [[[-84.403439341179, 33.7786983927225], [-84.4034392437819, 33.7786983126624], [-84.403439359413, 33.7786983485066], [-84.403439341179, 33.7786983927225]]]}, "properties": {"OBJECTID_1": 67, "OBJECTID": null, "Shape_Leng": null, "CreationDate": 1628109913579, "Creator": "wsims6_GTFacilities", "EditDate": 1628109913579, "Editor": "wsims6_GTFacilities", "Shape__Area": 0.00390625, "Shape__Length": 0.03524659643993333, "GlobalID": "1f3b6c6c-c323-4a7e-bc30-e30099b1aa38"}}, {"type": "Feature", "id": 68, "geometry": {"type": "Polygon", "coordinates": [[[-84.4035486601639, 33.7786204858054], [-84.4035492765569, 33.7786200428129], [-84.4036220521399, 33.7786941180417], [-84.4035486601639, 33.7786204858054]]]}, "properties": {"OBJECTID_1": 68, "OBJECTID": null, "Shape_Leng": null, "CreationDate": 1628109913579, "Creator": "wsims6_GTFacilities", "EditDate": 1628109913579, "Editor": "wsims6_GTFacilities", "Shape__Area": 0.578125, "Shape__Length": 25.70506119709502, "GlobalID": "03424a9b-a1fe-4150-bcbb-7ab30fe5c63f"}}, {"type": "Feature", "id": 69, "geometry": {"type": "Polygon", "coordinates": [[[-84.4040734909885, 33.7786806110441], [-84.4040743290476, 33.7786493654001], [-84.4040738714441, 33.778680359653], [-84.4040734909885, 33.7786806110441]]]}, "properties": {"OBJECTID_1": 69, "OBJECTID": null, "Shape_Leng": null, "CreationDate": 1628109913579, "Creator": "wsims6_GTFacilities", "EditDate": 1628109913579, "Editor": "wsims6_GTFacilities", "Shape__Area": 0.08984375, "Shape__Length": 8.39109647870233, "GlobalID": "bff7feeb-76c3-46fe-9404-111f15e0f586"}}, {"type": "Feature", "id": 70, "geometry": {"type": "Polygon", "coordinates": [[[-84.4041090450295, 33.7786165334907], [-84.4041090523463, 33.7786160546996], [-84.4041266331049, 33.7786162003004], [-84.404128504767, 33.7785541549522], [-84.4041309891659, 33.7785541240237], [-84.4041288975429, 33.7786162797967], [-84.4041090450295, 33.7786165334907]]]}, "properties": {"OBJECTID_1": 70, "OBJECTID": null, "Shape_Leng": null, "CreationDate": 1628109913579, "Creator": "wsims6_GTFacilities", "EditDate": 1628109913579, "Editor": "wsims6_GTFacilities", "Shape__Area": 2.27734375, "Shape__Length": 21.147942617852664, "GlobalID": "960532fa-8ec0-4975-a4af-79df27216ee8"}}, {"type": "Feature", "id": 71, "geometry": {"type": "Polygon", "coordinates": [[[-84.4002475743243, 33.7785335936271], [-84.4002482696203, 33.7785326670056], [-84.4002765431956, 33.7785381991074], [-84.4003637148124, 33.7785531930503], [-84.4003917736903, 33.7785586997639], [-84.4004189369479, 33.778566731725], [-84.4004088964779, 33.7785654026472], [-84.4003710899809, 33.7785570503632], [-84.4002475743243, 33.7785335936271]]]}, "properties": {"OBJECTID_1": 71, "OBJECTID": null, "Shape_Leng": null, "CreationDate": 1628109913579, "Creator": "wsims6_GTFacilities", "EditDate": 1628109913579, "Editor": "wsims6_GTFacilities", "Shape__Area": 4.3984375, "Shape__Length": 39.298529704746215, "GlobalID": "94c47f9b-c321-47dc-a66e-c9423bd65f53"}}, {"type": "Feature", "id": 72, "geometry": {"type": "Polygon", "coordinates": [[[-84.4040745822091, 33.7785548330517], [-84.4041130714829, 33.7785543487489], [-84.4041129959113, 33.7785574830354], [-84.4040745550531, 33.7785567310806], [-84.4040745494604, 33.7785566607625], [-84.4040745822091, 33.7785548330517]]]}, "properties": {"OBJECTID_1": 72, "OBJECTID": null, "Shape_Leng": null, "CreationDate": 1628109913579, "Creator": "wsims6_GTFacilities", "EditDate": 1628109913579, "Editor": "wsims6_GTFacilities", "Shape__Area": 1.44140625, "Shape__Length": 9.239595956179521, "GlobalID": "945be3f2-6609-431d-8baf-255f7a97316a"}}, {"type": "Feature", "id": 73, "geometry": {"type": "Polygon", "coordinates": [[[-84.4040758098391, 33.7785419046121], [-84.4040790934, 33.778458566749], [-84.4040792521483, 33.7784585763617], [-84.4040769473256, 33.7785291774143], [-84.4041136618966, 33.778530012937], [-84.4041134020909, 33.7785407277632], [-84.4041287564351, 33.7785408830575], [-84.4041299040125, 33.7784617744428], [-84.4041340844895, 33.7784620657468], [-84.404131423187, 33.778541198914], [-84.4040758098391, 33.7785419046121]]]}, "properties": {"OBJECTID_1": 73, "OBJECTID": null, "Shape_Leng": null, "CreationDate": 1628109913579, "Creator": "wsims6_GTFacilities", "EditDate": 1628109913579, "Editor": "wsims6_GTFacilities", "Shape__Area": 11.33984375, "Shape__Length": 55.73343914904366, "GlobalID": "93927a4e-0644-49cc-a191-64cc19a00135"}}, {"type": "Feature", "id": 74, "geometry": {"type": "Polygon", "coordinates": [[[-84.4040478033709, 33.7785332395165], [-84.4040480678802, 33.7785214868802], [-84.404048294632, 33.778521489149], [-84.4040489942194, 33.7784803589637], [-84.4040587794393, 33.7784805817833], [-84.4040595683021, 33.7784573338831], [-84.4040611849551, 33.7784574362664], [-84.4040586304116, 33.778533804763], [-84.4040478033709, 33.7785332395165]]]}, "properties": {"OBJECTID_1": 74, "OBJECTID": null, "Shape_Leng": null, "CreationDate": 1628109913579, "Creator": "wsims6_GTFacilities", "EditDate": 1628109913579, "Editor": "wsims6_GTFacilities", "Shape__Area": 9.30078125, "Shape__Length": 22.932890914765746, "GlobalID": "f7cad728-f70f-4916-a20b-8e91bddeb370"}}, {"type": "Feature", "id": 75, "geometry": {"type": "Polygon", "coordinates": [[[-84.3989640785085, 33.7785383378319], [-84.3989640787071, 33.7785380114336], [-84.3990220912248, 33.7785380825489], [-84.3990220905395, 33.7785382286178], [-84.3989640785085, 33.7785383378319]]]}, "properties": {"OBJECTID_1": 75, "OBJECTID": null, "Shape_Leng": null, "CreationDate": 1628109913579, "Creator": "wsims6_GTFacilities", "EditDate": 1628109913579, "Editor": "wsims6_GTFacilities", "Shape__Area": 0.20703125, "Shape__Length": 12.979093721029871, "GlobalID": "de9920d5-9c4e-4008-b6ec-264b05aae2ec"}}, {"type": "Feature", "id": 76, "geometry": {"type": "Polygon", "coordinates": [[[-84.4034927308154, 33.7784396893702], [-84.4035132980725, 33.778442179933], [-84.4035132512914, 33.7784424442067], [-84.4035015833171, 33.7784411555983], [-84.4034926489959, 33.7784401692059], [-84.4034927308154, 33.7784396893702]]]}, "properties": {"OBJECTID_1": 76, "OBJECTID": null, "Shape_Leng": null, "CreationDate": 1628109913579, "Creator": "wsims6_GTFacilities", "EditDate": 1628109913579, "Editor": "wsims6_GTFacilities", "Shape__Area": 0.1171875, "Shape__Length": 4.727973297231221, "GlobalID": "c5384cc8-630c-4329-8481-d524f979cd9a"}}, {"type": "Feature", "id": 77, "geometry": {"type": "Polygon", "coordinates": [[[-84.4034927308154, 33.7784396893702], [-84.4035381203657, 33.778168432316], [-84.403552799796, 33.7781340656354], [-84.4036009044806, 33.7780918183644], [-84.4036579024622, 33.7780552957142], [-84.4036594458553, 33.7780538915835], [-84.4036580063794, 33.7780553910897], [-84.4035529327939, 33.7781341348073], [-84.4034927308154, 33.7784396893702]]]}, "properties": {"OBJECTID_1": 77, "OBJECTID": null, "Shape_Leng": null, "CreationDate": 1628109913579, "Creator": "wsims6_GTFacilities", "EditDate": 1628109913579, "Editor": "wsims6_GTFacilities", "Shape__Area": 23.5078125, "Shape__Length": 115.09200555500126, "GlobalID": "9f9345f2-c1b3-4f4e-9ea0-ddea056a7f2e"}}, {"type": "Feature", "id": 78, "geometry": {"type": "Polygon", "coordinates": [[[-84.4039851760189, 33.7784125665994], [-84.4039888295423, 33.7783897441798], [-84.4039908733532, 33.7783947849904], [-84.4039906308437, 33.7784102109133], [-84.4040067419935, 33.7784099500077], [-84.4040179357139, 33.7784025349354], [-84.4040165144384, 33.7784051524588], [-84.4040119122386, 33.7784093314491], [-84.4040067943211, 33.778411697308], [-84.4039996223139, 33.7784127344758], [-84.4039930173375, 33.7784126579147], [-84.4039851760189, 33.7784125665994]]]}, "properties": {"OBJECTID_1": 78, "OBJECTID": null, "Shape_Leng": null, "CreationDate": 1628109913579, "Creator": "wsims6_GTFacilities", "EditDate": 1628109913579, "Editor": "wsims6_GTFacilities", "Shape__Area": 2.1328125, "Shape__Length": 13.463198727891651, "GlobalID": "534353a9-61c0-4404-9411-f760a585e9d0"}}, {"type": "Feature", "id": 79, "geometry": {"type": "Polygon", "coordinates": [[[-84.4039246671795, 33.7783462907283], [-84.4039475567107, 33.778345955486], [-84.403985852965, 33.7783824005414], [-84.4039880968141, 33.7783879368757], [-84.4039456398678, 33.7783466272955], [-84.4039246671795, 33.7783462907283]]]}, "properties": {"OBJECTID_1": 79, "OBJECTID": null, "Shape_Leng": null, "CreationDate": 1628109913579, "Creator": "wsims6_GTFacilities", "EditDate": 1628109913579, "Editor": "wsims6_GTFacilities", "Shape__Area": 1.890625, "Shape__Length": 19.42296180162781, "GlobalID": "6d943d62-bb7b-432a-bf93-d764fa190bde"}}, {"type": "Feature", "id": 80, "geometry": {"type": "Polygon", "coordinates": [[[-84.4038100895705, 33.7783427348413], [-84.4038109478042, 33.7783179927718], [-84.4038511027006, 33.778318963321], [-84.4038519619588, 33.7783294632066], [-84.4038861301182, 33.7783309727168], [-84.4039045010915, 33.7783459670334], [-84.4039034267052, 33.7783459501641], [-84.4038100895705, 33.7783427348413]]]}, "properties": {"OBJECTID_1": 80, "OBJECTID": null, "Shape_Leng": null, "CreationDate": 1628109913579, "Creator": "wsims6_GTFacilities", "EditDate": 1628109913579, "Editor": "wsims6_GTFacilities", "Shape__Area": 24.76171875, "Shape__Length": 26.39028344092279, "GlobalID": "03688ed1-505c-408f-8261-75de41152d4f"}}, {"type": "Feature", "id": 81, "geometry": {"type": "Polygon", "coordinates": [[[-84.4039046059813, 33.7782661237728], [-84.4039078718966, 33.7781990445273], [-84.4039505094997, 33.778200177077], [-84.4039478721474, 33.7783303472891], [-84.4039461521857, 33.7783303695309], [-84.4039481428179, 33.7782671761508], [-84.4039046059813, 33.7782661237728]]]}, "properties": {"OBJECTID_1": 81, "OBJECTID": null, "Shape_Leng": null, "CreationDate": 1628109913579, "Creator": "wsims6_GTFacilities", "EditDate": 1628109913579, "Editor": "wsims6_GTFacilities", "Shape__Area": 44.8984375, "Shape__Length": 44.68190238884465, "GlobalID": "3808ef2d-87e3-47a4-b342-3ef0d10cf207"}}, {"type": "Feature", "id": 82, "geometry": {"type": "Polygon", "coordinates": [[[-84.4025140417524, 33.778173413386], [-84.4025748154763, 33.7782458170692], [-84.4025722166502, 33.7782441385421], [-84.4025528714306, 33.7782295007095], [-84.4025364789733, 33.7782125556455], [-84.4025234309438, 33.7781937087939], [-84.4025140417524, 33.778173413386]]]}, "properties": {"OBJECTID_1": 82, "OBJECTID": null, "Shape_Leng": null, "CreationDate": 1628109913579, "Creator": "wsims6_GTFacilities", "EditDate": 1628109913579, "Editor": "wsims6_GTFacilities", "Shape__Area": 7.09375, "Shape__Length": 23.838505578406284, "GlobalID": "5594c59f-8ea1-4833-b45e-45ade98d4f19"}}, {"type": "Feature", "id": 83, "geometry": {"type": "Polygon", "coordinates": [[[-84.4000621726962, 33.7782241312124], [-84.4000629937078, 33.7782191074592], [-84.4000628561956, 33.7782241407395], [-84.4000621726962, 33.7782241312124]]]}, "properties": {"OBJECTID_1": 83, "OBJECTID": null, "Shape_Leng": null, "CreationDate": 1628109913579, "Creator": "wsims6_GTFacilities", "EditDate": 1628109913579, "Editor": "wsims6_GTFacilities", "Shape__Area": 0.0234375, "Shape__Length": 1.429357781229836, "GlobalID": "0b2aecb1-9cdd-4723-8bcb-410f112ae2d7"}}, {"type": "Feature", "id": 84, "geometry": {"type": "Polygon", "coordinates": [[[-84.4011081525856, 33.7782062046449], [-84.4011006295663, 33.7782016637918], [-84.401108438287, 33.7782060472147], [-84.4011081525856, 33.7782062046449]]]}, "properties": {"OBJECTID_1": 84, "OBJECTID": null, "Shape_Leng": null, "CreationDate": 1628109913579, "Creator": "wsims6_GTFacilities", "EditDate": 1628109913579, "Editor": "wsims6_GTFacilities", "Shape__Area": 0.015625, "Shape__Length": 2.1220640079197897, "GlobalID": "be60bc58-22b4-45d0-b8a3-d12224a80ec5"}}, {"type": "Feature", "id": 85, "geometry": {"type": "Polygon", "coordinates": [[[-84.4011256137748, 33.7781965778972], [-84.4011246953611, 33.7781959475842], [-84.4011257097259, 33.7781965245174], [-84.4011256137748, 33.7781965778972]]]}, "properties": {"OBJECTID_1": 85, "OBJECTID": null, "Shape_Leng": null, "CreationDate": 1628109913579, "Creator": "wsims6_GTFacilities", "EditDate": 1628109913579, "Editor": "wsims6_GTFacilities", "Shape__Area": 0.00390625, "Shape__Length": 0.28226073601707136, "GlobalID": "36e310b1-6995-4063-b567-d4c908ab5be2"}}, {"type": "Feature", "id": 86, "geometry": {"type": "Polygon", "coordinates": [[[-84.4011170400384, 33.778191591822], [-84.4010846917483, 33.7781731892488], [-84.4010997406056, 33.7781813260201], [-84.4011227417041, 33.7781946069331], [-84.4011170400384, 33.778191591822]]]}, "properties": {"OBJECTID_1": 86, "OBJECTID": null, "Shape_Leng": null, "CreationDate": 1628109913579, "Creator": "wsims6_GTFacilities", "EditDate": 1628109913579, "Editor": "wsims6_GTFacilities", "Shape__Area": 0.15234375, "Shape__Length": 10.23203516555595, "GlobalID": "16cea4de-8a20-459e-85e3-6ddd691d185e"}}, {"type": "Feature", "id": 87, "geometry": {"type": "Polygon", "coordinates": [[[-84.4010569241714, 33.7781767584334], [-84.4010434141266, 33.7781698783418], [-84.4010653559545, 33.7781803706651], [-84.4010807675423, 33.7781896743889], [-84.4010569241714, 33.7781767584334]]]}, "properties": {"OBJECTID_1": 87, "OBJECTID": null, "Shape_Leng": null, "CreationDate": 1628109913579, "Creator": "wsims6_GTFacilities", "EditDate": 1628109913579, "Editor": "wsims6_GTFacilities", "Shape__Area": 0.2421875, "Shape__Length": 9.870167930680108, "GlobalID": "ef9e8b27-dcf6-4ec3-bd22-5b342f26d6db"}}, {"type": "Feature", "id": 88, "geometry": {"type": "Polygon", "coordinates": [[[-84.3992446666779, 33.7781880360735], [-84.3992440610761, 33.7781868858054], [-84.3992445536991, 33.7781869831571], [-84.3992446666779, 33.7781880360735]]]}, "properties": {"OBJECTID_1": 88, "OBJECTID": null, "Shape_Leng": null, "CreationDate": 1628109913579, "Creator": "wsims6_GTFacilities", "EditDate": 1628109913579, "Editor": "wsims6_GTFacilities", "Shape__Area": 0.00390625, "Shape__Length": 0.36609763988097765, "GlobalID": "a39187cf-c682-460e-af70-096c00c84845"}}, {"type": "Feature", "id": 89, "geometry": {"type": "Polygon", "coordinates": [[[-84.4039724188869, 33.7780934271364], [-84.4039929912052, 33.7780774310722], [-84.4039942766944, 33.7780785018073], [-84.4039771377371, 33.7780907712061], [-84.4039730710638, 33.7780936817533], [-84.4039724386499, 33.778121276693], [-84.4039710094303, 33.7781767405758], [-84.4039724188869, 33.7780934271364]]]}, "properties": {"OBJECTID_1": 89, "OBJECTID": null, "Shape_Leng": null, "CreationDate": 1628109913579, "Creator": "wsims6_GTFacilities", "EditDate": 1628109913579, "Editor": "wsims6_GTFacilities", "Shape__Area": 0.8671875, "Shape__Length": 28.73905408507813, "GlobalID": "09ef7855-9129-4ca5-b666-13e07f76e9e2"}}, {"type": "Feature", "id": 90, "geometry": {"type": "Polygon", "coordinates": [[[-84.401083655836, 33.7781726294875], [-84.4010596602611, 33.7781605189967], [-84.4010721602276, 33.7781664136964], [-84.401083655836, 33.7781726294875]]]}, "properties": {"OBJECTID_1": 90, "OBJECTID": null, "Shape_Leng": null, "CreationDate": 1628109913579, "Creator": "wsims6_GTFacilities", "EditDate": 1628109913579, "Editor": "wsims6_GTFacilities", "Shape__Area": 0.07421875, "Shape__Length": 6.2514938791403605, "GlobalID": "74b6f638-9d55-4c35-a80d-0b6cb3def76d"}}, {"type": "Feature", "id": 91, "geometry": {"type": "Polygon", "coordinates": [[[-84.4035712845622, 33.7781492491307], [-84.4035790602505, 33.7781423744373], [-84.4035729516983, 33.7781574942401], [-84.4035684625117, 33.7781635069566], [-84.4035712845622, 33.7781492491307]]]}, "properties": {"OBJECTID_1": 91, "OBJECTID": null, "Shape_Leng": null, "CreationDate": 1628109913579, "Creator": "wsims6_GTFacilities", "EditDate": 1628109913579, "Editor": "wsims6_GTFacilities", "Shape__Area": 0.90625, "Shape__Length": 6.282673467282981, "GlobalID": "228db2a6-6bc6-4190-a8ba-dabbdcbd29bc"}}, {"type": "Feature", "id": 92, "geometry": {"type": "Polygon", "coordinates": [[[-84.4010388138584, 33.7781676789335], [-84.4010212563838, 33.7781601888947], [-84.4010293084385, 33.778163133726], [-84.4010388138584, 33.7781676789335]]]}, "properties": {"OBJECTID_1": 92, "OBJECTID": null, "Shape_Leng": null, "CreationDate": 1628109913579, "Creator": "wsims6_GTFacilities", "EditDate": 1628109913579, "Editor": "wsims6_GTFacilities", "Shape__Area": 0.0625, "Shape__Length": 4.396896627428349, "GlobalID": "85ea2e73-3ce5-4d8b-883d-1dfb3874e61d"}}, {"type": "Feature", "id": 93, "geometry": {"type": "Polygon", "coordinates": [[[-84.4013182600347, 33.7781651642649], [-84.401318261026, 33.7781651318035], [-84.401316438475, 33.7781651478921], [-84.4013719573593, 33.7781623490807], [-84.4013182600347, 33.7781651642649]]]}, "properties": {"OBJECTID_1": 93, "OBJECTID": null, "Shape_Leng": null, "CreationDate": 1628109913579, "Creator": "wsims6_GTFacilities", "EditDate": 1628109913579, "Editor": "wsims6_GTFacilities", "Shape__Area": 0.046875, "Shape__Length": 12.38837347760454, "GlobalID": "6e264bf0-e153-4424-8584-adf7e7bcbd80"}}, {"type": "Feature", "id": 94, "geometry": {"type": "Polygon", "coordinates": [[[-84.4024707276844, 33.7781242380132], [-84.4024742248258, 33.7781400190258], [-84.4024752614816, 33.7781514805117], [-84.4024707276844, 33.7781242380132]]]}, "properties": {"OBJECTID_1": 94, "OBJECTID": null, "Shape_Leng": null, "CreationDate": 1628109913579, "Creator": "wsims6_GTFacilities", "EditDate": 1628109913579, "Editor": "wsims6_GTFacilities", "Shape__Area": 0.17578125, "Shape__Length": 7.371628931892821, "GlobalID": "332acf3a-ff26-4856-9adb-8996357f3f2d"}}, {"type": "Feature", "id": 95, "geometry": {"type": "Polygon", "coordinates": [[[-84.4010391686241, 33.7781508561427], [-84.4010073109216, 33.7781373422748], [-84.401026497846, 33.778144881517], [-84.4010391686241, 33.7781508561427]]]}, "properties": {"OBJECTID_1": 95, "OBJECTID": null, "Shape_Leng": null, "CreationDate": 1628109913579, "Creator": "wsims6_GTFacilities", "EditDate": 1628109913579, "Editor": "wsims6_GTFacilities", "Shape__Area": 0.14453125, "Shape__Length": 7.965691906166482, "GlobalID": "7353573e-a9d8-4a21-b129-3c495a174495"}}, {"type": "Feature", "id": 96, "geometry": {"type": "Polygon", "coordinates": [[[-84.4037748166713, 33.7780903626864], [-84.4038050314378, 33.7780901648736], [-84.4038542586125, 33.7780912983189], [-84.4038364898564, 33.778103605752], [-84.4038362280992, 33.7781234191496], [-84.4038554206658, 33.7781239070242], [-84.4038548629698, 33.7781429022908], [-84.4038167090123, 33.778141970275], [-84.4038176227921, 33.7781170117016], [-84.4038179561332, 33.7781031905437], [-84.4038065050741, 33.7780916587837], [-84.4037748125163, 33.7780904222034], [-84.4037748166713, 33.7780903626864]]]}, "properties": {"OBJECTID_1": 96, "OBJECTID": null, "Shape_Leng": null, "CreationDate": 1628109913579, "Creator": "wsims6_GTFacilities", "EditDate": 1628109913579, "Editor": "wsims6_GTFacilities", "Shape__Area": 23.08984375, "Shape__Length": 33.74342039573785, "GlobalID": "833f2d07-41de-4c78-8f78-490b587be312"}}, {"type": "Feature", "id": 97, "geometry": {"type": "Polygon", "coordinates": [[[-84.4035857911386, 33.7781364241389], [-84.4036275745435, 33.7780994870985], [-84.403679592215, 33.778090985615], [-84.4036938433842, 33.7780908924231], [-84.4036937975923, 33.7781142525035], [-84.4036708752867, 33.7781136428306], [-84.4036171140151, 33.7781124089182], [-84.4035857911386, 33.7781364241389]]]}, "properties": {"OBJECTID_1": 97, "OBJECTID": null, "Shape_Leng": null, "CreationDate": 1628109913579, "Creator": "wsims6_GTFacilities", "EditDate": 1628109913579, "Editor": "wsims6_GTFacilities", "Shape__Area": 21.046875, "Shape__Length": 30.690275487911485, "GlobalID": "5f847993-8b3f-4dde-a317-bbff02ca9e3a"}}, {"type": "Feature", "id": 98, "geometry": {"type": "Polygon", "coordinates": [[[-84.4009625229312, 33.7781224689127], [-84.4009460825906, 33.7781025339477], [-84.4011601924336, 33.7781030965659], [-84.4013172920423, 33.7781051692956], [-84.4009463874426, 33.7781026686167], [-84.4009626262858, 33.778122358715], [-84.4009979128037, 33.7781337381856], [-84.4009998365528, 33.7781344062632], [-84.4010036445356, 33.7781359020858], [-84.4009625229312, 33.7781224689127]]]}, "properties": {"OBJECTID_1": 98, "OBJECTID": null, "Shape_Leng": null, "CreationDate": 1628109913579, "Creator": "wsims6_GTFacilities", "EditDate": 1628109913579, "Editor": "wsims6_GTFacilities", "Shape__Area": 3.2109375, "Shape__Length": 98.88223225227246, "GlobalID": "0a60a41b-3233-4dbc-8f84-f581bbda0494"}}, {"type": "Feature", "id": 99, "geometry": {"type": "MultiPolygon", "coordinates": [[[[-84.4040404204556, 33.7781215559501], [-84.4040332887306, 33.7781147865778], [-84.404021918754, 33.7781039478156], [-84.4040112800061, 33.7780934786571], [-84.4039964443292, 33.7780803072728], [-84.4040385690278, 33.7781153861593], [-84.4040530067511, 33.7781047004659], [-84.4040573456139, 33.7781084510243], [-84.4040404204556, 33.7781215559501]]], [[[-84.4024577308588, 33.7780985963816], [-84.4024652919786, 33.7781110449799], [-84.4024707276844, 33.7781242380132], [-84.4024577308588, 33.7780985963816]]]]}, "properties": {"OBJECTID_1": 99, "OBJECTID": null, "Shape_Leng": null, "CreationDate": 1628109913579, "Creator": "wsims6_GTFacilities", "EditDate": 1628109913579, "Editor": "wsims6_GTFacilities", "Shape__Area": 3.21484375, "Shape__Length": 26.906044455112124, "GlobalID": "479f1887-257e-4ae0-bc0a-d4b4578bf055"}}, {"type": "Feature", "id": 100, "geometry": {"type": "MultiPolygon", "coordinates": [[[[-84.4024248435363, 33.7780685739868], [-84.4024374019839, 33.7780773175773], [-84.4024484306007, 33.7780873865188], [-84.4024577308588, 33.7780985963816], [-84.4024248435363, 33.7780685739868]]], [[[-84.4013721815166, 33.778106034031], [-84.4015898999039, 33.7781045929445], [-84.401591020103, 33.7781058540818], [-84.4013721815166, 33.778106034031]]]]}, "properties": {"OBJECTID_1": 100, "OBJECTID": null, "Shape_Leng": null, "CreationDate": 1628109913579, "Creator": "wsims6_GTFacilities", "EditDate": 1628109913579, "Editor": "wsims6_GTFacilities", "Shape__Area": 2.9453125, "Shape__Length": 59.71678256168053, "GlobalID": "7b0bdd29-b879-4aa0-b779-0e8bfe7e265e"}}, {"type": "Feature", "id": 101, "geometry": {"type": "Polygon", "coordinates": [[[-84.4039304146024, 33.7780944681991], [-84.4039106837969, 33.7780804692185], [-84.4039266223381, 33.7780810679293], [-84.4039540528699, 33.7780818005276], [-84.403936821441, 33.7780947471146], [-84.4039304146024, 33.7780944681991]]]}, "properties": {"OBJECTID_1": 101, "OBJECTID": null, "Shape_Leng": null, "CreationDate": 1628109913579, "Creator": "wsims6_GTFacilities", "EditDate": 1628109913579, "Editor": "wsims6_GTFacilities", "Shape__Area": 4.9453125, "Shape__Length": 11.018878347785986, "GlobalID": "c816eeac-5fdd-4e9e-9fc8-30f669d9710c"}}, {"type": "Feature", "id": 102, "geometry": {"type": "MultiPolygon", "coordinates": [[[[-84.4023521365921, 33.7780493089641], [-84.4023181757828, 33.7780537494548], [-84.4023349652955, 33.7780505185816], [-84.4023521365921, 33.7780493089641]]], [[[-84.4023521365921, 33.7780493089641], [-84.4023710245693, 33.778050339379], [-84.4023894849484, 33.7780538129224], [-84.4023521365921, 33.7780493089641]]], [[[-84.4023894849484, 33.7780538129224], [-84.4024078959201, 33.7780599834643], [-84.4024248435363, 33.7780685739868], [-84.4023894849484, 33.7780538129224]]], [[[-84.403893461465, 33.7780928604085], [-84.403861262252, 33.7780914596423], [-84.4038925550649, 33.7780921816791], [-84.403893461465, 33.7780928604085]]]]}, "properties": {"OBJECTID_1": 102, "OBJECTID": null, "Shape_Leng": null, "CreationDate": 1628109913579, "Creator": "wsims6_GTFacilities", "EditDate": 1628109913579, "Editor": "wsims6_GTFacilities", "Shape__Area": 1.15625, "Shape__Length": 32.11320949607003, "GlobalID": "467d1ee5-643c-4e1e-93d7-048773f237f1"}}, {"type": "Feature", "id": 103, "geometry": {"type": "MultiPolygon", "coordinates": [[[[-84.4021256021387, 33.7780234111996], [-84.4021497479552, 33.7780272424027], [-84.4021984573049, 33.7780387106238], [-84.4022727677418, 33.7780381558424], [-84.4022429355896, 33.7780427240155], [-84.4022126165504, 33.7780435080269], [-84.4021825005305, 33.778040490703], [-84.4021532738427, 33.778033740738], [-84.4021256021387, 33.7780234111996]]], [[[-84.4036975757325, 33.7780480470793], [-84.403774696998, 33.777964730528], [-84.4037817299083, 33.7777524436837], [-84.4037835454035, 33.777749058983], [-84.4037828249546, 33.7777508106945], [-84.4037826318168, 33.7777655762912], [-84.403777036211, 33.777966939202], [-84.4038310752652, 33.7779680308454], [-84.4038304141051, 33.7779908515669], [-84.4038842743946, 33.7779919402233], [-84.4038835251997, 33.7780449461277], [-84.4038709712436, 33.7780449700214], [-84.4038717087604, 33.7780065751098], [-84.403740683188, 33.7780033412482], [-84.4037058087921, 33.7780405623841], [-84.4036975757325, 33.7780480470793]]]]}, "properties": {"OBJECTID_1": 103, "OBJECTID": null, "Shape_Leng": null, "CreationDate": 1628109913579, "Creator": "wsims6_GTFacilities", "EditDate": 1628109913579, "Editor": "wsims6_GTFacilities", "Shape__Area": 76.11328125, "Shape__Length": 156.72593619619488, "GlobalID": "9d1866ea-df4f-4a22-ad0f-f9df7e6d1447"}}, {"type": "Feature", "id": 104, "geometry": {"type": "Polygon", "coordinates": [[[-84.4041540620308, 33.7779578092568], [-84.4041552185553, 33.7779214695652], [-84.404154120202, 33.7779229386663], [-84.4041587777751, 33.7777529926957], [-84.4041355104911, 33.7777521520482], [-84.4041354445859, 33.7777282683218], [-84.4041283322781, 33.7777266590344], [-84.4041090513833, 33.7777262155528], [-84.4041091642611, 33.7777107745494], [-84.4041616545068, 33.7777335493511], [-84.4041523070451, 33.7780312142967], [-84.4041520901387, 33.7780363442107], [-84.4041499217153, 33.778037794633], [-84.4041516764675, 33.7779913011923], [-84.4041211375595, 33.7779827969713], [-84.4041540620308, 33.7779578092568]]]}, "properties": {"OBJECTID_1": 104, "OBJECTID": null, "Shape_Leng": null, "CreationDate": 1628109913579, "Creator": "wsims6_GTFacilities", "EditDate": 1628109913579, "Editor": "wsims6_GTFacilities", "Shape__Area": 28.51171875, "Shape__Length": 100.93885123040002, "GlobalID": "d247839b-068b-4186-995b-cd062aa70a90"}}, {"type": "Feature", "id": 105, "geometry": {"type": "Polygon", "coordinates": [[[-84.4037515285507, 33.7779577519198], [-84.4037526718124, 33.7779192798507], [-84.4037516809166, 33.7779577967096], [-84.4037482475009, 33.7779613738466], [-84.4037515285507, 33.7779577519198]]]}, "properties": {"OBJECTID_1": 105, "OBJECTID": null, "Shape_Leng": null, "CreationDate": 1628109913579, "Creator": "wsims6_GTFacilities", "EditDate": 1628109913579, "Editor": "wsims6_GTFacilities", "Shape__Area": 0.05078125, "Shape__Length": 11.53366756342345, "GlobalID": "24e3f8cf-0dbe-4797-a05f-55883bc7451e"}}, {"type": "Feature", "id": 106, "geometry": {"type": "Polygon", "coordinates": [[[-84.4021610897814, 33.7779511251325], [-84.4021905087112, 33.7779236948421], [-84.4021668920664, 33.7779471053163], [-84.4021610897814, 33.7779511251325]]]}, "properties": {"OBJECTID_1": 106, "OBJECTID": null, "Shape_Leng": null, "CreationDate": 1628109913579, "Creator": "wsims6_GTFacilities", "EditDate": 1628109913579, "Editor": "wsims6_GTFacilities", "Shape__Area": 0.3046875, "Shape__Length": 9.85394345532795, "GlobalID": "da4e9bd6-78b6-45cb-bd50-61333348fb64"}}, {"type": "Feature", "id": 107, "geometry": {"type": "Polygon", "coordinates": [[[-84.4041465521759, 33.777929917588], [-84.4041475232517, 33.7779234094005], [-84.4041536802133, 33.7779235264883], [-84.4041435314612, 33.7779370978436], [-84.4041465521759, 33.777929917588]]]}, "properties": {"OBJECTID_1": 107, "OBJECTID": null, "Shape_Leng": null, "CreationDate": 1628109913579, "Creator": "wsims6_GTFacilities", "EditDate": 1628109913579, "Editor": "wsims6_GTFacilities", "Shape__Area": 0.53515625, "Shape__Length": 4.722655069655888, "GlobalID": "770bbfe8-3dae-4c22-baac-442e19893906"}}, {"type": "Feature", "id": 108, "geometry": {"type": "Polygon", "coordinates": [[[-84.4022159537645, 33.7778984703567], [-84.4022809257553, 33.7778271419843], [-84.4022708073287, 33.7778396681142], [-84.4022258593481, 33.7778886504946], [-84.4022159537645, 33.7778984703567]]]}, "properties": {"OBJECTID_1": 108, "OBJECTID": null, "Shape_Leng": null, "CreationDate": 1628109913579, "Creator": "wsims6_GTFacilities", "EditDate": 1628109913579, "Editor": "wsims6_GTFacilities", "Shape__Area": 1.015625, "Shape__Length": 23.969248838061155, "GlobalID": "823f2892-f4b5-48c4-a73b-caf23ca7eb8c"}}, {"type": "Feature", "id": 109, "geometry": {"type": "Polygon", "coordinates": [[[-84.4024076048793, 33.7776389705789], [-84.4024581395765, 33.7775251234447], [-84.4024470340198, 33.7775544790035], [-84.4024266648101, 33.7776009385608], [-84.4024038121373, 33.7776465868636], [-84.4023785286552, 33.777691332743], [-84.402350826139, 33.7777351401092], [-84.4023211444135, 33.7777773580296], [-84.4022976438096, 33.7778064478122], [-84.4023308573601, 33.7777634423227], [-84.4024076048793, 33.7776389705789]]]}, "properties": {"OBJECTID_1": 109, "OBJECTID": null, "Shape_Leng": null, "CreationDate": 1628109913579, "Creator": "wsims6_GTFacilities", "EditDate": 1628109913579, "Editor": "wsims6_GTFacilities", "Shape__Area": 6.64453125, "Shape__Length": 83.68331242342597, "GlobalID": "10b8b264-7ab2-43ed-92c5-885690e22454"}}, {"type": "Feature", "id": 110, "geometry": {"type": "Polygon", "coordinates": [[[-84.4037851791715, 33.7777460146025], [-84.4037915124944, 33.7777419585252], [-84.4038680228905, 33.7777398494946], [-84.4038681907246, 33.7777333626893], [-84.4038779489207, 33.7777336054117], [-84.403877546237, 33.777744593714], [-84.4038376344708, 33.7777439869728], [-84.4037942724116, 33.7777431794684], [-84.4037887759003, 33.7777441079114], [-84.4037845690154, 33.7777471509544], [-84.4037851791715, 33.7777460146025]]]}, "properties": {"OBJECTID_1": 110, "OBJECTID": null, "Shape_Leng": null, "CreationDate": 1628109913579, "Creator": "wsims6_GTFacilities", "EditDate": 1628109913579, "Editor": "wsims6_GTFacilities", "Shape__Area": 4.99609375, "Shape__Length": 23.523618652692292, "GlobalID": "ab097817-2e90-4b2e-82d5-f27b1a75840b"}}, {"type": "Feature", "id": 111, "geometry": {"type": "Polygon", "coordinates": [[[-84.4041623979115, 33.7777118388513], [-84.4041140337014, 33.7776927213253], [-84.4041404603276, 33.7776931952367], [-84.4041614963818, 33.7776930754099], [-84.4041621386772, 33.7776703309099], [-84.4041675752315, 33.7775557394423], [-84.4041708149159, 33.777391210609], [-84.4041708726069, 33.7773964653247], [-84.404167901674, 33.7775476555059], [-84.4041623979115, 33.7777118388513]]]}, "properties": {"OBJECTID_1": 111, "OBJECTID": null, "Shape_Leng": null, "CreationDate": 1628109913579, "Creator": "wsims6_GTFacilities", "EditDate": 1628109913579, "Editor": "wsims6_GTFacilities", "Shape__Area": 9.14453125, "Shape__Length": 94.64082183730775, "GlobalID": "4cedd002-f118-4020-873f-39acc2770c6c"}}, {"type": "Feature", "id": 112, "geometry": {"type": "Polygon", "coordinates": [[[-84.4047818633626, 33.7775336175491], [-84.4047816523465, 33.7775400818978], [-84.4047816026767, 33.777540081092], [-84.4047818633626, 33.7775336175491]]]}, "properties": {"OBJECTID_1": 112, "OBJECTID": null, "Shape_Leng": null, "CreationDate": 1628109913579, "Creator": "wsims6_GTFacilities", "EditDate": 1628109913579, "Editor": "wsims6_GTFacilities", "Shape__Area": 0.00390625, "Shape__Length": 1.7377138593425432, "GlobalID": "71c4003c-461a-42c7-96f8-71a51b8d2f70"}}, {"type": "Feature", "id": 113, "geometry": {"type": "Polygon", "coordinates": [[[-84.4047818633626, 33.7775336175491], [-84.4047817915272, 33.7775334103078], [-84.4047818681974, 33.7775334137665], [-84.4047818633626, 33.7775336175491]]]}, "properties": {"OBJECTID_1": 113, "OBJECTID": null, "Shape_Leng": null, "CreationDate": 1628109913579, "Creator": "wsims6_GTFacilities", "EditDate": 1628109913579, "Editor": "wsims6_GTFacilities", "Shape__Area": 0, "Shape__Length": 0.06472850995811953, "GlobalID": "33a92eb1-0114-4eec-9463-23dac111cdd8"}}, {"type": "Feature", "id": 114, "geometry": {"type": "Polygon", "coordinates": [[[-84.4037901158131, 33.7775254376503], [-84.4037901479316, 33.7773685934544], [-84.4037398991497, 33.7773284393561], [-84.4039703113402, 33.7773256278698], [-84.4039705264922, 33.7773374787675], [-84.4039681346586, 33.7773373913982], [-84.4039687180234, 33.7773261493834], [-84.4038500783468, 33.7773275351792], [-84.4038489648346, 33.7773983305113], [-84.4038481469355, 33.7774212466622], [-84.4037938804621, 33.7774198965819], [-84.4037901158131, 33.7775254376503]]]}, "properties": {"OBJECTID_1": 114, "OBJECTID": null, "Shape_Leng": null, "CreationDate": 1628109913579, "Creator": "wsims6_GTFacilities", "EditDate": 1628109913579, "Editor": "wsims6_GTFacilities", "Shape__Area": 101.4609375, "Shape__Length": 103.72306509002016, "GlobalID": "fe734cc7-a021-4d50-a437-1970a16c6b1f"}}, {"type": "Feature", "id": 115, "geometry": {"type": "Polygon", "coordinates": [[[-84.4024871441399, 33.7774328569925], [-84.4024877824307, 33.7774305556589], [-84.402480191183, 33.777459434745], [-84.4024648822267, 33.7775072984298], [-84.4024596885647, 33.7775210287891], [-84.4024871441399, 33.7774328569925]]]}, "properties": {"OBJECTID_1": 115, "OBJECTID": null, "Shape_Leng": null, "CreationDate": 1628109913579, "Creator": "wsims6_GTFacilities", "EditDate": 1628109913579, "Editor": "wsims6_GTFacilities", "Shape__Area": 1.1640625, "Shape__Length": 25.033222845865552, "GlobalID": "72283774-2e0b-4c07-a78f-b51d27736465"}}, {"type": "Feature", "id": 116, "geometry": {"type": "Polygon", "coordinates": [[[-84.4024967089175, 33.7773983865981], [-84.4024973857467, 33.7773967524132], [-84.4024952227794, 33.7774037443483], [-84.4024967089175, 33.7773983865981]]]}, "properties": {"OBJECTID_1": 116, "OBJECTID": null, "Shape_Leng": null, "CreationDate": 1628109913579, "Creator": "wsims6_GTFacilities", "EditDate": 1628109913579, "Editor": "wsims6_GTFacilities", "Shape__Area": 0.00390625, "Shape__Length": 1.9346900429340863, "GlobalID": "8742486d-efdb-409c-9f29-94b700f240ac"}}, {"type": "Feature", "id": 117, "geometry": {"type": "Polygon", "coordinates": [[[-84.4041707196616, 33.7773825170657], [-84.4041702296463, 33.7773759314423], [-84.4041706633042, 33.7773773543159], [-84.4041707196616, 33.7773825170657]]]}, "properties": {"OBJECTID_1": 117, "OBJECTID": null, "Shape_Leng": null, "CreationDate": 1628109913579, "Creator": "wsims6_GTFacilities", "EditDate": 1628109913579, "Editor": "wsims6_GTFacilities", "Shape__Area": 0.015625, "Shape__Length": 1.7717003235361353, "GlobalID": "aed2f41e-07e9-46c3-9732-a67ef3b17975"}}, {"type": "Feature", "id": 118, "geometry": {"type": "Polygon", "coordinates": [[[-84.4037089191362, 33.7773333452447], [-84.4037087758017, 33.7773303069533], [-84.4037666237913, 33.7773767706504], [-84.4037665263147, 33.7773805803166], [-84.4037089191362, 33.7773333452447]]]}, "properties": {"OBJECTID_1": 118, "OBJECTID": null, "Shape_Leng": null, "CreationDate": 1628109913579, "Creator": "wsims6_GTFacilities", "EditDate": 1628109913579, "Editor": "wsims6_GTFacilities", "Shape__Area": 2.92578125, "Shape__Length": 18.88033651633915, "GlobalID": "38078ed8-4449-4d1e-bf53-2c85927f97ae"}}, {"type": "Feature", "id": 119, "geometry": {"type": "Polygon", "coordinates": [[[-84.4025078342014, 33.7773715150472], [-84.4025091100158, 33.777370179066], [-84.4025079714914, 33.7773715751956], [-84.402506423699, 33.7773749223802], [-84.4025078342014, 33.7773715150472]]]}, "properties": {"OBJECTID_1": 119, "OBJECTID": null, "Shape_Leng": null, "CreationDate": 1628109913579, "Creator": "wsims6_GTFacilities", "EditDate": 1628109913579, "Editor": "wsims6_GTFacilities", "Shape__Area": 0.01171875, "Shape__Length": 1.4171546893518894, "GlobalID": "608b2e41-329b-4eca-8229-9b3422f475f7"}}, {"type": "Feature", "id": 120, "geometry": {"type": "Polygon", "coordinates": [[[-84.4041658625747, 33.7773616080914], [-84.4041628351431, 33.7773561742523], [-84.4041650813385, 33.7773590452972], [-84.4041658625747, 33.7773616080914]]]}, "properties": {"OBJECTID_1": 120, "OBJECTID": null, "Shape_Leng": null, "CreationDate": 1628109913579, "Creator": "wsims6_GTFacilities", "EditDate": 1628109913579, "Editor": "wsims6_GTFacilities", "Shape__Area": 0.0234375, "Shape__Length": 1.6147064179203474, "GlobalID": "e73db32a-b272-4b5b-8844-659775a108da"}}, {"type": "Feature", "id": 121, "geometry": {"type": "Polygon", "coordinates": [[[-84.4025214708677, 33.7773572311654], [-84.4025219216448, 33.7773570310388], [-84.4025204286834, 33.7773583223526], [-84.4025214708677, 33.7773572311654]]]}, "properties": {"OBJECTID_1": 121, "OBJECTID": null, "Shape_Leng": null, "CreationDate": 1628109913579, "Creator": "wsims6_GTFacilities", "EditDate": 1628109913579, "Editor": "wsims6_GTFacilities", "Shape__Area": 0.00390625, "Shape__Length": 0.48333203446019024, "GlobalID": "a8cbe48b-17f1-4554-8b3b-58538655d7f3"}}, {"type": "Feature", "id": 122, "geometry": {"type": "Polygon", "coordinates": [[[-84.4041521047584, 33.7773424555319], [-84.4041493370569, 33.7773403672225], [-84.404151359276, 33.7773415021173], [-84.4041521047584, 33.7773424555319]]]}, "properties": {"OBJECTID_1": 122, "OBJECTID": null, "Shape_Leng": null, "CreationDate": 1628109913579, "Creator": "wsims6_GTFacilities", "EditDate": 1628109913579, "Editor": "wsims6_GTFacilities", "Shape__Area": 0.00390625, "Shape__Length": 0.840010705631148, "GlobalID": "37997816-6bf4-4ee6-90bd-4ffe252f0b6f"}}, {"type": "Feature", "id": 123, "geometry": {"type": "Polygon", "coordinates": [[[-84.4025518303686, 33.7773437511501], [-84.4025539956523, 33.7773435152868], [-84.4025506818579, 33.7773442609753], [-84.4025518303686, 33.7773437511501]]]}, "properties": {"OBJECTID_1": 123, "OBJECTID": null, "Shape_Leng": null, "CreationDate": 1628109913579, "Creator": "wsims6_GTFacilities", "EditDate": 1628109913579, "Editor": "wsims6_GTFacilities", "Shape__Area": 0, "Shape__Length": 0.7702096579921377, "GlobalID": "10c3c034-312d-4cfd-a651-204ff72c5c3d"}}, {"type": "Feature", "id": 124, "geometry": {"type": "Polygon", "coordinates": [[[-84.4025904212194, 33.7773395523236], [-84.4037068485463, 33.7773287589124], [-84.4037074447957, 33.7773292383476], [-84.4025893493711, 33.7773396688825], [-84.4025904212194, 33.7773395523236]]]}, "properties": {"OBJECTID_1": 124, "OBJECTID": null, "Shape_Leng": null, "CreationDate": 1628109913579, "Creator": "wsims6_GTFacilities", "EditDate": 1628109913579, "Editor": "wsims6_GTFacilities", "Shape__Area": 4.9296875, "Shape__Length": 248.9748628408044, "GlobalID": "02d88dcd-e327-49d2-9294-593928ea7f85"}}, {"type": "Feature", "id": 125, "geometry": {"type": "Polygon", "coordinates": [[[-84.4041251958655, 33.7773268158656], [-84.4041217982382, 33.7773257395193], [-84.4041237046131, 33.7773259783955], [-84.4041251958655, 33.7773268158656]]]}, "properties": {"OBJECTID_1": 125, "OBJECTID": null, "Shape_Leng": null, "CreationDate": 1628109913579, "Creator": "wsims6_GTFacilities", "EditDate": 1628109913579, "Editor": "wsims6_GTFacilities", "Shape__Area": 0.01171875, "Shape__Length": 0.8197184022793709, "GlobalID": "6d846b29-abdb-44d2-87f3-a80dce83b359"}}, {"type": "Feature", "id": 126, "geometry": {"type": "Polygon", "coordinates": [[[-84.4039857752514, 33.7773252654235], [-84.4040941595735, 33.7773222726482], [-84.4040951932286, 33.7773224023007], [-84.4039857843012, 33.7773258063972], [-84.4039857752514, 33.7773252654235]]]}, "properties": {"OBJECTID_1": 126, "OBJECTID": null, "Shape_Leng": null, "CreationDate": 1628109913579, "Creator": "wsims6_GTFacilities", "EditDate": 1628109913579, "Editor": "wsims6_GTFacilities", "Shape__Area": 0.57421875, "Shape__Length": 24.44864463898401, "GlobalID": "f3075c31-7188-48e2-a94f-18f26a14c6c5"}}, {"type": "Feature", "id": 127, "geometry": {"type": "Polygon", "coordinates": [[[-84.4026323250704, 33.7771370324303], [-84.4026336670654, 33.7771082491363], [-84.4047032171615, 33.7771671143733], [-84.4047012405757, 33.7772055105201], [-84.4036844953351, 33.7771720704128], [-84.4036546004512, 33.7771710783022], [-84.4026323250704, 33.7771370324303]]]}, "properties": {"OBJECTID_1": 127, "OBJECTID": null, "Shape_Leng": null, "CreationDate": 1628109913579, "Creator": "wsims6_GTFacilities", "EditDate": 1628109913579, "Editor": "wsims6_GTFacilities", "Shape__Area": 1041.09765625, "Shape__Length": 470.0138794906893, "GlobalID": "27ef4054-b0c1-4643-94a9-1127fe70806f"}}, {"type": "Feature", "id": 128, "geometry": {"type": "Polygon", "coordinates": [[[-84.3976772616328, 33.7808749093402], [-84.397713963202, 33.7808756455399], [-84.3977838170968, 33.7808755148757], [-84.3977838054187, 33.7808770171411], [-84.397780603823, 33.781022523968], [-84.3977801654452, 33.7810483476539], [-84.3977739886293, 33.7814121109165], [-84.3977738700517, 33.7814191645011], [-84.39777378561, 33.7814233412503], [-84.3977748914361, 33.7814308002638], [-84.3977729376004, 33.7814312004671], [-84.3977730939072, 33.7814347686977], [-84.3977739616798, 33.7814382652499], [-84.3977755184602, 33.7814415930596], [-84.397777720231, 33.781444658049], [-84.3977805059067, 33.7814473758472], [-84.3977837973339, 33.7814496702959], [-84.3977859443074, 33.7814516115801], [-84.3977889572569, 33.7814524448391], [-84.3977937264127, 33.7814541852751], [-84.39779875608, 33.7814553104732], [-84.3978014222797, 33.7814563863926], [-84.3978409571354, 33.7814557756348], [-84.3979634118817, 33.7814574951645], [-84.3981211722152, 33.7814586390289], [-84.3981439436094, 33.7814588047847], [-84.3982070484614, 33.7814589190218], [-84.3983583795525, 33.7814591945348], [-84.3983728002078, 33.7814592206674], [-84.3984222677355, 33.7814593110118], [-84.3985778559427, 33.7814595947379], [-84.3986751075554, 33.7814598859306], [-84.3987326221915, 33.7814600987252], [-84.3987722055561, 33.7814602443214], [-84.3988006417265, 33.7814603495988], [-84.398902195371, 33.7814607259092], [-84.3989499013025, 33.7814612313897], [-84.3989500621009, 33.7815207503908], [-84.399042630796, 33.7815214597056], [-84.3990473864771, 33.7815881651386], [-84.3971439920357, 33.7815737757642], [-84.3971443783113, 33.7815653326826], [-84.3971346756079, 33.7815652834039], [-84.3971259763227, 33.781565792617], [-84.3969297106028, 33.781564716699], [-84.3968154484919, 33.7815646816066], [-84.3967356888744, 33.7815646577139], [-84.3964763371671, 33.7815654267601], [-84.3963807519293, 33.7815657097392], [-84.3963423857818, 33.781565845629], [-84.3962409363418, 33.7815662308987], [-84.3961939158249, 33.7815663802281], [-84.3961750880349, 33.7815664399598], [-84.3959832483144, 33.7815649869851], [-84.3959790936062, 33.781563890161], [-84.395971687895, 33.7815638468555], [-84.3958100225849, 33.7815629038406], [-84.3957700987587, 33.7815626716334], [-84.3954169889868, 33.7815606952592], [-84.3933158699614, 33.781544747628], [-84.3933222084741, 33.7814397831851], [-84.393408032618, 33.7814402319205], [-84.3934664904851, 33.7814405380461], [-84.3934768633317, 33.7814394680997], [-84.3934842016693, 33.7814366890762], [-84.393493968153, 33.7814296698388], [-84.3935040724033, 33.7814212394361], [-84.3935103722884, 33.7814064139911], [-84.393513231626, 33.7811921047885], [-84.393524859419, 33.7803207261481], [-84.3935283035598, 33.7800626987966], [-84.3935287994299, 33.7800247796653], [-84.3935325669642, 33.7798518126626], [-84.3935345145117, 33.7797339341069], [-84.3935347453787, 33.7797195167944], [-84.3935350391278, 33.779700753154], [-84.3935354748107, 33.7796730161105], [-84.3935356149479, 33.7796640344973], [-84.39353567783, 33.779659995795], [-84.3935359706808, 33.7796576915917], [-84.3935358898324, 33.7796549020571], [-84.3935338551483, 33.7796505437824], [-84.3935303633968, 33.7796468985712], [-84.3935257604293, 33.7796444554881], [-84.3935208987469, 33.7796434034391], [-84.3935136807836, 33.7796432548531], [-84.3934902491278, 33.7796428815213], [-84.3933603069236, 33.7796421684576], [-84.3930661347192, 33.7796410260624], [-84.3930320813834, 33.7796404548648], [-84.3929556239729, 33.7796401673993], [-84.3927245368577, 33.7796380864478], [-84.3927244110935, 33.7796336079595], [-84.3927231660285, 33.7796295550691], [-84.3927210424112, 33.7796260487365], [-84.3927173494371, 33.7796223236312], [-84.3927145260321, 33.7796200918533], [-84.3927097146555, 33.7796182042873], [-84.3927044406464, 33.7796176614627], [-84.3926998951711, 33.7796195736686], [-84.3926957045303, 33.77962178454], [-84.3926922765592, 33.7796246980218], [-84.3926900550255, 33.7796276279302], [-84.3926878649328, 33.7796323431113], [-84.3926879835104, 33.7796382320473], [-84.3926664967072, 33.7796382551938], [-84.3926426922504, 33.7796379804217], [-84.3925828105536, 33.7796377989824], [-84.3923951156598, 33.7796369059727], [-84.3923263765743, 33.779636834293], [-84.3923064151104, 33.7796362332288], [-84.392207409088, 33.7796358001639], [-84.3921239421233, 33.7796369470392], [-84.392092038456, 33.7796353842722], [-84.3920581036978, 33.7796348899809], [-84.3919620405563, 33.779634470356], [-84.3919603732831, 33.7794913318321], [-84.3919973641099, 33.7795094384534], [-84.3920416797995, 33.7795311313007], [-84.3920930463658, 33.7795562744784], [-84.3921162471546, 33.7795567777301], [-84.3921266146113, 33.7795570032228], [-84.3921511368219, 33.779546387149], [-84.3922780508053, 33.7795474832524], [-84.3923201943685, 33.779547806558], [-84.392343795806, 33.7795492125271], [-84.3926024665903, 33.7795509500151], [-84.3927650257242, 33.7795520416384], [-84.3930035922125, 33.7795532893145], [-84.3931346411411, 33.7795539747523], [-84.3932674965817, 33.77955470499], [-84.3935102240664, 33.7795560377859], [-84.3935140715508, 33.7795545802971], [-84.3935204091651, 33.7795533132077], [-84.393524742638, 33.7795496246858], [-84.3935311781687, 33.7795441464092], [-84.3935337186043, 33.7795398822086], [-84.3935348388035, 33.7795362078728], [-84.3935349537879, 33.7795317435657], [-84.3935370145231, 33.7794526642894], [-84.3935388057638, 33.7793363987301], [-84.393541567185, 33.7792282627254], [-84.3935428553691, 33.7791607169466], [-84.3935441875707, 33.7790919921252], [-84.3935460021675, 33.7789386643873], [-84.3935481662091, 33.7788266690867], [-84.3935512770749, 33.7786359818786], [-84.3935546547404, 33.7784619928615], [-84.3935546134179, 33.7784339978143], [-84.3935565879149, 33.778349571333], [-84.3935578114203, 33.7782972398648], [-84.3936871571431, 33.7783329794699], [-84.393684373264, 33.7784826256975], [-84.3936842771443, 33.7784974822622], [-84.3936822873759, 33.7786385183244], [-84.3936815804018, 33.7786883818335], [-84.3936808204271, 33.7787414649607], [-84.3936785710456, 33.7788179412528], [-84.3936764573097, 33.7789307832884], [-84.3936778568849, 33.7789309012622], [-84.3936775460679, 33.7789543944764], [-84.3936738468055, 33.779206516788], [-84.3936723331443, 33.7792066467081], [-84.3936698439126, 33.7793110292479], [-84.3936683868452, 33.7794201096799], [-84.3936669315745, 33.7795200149585], [-84.3936654268964, 33.7796065197452], [-84.393664548344, 33.7796557233869], [-84.3936663530594, 33.7796637388186], [-84.3936667213687, 33.7797483670968], [-84.3936639347947, 33.7798325644676], [-84.393661263205, 33.7798959239332], [-84.3936604493314, 33.7800653434659], [-84.3936506603897, 33.7806411760773], [-84.3936488125552, 33.7807498583421], [-84.393647595338, 33.780821434049], [-84.3936473231484, 33.7808643658552], [-84.3936471345022, 33.7808942737788], [-84.3936434343416, 33.7811739275912], [-84.3936429986587, 33.7812269636323], [-84.3936410627892, 33.7813315005062], [-84.3936401995083, 33.7813838465468], [-84.3936398824029, 33.7814030286881], [-84.3936398060462, 33.7814076384941], [-84.3936428019276, 33.7814162032948], [-84.3936448276286, 33.7814219965372], [-84.3936482888374, 33.7814284050171], [-84.3936539670883, 33.7814320643388], [-84.3936585395131, 33.7814350121049], [-84.3936633284319, 33.781437692571], [-84.3936703218164, 33.7814400586982], [-84.3936755589944, 33.7814418297469], [-84.393726481793, 33.7814421754449], [-84.3937258996847, 33.7814332186566], [-84.3945862216221, 33.7814399541675], [-84.3946506398112, 33.7814398332105], [-84.3946496040537, 33.7814479313531], [-84.3946506613707, 33.7814479373263], [-84.3948558060389, 33.7814483330497], [-84.394857974572, 33.7814394427136], [-84.3948763181701, 33.7814240953648], [-84.3948762058807, 33.781389466569], [-84.3948760226244, 33.7813729850521], [-84.3949186997869, 33.7813729126272], [-84.3949187500926, 33.7813795413721], [-84.3949219687562, 33.7814110103571], [-84.3949236728603, 33.7814214947897], [-84.3949281716233, 33.7814392754645], [-84.394929228042, 33.7814484741661], [-84.3949338723321, 33.7814484831259], [-84.3949787377906, 33.7814483972614], [-84.3950480670693, 33.7814482658513], [-84.3951899541718, 33.7814483636622], [-84.3953182731202, 33.7814484525133], [-84.39592904936, 33.7814518408011], [-84.3960033678818, 33.7814525314502], [-84.3964149786399, 33.7814537843252], [-84.3965405164042, 33.7814541001572], [-84.3965649892075, 33.78145411957], [-84.3966838929135, 33.7814542136477], [-84.3966977278671, 33.7814542233541], [-84.3967067756987, 33.78145425098], [-84.3967711525652, 33.7814544443618], [-84.3969996956516, 33.7814551297845], [-84.3971491564503, 33.7814555785198], [-84.3974464538935, 33.7814564692705], [-84.397497960597, 33.7814567641964], [-84.3976260648481, 33.7814571987454], [-84.3976336762735, 33.781457093468], [-84.3976336708836, 33.7814571584264], [-84.3976429459889, 33.7814557532353], [-84.3976482056249, 33.7814538029914], [-84.3976536988229, 33.7814515421419], [-84.397657041454, 33.781448385315], [-84.3976626981454, 33.7814442160335], [-84.3976634958493, 33.7814392627715], [-84.3976661863036, 33.7814225311372], [-84.3976681194781, 33.781410505623], [-84.3976682847681, 33.7813997210365], [-84.3976699861772, 33.7813105719369], [-84.3976737743728, 33.7810481662176], [-84.3976738624077, 33.7810445748247], [-84.3976761719763, 33.7809511746648], [-84.3976752278469, 33.780938948235], [-84.3976762582146, 33.7809242914499], [-84.3976772616328, 33.7808749093402]]]}, "properties": {"OBJECTID_1": 128, "OBJECTID": null, "Shape_Leng": null, "CreationDate": 1628109913579, "Creator": "wsims6_GTFacilities", "EditDate": 1628109913579, "Editor": "wsims6_GTFacilities", "Shape__Area": 18901.4140625, "Shape__Length": 2676.427267841745, "GlobalID": "e64a7a0e-2ee3-4235-9dab-fbf374c54b41"}}, {"type": "Feature", "id": 131, "geometry": {"type": "Polygon", "coordinates": [[[-84.3979421662024, 33.7808576127834], [-84.3979421509736, 33.7808519468343], [-84.3979710271196, 33.7808518927124], [-84.3979710086509, 33.780845022163], [-84.3979973376299, 33.7808449728094], [-84.3979973561007, 33.7808518433588], [-84.3980401406949, 33.7808517631472], [-84.3980401222206, 33.7808448925978], [-84.3980664522793, 33.7808448432274], [-84.3980664594322, 33.7808475030858], [-84.398065556749, 33.7808475047784], [-84.3980655833092, 33.7808573814186], [-84.3980632520972, 33.7808573857899], [-84.3980632456306, 33.7808549810976], [-84.3979444909511, 33.780855203722], [-84.3979444974144, 33.7808576084143], [-84.3979433312685, 33.7808576105999], [-84.3979421662024, 33.7808576127834]]]}, "properties": {"OBJECTID_1": 131, "OBJECTID": null, "Shape_Leng": null, "CreationDate": 1628109913579, "Creator": "wsims6_GTFacilities", "EditDate": 1628109913579, "Editor": "wsims6_GTFacilities", "Shape__Area": 11.5078125, "Shape__Length": 33.52105185808994, "GlobalID": "d344b961-b5ae-45b0-8233-ac6811eaa286"}}, {"type": "Feature", "id": 132, "geometry": {"type": "Polygon", "coordinates": [[[-84.3978832011167, 33.7808451867175], [-84.3979282240599, 33.7808451023507], [-84.3979282312085, 33.780847762209], [-84.3978832071842, 33.7808478465779], [-84.3978832068523, 33.7808477230522], [-84.3978832011167, 33.7808451867175]]]}, "properties": {"OBJECTID_1": 132, "OBJECTID": null, "Shape_Leng": null, "CreationDate": 1628109913579, "Creator": "wsims6_GTFacilities", "EditDate": 1628109913579, "Editor": "wsims6_GTFacilities", "Shape__Area": 1.7890625, "Shape__Length": 10.736484888438959, "GlobalID": "0d466d4c-9538-4e30-a848-dbbe2c190faa"}}, {"type": "Feature", "id": 133, "geometry": {"type": "Polygon", "coordinates": [[[-84.3936943202768, 33.7808487454155], [-84.3937025587791, 33.7806543026231], [-84.393747475285, 33.7806552451556], [-84.3937380184243, 33.7808499156054], [-84.3937149390284, 33.7808493593748], [-84.3936943202768, 33.7808487454155]]]}, "properties": {"OBJECTID_1": 133, "OBJECTID": null, "Shape_Leng": null, "CreationDate": 1628109913579, "Creator": "wsims6_GTFacilities", "EditDate": 1628109913579, "Editor": "wsims6_GTFacilities", "Shape__Area": 128.6796875, "Shape__Length": 62.02034451442698, "GlobalID": "32b06fee-4ba8-4546-a598-0155bcb29773"}}, {"type": "Feature", "id": 134, "geometry": {"type": "Polygon", "coordinates": [[[-84.3978669753671, 33.7807141611768], [-84.397881350251, 33.7807141342439], [-84.3978814117045, 33.7807370045183], [-84.3978670368168, 33.7807370314512], [-84.3978669753671, 33.7807141611768]]]}, "properties": {"OBJECTID_1": 134, "OBJECTID": null, "Shape_Leng": null, "CreationDate": 1628109913579, "Creator": "wsims6_GTFacilities", "EditDate": 1628109913579, "Editor": "wsims6_GTFacilities", "Shape__Area": 4.8984375, "Shape__Length": 9.326502643927045, "GlobalID": "64e7e4d4-fd2f-4fdb-9560-c6698d3c763a"}}, {"type": "Feature", "id": 135, "geometry": {"type": "Polygon", "coordinates": [[[-84.3933868563189, 33.7804953078458], [-84.393386613189, 33.780489911006], [-84.3933839032813, 33.7804904362376], [-84.3933794849773, 33.7804912928091], [-84.3933799474711, 33.7804836405438], [-84.3934027151879, 33.7804839665872], [-84.3934024778795, 33.7804955316068], [-84.3933868563189, 33.7804953078458]]]}, "properties": {"OBJECTID_1": 135, "OBJECTID": null, "Shape_Leng": null, "CreationDate": 1628109913579, "Creator": "wsims6_GTFacilities", "EditDate": 1628109913579, "Editor": "wsims6_GTFacilities", "Shape__Area": 3.45703125, "Shape__Length": 8.387518246353483, "GlobalID": "9de66dc5-870c-476a-9241-0e53a3ab0e95"}}, {"type": "Feature", "id": 136, "geometry": {"type": "Polygon", "coordinates": [[[-84.3933805827091, 33.7804731125942], [-84.3933812810969, 33.7804615539407], [-84.3934031687653, 33.7804618671744], [-84.3934029314571, 33.7804734321941], [-84.3933805827091, 33.7804731125942]]]}, "properties": {"OBJECTID_1": 136, "OBJECTID": null, "Shape_Leng": null, "CreationDate": 1628109913579, "Creator": "wsims6_GTFacilities", "EditDate": 1628109913579, "Editor": "wsims6_GTFacilities", "Shape__Area": 3.81640625, "Shape__Length": 8.024244115226153, "GlobalID": "e956a63c-6768-4111-899c-3277ab4b59f5"}}, {"type": "Feature", "id": 137, "geometry": {"type": "Polygon", "coordinates": [[[-84.3979573330924, 33.7803467987913], [-84.3979565427805, 33.7799346643646], [-84.3979612623597, 33.779934647404], [-84.3979613169805, 33.7799453273646], [-84.3979613648528, 33.7799547017464], [-84.3979622060061, 33.7801186068999], [-84.3979633345609, 33.7803384157084], [-84.397975041246, 33.7803383739295], [-84.3979750780791, 33.7803456492866], [-84.3979620400559, 33.7803456953642], [-84.3979553046218, 33.7803513685565], [-84.3979523242876, 33.7803512993053], [-84.3979573330924, 33.7803467987913]]]}, "properties": {"OBJECTID_1": 137, "OBJECTID": null, "Shape_Leng": null, "CreationDate": 1628109913579, "Creator": "wsims6_GTFacilities", "EditDate": 1628109913579, "Editor": "wsims6_GTFacilities", "Shape__Area": 34.53125, "Shape__Length": 115.74918484025027, "GlobalID": "ef44fa73-40fb-4cd8-bef7-647d7fc86421"}}, {"type": "Feature", "id": 138, "geometry": {"type": "Polygon", "coordinates": [[[-84.3979517422801, 33.7799318917668], [-84.3979516279174, 33.7798720682999], [-84.3980211154841, 33.7798719768172], [-84.3980211171422, 33.7798725935438], [-84.3979541382517, 33.7798728336055], [-84.3979542087544, 33.7798866107096], [-84.3979543833711, 33.7799206441232], [-84.3979544416677, 33.7799318885108], [-84.3979517422801, 33.7799318917668]]]}, "properties": {"OBJECTID_1": 138, "OBJECTID": null, "Shape_Leng": null, "CreationDate": 1628109913579, "Creator": "wsims6_GTFacilities", "EditDate": 1628109913579, "Editor": "wsims6_GTFacilities", "Shape__Area": 3.01171875, "Shape__Length": 31.495955722753994, "GlobalID": "c965247b-da7b-4375-9b8f-c6adb84c60b0"}}, {"type": "Feature", "id": 139, "geometry": {"type": "Polygon", "coordinates": [[[-84.3980282812937, 33.7798898467404], [-84.3980282702635, 33.7798877522244], [-84.3980348038558, 33.7798877435815], [-84.3980348148474, 33.7798898236711], [-84.3980282812937, 33.7798898467404]]]}, "properties": {"OBJECTID_1": 139, "OBJECTID": null, "Shape_Leng": null, "CreationDate": 1628109913579, "Creator": "wsims6_GTFacilities", "EditDate": 1628109913579, "Editor": "wsims6_GTFacilities", "Shape__Area": 0.19921875, "Shape__Length": 2.0137437988573943, "GlobalID": "ba083517-9dda-4de9-9be4-b4a0a5974bab"}}, {"type": "Feature", "id": 140, "geometry": {"type": "Polygon", "coordinates": [[[-84.3978284804762, 33.7789897984648], [-84.3978290560621, 33.7789399865386], [-84.3978406109816, 33.7789486342749], [-84.3978403836565, 33.7789833870632], [-84.3978402177647, 33.7790088536252], [-84.3978286686293, 33.7790091953459], [-84.3978284693906, 33.7790447586661], [-84.3978261444741, 33.7792126938475], [-84.3978241933402, 33.7793517610443], [-84.3978239622969, 33.7793682499812], [-84.3978239115605, 33.779371872011], [-84.3978237862867, 33.7794349707306], [-84.3978207430895, 33.7795023307112], [-84.3978200015534, 33.7795241313321], [-84.3978195411023, 33.7795456600292], [-84.397817239372, 33.7795839601907], [-84.3978260653383, 33.7791550973871], [-84.3978284804762, 33.7789897984648]]]}, "properties": {"OBJECTID_1": 140, "OBJECTID": null, "Shape_Leng": null, "CreationDate": 1628109913579, "Creator": "wsims6_GTFacilities", "EditDate": 1628109913579, "Editor": "wsims6_GTFacilities", "Shape__Area": 25.1015625, "Shape__Length": 174.33411881113574, "GlobalID": "ddef9abd-2000-4b1d-a9b6-f8fb73336c96"}}, {"type": "Feature", "id": 141, "geometry": {"type": "Polygon", "coordinates": [[[-84.3924994213738, 33.7794345332975], [-84.3925667665504, 33.7794353315246], [-84.3925667547106, 33.7794357571259], [-84.3925637971266, 33.7794357030309], [-84.3924994213738, 33.7794345332975]]]}, "properties": {"OBJECTID_1": 141, "OBJECTID": null, "Shape_Leng": null, "CreationDate": 1628109913579, "Creator": "wsims6_GTFacilities", "EditDate": 1628109913579, "Editor": "wsims6_GTFacilities", "Shape__Area": 0.21484375, "Shape__Length": 15.051913117570212, "GlobalID": "dcedd583-f295-4118-8a86-85af45c1674a"}}, {"type": "Feature", "id": 142, "geometry": {"type": "Polygon", "coordinates": [[[-84.3924994213738, 33.7794345332975], [-84.392477171853, 33.779434479339], [-84.3923541964665, 33.7794331606745], [-84.3923542020251, 33.7794328099217], [-84.3924187624342, 33.7794335763548], [-84.3924508148019, 33.779433955918], [-84.3924994213738, 33.7794345332975]]]}, "properties": {"OBJECTID_1": 142, "OBJECTID": null, "Shape_Leng": null, "CreationDate": 1628109913579, "Creator": "wsims6_GTFacilities", "EditDate": 1628109913579, "Editor": "wsims6_GTFacilities", "Shape__Area": 0.55078125, "Shape__Length": 32.38188398554041, "GlobalID": "7d53d72a-c059-4075-99a0-2c84f1634cc1"}}, {"type": "Feature", "id": 143, "geometry": {"type": "Polygon", "coordinates": [[[-84.3936857709452, 33.7792064287709], [-84.3936901773934, 33.7789575836997], [-84.393690246542, 33.7789576007039], [-84.3936901792841, 33.7789574818096], [-84.3936905563034, 33.778940363256], [-84.3936907268411, 33.7789309262542], [-84.3936890877126, 33.779052864154], [-84.3936857709452, 33.7792064287709]]]}, "properties": {"OBJECTID_1": 143, "OBJECTID": null, "Shape_Leng": null, "CreationDate": 1628109913579, "Creator": "wsims6_GTFacilities", "EditDate": 1628109913579, "Editor": "wsims6_GTFacilities", "Shape__Area": 1.27734375, "Shape__Length": 73.81557648039418, "GlobalID": "712efab9-4db8-493e-a983-dd0b43da2585"}}, {"type": "Feature", "id": 144, "geometry": {"type": "Polygon", "coordinates": [[[-84.3933899021928, 33.7789842701145], [-84.3933944495532, 33.7788766964988], [-84.393395382413, 33.7788775008616], [-84.3933979579603, 33.7788821432432], [-84.3933984287673, 33.7788854361124], [-84.3933899021928, 33.7789842701145]]]}, "properties": {"OBJECTID_1": 144, "OBJECTID": null, "Shape_Leng": null, "CreationDate": 1628109913579, "Creator": "wsims6_GTFacilities", "EditDate": 1628109913579, "Editor": "wsims6_GTFacilities", "Shape__Area": 3.5703125, "Shape__Length": 28.96504800739041, "GlobalID": "035682f8-8bc5-4081-894a-5f8ded5fdbd9"}}, {"type": "Feature", "id": 145, "geometry": {"type": "Polygon", "coordinates": [[[-84.3933952718215, 33.7788572463577], [-84.3933962810759, 33.7788333606475], [-84.3933967297416, 33.7788339873729], [-84.3933999477006, 33.7788390262027], [-84.3934021647721, 33.7788432589913], [-84.3934018178918, 33.7788468400881], [-84.3934006278818, 33.778851298238], [-84.3933980043916, 33.7788546869575], [-84.3933955834434, 33.7788570852911], [-84.3933952718215, 33.7788572463577]]]}, "properties": {"OBJECTID_1": 145, "OBJECTID": null, "Shape_Leng": null, "CreationDate": 1628109913579, "Creator": "wsims6_GTFacilities", "EditDate": 1628109913579, "Editor": "wsims6_GTFacilities", "Shape__Area": 1.4375, "Shape__Length": 6.773489702320235, "GlobalID": "d046035b-d723-4df5-aae2-7cdfbb432941"}}, {"type": "Feature", "id": 146, "geometry": {"type": "Polygon", "coordinates": [[[-84.3978317809544, 33.7784824238203], [-84.3978319314209, 33.7784733213635], [-84.3978323267157, 33.7784990871265], [-84.3978319192196, 33.7785576105009], [-84.3978319558545, 33.778568434762], [-84.3978319910972, 33.7785791427125], [-84.3978320537328, 33.7785976363749], [-84.3978315905748, 33.7786233803024], [-84.3978316273851, 33.7786370835372], [-84.3978316689549, 33.7786525585087], [-84.3978317557789, 33.7786852819937], [-84.3978312444129, 33.7787212164794], [-84.3978317809544, 33.7784824238203]]]}, "properties": {"OBJECTID_1": 146, "OBJECTID": null, "Shape_Leng": null, "CreationDate": 1628109913579, "Creator": "wsims6_GTFacilities", "EditDate": 1628109913579, "Editor": "wsims6_GTFacilities", "Shape__Area": 1.26953125, "Shape__Length": 66.40128968950371, "GlobalID": "558a049c-48d7-411b-ae93-8ccfdf9fad80"}}, {"type": "Feature", "id": 147, "geometry": {"type": "Polygon", "coordinates": [[[-84.3978320167862, 33.778468120476], [-84.397833196041, 33.7783966398202], [-84.3978331760622, 33.7784072901688], [-84.3978328556432, 33.7784311033933], [-84.3978326160593, 33.7784552645037], [-84.3978320167862, 33.778468120476]]]}, "properties": {"OBJECTID_1": 147, "OBJECTID": null, "Shape_Leng": null, "CreationDate": 1628109913579, "Creator": "wsims6_GTFacilities", "EditDate": 1628109913579, "Editor": "wsims6_GTFacilities", "Shape__Area": 0.234375, "Shape__Length": 19.14891643743166, "GlobalID": "04451b22-28df-4aef-a25e-24eebc254d5a"}}, {"type": "Feature", "id": 148, "geometry": {"type": "Polygon", "coordinates": [[[-84.3978334114776, 33.7783835871051], [-84.3978336486161, 33.7783633391677], [-84.3978350817155, 33.7783634455831], [-84.3978343462278, 33.7783669940591], [-84.3978337238089, 33.7783836938166], [-84.3978333436919, 33.7783876951577], [-84.3978334114776, 33.7783835871051]]]}, "properties": {"OBJECTID_1": 148, "OBJECTID": null, "Shape_Leng": null, "CreationDate": 1628109913579, "Creator": "wsims6_GTFacilities", "EditDate": 1628109913579, "Editor": "wsims6_GTFacilities", "Shape__Area": 0.19921875, "Shape__Length": 6.679694165587025, "GlobalID": "bd54c631-84b8-4a61-8700-406c18b15984"}}, {"type": "Feature", "id": 149, "geometry": {"type": "Polygon", "coordinates": [[[-84.3977654294813, 33.7779018161477], [-84.3978385137178, 33.7779023627166], [-84.3978376890644, 33.7779585569925], [-84.3978349375247, 33.778123122478], [-84.3978348270319, 33.7781297089139], [-84.3978356175493, 33.7781334729113], [-84.3978365500006, 33.7781379156376], [-84.3978387356017, 33.778145934198], [-84.3978434131294, 33.7781545030583], [-84.3978463676883, 33.7781586612998], [-84.3978505565325, 33.7781632690403], [-84.3978525292329, 33.7781654388821], [-84.3978622651739, 33.7781731975965], [-84.3978664863574, 33.7781760737939], [-84.3978799062895, 33.7781829887632], [-84.3978922787859, 33.7781870297751], [-84.3978991365248, 33.7781884716069], [-84.3979066644068, 33.7781894594596], [-84.3979202577137, 33.7781893915121], [-84.3979414561578, 33.7781900568006], [-84.3979763862493, 33.7781907392626], [-84.3981131421749, 33.77819340191], [-84.3982287580469, 33.7781955523374], [-84.3983212387071, 33.7781973428668], [-84.398449898117, 33.7782000943684], [-84.3986465438243, 33.7782018064968], [-84.3987345733323, 33.7782035746258], [-84.398941118474, 33.7782073901406], [-84.3989414930714, 33.7783461844158], [-84.3988746835671, 33.7783446947995], [-84.3987433031602, 33.7783421964254], [-84.3985328377706, 33.7783371750366], [-84.3983664607968, 33.778333489449], [-84.3981622467833, 33.7783283829387], [-84.3981577516136, 33.7783274615417], [-84.3979612146025, 33.7783230964794], [-84.39794599265, 33.7783096137668], [-84.3979395274749, 33.7783061267937], [-84.3979319250326, 33.7783053256112], [-84.39792583715, 33.7783052509437], [-84.3979124378792, 33.778305084435], [-84.3979007004917, 33.7783062604485], [-84.3978893996854, 33.7783087199966], [-84.3978839118773, 33.7783105456174], [-84.3978734851318, 33.7783150196949], [-84.3978733171469, 33.778315120496], [-84.3978639333454, 33.778320686959], [-84.3978595396854, 33.7783238864616], [-84.397855475707, 33.778327362234], [-84.3978482236077, 33.7783350470129], [-84.3978422848454, 33.778343556867], [-84.3978394210163, 33.7783494488783], [-84.3978378813039, 33.7783526185129], [-84.3978363370999, 33.7783573808046], [-84.3978350821534, 33.7783634452968], [-84.3978336484422, 33.778363339269], [-84.3978338137322, 33.7783492375693], [-84.3978344003321, 33.7783427653916], [-84.3978362625397, 33.778336461962], [-84.397839349151, 33.7783304997623], [-84.3978435748261, 33.778325041568], [-84.397848825479, 33.7783202367139], [-84.3978549573791, 33.7783162173618], [-84.3978618016432, 33.7783130925264], [-84.3978691723201, 33.7783109480753], [-84.3978768672889, 33.7783098422494], [-84.3977087430919, 33.778310831594], [-84.3977043018211, 33.7783071400319], [-84.3976955917561, 33.7783036963658], [-84.3976525013686, 33.7783023934175], [-84.3976253246363, 33.7783022373624], [-84.3975157813756, 33.7783016109019], [-84.3974043318899, 33.7782993977564], [-84.397346857678, 33.7783000197369], [-84.3972466164721, 33.778298088088], [-84.3970645378454, 33.7782963095074], [-84.3969173470895, 33.7782934056872], [-84.3968524653698, 33.7782903958389], [-84.3968176574492, 33.7782876921274], [-84.3967840918986, 33.7782849876692], [-84.3967542534581, 33.778281583576], [-84.3967351912078, 33.7782802350802], [-84.3967061819123, 33.7782768294935], [-84.396662248905, 33.778269992186], [-84.3966120932677, 33.7782607446092], [-84.3965454688164, 33.7782456132267], [-84.3965454247989, 33.7782456035199], [-84.396544108767, 33.7782453033563], [-84.3964910893007, 33.7782281141324], [-84.3964719587784, 33.7782219122422], [-84.396418888108, 33.7782067883197], [-84.3963649775129, 33.7781871686569], [-84.3963288993744, 33.7781744348393], [-84.3963153958991, 33.7781683994541], [-84.3962868618124, 33.7781556462201], [-84.3962446984862, 33.7781372279484], [-84.3962185629013, 33.778124129745], [-84.3961837154549, 33.7781065499848], [-84.3961496917635, 33.7780875858816], [-84.3961218880071, 33.7780703391319], [-84.3960803885359, 33.7780441225424], [-84.3960492628096, 33.7780237688583], [-84.3959981675346, 33.777987797654], [-84.3959635814978, 33.7779598898132], [-84.395937129706, 33.7779374760232], [-84.3959167783732, 33.7779184424414], [-84.3958964279388, 33.7778998322223], [-84.3958760703178, 33.7778786795574], [-84.3958648737161, 33.7778668334953], [-84.3958531623797, 33.777852444989], [-84.3958338162618, 33.7778300192241], [-84.3958246534459, 33.777819441017], [-84.3957981773995, 33.7777877041477], [-84.3957778054055, 33.7777610409572], [-84.395759483367, 33.7777415794885], [-84.3957432247586, 33.7777352521209], [-84.3957300222189, 33.7777323102009], [-84.3957209986419, 33.7777320376627], [-84.3957168250691, 33.7777319114737], [-84.3957126532929, 33.7777332398178], [-84.3956931688344, 33.7777394462234], [-84.3956899753235, 33.7777404624551], [-84.3956875561605, 33.777740754407], [-84.3956703794739, 33.7777505530899], [-84.3956549733668, 33.7777602270761], [-84.3956468049859, 33.7777657271205], [-84.3956347945106, 33.7777743184192], [-84.3956163790473, 33.7777887883267], [-84.3956043937247, 33.7777991597074], [-84.3955963663794, 33.7778065831959], [-84.3955899407301, 33.7778128299169], [-84.395580258688, 33.7778228063012], [-84.395567665206, 33.7778365272811], [-84.3955622375851, 33.7778434930521], [-84.3955538392355, 33.777854276593], [-84.3955463230315, 33.7778646830596], [-84.3955341266049, 33.7778834508357], [-84.3955187160062, 33.7779118134287], [-84.3955100634334, 33.7779312800854], [-84.3955030853203, 33.7779500829408], [-84.3954963820916, 33.777972752838], [-84.3954932406831, 33.7779862714442], [-84.3954901361054, 33.7780035107441], [-84.395488351153, 33.7780174340447], [-84.3954870198497, 33.7780347838466], [-84.3954863434183, 33.7780650967106], [-84.3954864521145, 33.7780780418542], [-84.395486294011, 33.7780974248453], [-84.3954860514658, 33.7781248047408], [-84.3954856975296, 33.778170670097], [-84.3954849303684, 33.778264671376], [-84.3954824626963, 33.7787715991204], [-84.395484664467, 33.7788322683699], [-84.3954838703563, 33.7789094964775], [-84.395484165902, 33.7789231904032], [-84.395486510505, 33.7789400337796], [-84.3954895548954, 33.7789561394431], [-84.3954926549815, 33.7789657020394], [-84.3954982344177, 33.7789771454947], [-84.3955039477029, 33.7789864594478], [-84.3955099610254, 33.7789947952633], [-84.3955198137475, 33.7790068987702], [-84.3955297203684, 33.779017997259], [-84.3955331833739, 33.7790216111369], [-84.3953805200812, 33.7790218941244], [-84.3953805317593, 33.7790154085575], [-84.3953804949284, 33.7789515511586], [-84.39538057937, 33.778935061706], [-84.3953810914097, 33.7788256132944], [-84.3953813105987, 33.7787738346537], [-84.395381442651, 33.7787427178754], [-84.3953769537695, 33.7787422945127], [-84.3953778143556, 33.778684027243], [-84.3953770831269, 33.7785174699639], [-84.3953771702635, 33.7785021900388], [-84.3953783263953, 33.7782997509338], [-84.3953792327954, 33.7781408993575], [-84.3953793837124, 33.7781144236928], [-84.3953792256089, 33.778097067187], [-84.3953795732569, 33.7780916478049], [-84.3953824820018, 33.7780505536754], [-84.3953844591937, 33.7780303351414], [-84.395390485991, 33.7779954496096], [-84.395397552139, 33.777968407918], [-84.3954071281799, 33.7779440774069], [-84.3954143677028, 33.7779246637672], [-84.3954297315891, 33.7778900604369], [-84.3954397657708, 33.7778712799688], [-84.3954537830825, 33.7778450424115], [-84.3954786152119, 33.7778107758015], [-84.3954942611692, 33.7777916309364], [-84.3955058233852, 33.7777778308012], [-84.3955195119135, 33.7777614732849], [-84.3955364451567, 33.7777413756448], [-84.3955604122084, 33.7777184981093], [-84.3956042239432, 33.7776796692299], [-84.3956233921947, 33.7776673363044], [-84.3956350846664, 33.7776617287316], [-84.3956525452206, 33.7776527028533], [-84.3956612912182, 33.7776401235192], [-84.3956658214222, 33.7776300821524], [-84.3956666254144, 33.7776207396779], [-84.3956666029565, 33.7776124365828], [-84.3956640876737, 33.7776010243057], [-84.3956506785214, 33.7775773179161], [-84.3956403712519, 33.7775590929106], [-84.3956319100202, 33.7775441346344], [-84.3956229304606, 33.777531295439], [-84.3956184658337, 33.7775273051705], [-84.3956140452241, 33.7775244028176], [-84.3956082115647, 33.7775218618586], [-84.3955911157265, 33.7775161512341], [-84.3955849604702, 33.7775134310712], [-84.3955793711525, 33.7775094669357], [-84.3955745912169, 33.7775040094357], [-84.3955612736928, 33.7774831493725], [-84.3955296727577, 33.7774356894805], [-84.395510680576, 33.7774072416079], [-84.3954947399713, 33.7773843072352], [-84.3954810981554, 33.7773638578188], [-84.3954766389183, 33.7773556510209], [-84.3954755663298, 33.7773495132824], [-84.3954755061427, 33.7773459441349], [-84.3954765634598, 33.7773402327521], [-84.3954780636464, 33.777333097443], [-84.3954794290856, 33.7773260808561], [-84.3954792467276, 33.7773196825228], [-84.3954769865663, 33.7773128533524], [-84.3954741353136, 33.7773084889851], [-84.3954663029026, 33.7772965002275], [-84.3954555285091, 33.7772803487042], [-84.3954371319104, 33.777252771414], [-84.3954209218111, 33.7772284713138], [-84.3954080040373, 33.7772091067932], [-84.3953934180921, 33.7771872423669], [-84.3953744798092, 33.7771608052351], [-84.3953302817989, 33.7771141530783], [-84.3953105673717, 33.7770978350096], [-84.3952853723229, 33.7770798592952], [-84.395261994566, 33.7770655804197], [-84.3952314734059, 33.7770498604374], [-84.3952066403782, 33.7770391917849], [-84.395188336306, 33.777032422327], [-84.3951635868216, 33.7770246351351], [-84.3951421063065, 33.777019068588], [-84.3951171951254, 33.7770139261584], [-84.3950850183702, 33.7770092735549], [-84.395062828186, 33.7770073276899], [-84.3950406065609, 33.7770063905982], [-84.3949965244332, 33.7770050181883], [-84.3949721558345, 33.7770037032733], [-84.3949437582917, 33.7770029304528], [-84.3948532548235, 33.7770020747499], [-84.3947472697897, 33.777000054216], [-84.3945790997786, 33.7769966575386], [-84.3943379236844, 33.7769916144171], [-84.3943084661296, 33.7769911454978], [-84.3942771535537, 33.7769906467111], [-84.3942622424183, 33.7769902606741], [-84.3941268815763, 33.7769867564735], [-84.3941151693417, 33.7769887777544], [-84.3941089278471, 33.7769912224066], [-84.3941032909187, 33.7769945347085], [-84.3940984265414, 33.7769986131109], [-84.3940944847339, 33.7770033366502], [-84.3940906633007, 33.7770102136332], [-84.393902900135, 33.7770066377514], [-84.393893224381, 33.7770063928383], [-84.393842297091, 33.777005107044], [-84.3938230956018, 33.7770046224445], [-84.3938195301884, 33.776997857464], [-84.3938156467714, 33.7769932474208], [-84.3938108632426, 33.7769892705676], [-84.3938053269255, 33.7769860493611], [-84.3937992040085, 33.7769836786308], [-84.3937926804429, 33.7769822315519], [-84.393786503627, 33.7769817730862], [-84.3937539477828, 33.7769810883745], [-84.3937430889476, 33.7769832560061], [-84.3937403266281, 33.776983909357], [-84.3937400382689, 33.7768743367422], [-84.393744979003, 33.7768747974485], [-84.3937631537178, 33.7768753358103], [-84.3937822051883, 33.7768752730885], [-84.3938547207914, 33.7768769202816], [-84.393932942493, 33.7768785353669], [-84.3940281477435, 33.7768805028889], [-84.3942249722155, 33.7768844259856], [-84.3943871531586, 33.776887341054], [-84.3945685814049, 33.7768912917779], [-84.3946689169339, 33.7768928202473], [-84.3947587340893, 33.7768947974758], [-84.3948067211935, 33.7768957801165], [-84.3948829360588, 33.7768971398345], [-84.3950130399597, 33.7768994702461], [-84.3950530733804, 33.7769006821198], [-84.3950774563521, 33.7769029938642], [-84.395109284561, 33.7769063629179], [-84.3951434277283, 33.7769118712307], [-84.3951601157313, 33.7769152694048], [-84.3951836929142, 33.7769206589938], [-84.3952209119131, 33.7769324170777], [-84.3952276519727, 33.7769345458828], [-84.3952409120046, 33.7769387347977], [-84.3952606686526, 33.7769459164342], [-84.3952735774433, 33.7769520527083], [-84.3952862293157, 33.7769580672719], [-84.3952989737147, 33.776964125143], [-84.3953155566148, 33.7769719392211], [-84.3953344050661, 33.7769818186341], [-84.3953616527653, 33.7770005291087], [-84.3953847861805, 33.7770160534682], [-84.3954138484766, 33.777038470486], [-84.3954412893136, 33.7770627609331], [-84.3954496661036, 33.777069415399], [-84.3954592996367, 33.7770758839394], [-84.395470301304, 33.7770818641469], [-84.3954928741704, 33.7770923020681], [-84.3955062240339, 33.7771016490803], [-84.3955159303305, 33.7771121990021], [-84.3955290385471, 33.7771318898461], [-84.3955481304419, 33.7771606320041], [-84.3955771927379, 33.7772043840119], [-84.3955868038132, 33.7772188532689], [-84.3955925162, 33.7772281532261], [-84.3955960798168, 33.77723902794], [-84.3955968676393, 33.7772485705676], [-84.3955961094612, 33.7772556237484], [-84.3955945427993, 33.7772657002532], [-84.3955956108962, 33.7772723375296], [-84.3956052821585, 33.7772884278263], [-84.395632134599, 33.7773307005883], [-84.3957457526178, 33.7775010428673], [-84.3957508289975, 33.7775079377307], [-84.3957509376937, 33.7775080445062], [-84.3957925368778, 33.777572058291], [-84.3958405913557, 33.7776460835269], [-84.3958586519844, 33.7776732701763], [-84.3958824528479, 33.777703415912], [-84.3958982775699, 33.777722971471], [-84.395922031721, 33.7777513027566], [-84.3959413203468, 33.777772945275], [-84.395964168996, 33.7777971765262], [-84.3959822781338, 33.7778154007344], [-84.396006924312, 33.7778389345752], [-84.3960399921959, 33.7778684433353], [-84.3960740104974, 33.7778965834231], [-84.3960919426671, 33.7779105963425], [-84.3961138355089, 33.777927065832], [-84.3961359008272, 33.7779430268304], [-84.3961512512388, 33.7779536468363], [-84.3961607724825, 33.7779600436289], [-84.3961748374049, 33.7779692367307], [-84.3961966116691, 33.7779828852594], [-84.39622667379, 33.7780006308075], [-84.396245290476, 33.778011012616], [-84.3962683933485, 33.7780232857578], [-84.3962957739983, 33.7780369940121], [-84.3963251489081, 33.7780507395981], [-84.3963602613576, 33.7780638788799], [-84.3963619061729, 33.7780644948887], [-84.3963836480977, 33.7780729726626], [-84.3964163925882, 33.7780850329925], [-84.3964371310948, 33.7780926707526], [-84.3964558214426, 33.7780995536215], [-84.3964693365961, 33.7781045309703], [-84.3964786629053, 33.7781079656843], [-84.3965000778434, 33.7781158535791], [-84.3965351085462, 33.7781287539143], [-84.3966014895541, 33.7781533949904], [-84.3966230931384, 33.7781620609178], [-84.3966929254737, 33.7781766367878], [-84.3967559261212, 33.7781877025304], [-84.3968092285568, 33.7781956262583], [-84.3968971745215, 33.7782018908712], [-84.3969934469705, 33.7782045385847], [-84.3971041221084, 33.7782070190426], [-84.3972924709757, 33.7782102558833], [-84.3973063346755, 33.7782092859511], [-84.3973197258615, 33.7782058766282], [-84.3973294366497, 33.7782019483652], [-84.3973447942478, 33.7781955635375], [-84.3973549236509, 33.7781921952812], [-84.3973669206515, 33.7781901344549], [-84.3973792428423, 33.778189885065], [-84.3974448827401, 33.7781911118541], [-84.3975307823425, 33.7781927164612], [-84.397542303236, 33.7781929740645], [-84.3975550341602, 33.7781946876864], [-84.3975666080544, 33.7781982336515], [-84.3975856631182, 33.7782069406416], [-84.3975999876537, 33.7782129006098], [-84.3976139322018, 33.7782158768604], [-84.3976562060208, 33.7782115894467], [-84.3976936918193, 33.7782112034152], [-84.397701170294, 33.7782090014676], [-84.3977076013331, 33.7782071086437], [-84.3977201067802, 33.7781977841524], [-84.3977291276623, 33.778187304552], [-84.397733275184, 33.7781762522495], [-84.3977339462255, 33.7781669501552], [-84.3977351526629, 33.7781470191191], [-84.3977355676846, 33.7781358600367], [-84.3977384512766, 33.7780582847733], [-84.397738469243, 33.7780362757083], [-84.3977385042772, 33.7779906895378], [-84.397764115246, 33.7779161814987], [-84.3977651905294, 33.7779119276706], [-84.3977653450396, 33.7779067404938], [-84.3977654240913, 33.7779021185526], [-84.3977654294813, 33.7779018161477]]]}, "properties": {"OBJECTID_1": 149, "OBJECTID": null, "Shape_Leng": null, "CreationDate": 1628109913579, "Creator": "wsims6_GTFacilities", "EditDate": 1628109913579, "Editor": "wsims6_GTFacilities", "Shape__Area": 12558.16015625, "Shape__Length": 1833.2441739053443, "GlobalID": "03da1d8b-a2bc-4cb0-90c1-804a417bc262"}}, {"type": "Feature", "id": 151, "geometry": {"type": "Polygon", "coordinates": [[[-84.3964313265284, 33.7777412070554], [-84.396402000199, 33.7777202675888], [-84.3964313512995, 33.7777411835663], [-84.3964313265284, 33.7777412070554]]]}, "properties": {"OBJECTID_1": 151, "OBJECTID": null, "Shape_Leng": null, "CreationDate": 1628109913579, "Creator": "wsims6_GTFacilities", "EditDate": 1628109913579, "Editor": "wsims6_GTFacilities", "Shape__Area": 0.01171875, "Shape__Length": 8.611641435982795, "GlobalID": "51eff317-baa0-4e49-a1b6-b112c15be0dd"}}, {"type": "Feature", "id": 152, "geometry": {"type": "Polygon", "coordinates": [[[-84.3966554024099, 33.777106225931], [-84.3966555409997, 33.7771011178139], [-84.396655726716, 33.7771011192712], [-84.3966554024099, 33.777106225931]]]}, "properties": {"OBJECTID_1": 152, "OBJECTID": null, "Shape_Leng": null, "CreationDate": 1628109913579, "Creator": "wsims6_GTFacilities", "EditDate": 1628109913579, "Editor": "wsims6_GTFacilities", "Shape__Area": 0.0078125, "Shape__Length": 1.389816504942482, "GlobalID": "d2e1d2de-0ad6-48e3-bc37-626b56a8c4a0"}}, {"type": "Feature", "id": 153, "geometry": {"type": "Polygon", "coordinates": [[[-84.3966564217727, 33.7770686909622], [-84.396657139454, 33.7770423045812], [-84.3966568403722, 33.7770608899904], [-84.3966564217727, 33.7770686909622]]]}, "properties": {"OBJECTID_1": 153, "OBJECTID": null, "Shape_Leng": null, "CreationDate": 1628109913579, "Creator": "wsims6_GTFacilities", "EditDate": 1628109913579, "Editor": "wsims6_GTFacilities", "Shape__Area": 0.04296875, "Shape__Length": 7.069760904339863, "GlobalID": "67971780-dd4b-4f65-8458-0088c86be390"}}, {"type": "Feature", "id": 154, "geometry": {"type": "Polygon", "coordinates": [[[-84.397599617365, 33.7769441940052], [-84.3975978451234, 33.7769440377291], [-84.3976001216092, 33.7769441993732], [-84.397599617365, 33.7769441940052]]]}, "properties": {"OBJECTID_1": 154, "OBJECTID": null, "Shape_Leng": null, "CreationDate": 1628109913579, "Creator": "wsims6_GTFacilities", "EditDate": 1628109913579, "Editor": "wsims6_GTFacilities", "Shape__Area": 0.00390625, "Shape__Length": 0.5088690849518098, "GlobalID": "54225fc0-3f42-4f16-be83-22b50fd60543"}}, {"type": "Feature", "id": 155, "geometry": {"type": "Polygon", "coordinates": [[[-84.3975954724123, 33.7769438275759], [-84.3975937286238, 33.7769434106691], [-84.3975956938072, 33.776943846998], [-84.3975954724123, 33.7769438275759]]]}, "properties": {"OBJECTID_1": 155, "OBJECTID": null, "Shape_Leng": null, "CreationDate": 1628109913579, "Creator": "wsims6_GTFacilities", "EditDate": 1628109913579, "Editor": "wsims6_GTFacilities", "Shape__Area": 0.00390625, "Shape__Length": 0.45320364566171556, "GlobalID": "c024518c-08f5-4341-92e8-af22cea3180f"}}, {"type": "Feature", "id": 156, "geometry": null, "properties": {"OBJECTID_1": 156, "OBJECTID": null, "Shape_Leng": null, "CreationDate": 1628109913579, "Creator": "wsims6_GTFacilities", "EditDate": 1628109913579, "Editor": "wsims6_GTFacilities", "Shape__Area": 0, "Shape__Length": 0.3252660361035542, "GlobalID": "5af25df4-5f56-4f6f-96d9-4d2ca81f416e"}}, {"type": "Feature", "id": 157, "geometry": {"type": "Polygon", "coordinates": [[[-84.3975914640786, 33.7769428703087], [-84.3975897789608, 33.7769421873047], [-84.3975916704373, 33.7769429195135], [-84.3975914640786, 33.7769428703087]]]}, "properties": {"OBJECTID_1": 157, "OBJECTID": null, "Shape_Leng": null, "CreationDate": 1628109913579, "Creator": "wsims6_GTFacilities", "EditDate": 1628109913579, "Editor": "wsims6_GTFacilities", "Shape__Area": 0, "Shape__Length": 0.4648711218810549, "GlobalID": "450ecbd2-b17f-4bff-8405-dd862a360643"}}, {"type": "Feature", "id": 158, "geometry": {"type": "Polygon", "coordinates": [[[-84.3976117854541, 33.7769416430025], [-84.3976130662713, 33.7769409382186], [-84.3976119364594, 33.7769415850141], [-84.3976117854541, 33.7769416430025]]]}, "properties": {"OBJECTID_1": 158, "OBJECTID": null, "Shape_Leng": null, "CreationDate": 1628109913579, "Creator": "wsims6_GTFacilities", "EditDate": 1628109913579, "Editor": "wsims6_GTFacilities", "Shape__Area": 0.00390625, "Shape__Length": 0.3422225077597774, "GlobalID": "e24cbe02-315f-4f6e-b485-a9e594bec373"}}, {"type": "Feature", "id": 159, "geometry": {"type": "Polygon", "coordinates": [[[-84.3975877144467, 33.7769413499265], [-84.3975861776789, 33.7769404241005], [-84.3975878949576, 33.7769414235242], [-84.3975877144467, 33.7769413499265]]]}, "properties": {"OBJECTID_1": 159, "OBJECTID": null, "Shape_Leng": null, "CreationDate": 1628109913579, "Creator": "wsims6_GTFacilities", "EditDate": 1628109913579, "Editor": "wsims6_GTFacilities", "Shape__Area": 0, "Shape__Length": 0.467028648814914, "GlobalID": "3d099f76-d96d-4b92-bd26-430cb86583eb"}}, {"type": "Feature", "id": 160, "geometry": {"type": "Polygon", "coordinates": [[[-84.3976151437015, 33.7769397486585], [-84.3976163170776, 33.7769388394007], [-84.3976153291295, 33.7769396428182], [-84.3976151437015, 33.7769397486585]]]}, "properties": {"OBJECTID_1": 160, "OBJECTID": null, "Shape_Leng": null, "CreationDate": 1628109913579, "Creator": "wsims6_GTFacilities", "EditDate": 1628109913579, "Editor": "wsims6_GTFacilities", "Shape__Area": 0, "Shape__Length": 0.35747596893939165, "GlobalID": "4e6bc68f-3d72-4a9e-9edb-25b21d263b5d"}}, {"type": "Feature", "id": 161, "geometry": {"type": "Polygon", "coordinates": [[[-84.3975843348532, 33.7769393131068], [-84.3975829766796, 33.7769381489104], [-84.397584488422, 33.7769394056896], [-84.3975843348532, 33.7769393131068]]]}, "properties": {"OBJECTID_1": 161, "OBJECTID": null, "Shape_Leng": null, "CreationDate": 1628109913579, "Creator": "wsims6_GTFacilities", "EditDate": 1628109913579, "Editor": "wsims6_GTFacilities", "Shape__Area": 0.00390625, "Shape__Length": 0.47631327086782677, "GlobalID": "7ac7649f-d899-44f6-9369-0c00dfac889d"}}, {"type": "Feature", "id": 162, "geometry": {"type": "Polygon", "coordinates": [[[-84.3976180774977, 33.7769374069878], [-84.3976190755001, 33.7769363267443], [-84.3976182757346, 33.7769372461227], [-84.3976180774977, 33.7769374069878]]]}, "properties": {"OBJECTID_1": 162, "OBJECTID": null, "Shape_Leng": null, "CreationDate": 1628109913579, "Creator": "wsims6_GTFacilities", "EditDate": 1628109913579, "Editor": "wsims6_GTFacilities", "Shape__Area": 0, "Shape__Length": 0.3651904554486126, "GlobalID": "e305f92b-03cd-4f7c-a605-882ab021b342"}}, {"type": "Feature", "id": 163, "geometry": {"type": "Polygon", "coordinates": [[[-84.3975814258715, 33.7769368191705], [-84.3975802992634, 33.7769354408492], [-84.3975815481624, 33.7769369244349], [-84.3975814258715, 33.7769368191705]]]}, "properties": {"OBJECTID_1": 163, "OBJECTID": null, "Shape_Leng": null, "CreationDate": 1628109913579, "Creator": "wsims6_GTFacilities", "EditDate": 1628109913579, "Editor": "wsims6_GTFacilities", "Shape__Area": 0, "Shape__Length": 0.4852614976469772, "GlobalID": "bcb8ad32-427d-4bac-a693-afc2151b1169"}}, {"type": "Feature", "id": 164, "geometry": {"type": "Polygon", "coordinates": [[[-84.3976204952677, 33.7769346929987], [-84.3976212844736, 33.7769334598651], [-84.3976206922483, 33.7769344663154], [-84.3976204952677, 33.7769346929987]]]}, "properties": {"OBJECTID_1": 164, "OBJECTID": null, "Shape_Leng": null, "CreationDate": 1628109913579, "Creator": "wsims6_GTFacilities", "EditDate": 1628109913579, "Editor": "wsims6_GTFacilities", "Shape__Area": 0.00390625, "Shape__Length": 0.374558479667784, "GlobalID": "e457503d-4f7b-4ab0-a566-b38a8acb279e"}}, {"type": "Feature", "id": 165, "geometry": {"type": "Polygon", "coordinates": [[[-84.3975790751641, 33.776933944594], [-84.3975782179503, 33.7769323665036], [-84.397579169409, 33.7769340598291], [-84.3975790751641, 33.776933944594]]]}, "properties": {"OBJECTID_1": 165, "OBJECTID": null, "Shape_Leng": null, "CreationDate": 1628109913579, "Creator": "wsims6_GTFacilities", "EditDate": 1628109913579, "Editor": "wsims6_GTFacilities", "Shape__Area": 0.00390625, "Shape__Length": 0.5008439579879341, "GlobalID": "0fd96fc1-1114-4bc7-a117-8795b5a4c87d"}}, {"type": "Feature", "id": 166, "geometry": {"type": "Polygon", "coordinates": [[[-84.3976223334945, 33.7769316762375], [-84.3976228751552, 33.7769303353689], [-84.3976225065423, 33.7769313828767], [-84.3976223334945, 33.7769316762375]]]}, "properties": {"OBJECTID_1": 166, "OBJECTID": null, "Shape_Leng": null, "CreationDate": 1628109913579, "Creator": "wsims6_GTFacilities", "EditDate": 1628109913579, "Editor": "wsims6_GTFacilities", "Shape__Area": 0.00390625, "Shape__Length": 0.37935079213306777, "GlobalID": "89077b71-4fd8-4615-82cc-d5d12ad1acc0"}}, {"type": "Feature", "id": 167, "geometry": {"type": "Polygon", "coordinates": [[[-84.3975773542196, 33.7769307739989], [-84.3975768259659, 33.7769290636518], [-84.3975774171552, 33.7769308901943], [-84.3975773542196, 33.7769307739989]]]}, "properties": {"OBJECTID_1": 167, "OBJECTID": null, "Shape_Leng": null, "CreationDate": 1628109913579, "Creator": "wsims6_GTFacilities", "EditDate": 1628109913579, "Editor": "wsims6_GTFacilities", "Shape__Area": 0.00390625, "Shape__Length": 0.5068693127406507, "GlobalID": "150b0e94-5cb2-45f6-98ba-ca0c83abe6f5"}}, {"type": "Feature", "id": 168, "geometry": {"type": "Polygon", "coordinates": [[[-84.3976235395046, 33.7769284433613], [-84.39762380998, 33.7769270371795], [-84.3976236648756, 33.7769280869741], [-84.3976235395046, 33.7769284433613]]]}, "properties": {"OBJECTID_1": 168, "OBJECTID": null, "Shape_Leng": null, "CreationDate": 1628109913579, "Creator": "wsims6_GTFacilities", "EditDate": 1628109913579, "Editor": "wsims6_GTFacilities", "Shape__Area": 0, "Shape__Length": 0.3819606644386873, "GlobalID": "af04176e-d242-4a73-aba6-183150c4c310"}}, {"type": "Feature", "id": 169, "geometry": {"type": "Polygon", "coordinates": [[[-84.3975763129612, 33.776927402867], [-84.3975761396073, 33.7769255701328], [-84.3975763489015, 33.7769275182112], [-84.3975763129612, 33.776927402867]]]}, "properties": {"OBJECTID_1": 169, "OBJECTID": null, "Shape_Leng": null, "CreationDate": 1628109913579, "Creator": "wsims6_GTFacilities", "EditDate": 1628109913579, "Editor": "wsims6_GTFacilities", "Shape__Area": 0.00390625, "Shape__Length": 0.5240977248294804, "GlobalID": "ca725fb7-f241-4855-9ef7-f7f699e9360a"}}, {"type": "Feature", "id": 170, "geometry": {"type": "Polygon", "coordinates": [[[-84.3976240790084, 33.7769250918127], [-84.3976240675861, 33.7769236518957], [-84.3976241361927, 33.7769246742407], [-84.3976240790084, 33.7769250918127]]]}, "properties": {"OBJECTID_1": 170, "OBJECTID": null, "Shape_Leng": null, "CreationDate": 1628109913579, "Creator": "wsims6_GTFacilities", "EditDate": 1628109913579, "Editor": "wsims6_GTFacilities", "Shape__Area": 0.00390625, "Shape__Length": 0.3862595745521219, "GlobalID": "1a90885c-4a23-4c10-8bfa-81a348085cba"}}, {"type": "Feature", "id": 171, "geometry": {"type": "Polygon", "coordinates": [[[-84.3975759840539, 33.7769239330237], [-84.3975763488004, 33.776920639508], [-84.3975759940544, 33.7769240384983], [-84.3975759840539, 33.7769239330237]]]}, "properties": {"OBJECTID_1": 171, "OBJECTID": null, "Shape_Leng": null, "CreationDate": 1628109913579, "Creator": "wsims6_GTFacilities", "EditDate": 1628109913579, "Editor": "wsims6_GTFacilities", "Shape__Area": 0.00390625, "Shape__Length": 0.9140371253128163, "GlobalID": "63833ab4-fc88-42d0-8203-e8974a8dbffc"}}, {"type": "Feature", "id": 172, "geometry": {"type": "Polygon", "coordinates": [[[-84.397623936057, 33.77692171359], [-84.3976236374497, 33.7769202814238], [-84.3976239045667, 33.7769212447899], [-84.397623936057, 33.77692171359]]]}, "properties": {"OBJECTID_1": 172, "OBJECTID": null, "Shape_Leng": null, "CreationDate": 1628109913579, "Creator": "wsims6_GTFacilities", "EditDate": 1628109913579, "Editor": "wsims6_GTFacilities", "Shape__Area": 0, "Shape__Length": 0.38994454252286703, "GlobalID": "5ac41b2f-9b59-4a4c-9b68-a5b5b692fbad"}}, {"type": "Feature", "id": 173, "geometry": {"type": "Polygon", "coordinates": [[[-84.397576376411, 33.7769204672408], [-84.3975774248301, 33.7769172517913], [-84.3975763658678, 33.776920561934], [-84.397576376411, 33.7769204672408]]]}, "properties": {"OBJECTID_1": 173, "OBJECTID": null, "Shape_Leng": null, "CreationDate": 1628109913579, "Creator": "wsims6_GTFacilities", "EditDate": 1628109913579, "Editor": "wsims6_GTFacilities", "Shape__Area": 0, "Shape__Length": 0.9176160087017681, "GlobalID": "15b0606b-03d8-4a65-bb2b-171167c14bbe"}}, {"type": "Feature", "id": 174, "geometry": {"type": "Polygon", "coordinates": [[[-84.3976231163007, 33.7769184024546], [-84.3976225349436, 33.77691702131], [-84.3976229767421, 33.7769178977907], [-84.3976231163007, 33.7769184024546]]]}, "properties": {"OBJECTID_1": 174, "OBJECTID": null, "Shape_Leng": null, "CreationDate": 1628109913579, "Creator": "wsims6_GTFacilities", "EditDate": 1628109913579, "Editor": "wsims6_GTFacilities", "Shape__Area": 0.00390625, "Shape__Length": 0.39258283366370916, "GlobalID": "bdc91339-336b-4c3f-9663-70b456606289"}}, {"type": "Feature", "id": 175, "geometry": null, "properties": {"OBJECTID_1": 175, "OBJECTID": null, "Shape_Leng": null, "CreationDate": 1628109913579, "Creator": "wsims6_GTFacilities", "EditDate": 1628109913579, "Editor": "wsims6_GTFacilities", "Shape__Area": 0, "Shape__Length": 0.9182864183098767, "GlobalID": "985ff119-0e9b-4ed6-8e0d-b9a1a411ec3a"}}, {"type": "Feature", "id": 176, "geometry": {"type": "Polygon", "coordinates": [[[-84.3976216437475, 33.7769152530349], [-84.3976207948751, 33.7769139670645], [-84.3976213810554, 33.77691473147], [-84.3976216437475, 33.7769152530349]]]}, "properties": {"OBJECTID_1": 176, "OBJECTID": null, "Shape_Leng": null, "CreationDate": 1628109913579, "Creator": "wsims6_GTFacilities", "EditDate": 1628109913579, "Editor": "wsims6_GTFacilities", "Shape__Area": 0, "Shape__Length": 0.3935701323172498, "GlobalID": "2f991afb-cf91-433e-a467-a0c4ae0d054a"}}, {"type": "Feature", "id": 177, "geometry": {"type": "Polygon", "coordinates": [[[-84.3976195553351, 33.7769123500171], [-84.3976184660541, 33.7769112015477], [-84.3976191631038, 33.7769118386128], [-84.3976195553351, 33.7769123500171]]]}, "properties": {"OBJECTID_1": 177, "OBJECTID": null, "Shape_Leng": null, "CreationDate": 1628109913579, "Creator": "wsims6_GTFacilities", "EditDate": 1628109913579, "Editor": "wsims6_GTFacilities", "Shape__Area": 0.00390625, "Shape__Length": 0.39240954561172436, "GlobalID": "a5eb46c5-83f1-4a57-95ba-69fbb351e38a"}}, {"type": "Feature", "id": 178, "geometry": {"type": "Polygon", "coordinates": [[[-84.3976169247528, 33.7769097933467], [-84.3976155983265, 33.7769087913886], [-84.3976163889751, 33.776909302949], [-84.3976169247528, 33.7769097933467]]]}, "properties": {"OBJECTID_1": 178, "OBJECTID": null, "Shape_Leng": null, "CreationDate": 1628109913579, "Creator": "wsims6_GTFacilities", "EditDate": 1628109913579, "Editor": "wsims6_GTFacilities", "Shape__Area": 0.00390625, "Shape__Length": 0.39977394307974246, "GlobalID": "60bf21c4-70ab-4ed9-b241-807f95993895"}}, {"type": "Feature", "id": 179, "geometry": {"type": "Polygon", "coordinates": [[[-84.3976138180133, 33.7769076388023], [-84.3976122901764, 33.7769068220598], [-84.3976131376869, 33.776907198266], [-84.3976138180133, 33.7769076388023]]]}, "properties": {"OBJECTID_1": 179, "OBJECTID": null, "Shape_Leng": null, "CreationDate": 1628109913579, "Creator": "wsims6_GTFacilities", "EditDate": 1628109913579, "Editor": "wsims6_GTFacilities", "Shape__Area": 0, "Shape__Length": 0.4051723653483908, "GlobalID": "8887a7b9-d195-47b2-8698-1b3924f4d367"}}, {"type": "Feature", "id": 180, "geometry": {"type": "Polygon", "coordinates": [[[-84.3976103238251, 33.7769059502355], [-84.3976086443314, 33.7769053510749], [-84.397609504421, 33.7769055865998], [-84.3976103238251, 33.7769059502355]]]}, "properties": {"OBJECTID_1": 180, "OBJECTID": null, "Shape_Leng": null, "CreationDate": 1628109913579, "Creator": "wsims6_GTFacilities", "EditDate": 1628109913579, "Editor": "wsims6_GTFacilities", "Shape__Area": 0.00390625, "Shape__Length": 0.4076614840270728, "GlobalID": "b405ee48-a988-4017-ac17-e7471fd1b245"}}, {"type": "Feature", "id": 181, "geometry": {"type": "Polygon", "coordinates": [[[-84.3976065330026, 33.776904771657], [-84.3976047483356, 33.7769044107293], [-84.3976055961951, 33.7769045146359], [-84.3976065330026, 33.776904771657]]]}, "properties": {"OBJECTID_1": 181, "OBJECTID": null, "Shape_Leng": null, "CreationDate": 1628109913579, "Creator": "wsims6_GTFacilities", "EditDate": 1628109913579, "Editor": "wsims6_GTFacilities", "Shape__Area": 0.00390625, "Shape__Length": 0.4096865415701667, "GlobalID": "c6a17a92-9398-49d1-8186-9108cea0fa67"}}, {"type": "Feature", "id": 182, "geometry": {"type": "Polygon", "coordinates": [[[-84.3975979915564, 33.7769040500892], [-84.3975995073458, 33.7769039985636], [-84.3975958327551, 33.7769042885584], [-84.3975979915564, 33.7769040500892]]]}, "properties": {"OBJECTID_1": 182, "OBJECTID": null, "Shape_Leng": null, "CreationDate": 1628109913579, "Creator": "wsims6_GTFacilities", "EditDate": 1628109913579, "Editor": "wsims6_GTFacilities", "Shape__Area": 0.00390625, "Shape__Length": 0.8222005799661276, "GlobalID": "99fd87c0-56f5-4f35-b499-7c572473d7ef"}}, {"type": "Feature", "id": 183, "geometry": {"type": "Polygon", "coordinates": [[[-84.3975999456738, 33.7769039842186], [-84.3976001659163, 33.7769039765932], [-84.3976015264663, 33.7769040146216], [-84.39760255902, 33.7769041416256], [-84.3975999456738, 33.7769039842186]]]}, "properties": {"OBJECTID_1": 183, "OBJECTID": null, "Shape_Leng": null, "CreationDate": 1628109913579, "Creator": "wsims6_GTFacilities", "EditDate": 1628109913579, "Editor": "wsims6_GTFacilities", "Shape__Area": 0.00390625, "Shape__Length": 0.5839540347202151, "GlobalID": "1710ca09-f371-4951-aeea-e3ab014b6512"}}, {"type": "Feature", "id": 184, "geometry": {"type": "Polygon", "coordinates": [[[-84.3972225043553, 33.7756665989356], [-84.3972257995455, 33.7756665729432], [-84.397224274041, 33.7756666172692], [-84.3972238443278, 33.7756666207769], [-84.3972233984094, 33.7756666207083], [-84.3972225043553, 33.7756665989356]]]}, "properties": {"OBJECTID_1": 184, "OBJECTID": null, "Shape_Leng": null, "CreationDate": 1628109913579, "Creator": "wsims6_GTFacilities", "EditDate": 1628109913579, "Editor": "wsims6_GTFacilities", "Shape__Area": 0, "Shape__Length": 0.7338030359712756, "GlobalID": "842c4362-c06b-47ec-aa13-065f53074eda"}}, {"type": "Feature", "id": 185, "geometry": {"type": "Polygon", "coordinates": [[[-84.397217297935, 33.7756661650492], [-84.3972168690841, 33.7756660874066], [-84.3972220983835, 33.7756665978907], [-84.397217297935, 33.7756661650492]]]}, "properties": {"OBJECTID_1": 185, "OBJECTID": null, "Shape_Leng": null, "CreationDate": 1628109913579, "Creator": "wsims6_GTFacilities", "EditDate": 1628109913579, "Editor": "wsims6_GTFacilities", "Shape__Area": 0, "Shape__Length": 1.1725007216972934, "GlobalID": "5f5300a3-75b3-425c-88e7-931d0351db2f"}}, {"type": "Feature", "id": 186, "geometry": {"type": "Polygon", "coordinates": [[[-84.3972141436735, 33.7756655965893], [-84.3972110622157, 33.775664798072], [-84.397215881758, 33.7756659098223], [-84.3972141436735, 33.7756655965893]]]}, "properties": {"OBJECTID_1": 186, "OBJECTID": null, "Shape_Leng": null, "CreationDate": 1628109913579, "Creator": "wsims6_GTFacilities", "EditDate": 1628109913579, "Editor": "wsims6_GTFacilities", "Shape__Area": 0, "Shape__Length": 1.1140724639205384, "GlobalID": "31748d24-2989-4fc8-b386-5b4a55bf901b"}}, {"type": "Feature", "id": 187, "geometry": {"type": "Polygon", "coordinates": [[[-84.397233651155, 33.7756653617819], [-84.3972381900768, 33.7756640936937], [-84.3972380250615, 33.7756641607243], [-84.397233651155, 33.7756653617819]]]}, "properties": {"OBJECTID_1": 187, "OBJECTID": null, "Shape_Leng": null, "CreationDate": 1628109913579, "Creator": "wsims6_GTFacilities", "EditDate": 1628109913579, "Editor": "wsims6_GTFacilities", "Shape__Area": 0.00390625, "Shape__Length": 1.0662742777150753, "GlobalID": "d6301a90-cc0e-43e6-baf8-20b083f542ae"}}, {"type": "Feature", "id": 188, "geometry": {"type": "Polygon", "coordinates": [[[-84.3972399834746, 33.7756632905776], [-84.397243714747, 33.7756616083364], [-84.3972435907966, 33.7756616888151], [-84.3972399834746, 33.7756632905776]]]}, "properties": {"OBJECTID_1": 188, "OBJECTID": null, "Shape_Leng": null, "CreationDate": 1628109913579, "Creator": "wsims6_GTFacilities", "EditDate": 1628109913579, "Editor": "wsims6_GTFacilities", "Shape__Area": 0, "Shape__Length": 0.9453059867349339, "GlobalID": "90a4d7b9-416f-4d61-abe2-a8076ed10e3e"}}, {"type": "Feature", "id": 189, "geometry": {"type": "Polygon", "coordinates": [[[-84.3972455998781, 33.7756603866822], [-84.3972487071756, 33.7756583368309], [-84.3972485714668, 33.7756584615125], [-84.3972455998781, 33.7756603866822]]]}, "properties": {"OBJECTID_1": 189, "OBJECTID": null, "Shape_Leng": null, "CreationDate": 1628109913579, "Creator": "wsims6_GTFacilities", "EditDate": 1628109913579, "Editor": "wsims6_GTFacilities", "Shape__Area": 0.00390625, "Shape__Length": 0.8835214296117121, "GlobalID": "d6db9467-6009-474e-9472-15d5bf77266a"}}, {"type": "Feature", "id": 190, "geometry": {"type": "Polygon", "coordinates": [[[-84.3972504487933, 33.7756567448657], [-84.397252957135, 33.7756543967849], [-84.3972528226436, 33.7756545728584], [-84.3972504487933, 33.7756567448657]]]}, "properties": {"OBJECTID_1": 190, "OBJECTID": null, "Shape_Leng": null, "CreationDate": 1628109913579, "Creator": "wsims6_GTFacilities", "EditDate": 1628109913579, "Editor": "wsims6_GTFacilities", "Shape__Area": 0.00390625, "Shape__Length": 0.8414644770116175, "GlobalID": "55a3de15-2431-4a07-9bd0-5028b43b5db7"}}, {"type": "Feature", "id": 191, "geometry": {"type": "Polygon", "coordinates": [[[-84.3974967129337, 33.7756521837824], [-84.397492809027, 33.7756518953424], [-84.397493311109, 33.7756519025181], [-84.3974967129337, 33.7756521837824]]]}, "properties": {"OBJECTID_1": 191, "OBJECTID": null, "Shape_Leng": null, "CreationDate": 1628109913579, "Creator": "wsims6_GTFacilities", "EditDate": 1628109913579, "Editor": "wsims6_GTFacilities", "Shape__Area": 0.00390625, "Shape__Length": 0.8727522605939215, "GlobalID": "eea70335-98b8-41b6-a832-5174a97322ac"}}, {"type": "Feature", "id": 192, "geometry": {"type": "Polygon", "coordinates": [[[-84.3974905061902, 33.7756519600602], [-84.3974924170865, 33.7756518924688], [-84.397488393835, 33.7756521939324], [-84.3974905061902, 33.7756519600602]]]}, "properties": {"OBJECTID_1": 192, "OBJECTID": null, "Shape_Leng": null, "CreationDate": 1628109913579, "Creator": "wsims6_GTFacilities", "EditDate": 1628109913579, "Editor": "wsims6_GTFacilities", "Shape__Area": 0, "Shape__Length": 0.8998178991462593, "GlobalID": "b4fb96ea-9036-4619-bb1b-2c340bfa282e"}}, {"type": "Feature", "id": 193, "geometry": {"type": "Polygon", "coordinates": [[[-84.3972544064244, 33.7756525033123], [-84.3972563299963, 33.775649912878], [-84.3972562172293, 33.7756501376], [-84.3972544064244, 33.7756525033123]]]}, "properties": {"OBJECTID_1": 193, "OBJECTID": null, "Shape_Leng": null, "CreationDate": 1628109913579, "Creator": "wsims6_GTFacilities", "EditDate": 1628109913579, "Editor": "wsims6_GTFacilities", "Shape__Area": 0, "Shape__Length": 0.8158040141624845, "GlobalID": "90e69c5a-4f87-4aeb-81f6-9d640d87806c"}}, {"type": "Feature", "id": 194, "geometry": {"type": "Polygon", "coordinates": [[[-84.3972574136514, 33.7756477604126], [-84.3972587364633, 33.7756450042951], [-84.3972586594714, 33.7756452830494], [-84.3972574136514, 33.7756477604126]]]}, "properties": {"OBJECTID_1": 194, "OBJECTID": null, "Shape_Leng": null, "CreationDate": 1628109913579, "Creator": "wsims6_GTFacilities", "EditDate": 1628109913579, "Editor": "wsims6_GTFacilities", "Shape__Area": 0, "Shape__Length": 0.7952940983443613, "GlobalID": "1b97128c-6e16-4326-ba8e-3b44748738fc"}}, {"type": "Feature", "id": 195, "geometry": {"type": "Polygon", "coordinates": [[[-84.3972593716396, 33.7756427020918], [-84.3972600959984, 33.7756398352875], [-84.3972600752572, 33.7756401536095], [-84.3972593716396, 33.7756427020918]]]}, "properties": {"OBJECTID_1": 195, "OBJECTID": null, "Shape_Leng": null, "CreationDate": 1628109913579, "Creator": "wsims6_GTFacilities", "EditDate": 1628109913579, "Editor": "wsims6_GTFacilities", "Shape__Area": 0.00390625, "Shape__Length": 0.7851725527675026, "GlobalID": "8b7fd61b-4c3b-45cb-8310-4456a417e424"}}, {"type": "Feature", "id": 196, "geometry": {"type": "Polygon", "coordinates": [[[-84.3972602589861, 33.7756373996203], [-84.3972603754959, 33.7756345420667], [-84.3972604250317, 33.7756348963235], [-84.3972602589861, 33.7756373996203]]]}, "properties": {"OBJECTID_1": 196, "OBJECTID": null, "Shape_Leng": null, "CreationDate": 1628109913579, "Creator": "wsims6_GTFacilities", "EditDate": 1628109913579, "Editor": "wsims6_GTFacilities", "Shape__Area": 0, "Shape__Length": 0.7664318177504507, "GlobalID": "d9a0e4b8-5fbb-48b0-bf05-aa2c63d03dd9"}}, {"type": "Feature", "id": 197, "geometry": {"type": "Polygon", "coordinates": [[[-84.3972600309041, 33.7756320622653], [-84.3972595667798, 33.7756292968635], [-84.3972596973366, 33.7756296671986], [-84.3972600309041, 33.7756320622653]]]}, "properties": {"OBJECTID_1": 197, "OBJECTID": null, "Shape_Leng": null, "CreationDate": 1628109913579, "Creator": "wsims6_GTFacilities", "EditDate": 1628109913579, "Editor": "wsims6_GTFacilities", "Shape__Area": 0, "Shape__Length": 0.7485152949959415, "GlobalID": "9c21f85b-dae4-4819-a200-ff2f88692e87"}}, {"type": "Feature", "id": 198, "geometry": {"type": "Polygon", "coordinates": [[[-84.3972586996813, 33.7756268432846], [-84.3972576918235, 33.7756242411961], [-84.3972579141716, 33.7756246176713], [-84.3972586996813, 33.7756268432846]]]}, "properties": {"OBJECTID_1": 198, "OBJECTID": null, "Shape_Leng": null, "CreationDate": 1628109913579, "Creator": "wsims6_GTFacilities", "EditDate": 1628109913579, "Editor": "wsims6_GTFacilities", "Shape__Area": 0, "Shape__Length": 0.732883484021641, "GlobalID": "c453cff3-3093-42f0-8739-68b8d61ce817"}}, {"type": "Feature", "id": 199, "geometry": {"type": "Polygon", "coordinates": [[[-84.3972563186845, 33.7756219147941], [-84.3972548071799, 33.7756195273382], [-84.3972551277589, 33.775619895515], [-84.3972563186845, 33.7756219147941]]]}, "properties": {"OBJECTID_1": 199, "OBJECTID": null, "Shape_Leng": null, "CreationDate": 1628109913579, "Creator": "wsims6_GTFacilities", "EditDate": 1628109913579, "Editor": "wsims6_GTFacilities", "Shape__Area": 0.00390625, "Shape__Length": 0.7233479207025884, "GlobalID": "573ee3e1-1a62-4dd9-9aa8-c2bfb0efb403"}}, {"type": "Feature", "id": 200, "geometry": {"type": "Polygon", "coordinates": [[[-84.3972529606016, 33.7756174064958], [-84.3972510017709, 33.7756152993879], [-84.397251419443, 33.7756156376287], [-84.3972529606016, 33.7756174064958]]]}, "properties": {"OBJECTID_1": 200, "OBJECTID": null, "Shape_Leng": null, "CreationDate": 1628109913579, "Creator": "wsims6_GTFacilities", "EditDate": 1628109913579, "Editor": "wsims6_GTFacilities", "Shape__Area": 0.00390625, "Shape__Length": 0.7140263176411739, "GlobalID": "a1cf2bbc-2df3-401e-9fb9-ed039dac5a66"}}, {"type": "Feature", "id": 201, "geometry": {"type": "Polygon", "coordinates": [[[-84.397248703485, 33.7756134354586], [-84.3972463882138, 33.7756116797592], [-84.3972468964526, 33.7756119700433], [-84.397248703485, 33.7756134354586]]]}, "properties": {"OBJECTID_1": 201, "OBJECTID": null, "Shape_Leng": null, "CreationDate": 1628109913579, "Creator": "wsims6_GTFacilities", "EditDate": 1628109913579, "Editor": "wsims6_GTFacilities", "Shape__Area": 0, "Shape__Length": 0.6985521586106553, "GlobalID": "eabba586-53a8-43eb-9a05-645c668675a2"}}, {"type": "Feature", "id": 202, "geometry": {"type": "Polygon", "coordinates": [[[-84.3972437042824, 33.7756101474568], [-84.39724109743, 33.7756087718977], [-84.3972416918755, 33.7756089989051], [-84.3972437042824, 33.7756101474568]]]}, "properties": {"OBJECTID_1": 202, "OBJECTID": null, "Shape_Leng": null, "CreationDate": 1628109913579, "Creator": "wsims6_GTFacilities", "EditDate": 1628109913579, "Editor": "wsims6_GTFacilities", "Shape__Area": 0.00390625, "Shape__Length": 0.6882945768675258, "GlobalID": "c58f185f-6c6b-4433-85b0-1c4e5fa76416"}}, {"type": "Feature", "id": 203, "geometry": {"type": "Polygon", "coordinates": [[[-84.3972381068329, 33.7756076314851], [-84.397235292693, 33.7756066647617], [-84.3972359581837, 33.7756068113893], [-84.3972381068329, 33.7756076314851]]]}, "properties": {"OBJECTID_1": 203, "OBJECTID": null, "Shape_Leng": null, "CreationDate": 1628109913579, "Creator": "wsims6_GTFacilities", "EditDate": 1628109913579, "Editor": "wsims6_GTFacilities", "Shape__Area": 0, "Shape__Length": 0.6788047772865073, "GlobalID": "68b07dd4-5ad2-48b2-8de6-652a38f618ee"}}, {"type": "Feature", "id": 204, "geometry": {"type": "Polygon", "coordinates": [[[-84.3972320970451, 33.7756059620334], [-84.3972290864291, 33.7756054095352], [-84.3972298618196, 33.7756054703006], [-84.3972320970451, 33.7756059620334]]]}, "properties": {"OBJECTID_1": 204, "OBJECTID": null, "Shape_Leng": null, "CreationDate": 1628109913579, "Creator": "wsims6_GTFacilities", "EditDate": 1628109913579, "Editor": "wsims6_GTFacilities", "Shape__Area": 0.00390625, "Shape__Length": 0.6873011038901149, "GlobalID": "995da755-e9a9-4f48-90c3-8a868d235055"}}, {"type": "Feature", "id": 205, "geometry": {"type": "Polygon", "coordinates": [[[-84.3972219269942, 33.775605037905], [-84.3972222465633, 33.7756050291931], [-84.3972242364508, 33.7756050263773], [-84.3972264373529, 33.7756051998911], [-84.3972219269942, 33.775605037905]]]}, "properties": {"OBJECTID_1": 205, "OBJECTID": null, "Shape_Leng": null, "CreationDate": 1628109913579, "Creator": "wsims6_GTFacilities", "EditDate": 1628109913579, "Editor": "wsims6_GTFacilities", "Shape__Area": 0.0078125, "Shape__Length": 1.0057690676382314, "GlobalID": "47a43227-4471-4260-9a42-76c82a69a174"}}, {"type": "Feature", "id": 206, "geometry": {"type": "Polygon", "coordinates": [[[-84.3949214229635, 33.7814214838548], [-84.3948671148968, 33.7814212326521], [-84.394860934528, 33.7814213369511], [-84.3948631995028, 33.7814028651379], [-84.3948649725603, 33.7813727602256], [-84.3948649289463, 33.781311935801], [-84.3948647426583, 33.7812653072403], [-84.3948606263119, 33.7810323217983], [-84.3948580390723, 33.7809142048254], [-84.3948583734101, 33.7808094160706], [-84.394859515991, 33.7807113593531], [-84.3948606288519, 33.7806521773959], [-84.3948610319165, 33.7806465945258], [-84.3948637012985, 33.7806340467148], [-84.3948666980992, 33.780619964589], [-84.3948700503151, 33.7806059476264], [-84.3948750217622, 33.7805877016283], [-84.3948806014165, 33.780569569015], [-84.3948870898267, 33.7805516907898], [-84.3948949310647, 33.7805337685863], [-84.3949037242764, 33.7805161115103], [-84.3949129617182, 33.7804986240242], [-84.3949277893674, 33.7804726885417], [-84.3949436211211, 33.7804471344018], [-84.3949594561095, 33.7804215820572], [-84.3949974777115, 33.7803694377265], [-84.3950113433921, 33.7803667512965], [-84.3950261721424, 33.7803640351315], [-84.3950312023673, 33.7803606311047], [-84.3950360330154, 33.7803577017157], [-84.3950458189416, 33.7803544565945], [-84.3950537604282, 33.7803621194604], [-84.3950666603993, 33.7803666056465], [-84.3950552001618, 33.7803801732706], [-84.3950445672909, 33.7803942496971], [-84.3950344955343, 33.7804085973832], [-84.3950254454332, 33.7804226140749], [-84.3950169131968, 33.7804368795652], [-84.3950084036541, 33.7804511531277], [-84.3949980618997, 33.7804679258514], [-84.394987755807, 33.7804847111313], [-84.3949778182985, 33.7805016426975], [-84.3949689681053, 33.7805173514151], [-84.3949604302875, 33.7805331830804], [-84.3949526035402, 33.7805492361376], [-84.3949447106078, 33.7805676119711], [-84.3949377232704, 33.7805862719525], [-84.3949319318458, 33.780605163249], [-84.394929378419, 33.7806166441932], [-84.3949241359523, 33.780640178881], [-84.3949238541014, 33.7806417951619], [-84.3949215591993, 33.780656299767], [-84.3949214661834, 33.7806574621679], [-84.3949214707538, 33.7806628486258], [-84.3949206762021, 33.780673491387], [-84.39491698773, 33.7808139331414], [-84.3949146704712, 33.7808745581643], [-84.394911774597, 33.7810520662426], [-84.3949120375344, 33.7812244633226], [-84.3949147465121, 33.7813835565147], [-84.3949185693164, 33.7814101634895], [-84.3949214229635, 33.7814214838548]]]}, "properties": {"OBJECTID_1": 206, "OBJECTID": null, "Shape_Leng": null, "CreationDate": 1628109913579, "Creator": "wsims6_GTFacilities", "EditDate": 1628109913579, "Editor": "wsims6_GTFacilities", "Shape__Area": 892.4609375, "Shape__Length": 304.65316357569736, "GlobalID": "cfc5f7e5-87b6-4831-89ac-910c46137f35"}}, {"type": "Feature", "id": 207, "geometry": {"type": "Polygon", "coordinates": [[[-84.3953315358471, 33.7801713601423], [-84.3951382794834, 33.7801618574133], [-84.3952192958439, 33.780163743474], [-84.3952602293764, 33.7801640563241], [-84.3952885101382, 33.7801618820531], [-84.3953234186702, 33.7801577642284], [-84.3953653421462, 33.7801505925678], [-84.3954199776818, 33.7801334037262], [-84.3954639142823, 33.7801160625627], [-84.3954988308991, 33.7800991499782], [-84.395540691493, 33.7800750306305], [-84.3955703978811, 33.780053324481], [-84.3956065335118, 33.7800206028479], [-84.3956309164835, 33.7799959533492], [-84.3956547963987, 33.7799670053175], [-84.3956681058379, 33.7799459972687], [-84.3956836637604, 33.7799155043782], [-84.3956984688946, 33.779881740353], [-84.3957109500871, 33.7798411473457], [-84.3957174682628, 33.7798060893258], [-84.3957215385294, 33.7797712478236], [-84.3957202332773, 33.7797385111495], [-84.3957171044451, 33.7796991172152], [-84.3957061018795, 33.7796562019981], [-84.395686620116, 33.7796092622415], [-84.3956680797868, 33.7795752009232], [-84.3956428775515, 33.7795381200805], [-84.3956173959402, 33.7795093757336], [-84.3955876796706, 33.7794808912165], [-84.3955555478312, 33.7794539269003], [-84.3955240385243, 33.7794327693924], [-84.3954907155188, 33.7794126265979], [-84.3954580096559, 33.7793970287529], [-84.3954047269832, 33.7793779327756], [-84.3953434016937, 33.7793594281534], [-84.3953012365709, 33.7793533107184], [-84.3952500433794, 33.7793500604809], [-84.3951840163078, 33.7793488897085], [-84.3938454923984, 33.7793219350573], [-84.3938482053106, 33.7793096680749], [-84.394142226598, 33.7793172922858], [-84.3945164342027, 33.779326400122], [-84.3948373285918, 33.7793276149481], [-84.3951500375321, 33.7793374127028], [-84.3952935272291, 33.779342382513], [-84.3953097525998, 33.7793451130711], [-84.3953764534079, 33.7793435361122], [-84.3953761623538, 33.7793256758557], [-84.3953990119013, 33.7793308076932], [-84.3954326636902, 33.7793400835278], [-84.3954606902287, 33.7793495340813], [-84.3954943141698, 33.779365156575], [-84.3955430864015, 33.7793901310549], [-84.3955753440051, 33.7794099162019], [-84.3956071434678, 33.7794325185129], [-84.3956393759185, 33.7794608902997], [-84.3956646221713, 33.7794849568071], [-84.3956828139541, 33.7795074978718], [-84.3956939566569, 33.7795213022083], [-84.3957123829, 33.7795510918813], [-84.3957217352604, 33.7795685279855], [-84.3957469761233, 33.779599708677], [-84.3957595920631, 33.779630425679], [-84.39577061529, 33.7796636686322], [-84.3957740567358, 33.7796818252435], [-84.3957776796414, 33.7797088141279], [-84.3957770894482, 33.779776272115], [-84.3957698409422, 33.7798255898985], [-84.3957552253525, 33.7798800558847], [-84.3957417964373, 33.7799180863325], [-84.395707920968, 33.779903618278], [-84.395697566986, 33.7799275666887], [-84.3956813847345, 33.7799580192552], [-84.3956689655257, 33.7799773420881], [-84.3956539295244, 33.7799970240603], [-84.395634459439, 33.780019037848], [-84.3956134343698, 33.7800395284435], [-84.3955845131092, 33.7800635007093], [-84.3955762027945, 33.7800693545226], [-84.3955183746464, 33.7801052845332], [-84.3955082668028, 33.78011082848], [-84.3954697147041, 33.780129137315], [-84.3954200055295, 33.780149650284], [-84.3953982285704, 33.7801574215119], [-84.3953907438075, 33.7801594561578], [-84.3953571665788, 33.7801670974663], [-84.3953315358471, 33.7801713601423]]]}, "properties": {"OBJECTID_1": 207, "OBJECTID": null, "Shape_Leng": null, "CreationDate": 1628109913579, "Creator": "wsims6_GTFacilities", "EditDate": 1628109913579, "Editor": "wsims6_GTFacilities", "Shape__Area": 963.69921875, "Shape__Length": 694.5968407910016, "GlobalID": "c32b945c-f392-4572-ae16-345f88f66c92"}}, {"type": "Feature", "id": 213, "geometry": {"type": "Polygon", "coordinates": [[[-84.4024905615875, 33.7752616702936], [-84.4024909433715, 33.7752594891777], [-84.4024984910165, 33.7751782337999], [-84.4024979295695, 33.7751005856679], [-84.4025088845244, 33.7749342133243], [-84.402511125821, 33.7748787891574], [-84.4025028810833, 33.7747733401474], [-84.4024704411218, 33.7746524371598], [-84.4024378035309, 33.7745601239569], [-84.4024385670989, 33.7745585282422], [-84.4024390441043, 33.7745568586034], [-84.402439225564, 33.7745551486422], [-84.4024391069863, 33.7745534349476], [-84.4023909258461, 33.7744510418164], [-84.4022371890667, 33.7742422819396], [-84.402182390936, 33.7741842863986], [-84.4021227984967, 33.7741296532609], [-84.402058711786, 33.7740786580696], [-84.4019904506042, 33.7740315532199], [-84.4019187327052, 33.7739879616284], [-84.4018439802971, 33.7739480460839], [-84.4017664664679, 33.7739119529473], [-84.4015139410584, 33.7738306649293], [-84.4014627981726, 33.7738187787316], [-84.4014108045823, 33.7738097950111], [-84.4011095033478, 33.7737610128921], [-84.3998500428616, 33.7735628756176], [-84.3987359217035, 33.773381744392], [-84.3983368783762, 33.7733195838186], [-84.3982388838568, 33.7733042753377], [-84.3981417481268, 33.7732855640558], [-84.3980456418661, 33.7732634828264], [-84.3979507348564, 33.7732380704761], [-84.3979510771145, 33.7732366651502], [-84.3979511283185, 33.773235231449], [-84.3979508866717, 33.7732338119353], [-84.3979503593606, 33.7732324469322], [-84.3979495625549, 33.773231175269], [-84.3979485178143, 33.7732300350284], [-84.3979472556813, 33.7732290575726], [-84.3979458129869, 33.773228271277], [-84.3979442310537, 33.7732277000366], [-84.3979425556957, 33.7732273595326], [-84.3979408345236, 33.7732272594721], [-84.3979391187414, 33.773227403589], [-84.3979374559598, 33.7732277866561], [-84.3978188001889, 33.7731888041572], [-84.3976447857386, 33.7731197945244], [-84.3974914109803, 33.7730479084667], [-84.3973880651967, 33.7729926578123], [-84.3972871017453, 33.7729344433827], [-84.3972669785846, 33.7729241027754], [-84.3972453408644, 33.7729161501845], [-84.397222597318, 33.7729107357017], [-84.3971991755436, 33.7729079608818], [-84.397071329109, 33.7728259520703], [-84.3969210283855, 33.7727178123275], [-84.3969128474282, 33.7727108073101], [-84.396906239421, 33.772702736717], [-84.3969014010949, 33.7726938409929], [-84.3968750948301, 33.772647765115], [-84.3968470000196, 33.7726094215486], [-84.3968225317079, 33.7725799050031], [-84.3967925576218, 33.7725541362621], [-84.396751571987, 33.7725209316198], [-84.3967081168834, 33.7724899738629], [-84.3966662158653, 33.7724651952536], [-84.3966209093339, 33.7724449783883], [-84.39657291145, 33.7724296406288], [-84.3965229785949, 33.7724194254106], [-84.3964950652441, 33.7724173039606], [-84.3964931518326, 33.7724186249198], [-84.3964414654661, 33.7724171837376], [-84.3962942540489, 33.7724175279785], [-84.396172641024, 33.7724105177095], [-84.3961675341016, 33.7724105542991], [-84.3961624954512, 33.7724112495016], [-84.3961576481419, 33.7724125853954], [-84.3961531080565, 33.7724145298715], [-84.3961391374572, 33.7724219836957], [-84.3961372554867, 33.772423186672], [-84.3961356196545, 33.7724246173999], [-84.3961342712833, 33.7724262422767], [-84.3961332427123, 33.7724280209792], [-84.3961325590944, 33.7724299109438], [-84.3961322365992, 33.7724318666203], [-84.3961322824132, 33.7724338402181], [-84.3961479472352, 33.772433922358], [-84.3961479373537, 33.7724352955878], [-84.396072023424, 33.7724347474907], [-84.3960604459366, 33.7724347616785], [-84.3960604594113, 33.7724333884487], [-84.3960761251316, 33.7724334997109], [-84.3960582729119, 33.7724129266495], [-84.3960550704179, 33.7724097657558], [-84.3960513316297, 33.7724070424439], [-84.3960471418872, 33.7724048179453], [-84.3960425973102, 33.7724031445308], [-84.3960378003066, 33.7724020587902], [-84.3956627078614, 33.7723992951548], [-84.3956558204781, 33.7723996558238], [-84.3956490615539, 33.7724008139969], [-84.3956425640395, 33.7724027480189], [-84.3956164024035, 33.7724123031328], [-84.3956022719041, 33.772411420502], [-84.395588156676, 33.7724124614388], [-84.3955839777133, 33.7724127220464], [-84.39557991104, 33.7724135665942], [-84.3955760752337, 33.7724149689466], [-84.3955725789906, 33.7724168895273], [-84.395569522922, 33.7724192738251], [-84.3955669950628, 33.7724220523945], [-84.3955650681766, 33.7724251460823], [-84.3955637979587, 33.7724284660281], [-84.3955632194437, 33.7724319166509], [-84.3955515790742, 33.7731102148477], [-84.3955288948167, 33.7731974616262], [-84.395526223227, 33.773693749541], [-84.3955364721061, 33.7737329670254], [-84.3955442748727, 33.7737703012774], [-84.3955472572794, 33.7738089221019], [-84.3955453986651, 33.7738797964706], [-84.3955410382427, 33.7738924196663], [-84.3955344437102, 33.7739043543903], [-84.3955257650862, 33.773915328839], [-84.3955152000002, 33.7739250943573], [-84.3955029883022, 33.7739334276784], [-84.3954880978281, 33.7739440198062], [-84.395471310112, 33.7739524270501], [-84.3954530850916, 33.7739584201696], [-84.3954339213316, 33.7739618348886], [-84.3954143434483, 33.7739625778681], [-84.3953763752545, 33.7739617758983], [-84.3952886556653, 33.7739582775475], [-84.3943894178114, 33.7739532125923], [-84.3943844456363, 33.7739557081076], [-84.3918755831001, 33.7739397381525], [-84.3918606719647, 33.7739311815647], [-84.3918005863503, 33.7739310852387], [-84.3917772508142, 33.7739445477325], [-84.3913299032774, 33.7739424203465], [-84.3911304494365, 33.77394151533], [-84.3911081397764, 33.7739195865991], [-84.3909106218051, 33.7739186561942], [-84.3908923159362, 33.7739254176842], [-84.3907944992832, 33.773913129021], [-84.3907683529186, 33.7739092804596], [-84.3907430419871, 33.7739026078272], [-84.3907190066634, 33.7738932261171], [-84.3906949174407, 33.7738784852412], [-84.3906738806934, 33.7738608082835], [-84.3906564102577, 33.7738406253497], [-84.3906429310369, 33.7738184285225], [-84.3906324081717, 33.7737865393346], [-84.3906567426344, 33.7737856611982], [-84.390656844144, 33.7737119148849], [-84.3906312709045, 33.7737120896162], [-84.3906371009707, 33.7724012478451], [-84.3907176079865, 33.772411387646], [-84.390711640478, 33.7737774943802], [-84.3907153406387, 33.7737915154406], [-84.3907219109167, 33.7738047897843], [-84.3907311527843, 33.7738169156793], [-84.3907427850689, 33.7738275242493], [-84.3907564556309, 33.7738362936609], [-84.3907717494486, 33.7738429588313], [-84.3907882029914, 33.7738473174014], [-84.3908053158976, 33.7738492364566], [-84.3908303708091, 33.7738472606512], [-84.3910628772626, 33.7738503341263], [-84.3910909990225, 33.7738727482389], [-84.3913289339952, 33.7738766057626], [-84.3913507118526, 33.7738754968925], [-84.3918673590237, 33.7738749473111], [-84.3918759612908, 33.7738745343784], [-84.3918843506573, 33.773872902062], [-84.3918922800863, 33.7738700988981], [-84.391899513321, 33.773866207772], [-84.3919058383589, 33.7738613436775], [-84.3919110665538, 33.7738556507301], [-84.3919150442939, 33.7738492976872], [-84.3919176538998, 33.773842471227], [-84.3919188172181, 33.7738353752025], [-84.3919171715045, 33.7738353662419], [-84.3919180886844, 33.7737100981266], [-84.3919221122385, 33.7731604609085], [-84.3919228677217, 33.7730572066366], [-84.3919219801862, 33.7730501501232], [-84.3919198565689, 33.7730432780494], [-84.3919165408872, 33.7730367397594], [-84.3919121050063, 33.7730306771302], [-84.3919066468426, 33.773025221585], [-84.3919070861188, 33.7729652717962], [-84.3919135845316, 33.7729583295236], [-84.3919185971309, 33.7729505837779], [-84.3919219846778, 33.7729422503611], [-84.3919236510526, 33.7729335644909], [-84.3919271356176, 33.7724915920179], [-84.3919303515863, 33.7720056475663], [-84.3919304099768, 33.7719935027467], [-84.3919286456856, 33.7719848294746], [-84.3919252895797, 33.7719764870032], [-84.3919204234058, 33.7719686762031], [-84.3919141630466, 33.7719615845038], [-84.3918975972145, 33.7719048187784], [-84.391904838534, 33.7719024210251], [-84.3919115157115, 33.7718990771635], [-84.3919174508805, 33.7718948768013], [-84.391922486836, 33.7718899297076], [-84.3919264879323, 33.7718843695474], [-84.3919293499648, 33.7718783419331], [-84.3919309965767, 33.7718720081586], [-84.3919313837506, 33.7718655362382], [-84.3919346284654, 33.771475003815], [-84.3919362732807, 33.771475015016], [-84.3919385747645, 33.7714182698769], [-84.3919377025003, 33.7714104045142], [-84.3919352150653, 33.7714027803463], [-84.3919311870196, 33.7713956266211], [-84.3919257387374, 33.7713891546648], [-84.3919190328138, 33.771383557882], [-84.3919112686748, 33.7713790035418], [-84.3919026780857, 33.7713756275502], [-84.3918935161681, 33.7713735299698], [-84.3918840578065, 33.7713727735266], [-84.3922192785278, 33.7713640845103], [-84.3922037978605, 33.7713676203038], [-84.392189157118, 33.7713730946229], [-84.3921757048466, 33.771380378282], [-84.3921637626432, 33.7713892965445], [-84.3921536143755, 33.7713996365903], [-84.3921455016902, 33.771411152743], [-84.3921396195217, 33.7714235694568], [-84.392120393778, 33.7714591551152], [-84.3921042708152, 33.771495789921], [-84.3920913350752, 33.7715332879359], [-84.3920760502406, 33.7715903152642], [-84.3920593460679, 33.7717205709192], [-84.3920408120269, 33.771881487165], [-84.3920393100438, 33.7720180007219], [-84.3920330856172, 33.772883487803], [-84.392058460329, 33.7729395994982], [-84.392057081415, 33.7732187692713], [-84.3920333398404, 33.773259609594], [-84.3920315512947, 33.7735203515928], [-84.3920289039595, 33.773820390141], [-84.3920297582574, 33.7738273442911], [-84.3920319735029, 33.7738340878672], [-84.3920354886106, 33.7738404379244], [-84.3920402083591, 33.7738462227186], [-84.3920460060859, 33.7738512861867], [-84.3920527245859, 33.7738554901866], [-84.3920601815011, 33.7738587219647], [-84.3920681747105, 33.773860893409], [-84.3920764877201, 33.7738619455289], [-84.3921497192804, 33.7738595829259], [-84.393769713216, 33.7738762563005], [-84.3937731681366, 33.7738806006814], [-84.3937774746601, 33.7738843835333], [-84.3937825025307, 33.7738874913559], [-84.3937880999332, 33.7738898300633], [-84.393794099781, 33.7738913309578], [-84.3941598192045, 33.7738885651302], [-84.3941693081089, 33.773884606054], [-84.3941779597834, 33.7738794910647], [-84.394349205626, 33.7738929475929], [-84.3949761389645, 33.7738940071796], [-84.3949775232683, 33.7738949988153], [-84.3949829868219, 33.7738943148257], [-84.3953678295812, 33.773897182206], [-84.3954100845355, 33.7738870224197], [-84.3954416684026, 33.7738539228339], [-84.3954433787949, 33.7738386719455], [-84.3954510027967, 33.7731810591789], [-84.3954711403304, 33.7731095532533], [-84.3954705025266, 33.7730874174678], [-84.395450160177, 33.7730867349652], [-84.3954565301307, 33.7726604982607], [-84.3954564133497, 33.7724179103025], [-84.3954564160446, 33.7723075597313], [-84.3954593193996, 33.7720666165658], [-84.3954497424604, 33.7720584563045], [-84.395450872541, 33.7719646909026], [-84.3954606507029, 33.7719561064886], [-84.39546361155, 33.7718877850958], [-84.3954667502637, 33.7715308647832], [-84.3954859266, 33.7715027285783], [-84.3954893644526, 33.7714588623952], [-84.3954885083581, 33.7714553139108], [-84.3954342114874, 33.7713886730204], [-84.3956134451495, 33.7713906570966], [-84.3956057933, 33.7713927740917], [-84.395598624744, 33.7713958461613], [-84.3955921110599, 33.7713997993786], [-84.3955864085544, 33.7714045404016], [-84.3955816528733, 33.7714099549795], [-84.3955779581025, 33.7714159131804], [-84.3955754113787, 33.7714222746179], [-84.3955699577066, 33.7714417808328], [-84.3955596881663, 33.7722333207985], [-84.395563533854, 33.7722480619574], [-84.395569804993, 33.7722622161857], [-84.3955783803107, 33.7722755094346], [-84.3955890936188, 33.7722876833366], [-84.3955983902837, 33.7722944113526], [-84.3956086238914, 33.7723001230719], [-84.3956196336435, 33.7723047303808], [-84.3956571005774, 33.7723112985958], [-84.396003986821, 33.7723147223411], [-84.3960398808048, 33.7723160619702], [-84.3961943802539, 33.7723248158552], [-84.3962996789749, 33.7723220163744], [-84.3963169329165, 33.7723393807708], [-84.3964159173794, 33.7723395599853], [-84.3964726352098, 33.7723416829308], [-84.3965288230342, 33.7723484490257], [-84.3965792230132, 33.7723574821833], [-84.3966282315018, 33.7723707918454], [-84.3966753247823, 33.7723882361317], [-84.3967303097625, 33.7724158874203], [-84.3967821874702, 33.7724474171963], [-84.3969211272002, 33.7725435297747], [-84.3971698985501, 33.7727173508521], [-84.3972048205568, 33.7727207850353], [-84.3973269878422, 33.7728022010493], [-84.3974149212304, 33.7728596464445], [-84.3975066284411, 33.772912858633], [-84.397601814827, 33.7729616666234], [-84.3977001749607, 33.7730059143585], [-84.3977802462936, 33.773039340589], [-84.3978617944567, 33.7730702033139], [-84.397944699076, 33.7730984569859], [-84.3981043207188, 33.7731411544592], [-84.3981887021684, 33.7731601024829], [-84.3982738903051, 33.7731763682845], [-84.3983597611614, 33.7731899294639], [-84.3988348316062, 33.7732665884313], [-84.4013809903963, 33.7736704236417], [-84.4014847305403, 33.77368868233], [-84.4015868186824, 33.7737125242045], [-84.4016541761591, 33.773729506001], [-84.4017201852645, 33.773749817396], [-84.4017846088434, 33.7737733859559], [-84.4018706081588, 33.773810691815], [-84.4019549285229, 33.7738505559003], [-84.4020163005248, 33.7738836166583], [-84.4020755183667, 33.7739192894072], [-84.40213242125, 33.7739574763243], [-84.402257712876, 33.7740541472428], [-84.4022799228231, 33.774062917378], [-84.4023034110728, 33.7740689642531], [-84.4023276970265, 33.7740721631679], [-84.4023529064483, 33.7740742308137], [-84.4023782308545, 33.7740736752599], [-84.402403274088, 33.7740705047203], [-84.4024285966975, 33.7740640135515], [-84.4024530173985, 33.7740554622031], [-84.4024950890965, 33.7740293339905], [-84.4025184237344, 33.7740053951315], [-84.4025297389137, 33.7739881632409], [-84.4025384238258, 33.7739699076033], [-84.4025443464185, 33.7739509037552], [-84.402545666942, 33.773921223395], [-84.4025411457212, 33.7738917625583], [-84.402538432809, 33.7738817984103], [-84.402534318525, 33.7738721717758], [-84.4025288612596, 33.7738630185568], [-84.4025170017013, 33.7738468357709], [-84.4025028550322, 33.7738319769062], [-84.4024866332548, 33.7738186629908], [-84.4025906851141, 33.7738705618607], [-84.4025902126003, 33.7738719268536], [-84.4025900176659, 33.7738733381428], [-84.4025901048025, 33.7738747568991], [-84.4025904731117, 33.7738761442934], [-84.4025911118139, 33.7738774622433], [-84.402592003841, 33.7738786741598], [-84.4025931240401, 33.7738797471875], [-84.4025944418686, 33.7738806522047], [-84.4025959213939, 33.7738813630761], [-84.4025975212934, 33.773881861881], [-84.4025991993464, 33.7738821344315], [-84.4026009079421, 33.7738821725139], [-84.4026026003681, 33.7738819753814], [-84.4026042308103, 33.7738815497546], [-84.402605754353, 33.7738809053406], [-84.4026071287754, 33.7738800608073], [-84.4026083163482, 33.7738790393028], [-84.4026092856304, 33.7738778692023], [-84.4026958975968, 33.7739067087781], [-84.4026037717712, 33.7740405145158], [-84.4025929416821, 33.7740540904927], [-84.4025811099715, 33.7740669944265], [-84.4025682901141, 33.7740792151168], [-84.4025545360088, 33.7740907070145], [-84.4025399078427, 33.7741014111297], [-84.4025244640063, 33.7741112931138], [-84.4024787523348, 33.7741405866116], [-84.4024086576915, 33.7741861748311], [-84.4024054129767, 33.7741883231189], [-84.4024028554731, 33.7741914697594], [-84.4024015394412, 33.7741951077357], [-84.4024015825603, 33.7741989092415], [-84.4024029866271, 33.7742025255629], [-84.4024056222841, 33.7742056259068], [-84.4024092442914, 33.7742079310035], [-84.4024135301536, 33.7742092272937], [-84.4024180783238, 33.7742093953036], [-84.4024223192703, 33.7742084581814], [-84.4024565989816, 33.7741926308952], [-84.4024900630225, 33.7741754595258], [-84.4025225452049, 33.7741570277043], [-84.4025539422224, 33.7741373996468], [-84.4025757793686, 33.774122394477], [-84.402596346297, 33.7741061826183], [-84.4026155405997, 33.774088836501], [-84.4026332769367, 33.7740704427432], [-84.4026494708663, 33.7740510827356], [-84.4026639957262, 33.7740309177677], [-84.4027362166817, 33.7739215818174], [-84.4028434458823, 33.7739705594838], [-84.402827099239, 33.7739768251523], [-84.4028120821024, 33.7739850755832], [-84.4027987403238, 33.7739951203642], [-84.4027848532679, 33.7740095513343], [-84.4027739908394, 33.7740256758459], [-84.4027308249934, 33.7740907898995], [-84.4027102014711, 33.774117121199], [-84.4026866566275, 33.7741417014519], [-84.40266040516, 33.7741643081398], [-84.4026137260028, 33.77419815357], [-84.4025635973151, 33.7742283983476], [-84.4025203425358, 33.7742502986245], [-84.4025093273938, 33.7742585632166], [-84.4025000567801, 33.7742681950346], [-84.4024927750364, 33.7742789424368], [-84.4024876699106, 33.7742905239129], [-84.4024848761501, 33.7743026385385], [-84.4024844674166, 33.7743149682149], [-84.4024925747121, 33.7743395782794], [-84.4024960484973, 33.7743446835341], [-84.4025241522909, 33.7743920069974], [-84.4025582298812, 33.7744569617236], [-84.4025880243043, 33.7745233545605], [-84.4026012996075, 33.7745402144829], [-84.4026277918236, 33.7746114235182], [-84.4026408335649, 33.7746554292149], [-84.4026564525727, 33.7747101613293], [-84.4026680300601, 33.7747655833651], [-84.4026755211112, 33.7748214892303], [-84.402678899675, 33.7748776705932], [-84.4026776294572, 33.7749390101545], [-84.4026566564903, 33.7751956155382], [-84.402634072844, 33.7755081927734], [-84.4026179022706, 33.7757046783333], [-84.4025819202519, 33.7762001072134], [-84.4025138558011, 33.7770549685173], [-84.4025071103517, 33.7771078898792], [-84.4023512032425, 33.7771015475311], [-84.402413044165, 33.7763108052097], [-84.4024190871319, 33.7762311905675], [-84.4024134969159, 33.7761907108211], [-84.4024228636494, 33.776034180542], [-84.4024295102842, 33.7760186194165], [-84.4024328753732, 33.7760023459409], [-84.4024366824334, 33.7759779984442], [-84.4024616915309, 33.775651880803], [-84.4024751680568, 33.7754993891847], [-84.4024912757482, 33.7752642023591], [-84.4024910107452, 33.7752629180321], [-84.4024905615875, 33.7752616702936]]]}, "properties": {"OBJECTID_1": 213, "OBJECTID": null, "Shape_Leng": null, "CreationDate": 1628109913579, "Creator": "wsims6_GTFacilities", "EditDate": 1628109913579, "Editor": "wsims6_GTFacilities", "Shape__Area": 36624.421875, "Shape__Length": 5537.456250154942, "GlobalID": "b22074df-173a-425b-8ec5-fe3a4fb47bff"}}, {"type": "Feature", "id": 216, "geometry": {"type": "Polygon", "coordinates": [[[-84.3949775236282, 33.7738949988007], [-84.3949761390028, 33.7738940068394], [-84.3947100035402, 33.7738935575613], [-84.3947629282822, 33.7738934696747], [-84.3948028038281, 33.773893325641], [-84.3948135735618, 33.7738932867976], [-84.3948322918362, 33.7738846630511], [-84.3948545584206, 33.7738684814011], [-84.3948668156132, 33.77384510233], [-84.3948734152322, 33.773826597233], [-84.3948742286633, 33.7738243163512], [-84.3948812721793, 33.773793245003], [-84.3948894417442, 33.7737397582925], [-84.3948882818546, 33.7735995678889], [-84.3948889894422, 33.7735903525927], [-84.3948999372734, 33.7734034188622], [-84.3949025457123, 33.7732523376333], [-84.3949038302533, 33.7731492222618], [-84.3949038441299, 33.7731438691244], [-84.3948879079327, 33.7731433801444], [-84.3948876226319, 33.7731200693443], [-84.3948538874863, 33.7731197836848], [-84.3948362678447, 33.7731187973935], [-84.3948362601224, 33.7731146624287], [-84.3948353022016, 33.7731104949578], [-84.394829652243, 33.7731076327378], [-84.3946847677318, 33.773105613914], [-84.3946493720564, 33.7731049210146], [-84.3946312207333, 33.7731045659313], [-84.3945584998095, 33.7731022892151], [-84.3943430839677, 33.7730955421038], [-84.3943111440856, 33.7730980219594], [-84.3943051963092, 33.7730984837564], [-84.3943011466772, 33.773099383862], [-84.394287065219, 33.7731025124205], [-84.3942754261487, 33.7731073378917], [-84.3942726730007, 33.7731122443531], [-84.3942674259697, 33.7731221117982], [-84.3942682270163, 33.773189863207], [-84.3942698700856, 33.773329019443], [-84.3942700521261, 33.7733513151737], [-84.3942702682051, 33.7733701512003], [-84.3942676030008, 33.7734605810539], [-84.3942662886889, 33.7735029142647], [-84.3942654824075, 33.7735238277806], [-84.3942636574812, 33.7736478507561], [-84.3942623679437, 33.7737354856505], [-84.394262219668, 33.7737455573833], [-84.3942632634706, 33.7738063006937], [-84.3942645527206, 33.773850847166], [-84.394268458445, 33.7738612486403], [-84.3942734098097, 33.7738710251441], [-84.394278205895, 33.7738763838365], [-84.394281696914, 33.7738806196733], [-84.3942881134427, 33.7738851007737], [-84.3942966981233, 33.7738888213884], [-84.3941809385575, 33.7738797252821], [-84.3941857047565, 33.7738762307068], [-84.3941913817641, 33.773870526305], [-84.3941963263589, 33.7738642669336], [-84.3942000520565, 33.7738559901075], [-84.3942041475303, 33.7738405606914], [-84.3942055301055, 33.7738224024663], [-84.3942022695043, 33.7737309322177], [-84.3942057538115, 33.7735847886468], [-84.3942061591163, 33.7735677962563], [-84.3942177089323, 33.7732898684915], [-84.3942178181147, 33.7732895112357], [-84.3942179231008, 33.7732847079385], [-84.3942194036057, 33.7732251853141], [-84.3942209270446, 33.7731639341418], [-84.3942224319251, 33.77310342326], [-84.3942226612303, 33.7730941872089], [-84.3942258780878, 33.7730804959933], [-84.3942286351131, 33.7730713382334], [-84.394236387254, 33.7730603472197], [-84.3942439253403, 33.7730496595554], [-84.3942464460957, 33.7730458787857], [-84.3942506603405, 33.7730419028411], [-84.3942526850506, 33.7730399839972], [-84.3942597913345, 33.7730366726471], [-84.3942657055475, 33.7730345437583], [-84.3942762675586, 33.7730319347334], [-84.394295715287, 33.7730317816506], [-84.3944630959371, 33.7730338847409], [-84.3944630219673, 33.7730377556723], [-84.394462517368, 33.7730641245345], [-84.3945326197397, 33.7730650599746], [-84.3946988962598, 33.7730672783917], [-84.394793332076, 33.7730685383987], [-84.3948370272465, 33.7730619251498], [-84.3948834344676, 33.7730630187056], [-84.3949615270926, 33.7730882251409], [-84.3949758544094, 33.773107785238], [-84.3949735358045, 33.7732508574568], [-84.3949570114392, 33.7734857577104], [-84.3949549420563, 33.7735852183272], [-84.3949548625401, 33.7735890252515], [-84.3949540937297, 33.7736101632134], [-84.3949551062176, 33.7738323276304], [-84.3949540745209, 33.7738434992106], [-84.3949562003662, 33.7738593562481], [-84.3949606727395, 33.7738741341752], [-84.3949648119147, 33.7738809303885], [-84.3949729838262, 33.7738881789843], [-84.3949794352965, 33.7738911659458], [-84.3949879597262, 33.7738933267649], [-84.3950101600849, 33.7738945173489], [-84.3949829871695, 33.7738943151588], [-84.3949775236282, 33.7738949988007]]]}, "properties": {"OBJECTID_1": 216, "OBJECTID": null, "Shape_Leng": null, "CreationDate": 1628109913579, "Creator": "wsims6_GTFacilities", "EditDate": 1628109913579, "Editor": "wsims6_GTFacilities", "Shape__Area": 2012.11328125, "Shape__Length": 652.4883880868566, "GlobalID": "b313b2ed-f269-49e4-aa16-e617025a0186"}}, {"type": "Feature", "id": 217, "geometry": {"type": "Polygon", "coordinates": [[[-84.3950103501297, 33.7738945251121], [-84.3950271377493, 33.7738943858519], [-84.3950439561334, 33.7738944476011], [-84.3950439516035, 33.7738947749093], [-84.3950103501297, 33.7738945251121]]]}, "properties": {"OBJECTID_1": 217, "OBJECTID": null, "Shape_Leng": null, "CreationDate": 1628109913579, "Creator": "wsims6_GTFacilities", "EditDate": 1628109913579, "Editor": "wsims6_GTFacilities", "Shape__Area": 0.10546875, "Shape__Length": 7.525599152514777, "GlobalID": "92fbfad2-8fc0-41d9-80ca-30900133cbe9"}}, {"type": "Feature", "id": 218, "geometry": {"type": "Polygon", "coordinates": [[[-84.3942799264002, 33.7736471490214], [-84.3942851200534, 33.7735325745619], [-84.394689241875, 33.7735453488472], [-84.3946840498388, 33.7736599233193], [-84.3942799264002, 33.7736471490214]]]}, "properties": {"OBJECTID_1": 218, "OBJECTID": null, "Shape_Leng": null, "CreationDate": 1628109913579, "Creator": "wsims6_GTFacilities", "EditDate": 1628109913579, "Editor": "wsims6_GTFacilities", "Shape__Area": 691.25390625, "Shape__Length": 120.74780306337613, "GlobalID": "de2dfca8-8825-4439-ad56-43c1f92ceae3"}}, {"type": "Feature", "id": 220, "geometry": {"type": "Polygon", "coordinates": [[[-84.3935120593245, 33.7782340270586], [-84.3935658594269, 33.7759774630634], [-84.3935963922651, 33.775784453258], [-84.3943311180478, 33.775793492027], [-84.3943385794545, 33.7758133384872], [-84.3943400185556, 33.7758161199333], [-84.3943452719034, 33.7758216887986], [-84.394346886176, 33.7758225766212], [-84.3943486513655, 33.7758232359546], [-84.3943505225562, 33.7758236481312], [-84.3943524485442, 33.7758238041909], [-84.3943543799221, 33.7758236981599], [-84.3943562654858, 33.7758233337718], [-84.3943990980569, 33.7758161348672], [-84.3944571525804, 33.7757998046041], [-84.3945540044428, 33.7757659538332], [-84.3948305130738, 33.7756391391415], [-84.3950749877817, 33.7754927532645], [-84.3951153032734, 33.7754695712215], [-84.3951687305749, 33.7754408217758], [-84.3952475793006, 33.7754016461417], [-84.3953523596937, 33.7753532838284], [-84.3953541123068, 33.7753551423671], [-84.395356207178, 33.7753567373202], [-84.3953585886119, 33.7753580253793], [-84.3953611919296, 33.7753589714494], [-84.3953639461642, 33.7753595501426], [-84.395366777654, 33.7753597457782], [-84.3953696091438, 33.7753595523826], [-84.3954835712173, 33.7753138542759], [-84.3955994790418, 33.7752716723628], [-84.3957341347063, 33.7752306985929], [-84.3958136113544, 33.7752106167866], [-84.3958941525061, 33.7751937189143], [-84.3959755749052, 33.7751800445533], [-84.39598794291, 33.7751750782351], [-84.3959990972909, 33.7751684169019], [-84.3960087065695, 33.7751602599227], [-84.3960164832849, 33.775150849229], [-84.3960221965701, 33.7751404670738], [-84.3960256739486, 33.7751294218453], [-84.3960268130124, 33.7751180443325], [-84.3960260215966, 33.7748211509727], [-84.3961482966798, 33.7748209232275], [-84.3961532688549, 33.7752306216826], [-84.3960742566358, 33.7752328953902], [-84.3959958040671, 33.7752410232411], [-84.395783704642, 33.7752843588231], [-84.3957633721738, 33.7752923388221], [-84.3956876343139, 33.7753187474093], [-84.3956150971514, 33.7753449887272], [-84.3954156549886, 33.7754225022315], [-84.395329367314, 33.7754597931853], [-84.3952451978668, 33.7755002919447], [-84.3951633200219, 33.775543914128], [-84.3950838999677, 33.7755905723668], [-84.39495280253, 33.7756704146006], [-84.3948177668782, 33.7757455861671], [-84.3947456348558, 33.7757830554409], [-84.3946710531277, 33.7758170503176], [-84.3945942624423, 33.7758474587969], [-84.3945155143278, 33.7758741838122], [-84.3943733208998, 33.7759174025893], [-84.3942340676577, 33.7759500473868], [-84.3941119219319, 33.7759702133965], [-84.3940213034793, 33.7759821411107], [-84.3939299295436, 33.7759890159355], [-84.3938382070615, 33.7759908072578], [-84.3937408602274, 33.7759895162215], [-84.3937288937695, 33.775990230809], [-84.3937242530727, 33.7759914292551], [-84.3937213290565, 33.7759926583157], [-84.3937186610601, 33.7759942390698], [-84.3937163083724, 33.7759961349293], [-84.3937143248922, 33.7759983025858], [-84.3937127555354, 33.7760006935042], [-84.3937116362346, 33.7760032531757], [-84.3937109921425, 33.776005923358], [-84.3937064538537, 33.776835455212], [-84.3937074303224, 33.7768411516948], [-84.3937095189055, 33.7768466376112], [-84.3937126639073, 33.7768517643704], [-84.3937167790896, 33.7768563908484], [-84.393721752163, 33.7768603938418], [-84.3937274492785, 33.7768636620943], [-84.3937337150276, 33.7768661089901], [-84.3937403787304, 33.7768676665808], [-84.3937472607238, 33.7768682930518], [-84.3942339221307, 33.7768805745709], [-84.3950361967311, 33.7769026533747], [-84.3950914494093, 33.7769033522742], [-84.3951461828613, 33.7769096744764], [-84.3951995715352, 33.776921525151], [-84.3952637786201, 33.7769439436869], [-84.3953181266948, 33.7769696872136], [-84.3953923670632, 33.7770177320193], [-84.395442561328, 33.7770616901853], [-84.3954510557973, 33.7770688367173], [-84.3954608195861, 33.7770747564436], [-84.3954915985627, 33.7770889905166], [-84.3954979685164, 33.7770924387116], [-84.39550376265, 33.7770965283096], [-84.395508888437, 33.777101193602], [-84.3955173918895, 33.7771102830067], [-84.3955474010099, 33.7771552364567], [-84.3955954833355, 33.7772307636355], [-84.3955979411261, 33.7772472242955], [-84.3956001213372, 33.7772781825734], [-84.3956756732459, 33.7773929859341], [-84.395746274539, 33.777501219831], [-84.3957509197274, 33.7775066646376], [-84.3957565647406, 33.7775114120428], [-84.3957630604584, 33.7775153373506], [-84.3957702353026, 33.7775183360259], [-84.3957778997286, 33.777520329667], [-84.3957858507172, 33.7775212652596], [-84.3957938798592, 33.7775211174166], [-84.3958017733556, 33.7775198921113], [-84.3958093245939, 33.7775176192111], [-84.3959090187258, 33.7774764956856], [-84.3959761686916, 33.7775655143731], [-84.3958933125814, 33.7776044702401], [-84.3958702546246, 33.7776153105588], [-84.3958640948768, 33.7776188386276], [-84.3958587094766, 33.7776231544448], [-84.3958542412564, 33.7776281415281], [-84.3958508105903, 33.7776336669682], [-84.3958485091066, 33.7776395829222], [-84.3958473969923, 33.7776457318401], [-84.3958475047901, 33.7776519487056], [-84.3958488298051, 33.7776580685021], [-84.3958513361048, 33.7776639269599], [-84.395854958112, 33.7776693672761], [-84.3958595970121, 33.7776742453414], [-84.3958609381968, 33.7776734434063], [-84.395881151189, 33.7776996929631], [-84.3959290466651, 33.7777563697273], [-84.3959808345412, 33.777810630199], [-84.3960363387476, 33.7778622899532], [-84.3960996187712, 33.7779147307021], [-84.3961676032719, 33.7779629317802], [-84.3962398835163, 33.7780066019903], [-84.3963160220248, 33.7780454785088], [-84.3963600565418, 33.7780630717217], [-84.3963673814046, 33.7780523434613], [-84.3963927498282, 33.778064494142], [-84.3964494452007, 33.7780864165852], [-84.3965074997243, 33.7781057249068], [-84.3965667391257, 33.7781223616143], [-84.3965732195721, 33.7781313060554], [-84.3965813816648, 33.7781392417353], [-84.3965910044181, 33.7781459521182], [-84.3966018246257, 33.778151255762], [-84.3966120609284, 33.7781561502267], [-84.3966230392395, 33.7781597693677], [-84.3967138032192, 33.7781790933529], [-84.3968060790635, 33.778192592513], [-84.3968993268849, 33.7782001884496], [-84.3969389955895, 33.7782015847339], [-84.397297432371, 33.7782088006117], [-84.3973076165714, 33.7782078060391], [-84.3973174665985, 33.778205436836], [-84.3973267156527, 33.7782017572162], [-84.3973479500294, 33.7781897155696], [-84.3973567005185, 33.778186681824], [-84.3973658830974, 33.7781847217988], [-84.397375310018, 33.7781838743212], [-84.397540827304, 33.7781866422501], [-84.3975493657908, 33.7781874665807], [-84.3975576024436, 33.7781895087402], [-84.3975652884292, 33.7781927075011], [-84.3975903235779, 33.7782066554113], [-84.3975976771868, 33.7782101155082], [-84.3976055796663, 33.7782126019394], [-84.3976138459636, 33.7782140549709], [-84.3976222829407, 33.7782144417491], [-84.3977003303692, 33.778216244225], [-84.3976991670509, 33.7783043317864], [-84.3972419829618, 33.7782991386601], [-84.3968779146418, 33.7782905869878], [-84.396798353552, 33.7782864601131], [-84.3967133675363, 33.7782784102055], [-84.3966294397359, 33.7782646907896], [-84.3965471163266, 33.7782453899706], [-84.3964579010425, 33.7782209579903], [-84.3963709989202, 33.7781913209234], [-84.396286849236, 33.7781566280997], [-84.3962029995891, 33.7781153794392], [-84.3961224368777, 33.778069829898], [-84.3960454791057, 33.778020160165], [-84.3959391724749, 33.777936828653], [-84.3958371957239, 33.7778304903788], [-84.3957731593189, 33.7777534233279], [-84.3957671504879, 33.7777474215137], [-84.3957600996113, 33.7777422619542], [-84.3957521746738, 33.7777380685985], [-84.3957435679151, 33.7777349407552], [-84.3957344823543, 33.777732954586], [-84.3957251380787, 33.7777321563848], [-84.3956634579547, 33.7776396456434], [-84.3956669209601, 33.7776302262618], [-84.3956684813337, 33.7776204619125], [-84.3956680986514, 33.7776106176672], [-84.3956657818963, 33.7776009578511], [-84.3956615948488, 33.7775917438026], [-84.3956198752904, 33.7775284782079], [-84.3955827991236, 33.7775110155545], [-84.395579361271, 33.7775081781624], [-84.3955763986272, 33.7775049913228], [-84.3955739623962, 33.7775015102903], [-84.3955116112306, 33.7774117075192], [-84.3954806516927, 33.7773629909193], [-84.3954770377703, 33.777348140878], [-84.3954759526054, 33.7773330168011], [-84.3954774195543, 33.7773179143755], [-84.3954791200651, 33.7773178979485], [-84.3953718899663, 33.7771631923876], [-84.3953476327587, 33.7771333996441], [-84.3953191004686, 33.7771063494667], [-84.3952867377622, 33.7770824629889], [-84.3952510494926, 33.7770621113163], [-84.3952140326146, 33.7770428863884], [-84.3951745112337, 33.777027487477], [-84.3951330539834, 33.7770161363504], [-84.3950790769129, 33.7770071036839], [-84.3950241539164, 33.7770038817314], [-84.3949412816365, 33.777001014455], [-84.3941223594572, 33.7769872298728], [-84.3941182020541, 33.7769876241234], [-84.3941141578387, 33.7769885149207], [-84.3941103112526, 33.776989884344], [-84.3941067449409, 33.7769917025261], [-84.3941035325655, 33.7769939313858], [-84.3940985999163, 33.7769965918302], [-84.3940942592568, 33.7769998877049], [-84.3940906273681, 33.7770037316474], [-84.3940878030649, 33.7770080183748], [-84.3938039399267, 33.7770020194951], [-84.3938032365458, 33.776997805196], [-84.3938017615121, 33.7769937312738], [-84.3937995489615, 33.7769898947977], [-84.3937918845355, 33.7769851809645], [-84.3937833774898, 33.7769816028416], [-84.3937742676745, 33.7769792619786], [-84.3937648156011, 33.776978224084], [-84.3937552871709, 33.7769785190253], [-84.3937456509428, 33.776979883222], [-84.3937364297364, 33.776982581748], [-84.393728020607, 33.7769873403825], [-84.3937206355571, 33.776993156325], [-84.3937144659277, 33.7769998802381], [-84.3937096707207, 33.7770073381434], [-84.3937063730053, 33.7770153381425], [-84.393702938746, 33.7770298328189], [-84.3936733132062, 33.7790099608601], [-84.3936424542796, 33.7812746790178], [-84.3936389813927, 33.7814077168921], [-84.3936398383855, 33.78141344443], [-84.3936417679667, 33.7814189882921], [-84.393644723424, 33.7814242110953], [-84.3936486301972, 33.7814289829227], [-84.3936533912682, 33.7814331843108], [-84.3936588880594, 33.781436710729], [-84.3936649831286, 33.7814394748195], [-84.3936715264571, 33.7814414078909], [-84.3936783536533, 33.7814424621577], [-84.3934680095363, 33.7814407702536], [-84.3934751655158, 33.7814401781618], [-84.3934820969165, 33.7814385833219], [-84.3934886007192, 33.7814360312793], [-84.3934944873793, 33.7814325974455], [-84.3934995853185, 33.7814283811244], [-84.3935037454166, 33.7814235055129], [-84.3935068481976, 33.781418112474], [-84.393508801135, 33.7814123595503], [-84.3935095485333, 33.7814064139911], [-84.3935216892644, 33.7806069046127], [-84.3935054549106, 33.7806067149624], [-84.3935078489208, 33.7804398396129], [-84.3935243545658, 33.7804400389702], [-84.393524078783, 33.7804640036573], [-84.393549097762, 33.7804642821602], [-84.3935525571742, 33.7802459744852], [-84.3935524906988, 33.7802451143348], [-84.3935522634251, 33.7802442735976], [-84.3935518807428, 33.7802434724332], [-84.3935513525334, 33.7802427302548], [-84.3935506922716, 33.7802420664755], [-84.3935275399918, 33.7802216065415], [-84.393534583682, 33.7797577317391], [-84.3935565241345, 33.779739348905], [-84.3935584447325, 33.7797354587922], [-84.3935594930665, 33.779671118839], [-84.3935592927422, 33.7796667717652], [-84.3935582471032, 33.7796625083173], [-84.3935563813023, 33.7796584434818], [-84.3935537465436, 33.7796546840313], [-84.3935504119973, 33.7796513307657], [-84.3935464656982, 33.7796484717912], [-84.393542014546, 33.7796461832675], [-84.3935371744233, 33.7796445264212], [-84.3935320755857, 33.7796435445586], [-84.3935268518823, 33.7796432638131], [-84.3934048247341, 33.7796425290961], [-84.393329146163, 33.7796429778409], [-84.3933274923646, 33.7797076381337], [-84.3930764635483, 33.7797037823659], [-84.3930770303853, 33.7796661766745], [-84.3930765929057, 33.779640549691], [-84.3930627238161, 33.7796413971542], [-84.3920123111779, 33.7796352670461], [-84.3918757016777, 33.7796330054019], [-84.3917831904748, 33.7796323558046], [-84.3914249558142, 33.7796402905988], [-84.3914262790327, 33.7795688288912], [-84.3917829892522, 33.7795652210097], [-84.3917888732173, 33.7795642593062], [-84.3917944751114, 33.7795624777653], [-84.3917996296445, 33.7795599294001], [-84.3918041858996, 33.7795566881305], [-84.3918080118244, 33.7795528495292], [-84.3918109942312, 33.7795485248492], [-84.3918130477799, 33.7795438410234], [-84.3918141104869, 33.7795389346914], [-84.3918141518094, 33.7795339499593], [-84.3918247654045, 33.7792996493038], [-84.3918734756524, 33.7792950423711], [-84.3918682744069, 33.7793763849372], [-84.3919479199384, 33.7794854600593], [-84.3920896067165, 33.7795578596467], [-84.3921263648796, 33.7795579574597], [-84.3921459966619, 33.7795454806985], [-84.3935125174653, 33.7795560407725], [-84.3935175264714, 33.7795546168836], [-84.3935221815412, 33.7795525195035], [-84.393526352419, 33.7795498091119], [-84.393529922324, 33.7795465588819], [-84.3935327933396, 33.779542860653], [-84.3935348837193, 33.7795388174651], [-84.3935361359708, 33.7795345420642], [-84.3935543636862, 33.7782526984324], [-84.3935434877831, 33.7782346445594], [-84.3935120593245, 33.7782340270586]]]}, "properties": {"OBJECTID_1": 220, "OBJECTID": null, "Shape_Leng": null, "CreationDate": 1628109913579, "Creator": "wsims6_GTFacilities", "EditDate": 1628109913579, "Editor": "wsims6_GTFacilities", "Shape__Area": 27953.33984375, "Shape__Length": 3861.2163146423272, "GlobalID": "ce9e2c8b-6325-473a-9324-dcefee1c8066"}}, {"type": "Feature", "id": 221, "geometry": {"type": "Polygon", "coordinates": [[[-84.3935194298439, 33.7782343635356], [-84.3935176066476, 33.7782341360642], [-84.3935434882138, 33.7782346448044], [-84.3935543634188, 33.7782526984235], [-84.3935543361711, 33.7782546496484], [-84.3935499744151, 33.7782457854125], [-84.3935455898732, 33.7782430217953], [-84.3935390455075, 33.7782388970476], [-84.3935284702159, 33.7782354902115], [-84.3935194298439, 33.7782343635356]]]}, "properties": {"OBJECTID_1": 221, "OBJECTID": null, "Shape_Leng": null, "CreationDate": 1628109913579, "Creator": "wsims6_GTFacilities", "EditDate": 1628109913579, "Editor": "wsims6_GTFacilities", "Shape__Area": 1.3359375, "Shape__Length": 11.142133541088572, "GlobalID": "4376b952-b539-4a74-a479-94183b4b6abb"}}, {"type": "Feature", "id": 222, "geometry": {"type": "Polygon", "coordinates": [[[-84.3921426707602, 33.7773256897557], [-84.3921444623144, 33.7772582149535], [-84.3921468537609, 33.7771065067125], [-84.3921213227469, 33.7771065533575], [-84.3921206830299, 33.7773252051654], [-84.3921426707602, 33.7773256897557], [-84.3921421144938, 33.7773466280356], [-84.3921424511437, 33.7773856923993], [-84.3921525744866, 33.7773819167185], [-84.392153945086, 33.7774286450388], [-84.3921420038693, 33.7774222678319], [-84.392141501872, 33.777478343394], [-84.392145830056, 33.7774757008587], [-84.3921527529245, 33.7774726839049], [-84.3921477008028, 33.7776308997131], [-84.3921382177251, 33.7776309720402], [-84.3921395575219, 33.7775686870744], [-84.3921149517393, 33.7775683371043], [-84.3921136071161, 33.7777903515424], [-84.3921116130256, 33.7780096856459], [-84.3921359328858, 33.7780117150147], [-84.3921360158456, 33.7778299048488], [-84.392138844515, 33.777646840873], [-84.3921476052893, 33.777646781587], [-84.3921469862784, 33.7777785276069], [-84.3921418818527, 33.7780684433027], [-84.3921343281402, 33.7780701359797], [-84.3921350129632, 33.7780764210463], [-84.3921367681564, 33.7780811920868], [-84.3921406671719, 33.7780869961101], [-84.3921471211398, 33.7780925015266], [-84.392153438354, 33.7780956764222], [-84.3921607263103, 33.7780976377235], [-84.3921708772776, 33.7780981917239], [-84.3922283630957, 33.7780992786496], [-84.3922675216558, 33.7781000203602], [-84.3922675743429, 33.7781201180866], [-84.3923995858612, 33.7781216727763], [-84.3927284376543, 33.7781290116608], [-84.3927291761265, 33.77810843461], [-84.3927880279703, 33.77810957738], [-84.3928469179078, 33.7781112457152], [-84.3928713593756, 33.778111461494], [-84.3928708995611, 33.7781324690244], [-84.3933289621021, 33.7781405215432], [-84.3934599221403, 33.7781437667255], [-84.3934602539352, 33.7781234014047], [-84.3934861086528, 33.7781239778302], [-84.3935133761791, 33.778124749115], [-84.3935146643906, 33.7781247819115], [-84.3935120733355, 33.7782334465537], [-84.3935112773067, 33.7782333470319], [-84.3934999816039, 33.7782331306605], [-84.3934865835462, 33.7782328739713], [-84.3934251887371, 33.7782316965346], [-84.3934262025746, 33.7782111947132], [-84.3928461826936, 33.7781987821405], [-84.3928461101655, 33.7782200738828], [-84.3927674357621, 33.778218265975], [-84.392612607172, 33.7782155109807], [-84.392587923228, 33.778215071985], [-84.3925735620543, 33.7782148169597], [-84.3925195532403, 33.7782138563745], [-84.3925145570626, 33.778213767238], [-84.3924656167694, 33.7782128956332], [-84.3924624022418, 33.7782128383992], [-84.392452115108, 33.7782126561526], [-84.3924512696558, 33.7781924841383], [-84.3921886771221, 33.778188163901], [-84.3921888545317, 33.7782076554892], [-84.3921774714167, 33.7782074544845], [-84.3921774078685, 33.7782075141096], [-84.3918556574223, 33.7782035428959], [-84.3918358138614, 33.7782030714741], [-84.3918488040644, 33.7782034408917], [-84.3916585308336, 33.7782006222384], [-84.3916363492753, 33.7782000098811], [-84.3915398800216, 33.7781991253629], [-84.3915045489363, 33.7781995648257], [-84.3914948617173, 33.7780880472206], [-84.3914406781178, 33.7780924765571], [-84.3914301814254, 33.7780343769899], [-84.3914892914237, 33.7780384755246], [-84.3914900839725, 33.7780566694183], [-84.3915591906343, 33.7780592899325], [-84.3915576070787, 33.7780796944983], [-84.3915520905432, 33.7780895469845], [-84.3916136355036, 33.7780916240267], [-84.3916097849952, 33.7780771009233], [-84.391610187607, 33.7780584630424], [-84.391669241404, 33.7780584013709], [-84.3916691830472, 33.7780509484218], [-84.3917565937411, 33.7780570095164], [-84.3917570790365, 33.7780708210383], [-84.3916701346255, 33.7780692457143], [-84.3916700062215, 33.7780891003256], [-84.3917024900208, 33.7780894955275], [-84.391764563834, 33.7780902497082], [-84.3917647252601, 33.7781119233246], [-84.3919664180518, 33.7781157452436], [-84.3919660174541, 33.778093880914], [-84.3919907307096, 33.7780943948179], [-84.3919959309985, 33.7780945025375], [-84.392006323669, 33.7780933474796], [-84.3920137470912, 33.7780913773395], [-84.3920238984695, 33.7780838426312], [-84.3920273897298, 33.7780790764348], [-84.3920293003746, 33.7780735304908], [-84.3920294691273, 33.7780687027378], [-84.3920185610698, 33.7780684846212], [-84.3920215561505, 33.7778276488001], [-84.3920318327951, 33.7778275542948], [-84.3920315135653, 33.7778478988525], [-84.3920294883657, 33.7779861663799], [-84.3920312047605, 33.7780124076305], [-84.3920557533393, 33.7780135421586], [-84.3920615308899, 33.7777673878173], [-84.3920603758059, 33.7775716547906], [-84.3920621503442, 33.7775137348302], [-84.3920367595733, 33.7775137812018], [-84.3920368718589, 33.777489865577], [-84.3920360386438, 33.7775596721008], [-84.3920323196261, 33.77779658256], [-84.3920272983033, 33.7777967774701], [-84.3920272481197, 33.7776737110738], [-84.392028203338, 33.7774195949221], [-84.3920344990434, 33.7774211739393], [-84.3920371786953, 33.7774247963921], [-84.3920391961022, 33.7773585988209], [-84.3920264216639, 33.7773704815794], [-84.3920284580798, 33.7772051626508], [-84.3920378874074, 33.7772117951156], [-84.3920400107748, 33.7771662704286], [-84.3920292774414, 33.7771717080573], [-84.3920372597817, 33.776973367878], [-84.392043235015, 33.7769733885237], [-84.3920398242276, 33.7769618644248], [-84.3920377656719, 33.7769587466644], [-84.3920284115908, 33.7769507390423], [-84.3920203090927, 33.7769473374782], [-84.3920117888247, 33.7769456164545], [-84.3919971677612, 33.7769454033121], [-84.3919459133907, 33.7769445772006], [-84.3918190762982, 33.7769424833111], [-84.3917901320191, 33.7769419969267], [-84.391764762857, 33.7769415716384], [-84.3916955381763, 33.7769616081678], [-84.39158095514, 33.7769600489095], [-84.3914499179378, 33.776953416165], [-84.3913844785853, 33.7769572907231], [-84.3913795887857, 33.7769573897922], [-84.3913740045096, 33.7769574062719], [-84.3912247956969, 33.7769549422529], [-84.3912219477472, 33.7768197654272], [-84.3913329129087, 33.7768215002146], [-84.3916341670523, 33.7768266363327], [-84.3916993632915, 33.7768099360832], [-84.391865026232, 33.7768134244376], [-84.391907639173, 33.7768384549782], [-84.3920023773415, 33.7768373343939], [-84.3920095832498, 33.7768356306385], [-84.3920165388197, 33.7768339868488], [-84.3920333773098, 33.7768213041166], [-84.3920370667312, 33.7768085299842], [-84.3920368628627, 33.7768061319617], [-84.3920367871164, 33.7768052439726], [-84.3921759124166, 33.7768077948639], [-84.3921772975535, 33.7768184534682], [-84.3921842110965, 33.7768287918016], [-84.3921928075629, 33.7768323998323], [-84.3921961799988, 33.7768338155747], [-84.3922023682904, 33.7768347987879], [-84.3922258490226, 33.7768385310913], [-84.3922543658475, 33.7768382499473], [-84.3922643475997, 33.7768381514536], [-84.3922639832139, 33.7768293033053], [-84.392581422036, 33.7768330541436], [-84.3928605210897, 33.7768400834232], [-84.3929244287056, 33.7768413439966], [-84.3929792672871, 33.7768424264115], [-84.393051113947, 33.7768432233374], [-84.393339812787, 33.7768494053042], [-84.3935199794905, 33.7768511597716], [-84.3935198520721, 33.7768626245128], [-84.3935352577181, 33.776861061581], [-84.3935427343433, 33.7768600767569], [-84.3935448336715, 33.7768593912484], [-84.3935422212968, 33.7769689539981], [-84.3935390630917, 33.7769685369293], [-84.393534945915, 33.7769684615461], [-84.3935235078698, 33.776968250848], [-84.3935231160622, 33.7769793599224], [-84.3930059177228, 33.776969172369], [-84.3929790406746, 33.7769681153328], [-84.3929400133438, 33.7769665801523], [-84.3927701568989, 33.7769636806874], [-84.3927391590329, 33.776962804266], [-84.3926890723456, 33.7769617653375], [-84.3923984514355, 33.7769577060509], [-84.3921981535647, 33.7769528246439], [-84.3921976712928, 33.7769434871139], [-84.392190816894, 33.7769441857975], [-84.3921758732222, 33.7769457080446], [-84.392165961029, 33.7769509304933], [-84.3921582998514, 33.7769560757944], [-84.3921542542176, 33.7769606401364], [-84.3921521812838, 33.7769664595804], [-84.3921515081707, 33.7769704100467], [-84.3921488645977, 33.7769859115724], [-84.3921596251616, 33.7769871695523], [-84.3921527159667, 33.7773534963859], [-84.392142496285, 33.7773468752923], [-84.3921426707602, 33.7773256897557]]]}, "properties": {"OBJECTID_1": 222, "OBJECTID": null, "Shape_Leng": null, "CreationDate": 1628109913579, "Creator": "wsims6_GTFacilities", "EditDate": 1628109913579, "Editor": "wsims6_GTFacilities", "Shape__Area": 8847.37890625, "Shape__Length": 1759.6104916798831, "GlobalID": "9e020c8d-17fd-4afb-8523-8ce2e4e7bc30"}}, {"type": "Feature", "id": 225, "geometry": {"type": "Polygon", "coordinates": [[[-84.3931125315458, 33.7780885635489], [-84.3931128192058, 33.7780686283977], [-84.3931558433554, 33.7780694249471], [-84.3931560280743, 33.7780891491466], [-84.3931125315458, 33.7780885635489]]]}, "properties": {"OBJECTID_1": 225, "OBJECTID": null, "Shape_Leng": null, "CreationDate": 1628109913579, "Creator": "wsims6_GTFacilities", "EditDate": 1628109913579, "Editor": "wsims6_GTFacilities", "Shape__Area": 12.78515625, "Shape__Length": 14.944978262768782, "GlobalID": "ca08eaa2-6d25-4120-8b67-9b9f84f13668"}}, {"type": "Feature", "id": 228, "geometry": {"type": "Polygon", "coordinates": [[[-84.3918994607708, 33.7780733996576], [-84.3918995993058, 33.7780669246417], [-84.3919954550916, 33.7780735697521], [-84.3919875684207, 33.7780746985939], [-84.3919281602543, 33.7780738567077], [-84.3918994607708, 33.7780733996576]]]}, "properties": {"OBJECTID_1": 228, "OBJECTID": null, "Shape_Leng": null, "CreationDate": 1628109913579, "Creator": "wsims6_GTFacilities", "EditDate": 1628109913579, "Editor": "wsims6_GTFacilities", "Shape__Area": 5.47265625, "Shape__Length": 22.275487859622128, "GlobalID": "b12d66a6-0b06-4e9b-8996-fbb7fc225925"}}, {"type": "Feature", "id": 229, "geometry": {"type": "Polygon", "coordinates": [[[-84.3919957454328, 33.7780735286476], [-84.3919965550494, 33.7778276872389], [-84.3920101134217, 33.7778277535488], [-84.392007587557, 33.778026363248], [-84.3920072051819, 33.7780605311472], [-84.3920055858247, 33.7780659854921], [-84.3920011245167, 33.7780709942002], [-84.3919972806754, 33.7780730623953], [-84.3919961005318, 33.7780734775067], [-84.3919957454328, 33.7780735286476]]]}, "properties": {"OBJECTID_1": 229, "OBJECTID": null, "Shape_Leng": null, "CreationDate": 1628109913579, "Creator": "wsims6_GTFacilities", "EditDate": 1628109913579, "Editor": "wsims6_GTFacilities", "Shape__Area": 44.8125, "Shape__Length": 67.89042428736403, "GlobalID": "b0fa2788-5d3c-465e-be9b-856c1fd08837"}}, {"type": "Feature", "id": 230, "geometry": {"type": "Polygon", "coordinates": [[[-84.3917710324184, 33.7780708064069], [-84.3917707008797, 33.7780579873234], [-84.3918840050975, 33.7780658431684], [-84.391883815042, 33.7780728484496], [-84.3917710324184, 33.7780708064069]]]}, "properties": {"OBJECTID_1": 230, "OBJECTID": null, "Shape_Leng": null, "CreationDate": 1628109913579, "Creator": "wsims6_GTFacilities", "EditDate": 1628109913579, "Editor": "wsims6_GTFacilities", "Shape__Area": 16.69921875, "Shape__Length": 27.870301109441534, "GlobalID": "41c1698c-6220-4c6d-8333-b734075a6083"}}, {"type": "Feature", "id": 232, "geometry": {"type": "Polygon", "coordinates": [[[-84.3919978236228, 33.7774429049051], [-84.3920075188909, 33.7774356334111], [-84.3920100311579, 33.7777963374372], [-84.3919966592646, 33.7777961490637], [-84.3919978236228, 33.7774429049051]]]}, "properties": {"OBJECTID_1": 232, "OBJECTID": null, "Shape_Leng": null, "CreationDate": 1628109913579, "Creator": "wsims6_GTFacilities", "EditDate": 1628109913579, "Editor": "wsims6_GTFacilities", "Shape__Area": 61.41796875, "Shape__Length": 98.55963385827664, "GlobalID": "6eb3b09f-74a9-43ea-a702-8a47544cbb4f"}}, {"type": "Feature", "id": 234, "geometry": {"type": "Polygon", "coordinates": [[[-84.3933315013671, 33.7775058305098], [-84.3933318255614, 33.7774973264339], [-84.3934183222712, 33.7774976183603], [-84.3934171355737, 33.7775545499492], [-84.3934019321742, 33.7775550593651], [-84.3934010691957, 33.7775111045119], [-84.3933376286524, 33.7775102743184], [-84.3933364852696, 33.777506193738], [-84.3933315013671, 33.7775058305098]]]}, "properties": {"OBJECTID_1": 234, "OBJECTID": null, "Shape_Leng": null, "CreationDate": 1628109913579, "Creator": "wsims6_GTFacilities", "EditDate": 1628109913579, "Editor": "wsims6_GTFacilities", "Shape__Area": 27.25390625, "Shape__Length": 34.1564725141143, "GlobalID": "c96dc038-7dc0-4883-b011-5ea77431facc"}}, {"type": "Feature", "id": 236, "geometry": {"type": "Polygon", "coordinates": [[[-84.3919978904431, 33.7774226518739], [-84.3919979133934, 33.7774157469802], [-84.3920054178295, 33.7774158739354], [-84.3920026761209, 33.7774190653801], [-84.3919978904431, 33.7774226518739]]]}, "properties": {"OBJECTID_1": 236, "OBJECTID": null, "Shape_Leng": null, "CreationDate": 1628109913579, "Creator": "wsims6_GTFacilities", "EditDate": 1628109913579, "Editor": "wsims6_GTFacilities", "Shape__Area": 0.42578125, "Shape__Length": 3.0028107633604657, "GlobalID": "dafb23ea-561b-47ef-aaec-305c202d4721"}}, {"type": "Feature", "id": 239, "geometry": {"type": "Polygon", "coordinates": [[[-84.3919981598808, 33.7773408138308], [-84.3919993259541, 33.7769869880774], [-84.391482165801, 33.7769901349135], [-84.3914823802391, 33.7769763320314], [-84.3915565166732, 33.7769802751269], [-84.3916966801664, 33.7769821186722], [-84.3917654926344, 33.776960929681], [-84.3919320680276, 33.7769659896634], [-84.3919500418838, 33.7769658874262], [-84.392009736313, 33.7769678982239], [-84.3920099244433, 33.7769679970621], [-84.3920156526639, 33.7769709972189], [-84.3920156507831, 33.7769711036173], [-84.3920120094911, 33.7771391619967], [-84.3920111169773, 33.7771999367833], [-84.3920090454843, 33.7773407389535], [-84.3919981598808, 33.7773408138308]]]}, "properties": {"OBJECTID_1": 239, "OBJECTID": null, "Shape_Leng": null, "CreationDate": 1628109913579, "Creator": "wsims6_GTFacilities", "EditDate": 1628109913579, "Editor": "wsims6_GTFacilities", "Shape__Area": 202.41796875, "Shape__Length": 217.5707933871406, "GlobalID": "04043fca-e75e-4552-8e53-ea04a6eb05ad"}}, {"type": "Feature", "id": 242, "geometry": {"type": "Polygon", "coordinates": [[[-84.3923331297431, 33.777270786265], [-84.3923333402887, 33.7772633742997], [-84.3923290391255, 33.7772631387187], [-84.3923295348404, 33.7772570083812], [-84.3923320338573, 33.7772502116662], [-84.3923364945087, 33.777244152522], [-84.3923426284367, 33.7772392155797], [-84.3923500499386, 33.777235720729], [-84.3923582877329, 33.77723388072], [-84.3924343601462, 33.7772270359876], [-84.3924418038031, 33.777228283781], [-84.3924484478309, 33.7772313480627], [-84.3924536728054, 33.7772359459455], [-84.3924569938626, 33.7772416401139], [-84.3924581918974, 33.7772492839319], [-84.3924308932157, 33.7772480517259], [-84.3924303873133, 33.7772659360192], [-84.3924012375466, 33.7772653626941], [-84.3924010479804, 33.7772721263333], [-84.3923331297431, 33.777270786265]]]}, "properties": {"OBJECTID_1": 242, "OBJECTID": null, "Shape_Leng": null, "CreationDate": 1628109913579, "Creator": "wsims6_GTFacilities", "EditDate": 1628109913579, "Editor": "wsims6_GTFacilities", "Shape__Area": 61.44921875, "Shape__Length": 37.138034841036486, "GlobalID": "a4580f81-6b73-4dd7-b43f-1210087e1c6d"}}, {"type": "Feature", "id": 245, "geometry": {"type": "Polygon", "coordinates": [[[-84.3923330399597, 33.777211017714], [-84.3923324015322, 33.7772051346997], [-84.3924585057136, 33.7772055153609], [-84.3924575883896, 33.7772077414151], [-84.392450860009, 33.777213679383], [-84.3924463230664, 33.7772153485267], [-84.3923983676115, 33.7772200725483], [-84.3923501907998, 33.7772227348777], [-84.3923389749411, 33.7772195635397], [-84.3923330399597, 33.777211017714]]]}, "properties": {"OBJECTID_1": 245, "OBJECTID": null, "Shape_Leng": null, "CreationDate": 1628109913579, "Creator": "wsims6_GTFacilities", "EditDate": 1628109913579, "Editor": "wsims6_GTFacilities", "Shape__Area": 25.1328125, "Shape__Length": 30.179810457734884, "GlobalID": "2b7621e4-beb3-4038-b0e0-8eaa9dc945c8"}}, {"type": "Feature", "id": 246, "geometry": {"type": "Polygon", "coordinates": [[[-84.3927617482093, 33.7771815695094], [-84.3927623936393, 33.7771662699956], [-84.3927953379688, 33.7771674232581], [-84.392811833994, 33.77716783484], [-84.3928112454229, 33.7771825806354], [-84.3927617482093, 33.7771815695094]]]}, "properties": {"OBJECTID_1": 246, "OBJECTID": null, "Shape_Leng": null, "CreationDate": 1628109913579, "Creator": "wsims6_GTFacilities", "EditDate": 1628109913579, "Editor": "wsims6_GTFacilities", "Shape__Area": 11.046875, "Shape__Length": 15.045593568307043, "GlobalID": "57083750-553b-45b4-871d-0b961a8bc55d"}}, {"type": "Feature", "id": 250, "geometry": {"type": "Polygon", "coordinates": [[[-84.3927664986769, 33.7770898014735], [-84.3927673500883, 33.7770670115578], [-84.392844588164, 33.7770670530593], [-84.3928445850892, 33.7770732780712], [-84.3928443017085, 33.7770825394595], [-84.392798227345, 33.7770815554358], [-84.3927979469899, 33.7770907374731], [-84.3927664986769, 33.7770898014735]]]}, "properties": {"OBJECTID_1": 250, "OBJECTID": null, "Shape_Leng": null, "CreationDate": 1628109913579, "Creator": "wsims6_GTFacilities", "EditDate": 1628109913579, "Editor": "wsims6_GTFacilities", "Shape__Area": 21.19921875, "Shape__Length": 23.589960309602315, "GlobalID": "eb47644e-6e71-4ef3-9365-446dbc18dc32"}}, {"type": "Feature", "id": 254, "geometry": {"type": "Polygon", "coordinates": [[[-84.3913896845446, 33.7769848195041], [-84.3914724744656, 33.7769770028726], [-84.3914723221348, 33.776990195223], [-84.3913904600065, 33.7769906932576], [-84.3913896845446, 33.7769848195041]]]}, "properties": {"OBJECTID_1": 254, "OBJECTID": null, "Shape_Leng": null, "CreationDate": 1628109913579, "Creator": "wsims6_GTFacilities", "EditDate": 1628109913579, "Editor": "wsims6_GTFacilities", "Shape__Area": 11.71875, "Shape__Length": 20.94672133258171, "GlobalID": "77b47c55-0de4-4168-a3a6-6886070cccb4"}}, {"type": "Feature", "id": 255, "geometry": {"type": "Polygon", "coordinates": [[[-84.3934859989388, 33.7768332847629], [-84.3934860015246, 33.7768318078519], [-84.3935266085076, 33.7768325519121], [-84.3935243489459, 33.7768338914126], [-84.3934859989388, 33.7768332847629]]]}, "properties": {"OBJECTID_1": 255, "OBJECTID": null, "Shape_Leng": null, "CreationDate": 1628109913579, "Creator": "wsims6_GTFacilities", "EditDate": 1628109913579, "Editor": "wsims6_GTFacilities", "Shape__Area": 0.83984375, "Shape__Length": 9.2980689982907, "GlobalID": "90a1ec37-6230-45e8-97ab-cc96500e69e9"}}, {"type": "Feature", "id": 256, "geometry": {"type": "Polygon", "coordinates": [[[-84.3934689190705, 33.7768329581976], [-84.3933992807243, 33.7768302189056], [-84.3934689422092, 33.7768314956753], [-84.3934689190705, 33.7768329581976]]]}, "properties": {"OBJECTID_1": 256, "OBJECTID": null, "Shape_Leng": null, "CreationDate": 1628109913579, "Creator": "wsims6_GTFacilities", "EditDate": 1628109913579, "Editor": "wsims6_GTFacilities", "Shape__Area": 0.7578125, "Shape__Length": 15.713231777550234, "GlobalID": "a7b313eb-4762-4bc5-b43a-891aec70b458"}}, {"type": "Feature", "id": 257, "geometry": {"type": "Polygon", "coordinates": [[[-84.3931932245093, 33.7768268094673], [-84.3931932667367, 33.7768264442206], [-84.3932790146552, 33.7768280152618], [-84.3932790159083, 33.7768280810801], [-84.3931932245093, 33.7768268094673]]]}, "properties": {"OBJECTID_1": 257, "OBJECTID": null, "Shape_Leng": null, "CreationDate": 1628109913579, "Creator": "wsims6_GTFacilities", "EditDate": 1628109913579, "Editor": "wsims6_GTFacilities", "Shape__Area": 0.2734375, "Shape__Length": 19.157463032934636, "GlobalID": "69d516b0-f667-4743-a8c1-8082313dda91"}}, {"type": "Feature", "id": 258, "geometry": {"type": "Polygon", "coordinates": [[[-84.3930466900302, 33.7768246366803], [-84.3930466898772, 33.7768237575697], [-84.3931857169718, 33.7768263056993], [-84.3931862999964, 33.776826706766], [-84.3930466900302, 33.7768246366803]]]}, "properties": {"OBJECTID_1": 258, "OBJECTID": null, "Shape_Leng": null, "CreationDate": 1628109913579, "Creator": "wsims6_GTFacilities", "EditDate": 1628109913579, "Editor": "wsims6_GTFacilities", "Shape__Area": 1.31640625, "Shape__Length": 31.225950502263892, "GlobalID": "f68c6f45-5e03-4cef-aebb-d5e8fc316ab6"}}, {"type": "Feature", "id": 259, "geometry": {"type": "Polygon", "coordinates": [[[-84.3929019338509, 33.7768220511092], [-84.3929008947817, 33.7768210855413], [-84.3930369816497, 33.7768235797194], [-84.3930369560086, 33.7768240937082], [-84.3929019338509, 33.7768220511092]]]}, "properties": {"OBJECTID_1": 259, "OBJECTID": null, "Shape_Leng": null, "CreationDate": 1628109913579, "Creator": "wsims6_GTFacilities", "EditDate": 1628109913579, "Editor": "wsims6_GTFacilities", "Shape__Area": 1.4765625, "Shape__Length": 30.428281916490263, "GlobalID": "60296c45-b616-40c1-90e8-27200ffa4c7d"}}, {"type": "Feature", "id": 260, "geometry": {"type": "Polygon", "coordinates": [[[-84.3928532761982, 33.7768207860177], [-84.3927645185431, 33.7768185863333], [-84.3928668409438, 33.7768204618068], [-84.392866024198, 33.7768211016735], [-84.3928532761982, 33.7768207860177]]]}, "properties": {"OBJECTID_1": 260, "OBJECTID": null, "Shape_Leng": null, "CreationDate": 1628109913579, "Creator": "wsims6_GTFacilities", "EditDate": 1628109913579, "Editor": "wsims6_GTFacilities", "Shape__Area": 0.50390625, "Shape__Length": 22.82276399360791, "GlobalID": "f3f2c69c-ed7b-470d-9337-25e0e36e96f9"}}, {"type": "Feature", "id": 261, "geometry": {"type": "Polygon", "coordinates": [[[-84.3922588197278, 33.7768098424672], [-84.3922585343661, 33.7768093101124], [-84.3923121536559, 33.7768102931659], [-84.3922588197278, 33.7768098424672]]]}, "properties": {"OBJECTID_1": 261, "OBJECTID": null, "Shape_Leng": null, "CreationDate": 1628109913579, "Creator": "wsims6_GTFacilities", "EditDate": 1628109913579, "Editor": "wsims6_GTFacilities", "Shape__Area": 0.2109375, "Shape__Length": 11.985788523070779, "GlobalID": "cb125be6-e953-42a6-b6e9-8c29dfe97b03"}}, {"type": "Feature", "id": 262, "geometry": {"type": "Polygon", "coordinates": [[[-84.391414336513, 33.7767957829036], [-84.3914134949681, 33.77678734407], [-84.3916611767693, 33.7767946244243], [-84.3916461133258, 33.7767986480088], [-84.391414336513, 33.7767957829036]]]}, "properties": {"OBJECTID_1": 262, "OBJECTID": null, "Shape_Leng": null, "CreationDate": 1628109913579, "Creator": "wsims6_GTFacilities", "EditDate": 1628109913579, "Editor": "wsims6_GTFacilities", "Shape__Area": 22.80859375, "Shape__Length": 56.288529153697965, "GlobalID": "a109f62c-168b-405e-a9d1-77c683b2fcd3"}}, {"type": "Feature", "id": 265, "geometry": {"type": "Polygon", "coordinates": [[[-84.391227278841, 33.7768201145051], [-84.3912256124662, 33.7769554971754], [-84.3904911768393, 33.7769459321146], [-84.3904857968291, 33.7769473762074], [-84.3904807635685, 33.7769495191992], [-84.3904762100084, 33.7769523043418], [-84.3904722520312, 33.7769556606998], [-84.3904689920451, 33.7769595016576], [-84.3904665162881, 33.7769637264122], [-84.3904648867442, 33.7769682266941], [-84.3904641465324, 33.7769728867667], [-84.390365206087, 33.776973711109], [-84.3903516585942, 33.776958069512], [-84.3903355014955, 33.7769442453485], [-84.3903170824389, 33.7769325372943], [-84.3902967993781, 33.7769231984772], [-84.3902750888944, 33.7769164297569], [-84.3902524199082, 33.7769123774847], [-84.3901840302673, 33.7769091443284], [-84.3901545906788, 33.7769315755612], [-84.3890014583829, 33.7769146369606], [-84.3889718984201, 33.7768900754238], [-84.3888941375542, 33.7768924536236], [-84.3888753816294, 33.7768980806607], [-84.3888633549843, 33.7769137670699], [-84.3888580486359, 33.7769361549936], [-84.3887308768361, 33.7769168508886], [-84.3887305696123, 33.7769136356529], [-84.3887296488391, 33.776910501806], [-84.3887281387711, 33.7769075299903], [-84.3887260780359, 33.7769047963677], [-84.3887235187356, 33.7769023711268], [-84.3887205273457, 33.776900316243], [-84.3887171793247, 33.7768986839842], [-84.388713561809, 33.776897516165], [-84.3887097664269, 33.7768968433995], [-84.3874268060129, 33.7768753776248], [-84.3874180672018, 33.7767776040441], [-84.3878386260785, 33.7767873035276], [-84.3878707758842, 33.7767633527457], [-84.3885937678726, 33.7767754953957], [-84.3886206679238, 33.7767978467679], [-84.3886886694925, 33.776797724311], [-84.3886988375232, 33.7767955260604], [-84.3887084521917, 33.7767920076648], [-84.3887172700545, 33.776787259473], [-84.3887250629396, 33.776781403942], [-84.3887316332176, 33.7767745896625], [-84.3887368111069, 33.7767669913594], [-84.3887404645552, 33.7767588039182], [-84.3887421497946, 33.7767184819725], [-84.3888649396125, 33.7767236714612], [-84.3888664128496, 33.7767658063645], [-84.3888701812822, 33.7767739997785], [-84.3888754885289, 33.7767815816539], [-84.3888821962491, 33.7767883533716], [-84.3888901292714, 33.7767941379667], [-84.3888990791866, 33.7767987853551], [-84.388908813331, 33.7768021730801], [-84.3889756902089, 33.7768043302626], [-84.3890042916693, 33.7767815025049], [-84.390161614606, 33.7767953558155], [-84.3901862383262, 33.7768180879934], [-84.3902055835459, 33.7768188585756], [-84.3902248281542, 33.7768170538303], [-84.3902434807728, 33.7768127200519], [-84.3902610617012, 33.7768059684968], [-84.3902771217818, 33.7767969716491], [-84.3902912495863, 33.7767859602351], [-84.3903030821952, 33.7767732157555], [-84.3903123168764, 33.776759066006], [-84.3903187173728, 33.7767438723831], [-84.3903221192927, 33.776728024658], [-84.3903224354997, 33.7767119282825], [-84.390008802193, 33.7752546318826], [-84.390109587778, 33.7752657726728], [-84.3903957847393, 33.7766649996061], [-84.3904253635667, 33.7767827435011], [-84.3904256052135, 33.7767856085449], [-84.3904263957309, 33.7767884041464], [-84.3904277153561, 33.7767910578771], [-84.3904295308513, 33.7767935017882], [-84.3904317937075, 33.7767956716647], [-84.3904344455342, 33.7767975122515], [-84.3904374189578, 33.776798975014], [-84.3904406358248, 33.7768000226177], [-84.3904440134903, 33.776800628182], [-84.3904474639193, 33.7768007752796], [-84.391227278841, 33.7768201145051]]]}, "properties": {"OBJECTID_1": 265, "OBJECTID": null, "Shape_Leng": null, "CreationDate": 1628109913579, "Creator": "wsims6_GTFacilities", "EditDate": 1628109913579, "Editor": "wsims6_GTFacilities", "Shape__Area": 9395.23828125, "Shape__Length": 1326.1314446185313, "GlobalID": "51daaa23-62a7-4a21-b247-069e9a42ac62"}}, {"type": "Feature", "id": 266, "geometry": {"type": "Polygon", "coordinates": [[[-84.3920352891846, 33.7767876723918], [-84.3920183532465, 33.7766201638758], [-84.3920436740594, 33.7766177670012], [-84.3920188572014, 33.7763991605529], [-84.3919918843867, 33.7764006800708], [-84.3919854919751, 33.7763478949165], [-84.391976855572, 33.7762684296474], [-84.3919741803891, 33.7762500632384], [-84.391971578868, 33.7762292379645], [-84.3919696016761, 33.7762134050781], [-84.3919929120594, 33.7762119378254], [-84.3919704972964, 33.775984216924], [-84.3919457846429, 33.775805088979], [-84.3919357899871, 33.7756917328311], [-84.391928079747, 33.7755247217141], [-84.3919019513486, 33.7755247695029], [-84.3919011698143, 33.7755112953102], [-84.3919011599329, 33.7755077626745], [-84.3919013153414, 33.7754799496032], [-84.3919020205189, 33.7753931651167], [-84.3919020537566, 33.7753890231684], [-84.3919028290027, 33.7753321238144], [-84.3919302231273, 33.7753313143903], [-84.3919305734702, 33.7751239701673], [-84.3919056766621, 33.7751232607995], [-84.3919071112716, 33.775018133173], [-84.39192851004, 33.7750180637296], [-84.3919413415755, 33.7744608961319], [-84.3919147298836, 33.7744592645734], [-84.39191673133, 33.7743124450818], [-84.3919196266002, 33.7740281452242], [-84.3919198457891, 33.7740065786711], [-84.3919207009852, 33.7739865174858], [-84.3919186743859, 33.7739675031874], [-84.3919119307331, 33.7739566497129], [-84.3919001628029, 33.7739503623882], [-84.3918772988823, 33.7739505864021], [-84.3918732196326, 33.7739397232182], [-84.3918697772884, 33.773936692309], [-84.391867656366, 33.7739348225389], [-84.3918755831001, 33.7739397381525], [-84.392123861275, 33.7739413204378], [-84.3921094630776, 33.773944822523], [-84.3920866090384, 33.773950381056], [-84.3920785870829, 33.7739523314708], [-84.3920670850541, 33.773955129405], [-84.3920576698116, 33.7739628115893], [-84.3920556620769, 33.7739686030957], [-84.3920532213543, 33.773976524227], [-84.3920522556653, 33.7739864435612], [-84.3920518639999, 33.7740056445336], [-84.3920647736888, 33.7740055773294], [-84.392060933391, 33.7742465269894], [-84.3920476598844, 33.7742414829592], [-84.3920472439644, 33.7742787019961], [-84.3920605183693, 33.7742738394184], [-84.3920574461311, 33.774465094875], [-84.3920542373488, 33.7748551626586], [-84.3920507950047, 33.7750622909883], [-84.3920370058651, 33.7750583939428], [-84.3920368765077, 33.7750498337332], [-84.3920367507435, 33.7750583215125], [-84.3920378466882, 33.775063893414], [-84.392038985752, 33.7750696758855], [-84.3920420903296, 33.7750750917252], [-84.3920448840901, 33.7750794853277], [-84.3920559441479, 33.7750882463975], [-84.3920598275649, 33.7750899272265], [-84.3920681522526, 33.7750935293229], [-84.3920690865005, 33.7750838871438], [-84.3921001592262, 33.7750927452845], [-84.3921349680451, 33.7751064644616], [-84.3921291550469, 33.7751175664425], [-84.3921573828081, 33.7751304239206], [-84.392201517038, 33.7751564666733], [-84.3922263285062, 33.775173499706], [-84.3922295184237, 33.7751756890378], [-84.3922490442047, 33.7751920500346], [-84.3922609495772, 33.775202024484], [-84.3922711041332, 33.7752119459164], [-84.3922909353414, 33.775231304915], [-84.3923035530779, 33.775245018843], [-84.3923129296928, 33.7752551762282], [-84.3923376971435, 33.7752820052197], [-84.3924143009794, 33.7753649010009], [-84.3924172896743, 33.7753681177882], [-84.3924212251936, 33.7753723560619], [-84.3924254679366, 33.7753762792277], [-84.3924669332719, 33.7754127473377], [-84.3924827939265, 33.7754266957006], [-84.3924966962538, 33.7754389214238], [-84.3925125946377, 33.7754525375009], [-84.3925982382203, 33.7755181268643], [-84.3926246082655, 33.7755384042338], [-84.3926305281632, 33.7755427716781], [-84.3926367121656, 33.7755475184454], [-84.3926453261109, 33.7755525997337], [-84.39269323057, 33.7755850423148], [-84.3926970735628, 33.7755875766109], [-84.3927013603233, 33.7755906425566], [-84.3927359382753, 33.7756111655728], [-84.392765167658, 33.7756289093721], [-84.3928032616159, 33.7756500386982], [-84.3928400619998, 33.7756692512449], [-84.3928455426214, 33.775672113339], [-84.3929079755336, 33.7757047074545], [-84.3929118212214, 33.7757067153251], [-84.3929866338165, 33.7757396984569], [-84.3930113096391, 33.7757489761738], [-84.3930488008275, 33.7757630723281], [-84.3931205591507, 33.7757901796786], [-84.3931712385057, 33.7758041234998], [-84.393184197602, 33.7758076882313], [-84.3932059305437, 33.7758132682977], [-84.393212137004, 33.7758146071253], [-84.3932175798963, 33.7758144951207], [-84.3932253880527, 33.7758143345809], [-84.393232976122, 33.775813109998], [-84.393244569779, 33.7758122527899], [-84.3932489652357, 33.7758097924234], [-84.393263847625, 33.7758014600315], [-84.3932773457105, 33.775788327123], [-84.3932791001202, 33.7757849079966], [-84.3932812650601, 33.7757774925465], [-84.393280954243, 33.7757682297667], [-84.3932803577616, 33.7757504240203], [-84.3932801727087, 33.7757448820314], [-84.3932776816804, 33.7757380154006], [-84.3932707799241, 33.775720204421], [-84.3932663323651, 33.7757092847124], [-84.3932384333873, 33.7756407915852], [-84.3931760588655, 33.7754805805646], [-84.3931735516676, 33.7754741417717], [-84.3931575239263, 33.7754201381782], [-84.3931495217337, 33.7753911848667], [-84.3931348980592, 33.7753284395909], [-84.3931257945321, 33.7752871358061], [-84.3931213191254, 33.7752660183377], [-84.3931157855033, 33.775239913642], [-84.393104450561, 33.7751971918269], [-84.3930976134834, 33.7751572477243], [-84.3930947855869, 33.7751277559511], [-84.3930915345838, 33.7750938608591], [-84.393089882582, 33.7750478534753], [-84.393089517866, 33.7750154106907], [-84.3930887030941, 33.7749348278621], [-84.3930835440694, 33.7748300718638], [-84.3930821121548, 33.7747850477501], [-84.3930813342138, 33.7747690256801], [-84.3930809164972, 33.7747620544322], [-84.3930765614647, 33.774716100633], [-84.3930738701121, 33.7747023470449], [-84.3930522009508, 33.7745915879802], [-84.3930493874273, 33.7745819293171], [-84.3930442023515, 33.774564121084], [-84.3930369304893, 33.7745391504239], [-84.3930111802817, 33.7744628838705], [-84.3930004445157, 33.7744322105647], [-84.3929868413274, 33.7743982226056], [-84.3929238236119, 33.7742406488833], [-84.3929185684675, 33.7742292660255], [-84.3928862668465, 33.7741569097239], [-84.3928804969674, 33.7741438004579], [-84.3928376060059, 33.7740394146084], [-84.3928241869721, 33.7740067541486], [-84.3928123893975, 33.7739768647281], [-84.3928106358861, 33.7739724217859], [-84.3928046054956, 33.773966385358], [-84.3927971279191, 33.7739589003062], [-84.3927896548343, 33.7739547291667], [-84.3927833396778, 33.7739512046806], [-84.3927781456189, 33.7739490212913], [-84.3927728922711, 33.7739480214423], [-84.3927569274119, 33.7739453855447], [-84.3927567261892, 33.7739453526893], [-84.3931982068289, 33.7739481633178], [-84.3929540887521, 33.773947678701], [-84.3929461925608, 33.7739486904974], [-84.3929386646787, 33.7739496559975], [-84.3929327861035, 33.7739514652836], [-84.3929271851077, 33.7739536852617], [-84.3929223234253, 33.7739569103158], [-84.3929162903399, 33.7739612793341], [-84.3929056776431, 33.7739715802404], [-84.3929029404765, 33.7739742362985], [-84.3928968723567, 33.7739833559034], [-84.3928921175739, 33.7739944640036], [-84.3928895304259, 33.7740005071501], [-84.3928887219421, 33.7740095946436], [-84.3928881730715, 33.7740157557695], [-84.3928952886269, 33.7740324440479], [-84.3929047874127, 33.7740547222113], [-84.3928872514, 33.7740608318108], [-84.3929539360385, 33.7742103354127], [-84.393037807245, 33.7744219000066], [-84.3930639868473, 33.7744981606228], [-84.3930947155183, 33.7746005977535], [-84.3931120260538, 33.7747105406562], [-84.3931230510773, 33.7748152572253], [-84.3931241030045, 33.7748743574627], [-84.3931272228534, 33.7750389393271], [-84.3931355655075, 33.7751451578607], [-84.3931537662735, 33.7752528539856], [-84.3931782435683, 33.7753627833573], [-84.3931918314853, 33.7754196162347], [-84.3932315181563, 33.7755220358362], [-84.3932946499578, 33.7756820182896], [-84.3933126647725, 33.7756769661303], [-84.393345306855, 33.7757610405645], [-84.3933471591811, 33.77576587543], [-84.3933476595427, 33.7757695073658], [-84.3933524484615, 33.7757896308562], [-84.3933541768201, 33.7758014152297], [-84.3933568807491, 33.7758121549725], [-84.3933578769807, 33.7758185459515], [-84.3933632659741, 33.7758306230262], [-84.3933765179212, 33.7758465254261], [-84.3933881025951, 33.7758528671206], [-84.3933970614934, 33.7758577714236], [-84.3934016429014, 33.7758603445399], [-84.3934221424562, 33.7758668318391], [-84.3934758679984, 33.7758712888702], [-84.3935415653884, 33.7758767390073], [-84.3935813086532, 33.7758797997157], [-84.3935658594269, 33.7759774630634], [-84.3935596583565, 33.7759771696121], [-84.3935383098938, 33.7759734010398], [-84.3935211583601, 33.7759703866299], [-84.3934925101873, 33.7759651089854], [-84.3934760880856, 33.77596178843], [-84.393457902591, 33.7759583237621], [-84.3934393685501, 33.775953836121], [-84.3934000214423, 33.7759458173553], [-84.3933495540896, 33.7759347251888], [-84.3932993724012, 33.7759245843114], [-84.3932227991081, 33.7759090328731], [-84.3932189471322, 33.7759198704197], [-84.3931865727477, 33.7759116582566], [-84.3931166928017, 33.7758907126823], [-84.3929963320283, 33.775848721461], [-84.3929660740746, 33.7758369102129], [-84.3928950622514, 33.7758053966182], [-84.392816593513, 33.7757680550395], [-84.3927816715064, 33.7757514365421], [-84.3926659702944, 33.7756858324234], [-84.3926077998882, 33.7756486192246], [-84.3925460586787, 33.7756079256471], [-84.3924902930625, 33.7755682729486], [-84.392432201708, 33.7755230184927], [-84.39229092007, 33.7753926752812], [-84.3923005149756, 33.775385601786], [-84.3922895177999, 33.7753743124179], [-84.3922848106278, 33.7753709164228], [-84.3922738853173, 33.7753630335021], [-84.3922563241518, 33.7753528298342], [-84.3922382680146, 33.7753464253799], [-84.3922271666343, 33.775343108534], [-84.3922201588768, 33.775341827195], [-84.3922126507576, 33.7753403681412], [-84.3922011774748, 33.7753390912824], [-84.3921954273587, 33.7753389830107], [-84.3921820550374, 33.775338729879], [-84.3921743618653, 33.7753384857078], [-84.3921630565674, 33.7753402240279], [-84.3921440545042, 33.7753428919907], [-84.3921376396348, 33.7753437925121], [-84.3921258106191, 33.7753476693838], [-84.3921183249579, 33.7753504388978], [-84.3921081641137, 33.7753541970436], [-84.3921012758321, 33.7753588542173], [-84.3920931865029, 33.7753643238012], [-84.3920826025523, 33.7753717198728], [-84.3920789778501, 33.7753750001293], [-84.3920654609, 33.7753864866263], [-84.3920614526172, 33.7753903821635], [-84.3920575153013, 33.775396012286], [-84.3920549640859, 33.7753996621584], [-84.3920463330727, 33.7754141018523], [-84.39204248469, 33.775420539903], [-84.392038219489, 33.7754324273719], [-84.3920438492309, 33.7754324333455], [-84.3920453907399, 33.775455587024], [-84.3920560249963, 33.7757297240701], [-84.3920622278633, 33.7757941760016], [-84.3920501509126, 33.775795069798], [-84.3920640810877, 33.7759164236708], [-84.3920686301563, 33.7759095548137], [-84.39207492016, 33.7759042099628], [-84.3921003514657, 33.7761197756418], [-84.3921386277816, 33.7764242770223], [-84.3921256614988, 33.7764192809086], [-84.3921336412335, 33.7764783710791], [-84.3921389772262, 33.7764729851957], [-84.3921451953646, 33.7764695086014], [-84.3921789729176, 33.7767398932782], [-84.392185111106, 33.7767968917534], [-84.3921746053087, 33.7767972449371], [-84.3921755629128, 33.7768051053251], [-84.3921759123575, 33.7768077948963], [-84.3920367866762, 33.7768052442091], [-84.3920352891846, 33.7767876723918]], [[-84.3921395251986, 33.7765236115899], [-84.3921377132966, 33.776509684313], [-84.392110071237, 33.7765133811794], [-84.3921261133514, 33.7766216654692], [-84.3921519480006, 33.7766191282169], [-84.3921395251986, 33.7765236115899]], [[-84.3920966270505, 33.7761821828324], [-84.3920704573296, 33.7759684855429], [-84.3920468262478, 33.7759699065046], [-84.3920616475516, 33.7760751554209], [-84.3920963162334, 33.7763524557129], [-84.3921171948772, 33.7763501424603], [-84.3921052499789, 33.7762526072219], [-84.3920966270505, 33.7761821828324]], [[-84.3920357185793, 33.7755291302276], [-84.3920117299679, 33.7755286179918], [-84.3920232328952, 33.7757553469966], [-84.3920466241268, 33.7757538379211], [-84.3920440046394, 33.7757018647757], [-84.392039595708, 33.7756434139901], [-84.39203941335, 33.7756380288009], [-84.3920357185793, 33.7755291302276]], [[-84.3920843515721, 33.7751946306379], [-84.3920751878579, 33.7751934598086], [-84.3920659540751, 33.7751941848566], [-84.3920572125691, 33.7751967647131], [-84.3920494915492, 33.7752010418238], [-84.3920432527496, 33.7752067600697], [-84.3920388725642, 33.7752135752206], [-84.3920366186912, 33.7752210736034], [-84.3920356556972, 33.7752903936648], [-84.3920359359716, 33.775296120865], [-84.3920379446045, 33.7753015882129], [-84.3920415612219, 33.7753064447586], [-84.3920465396852, 33.7753103716609], [-84.392052553906, 33.7753131053344], [-84.3920592032357, 33.7753144695577], [-84.3920660474999, 33.7753143724865], [-84.3920742203724, 33.7753122906833], [-84.3920793156166, 33.775310983956], [-84.3921502331168, 33.7752927965502], [-84.3921544713683, 33.7752901524802], [-84.3921618788761, 33.7752855311445], [-84.3921658664976, 33.7752819417501], [-84.3921681203707, 33.7752774383929], [-84.3921683000337, 33.7752711802864], [-84.3921684599339, 33.7752677290313], [-84.3921687842257, 33.7752606712066], [-84.3921657721745, 33.7752543862177], [-84.3921621070482, 33.7752483073181], [-84.3921599564814, 33.7752447403232], [-84.3921544282491, 33.77524078803], [-84.3921056623056, 33.7752059200297], [-84.3921003856016, 33.7752021342493], [-84.3920932278255, 33.7751969976843], [-84.3920843515721, 33.7751946306379]], [[-84.3920464902778, 33.7743466242327], [-84.3920214236882, 33.7743466354333], [-84.392021844998, 33.7745077364108], [-84.3920166006334, 33.7748926009603], [-84.392039216619, 33.7748924867144], [-84.3920400583404, 33.7748358677918], [-84.3920440082327, 33.7745702231801], [-84.3920459162544, 33.7743983263982], [-84.3920464902778, 33.7743466242327]]]}, "properties": {"OBJECTID_1": 266, "OBJECTID": null, "Shape_Leng": null, "CreationDate": 1628109913579, "Creator": "wsims6_GTFacilities", "EditDate": 1628109913579, "Editor": "wsims6_GTFacilities", "Shape__Area": 9044.33984375, "Shape__Length": 2255.5081005182437, "GlobalID": "258d8af4-b8a1-4404-85bb-ba66c3715a2b"}}, {"type": "Feature", "id": 268, "geometry": {"type": "Polygon", "coordinates": [[[-84.3919822503179, 33.7765804182993], [-84.3919793629112, 33.7765588794928], [-84.3919798380574, 33.7765589065766], [-84.3919822503179, 33.7765804182993]]]}, "properties": {"OBJECTID_1": 268, "OBJECTID": null, "Shape_Leng": null, "CreationDate": 1628109913579, "Creator": "wsims6_GTFacilities", "EditDate": 1628109913579, "Editor": "wsims6_GTFacilities", "Shape__Area": 0.078125, "Shape__Length": 5.848870842721025, "GlobalID": "8c2af8bc-c78d-4fa1-96b0-4685051d2d67"}}, {"type": "Feature", "id": 269, "geometry": {"type": "Polygon", "coordinates": [[[-84.3919758621393, 33.7765327704293], [-84.3919493789863, 33.7763352442298], [-84.3919499859335, 33.7763353008276], [-84.3919507500086, 33.7763413495194], [-84.391976495991, 33.776532792715], [-84.3919758621393, 33.7765327704293]]]}, "properties": {"OBJECTID_1": 269, "OBJECTID": null, "Shape_Leng": null, "CreationDate": 1628109913579, "Creator": "wsims6_GTFacilities", "EditDate": 1628109913579, "Editor": "wsims6_GTFacilities", "Shape__Area": 1.7421875, "Shape__Length": 53.36897046801926, "GlobalID": "061d4215-aa78-458e-8dfe-80a994dcc297"}}, {"type": "Feature", "id": 271, "geometry": {"type": "Polygon", "coordinates": [[[-84.3919425382462, 33.7762842204945], [-84.3919304304377, 33.7761939168749], [-84.3919318222858, 33.7761939549087], [-84.3919435217066, 33.7762841600919], [-84.3919425382462, 33.7762842204945]]]}, "properties": {"OBJECTID_1": 271, "OBJECTID": null, "Shape_Leng": null, "CreationDate": 1628109913579, "Creator": "wsims6_GTFacilities", "EditDate": 1628109913579, "Editor": "wsims6_GTFacilities", "Shape__Area": 1.60546875, "Shape__Length": 24.584101293018275, "GlobalID": "4ce5f9b1-7aa8-4681-be74-e377dcab981f"}}, {"type": "Feature", "id": 273, "geometry": {"type": "Polygon", "coordinates": [[[-84.3919155114389, 33.7760814701969], [-84.3919182117122, 33.7760810261637], [-84.3919305330288, 33.7761815487234], [-84.3919287654147, 33.7761815005557], [-84.3919155861648, 33.7760832066428], [-84.3919155114389, 33.7760814701969]]]}, "properties": {"OBJECTID_1": 273, "OBJECTID": null, "Shape_Leng": null, "CreationDate": 1628109913579, "Creator": "wsims6_GTFacilities", "EditDate": 1628109913579, "Editor": "wsims6_GTFacilities", "Shape__Area": 3.4921875, "Shape__Length": 27.513413718355274, "GlobalID": "8af6fbce-8d99-4ad3-9951-dc78d9af69c4"}}, {"type": "Feature", "id": 274, "geometry": {"type": "Polygon", "coordinates": [[[-84.3919149881146, 33.7760692222056], [-84.391913812816, 33.77604177535], [-84.3919168692382, 33.7760689122105], [-84.3919149881146, 33.7760692222056]]]}, "properties": {"OBJECTID_1": 274, "OBJECTID": null, "Shape_Leng": null, "CreationDate": 1628109913579, "Creator": "wsims6_GTFacilities", "EditDate": 1628109913579, "Editor": "wsims6_GTFacilities", "Shape__Area": 0.390625, "Shape__Length": 7.541744334224768, "GlobalID": "a2c59909-3b81-43f8-953d-2dc16b12196a"}}, {"type": "Feature", "id": 275, "geometry": {"type": "Polygon", "coordinates": [[[-84.3930818491169, 33.7759053900358], [-84.3930853837755, 33.7758974760604], [-84.3931580509562, 33.7759198849275], [-84.3930818491169, 33.7759053900358]]]}, "properties": {"OBJECTID_1": 275, "OBJECTID": null, "Shape_Leng": null, "CreationDate": 1628109913579, "Creator": "wsims6_GTFacilities", "EditDate": 1628109913579, "Editor": "wsims6_GTFacilities", "Shape__Area": 4.87890625, "Shape__Length": 18.460599477147856, "GlobalID": "a2f74cf7-fbc6-4089-9dff-60005af83ad8"}}, {"type": "Feature", "id": 276, "geometry": {"type": "Polygon", "coordinates": [[[-84.3943452719034, 33.7758216887986], [-84.3943400185556, 33.7758161199333], [-84.3943385794545, 33.7758133384872], [-84.3943370559118, 33.7758092876563], [-84.3943411162969, 33.7758156510076], [-84.3943523757807, 33.7758210996548], [-84.3943599701381, 33.7758221532441], [-84.394366064309, 33.775821276622], [-84.3943864740322, 33.7758170622647], [-84.3943868441381, 33.7758181942573], [-84.3943562654858, 33.7758233337718], [-84.3943543799221, 33.7758236981599], [-84.3943524485442, 33.7758238041909], [-84.3943505225562, 33.7758236481312], [-84.3943486513655, 33.7758232359546], [-84.394346886176, 33.7758225766212], [-84.3943452719034, 33.7758216887986]]]}, "properties": {"OBJECTID_1": 276, "OBJECTID": null, "Shape_Leng": null, "CreationDate": 1628109913579, "Creator": "wsims6_GTFacilities", "EditDate": 1628109913579, "Editor": "wsims6_GTFacilities", "Shape__Area": 1.1484375, "Shape__Length": 13.146000577272218, "GlobalID": "8ab677f9-7c91-44b2-8a81-1b6405b392eb"}}, {"type": "Feature", "id": 277, "geometry": {"type": "Polygon", "coordinates": [[[-84.3943473574632, 33.7757110071539], [-84.3943513860161, 33.77570984741], [-84.394380885617, 33.7757999870628], [-84.3943619955064, 33.7758030099923], [-84.3943269563844, 33.775718339157], [-84.3943473574632, 33.7757110071539]]]}, "properties": {"OBJECTID_1": 277, "OBJECTID": null, "Shape_Leng": null, "CreationDate": 1628109913579, "Creator": "wsims6_GTFacilities", "EditDate": 1628109913579, "Editor": "wsims6_GTFacilities", "Shape__Area": 31.0390625, "Shape__Length": 29.592214156736368, "GlobalID": "c4aff9a2-011c-4188-80f7-3dc85436a308"}}, {"type": "Feature", "id": 278, "geometry": {"type": "Polygon", "coordinates": [[[-84.3942015451188, 33.7757162216385], [-84.3941555240389, 33.7755549855544], [-84.3941240729482, 33.7755605535225], [-84.3941015752844, 33.775490734062], [-84.3940891117605, 33.7754509058007], [-84.3940728153069, 33.7753980016253], [-84.3940484782029, 33.7753201166556], [-84.3940756954947, 33.775313652151], [-84.3939523107134, 33.7749351250367], [-84.3938688122252, 33.7746667432481], [-84.393753697528, 33.7742391029817], [-84.3937112909601, 33.7740828696203], [-84.3936828616173, 33.7740901811229], [-84.3936802773482, 33.7740838202096], [-84.3936748458163, 33.7740704496767], [-84.3936690314948, 33.7740556299904], [-84.3936646637615, 33.7740472878199], [-84.3936614224648, 33.7740411156584], [-84.3936544057403, 33.774030117583], [-84.393648339111, 33.7740207461444], [-84.3936362324855, 33.7740043222675], [-84.3936310263789, 33.773998230359], [-84.3936284281998, 33.7739951902565], [-84.3936238601565, 33.773991952708], [-84.3936035889933, 33.7739775851834], [-84.3935935680766, 33.7739704832593], [-84.3935900958017, 33.7739680218208], [-84.3935693884672, 33.7739589820559], [-84.3935591877519, 33.7739545286132], [-84.3935535377435, 33.7739520621608], [-84.3935392284592, 33.7739503338504], [-84.3938059882098, 33.7739520305877], [-84.3938001381916, 33.7739523289815], [-84.3937921359079, 33.773956136961], [-84.3937822934899, 33.7739639029745], [-84.3937777152154, 33.7739682465451], [-84.3937719883968, 33.7739739086419], [-84.3937674317596, 33.7739778599534], [-84.39376554449, 33.7739819587322], [-84.39376358389, 33.7739885462069], [-84.3937661884758, 33.7739989230416], [-84.3937675633264, 33.7740043989526], [-84.3937685785925, 33.7740082191895], [-84.3937818632775, 33.7740582319509], [-84.393800879739, 33.7741298188217], [-84.3938048145157, 33.7741442903163], [-84.3938433748649, 33.7742933535697], [-84.3938859386665, 33.7744578926128], [-84.3938952926757, 33.7744941290335], [-84.3938985150354, 33.7745066109872], [-84.3939229464304, 33.7745904963211], [-84.3939316085069, 33.774620235803], [-84.3939375308425, 33.7746411738901], [-84.3939905307291, 33.7748132540237], [-84.3939948977606, 33.7748274352838], [-84.3940164054813, 33.7748933190795], [-84.3940427940946, 33.7749741549964], [-84.394076517117, 33.7750774555858], [-84.39408660868, 33.7751083690766], [-84.3941254924445, 33.7752274787291], [-84.3941503678973, 33.7753043708747], [-84.3941536467484, 33.7753145075181], [-84.3941570734778, 33.7753266708032], [-84.3941859010045, 33.7754073552182], [-84.3941873458608, 33.7754107039962], [-84.3941922681551, 33.7754221143483], [-84.3942597220573, 33.7756032130694], [-84.3943103352412, 33.775739099705], [-84.3943305929523, 33.7757934860677], [-84.3941643969302, 33.7757914419397], [-84.3941654054144, 33.7757898225164], [-84.3941677355628, 33.7757845660964], [-84.3941689326681, 33.7757807805567], [-84.3941696285727, 33.775772011607], [-84.3941707549466, 33.7757578067038], [-84.3941716348409, 33.7757414436994], [-84.3941720959065, 33.7757328780543], [-84.3941702970538, 33.7757234600057], [-84.3942015451188, 33.7757162216385]]]}, "properties": {"OBJECTID_1": 278, "OBJECTID": null, "Shape_Leng": null, "CreationDate": 1628109913579, "Creator": "wsims6_GTFacilities", "EditDate": 1628109913579, "Editor": "wsims6_GTFacilities", "Shape__Area": 2467.1875, "Shape__Length": 579.4588548740905, "GlobalID": "19269c4c-d2d1-4a90-b18d-a520edc01ff3"}}, {"type": "Feature", "id": 280, "geometry": {"type": "Polygon", "coordinates": [[[-84.3919012302538, 33.7757477613788], [-84.3919010289863, 33.7757430542192], [-84.3919013511614, 33.7757477539449], [-84.3919012302538, 33.7757477613788]]]}, "properties": {"OBJECTID_1": 280, "OBJECTID": null, "Shape_Leng": null, "CreationDate": 1628109913579, "Creator": "wsims6_GTFacilities", "EditDate": 1628109913579, "Editor": "wsims6_GTFacilities", "Shape__Area": 0.0078125, "Shape__Length": 1.2747137761823655, "GlobalID": "a4771c0d-c570-4aa1-992c-b114c8d6f6fb"}}, {"type": "Feature", "id": 282, "geometry": {"type": "Polygon", "coordinates": [[[-84.3942471117543, 33.7754605462389], [-84.3942644416917, 33.7754604069834], [-84.3942701565856, 33.7754616425273], [-84.394347013493, 33.7756964866784], [-84.3943417612651, 33.7756995475594], [-84.3943221682657, 33.7757062360945], [-84.394248112903, 33.7755096438699], [-84.3942319114953, 33.7754649599052], [-84.3942471117543, 33.7754605462389]]]}, "properties": {"OBJECTID_1": 282, "OBJECTID": null, "Shape_Leng": null, "CreationDate": 1628109913579, "Creator": "wsims6_GTFacilities", "EditDate": 1628109913579, "Editor": "wsims6_GTFacilities", "Shape__Area": 122.25, "Shape__Length": 73.8835046078539, "GlobalID": "d9f5418b-9da5-40d8-8016-9c52ca355870"}}, {"type": "Feature", "id": 285, "geometry": {"type": "Polygon", "coordinates": [[[-84.3924782926746, 33.7753907507308], [-84.3924781295601, 33.7753824900901], [-84.3926334900468, 33.7755136963932], [-84.3925747007615, 33.7754715408712], [-84.3924782926746, 33.7753907507308]]]}, "properties": {"OBJECTID_1": 285, "OBJECTID": null, "Shape_Leng": null, "CreationDate": 1628109913579, "Creator": "wsims6_GTFacilities", "EditDate": 1628109913579, "Editor": "wsims6_GTFacilities", "Shape__Area": 14.515625, "Shape__Length": 49.64379710435786, "GlobalID": "c12d50b9-e657-4441-99bc-1571ef3201ff"}}, {"type": "Feature", "id": 286, "geometry": {"type": "Polygon", "coordinates": [[[-84.3918897655832, 33.7754798581067], [-84.3918908388028, 33.7754798561481], [-84.3918909570124, 33.7755076989577], [-84.3918897655832, 33.7754798581067]]]}, "properties": {"OBJECTID_1": 286, "OBJECTID": null, "Shape_Leng": null, "CreationDate": 1628109913579, "Creator": "wsims6_GTFacilities", "EditDate": 1628109913579, "Editor": "wsims6_GTFacilities", "Shape__Area": 0.22265625, "Shape__Length": 7.579154918973476, "GlobalID": "d126d68b-20cd-4bba-ad7d-f6edbffb0f50"}}, {"type": "Feature", "id": 287, "geometry": {"type": "Polygon", "coordinates": [[[-84.3942271313499, 33.7754517784476], [-84.3942133812913, 33.77540928909], [-84.3942492128113, 33.7753976494093], [-84.3942656850368, 33.7754479799213], [-84.3942420636993, 33.7754477196252], [-84.3942271313499, 33.7754517784476]]]}, "properties": {"OBJECTID_1": 287, "OBJECTID": null, "Shape_Leng": null, "CreationDate": 1628109913579, "Creator": "wsims6_GTFacilities", "EditDate": 1628109913579, "Editor": "wsims6_GTFacilities", "Shape__Area": 26.7265625, "Shape__Length": 21.53906257263511, "GlobalID": "b506dcd2-ae00-440c-9906-4f59482f60f9"}}, {"type": "Feature", "id": 288, "geometry": {"type": "Polygon", "coordinates": [[[-84.3924594771769, 33.7753711733158], [-84.3924381449219, 33.7753487215261], [-84.3924594189817, 33.7753666877017], [-84.3924594771769, 33.7753711733158]]]}, "properties": {"OBJECTID_1": 288, "OBJECTID": null, "Shape_Leng": null, "CreationDate": 1628109913579, "Creator": "wsims6_GTFacilities", "EditDate": 1628109913579, "Editor": "wsims6_GTFacilities", "Shape__Area": 0.703125, "Shape__Length": 7.8082502114438235, "GlobalID": "291f1801-08e7-4b39-a216-67ca94ad7455"}}, {"type": "Feature", "id": 289, "geometry": {"type": "Polygon", "coordinates": [[[-84.3942095417878, 33.7753010356741], [-84.3942146302182, 33.7752919764075], [-84.3942204449583, 33.7753097453688], [-84.3942095417878, 33.7753010356741]]]}, "properties": {"OBJECTID_1": 289, "OBJECTID": null, "Shape_Leng": null, "CreationDate": 1628109913579, "Creator": "wsims6_GTFacilities", "EditDate": 1628109913579, "Editor": "wsims6_GTFacilities", "Shape__Area": 1.07421875, "Shape__Length": 5.48843985384592, "GlobalID": "e3ea1f2c-663c-4692-b898-93afb338d67f"}}, {"type": "Feature", "id": 290, "geometry": {"type": "Polygon", "coordinates": [[[-84.394191201906, 33.7752944675886], [-84.3941816569879, 33.7752935123025], [-84.39417487859, 33.7752939061975], [-84.3941598345852, 33.7752455025753], [-84.3941359053659, 33.7751830630759], [-84.3940255401032, 33.7748378839889], [-84.3939896635938, 33.7747179536636], [-84.3939856731804, 33.7747045137693], [-84.3939846748426, 33.7747005690754], [-84.394018644951, 33.774693108442], [-84.3941892454606, 33.7752144062695], [-84.3941888798855, 33.7752157990947], [-84.3941933323468, 33.7752275601544], [-84.3941936135822, 33.7752277543928], [-84.3942068812274, 33.7752682970743], [-84.394202477746, 33.7752771062217], [-84.394191201906, 33.7752944675886]]]}, "properties": {"OBJECTID_1": 290, "OBJECTID": null, "Shape_Leng": null, "CreationDate": 1628109913579, "Creator": "wsims6_GTFacilities", "EditDate": 1628109913579, "Editor": "wsims6_GTFacilities", "Shape__Area": 358.8125, "Shape__Length": 171.76461586096102, "GlobalID": "62792b42-e632-4f2e-b4e4-e81fd9612465"}}, {"type": "Feature", "id": 291, "geometry": {"type": "Polygon", "coordinates": [[[-84.3920828581465, 33.7752269978144], [-84.3920906327981, 33.7752264840981], [-84.3920982569591, 33.7752278740445], [-84.3921050868037, 33.7752310434999], [-84.3921133142916, 33.775236469041], [-84.392119221387, 33.7752414371746], [-84.3921234307722, 33.775247480474], [-84.3921256715265, 33.7752542189371], [-84.3921256457061, 33.7752682676305], [-84.392120872705, 33.7752782946099], [-84.392109461251, 33.7752864997551], [-84.3920928144122, 33.7752914396609], [-84.3920770084256, 33.7752901070362], [-84.3920679369417, 33.7752881066083], [-84.3920601203693, 33.7752808607792], [-84.3920542199985, 33.7752726881579], [-84.3920515810516, 33.7752631444784], [-84.3920535067751, 33.7752497748662], [-84.3920606625034, 33.7752380312996], [-84.3920755904173, 33.7752293680084], [-84.3920828581465, 33.7752269978144]]]}, "properties": {"OBJECTID_1": 291, "OBJECTID": null, "Shape_Leng": null, "CreationDate": 1628109913579, "Creator": "wsims6_GTFacilities", "EditDate": 1628109913579, "Editor": "wsims6_GTFacilities", "Shape__Area": 55.9375, "Shape__Length": 26.72332802344405, "GlobalID": "b7c96b24-c449-4636-a5c0-75789c6e257b"}}, {"type": "Feature", "id": 295, "geometry": {"type": "Polygon", "coordinates": [[[-84.3938937039082, 33.7743777782139], [-84.3939139848416, 33.7743733011345], [-84.3940128498937, 33.774675401647], [-84.393979304098, 33.7746824485404], [-84.393969893183, 33.7746512596826], [-84.3939659070803, 33.7746378143696], [-84.3939501228126, 33.7745845693042], [-84.3939461367138, 33.7745711230886], [-84.3939307830368, 33.7745177906685], [-84.3939271368617, 33.7745042743991], [-84.3939127058653, 33.7744507608481], [-84.3939090607851, 33.7744372481826], [-84.3938937039082, 33.7743777782139]]]}, "properties": {"OBJECTID_1": 295, "OBJECTID": null, "Shape_Leng": null, "CreationDate": 1628109913579, "Creator": "wsims6_GTFacilities", "EditDate": 1628109913579, "Editor": "wsims6_GTFacilities", "Shape__Area": 135.7265625, "Shape__Length": 90.01846329389714, "GlobalID": "cc9511ba-7c95-4de8-b151-7f60ed0b3808"}}, {"type": "Feature", "id": 297, "geometry": {"type": "Polygon", "coordinates": [[[-84.3938691803823, 33.7742892242841], [-84.3938856095307, 33.7742865954748], [-84.3939076978376, 33.7743540903814], [-84.3938875838979, 33.7743576123023], [-84.3938765537836, 33.7743167075044], [-84.3938729119468, 33.7743031921265], [-84.3938691803823, 33.7742892242841]]]}, "properties": {"OBJECTID_1": 297, "OBJECTID": null, "Shape_Leng": null, "CreationDate": 1628109913579, "Creator": "wsims6_GTFacilities", "EditDate": 1628109913579, "Editor": "wsims6_GTFacilities", "Shape__Area": 19.44921875, "Shape__Length": 22.90303348126884, "GlobalID": "f8c30381-bfcc-46f6-b4c2-8426254c77ba"}}, {"type": "Feature", "id": 298, "geometry": {"type": "Polygon", "coordinates": [[[-84.3918630978602, 33.7739323789577], [-84.3918604635954, 33.7739320285134], [-84.3918557324451, 33.7739320371462], [-84.391823529958, 33.7739320949987], [-84.3918234885446, 33.7739311221911], [-84.3918606719175, 33.7739311814814], [-84.3918630978602, 33.7739323789577]]]}, "properties": {"OBJECTID_1": 298, "OBJECTID": null, "Shape_Leng": null, "CreationDate": 1628109913579, "Creator": "wsims6_GTFacilities", "EditDate": 1628109913579, "Editor": "wsims6_GTFacilities", "Shape__Area": 0.51953125, "Shape__Length": 8.992103030532357, "GlobalID": "24671b90-84e0-444e-a52c-ff7df87660fc"}}, {"type": "Feature", "id": 299, "geometry": {"type": "Polygon", "coordinates": [[[-84.3959695730123, 33.7824682495134], [-84.3959643135148, 33.7824496717458], [-84.3959656733808, 33.7824267303091], [-84.3959731870137, 33.7824025908642], [-84.3959873400306, 33.7823816038765], [-84.3960100052797, 33.7823558538732], [-84.3960283970159, 33.7823257622431], [-84.3960340346065, 33.7823083498947], [-84.3960339449925, 33.7822747328948], [-84.3960318421868, 33.7822243326929], [-84.396032524772, 33.7821531009715], [-84.3960358441335, 33.7818064044553], [-84.3960356540405, 33.7817650686021], [-84.3960348616023, 33.7816808603456], [-84.3960329805107, 33.7816127657199], [-84.3960328812539, 33.7816091511841], [-84.3960327618095, 33.7816048496273], [-84.3960287174638, 33.7815953185745], [-84.3960264483289, 33.781591073309], [-84.396023801528, 33.7815869243205], [-84.3960213130281, 33.781583020287], [-84.3960132906106, 33.7815774774181], [-84.3960049642129, 33.7815717232256], [-84.3959979899015, 33.781568880657], [-84.3959832480972, 33.7815649867707], [-84.3961750876855, 33.78156643974], [-84.3961712890559, 33.7815664522148], [-84.3961628700888, 33.7815664786921], [-84.3961481736747, 33.7815706996036], [-84.3961439126633, 33.7815722430398], [-84.3961400029893, 33.7815743448463], [-84.3961352425926, 33.781576905372], [-84.3961315024927, 33.7815802403221], [-84.3961276305325, 33.7815839325711], [-84.3961253417709, 33.7815873108065], [-84.3961209313495, 33.7815951832107], [-84.396118811957, 33.7816005276327], [-84.396118817631, 33.7816079193602], [-84.3961190184365, 33.7818536920174], [-84.3961200970742, 33.7818581216281], [-84.3961305808453, 33.7822804861023], [-84.3961254078077, 33.782294337872], [-84.3961207066845, 33.7823073980158], [-84.3961207478177, 33.7823228224877], [-84.3961207699652, 33.7823311275565], [-84.3961416709348, 33.782354422524], [-84.3961697764593, 33.7823887186607], [-84.396179602568, 33.7824142306409], [-84.3961902178548, 33.7824429230796], [-84.39618977337, 33.7824539979871], [-84.3961888612137, 33.7824670510857], [-84.3961855705392, 33.7824761539658], [-84.3961803795641, 33.7824832821573], [-84.3961728216746, 33.7824908105757], [-84.3961373685109, 33.7825169793124], [-84.3961174606181, 33.782531636606], [-84.3960298827151, 33.7825278573994], [-84.3959966657241, 33.7825041894779], [-84.3959833700691, 33.7824915586093], [-84.3959695730123, 33.7824682495134]], [[-84.3960930497918, 33.7824154194739], [-84.3960812014955, 33.7824126734325], [-84.3960641548368, 33.7824142866194], [-84.3960518567922, 33.7824202423459], [-84.3960457230567, 33.7824289546824], [-84.3960433877718, 33.7824412187755], [-84.3960453070177, 33.7824507068908], [-84.3960519590647, 33.7824586047121], [-84.396058604786, 33.7824641293987], [-84.3960732961139, 33.7824676618067], [-84.396089395809, 33.7824660494774], [-84.3961026376916, 33.782458510496], [-84.3961082973979, 33.7824497990382], [-84.3961092138101, 33.7824379325053], [-84.3961087165827, 33.7824292324952], [-84.3961025353966, 33.78242014813], [-84.3960930497918, 33.7824154194739]]]}, "properties": {"OBJECTID_1": 299, "OBJECTID": null, "Shape_Leng": null, "CreationDate": 1628109913579, "Creator": "wsims6_GTFacilities", "EditDate": 1628109913579, "Editor": "wsims6_GTFacilities", "Shape__Area": 1512.1171875, "Shape__Length": 329.74698238298237, "GlobalID": "476dca64-3ca2-4926-8606-4683f0540b97"}}, {"type": "Feature", "id": 300, "geometry": {"type": "Polygon", "coordinates": [[[-84.3904683768517, 33.7752170912102], [-84.3904178571484, 33.7749863805204], [-84.3903829076466, 33.7748332152511], [-84.3903455636061, 33.7746564057651], [-84.3903159095324, 33.7745175058336], [-84.3902887039392, 33.7743817951085], [-84.3902690642777, 33.7742732807385], [-84.3902526737667, 33.7741723722283], [-84.3902396406652, 33.7740820971332], [-84.390224144543, 33.7739771620183], [-84.3902174249034, 33.7739215800917], [-84.3906231813465, 33.7739288808756], [-84.3906242487981, 33.7739884953089], [-84.3906245082606, 33.7739977539089], [-84.3906298063535, 33.7740774512878], [-84.3906369310426, 33.7741570551852], [-84.3906458844126, 33.7742365349409], [-84.39065666207, 33.7743158599063], [-84.3906692574547, 33.7743949967317], [-84.3906836672647, 33.7744739192745], [-84.3907180244811, 33.77463582526], [-84.3907694784882, 33.7748701813264], [-84.3908200080339, 33.7750989469924], [-84.3908704236779, 33.7753286469475], [-84.3909218531501, 33.7755603088294], [-84.3909464797069, 33.7756691187661], [-84.3909711063362, 33.7757779323023], [-84.3909955063755, 33.7758867787029], [-84.3910122367368, 33.7759622724933], [-84.3910288592089, 33.776037786313], [-84.3910453629853, 33.7761133165749], [-84.3910619814473, 33.7761901684474], [-84.3910784822935, 33.7762670367603], [-84.3910950090755, 33.7763439023178], [-84.3911106342713, 33.7764157788665], [-84.391126280008, 33.776487655375], [-84.3911416580968, 33.7765595684336], [-84.3911570773435, 33.7766331765206], [-84.3911658283087, 33.7766757537511], [-84.3907855518757, 33.7766704435426], [-84.3907662230635, 33.7765735302895], [-84.3907402141988, 33.7764546775348], [-84.3907130535689, 33.7763342489717], [-84.3906867048946, 33.7762137954832], [-84.3906603409711, 33.7760961659894], [-84.3906330183631, 33.775971907476], [-84.3906074514318, 33.7758571897583], [-84.3905796996642, 33.7757322584723], [-84.3905528846961, 33.7756104686382], [-84.3905244636946, 33.7754826397361], [-84.3905189628749, 33.7754578353379], [-84.3904683768517, 33.7752170912102]]]}, "properties": {"OBJECTID_1": 300, "OBJECTID": null, "Shape_Leng": null, "CreationDate": 1628109913579, "Creator": "wsims6_GTFacilities", "EditDate": 1628109913579, "Editor": "wsims6_GTFacilities", "Shape__Area": 15592.984375, "Shape__Length": 834.2129109683508, "GlobalID": "e35ea990-be0d-4cf0-9aa1-83de349fddb9"}}, {"type": "Feature", "id": 301, "geometry": {"type": "Polygon", "coordinates": [[[-84.3901394841924, 33.775291953609], [-84.3901135190222, 33.7751919397422], [-84.3900702459349, 33.7749823685539], [-84.3900473292867, 33.7748775036686], [-84.3900221048712, 33.7747674467304], [-84.3900072726224, 33.7747040134646], [-84.3899724098655, 33.7745460862859], [-84.3899551387682, 33.7744568872921], [-84.3899329480563, 33.7743237587622], [-84.389927830646, 33.7742930784704], [-84.3899227153894, 33.7742623945678], [-84.3899177793241, 33.7742316950126], [-84.3899129742896, 33.7741998952038], [-84.3899083635453, 33.7741680734035], [-84.3899037862675, 33.7741362488374], [-84.3898994935538, 33.7741067382985], [-84.3898952278188, 33.774077221399], [-84.3898910711134, 33.7740476961871], [-84.3898871355758, 33.7740189378813], [-84.3898833004277, 33.7739901703771], [-84.3898796056054, 33.773961389094], [-84.3898740597479, 33.7739153607399], [-84.3902084706631, 33.7739214159803], [-84.390221748995, 33.7740304738647], [-84.3902320546833, 33.7741389997457], [-84.3902360884334, 33.7741652025783], [-84.3902597420516, 33.7742736186166], [-84.3902771481868, 33.7743739608493], [-84.3902920424761, 33.7744470894434], [-84.3903167168969, 33.7745697650541], [-84.3903275065351, 33.7746147451759], [-84.3903538618761, 33.7747410586022], [-84.3903940059628, 33.7749200756624], [-84.3904309388479, 33.7750889919039], [-84.3904611377004, 33.7752175966401], [-84.3904772186136, 33.7752976783962], [-84.3905149031969, 33.7754748568826], [-84.3905519723742, 33.7756407784367], [-84.3905824941981, 33.7757829857743], [-84.3906108895188, 33.7759070971903], [-84.3906506489783, 33.7760885024041], [-84.3906907382198, 33.7762650452915], [-84.3907200880114, 33.7763956711804], [-84.390727149832, 33.7764269628245], [-84.3907342148922, 33.7764582526589], [-84.3907412497397, 33.7764895479575], [-84.3907467238765, 33.7765140061553], [-84.3907521785864, 33.7765384661914], [-84.3907576225093, 33.7765629289517], [-84.3907618123794, 33.7765818073515], [-84.3907659914613, 33.7766006884757], [-84.390770170538, 33.7766195668947], [-84.3907799187844, 33.7766703654105], [-84.3904431414813, 33.7766656613016], [-84.3904260058682, 33.7765865696825], [-84.390370582141, 33.7763420239484], [-84.390317943546, 33.7760930000345], [-84.3902646209077, 33.7758565139012], [-84.3902223574411, 33.7756543200843], [-84.3901825301925, 33.7754871284889], [-84.3901582642824, 33.7753837574102], [-84.3901394841924, 33.775291953609]]]}, "properties": {"OBJECTID_1": 301, "OBJECTID": null, "Shape_Leng": null, "CreationDate": 1628109913579, "Creator": "wsims6_GTFacilities", "EditDate": 1628109913579, "Editor": "wsims6_GTFacilities", "Shape__Area": 13771.03515625, "Shape__Length": 822.3203099090936, "GlobalID": "42a1afb9-09ba-441b-8ff5-72b07a3973b1"}}, {"type": "Feature", "id": 302, "geometry": {"type": "Polygon", "coordinates": [[[-84.3898399284745, 33.7729720863337], [-84.3898419565207, 33.7727869499019], [-84.3898403914451, 33.772654287141], [-84.3898429471469, 33.7725319138014], [-84.3898432426563, 33.7724226924486], [-84.3898438515955, 33.77232234189], [-84.3898454776978, 33.7721258489454], [-84.3898427449452, 33.7717468630059], [-84.3898416645854, 33.7715816902474], [-84.389839246725, 33.7715248580209], [-84.3898383755966, 33.7714820247666], [-84.3898344619505, 33.7713575478239], [-84.3898617055342, 33.771358251439], [-84.3900375127281, 33.7713636714986], [-84.3902051555735, 33.7713690736357], [-84.3902862161815, 33.7713712999417], [-84.3902833749611, 33.7714151001798], [-84.3902696968506, 33.7715601522404], [-84.3902597096514, 33.7716959114856], [-84.3902480056192, 33.7718785832335], [-84.3902343962594, 33.7720476605987], [-84.3902259523725, 33.7721794876317], [-84.390216204699, 33.7723073389304], [-84.3902084523521, 33.7724219386261], [-84.39019840617, 33.7725450360437], [-84.3901925512643, 33.7726473589991], [-84.3901824728803, 33.7727622315924], [-84.3901748714429, 33.772870116396], [-84.3901700341132, 33.7729497915908], [-84.3901676705053, 33.7730407708337], [-84.3901654930832, 33.7731261162116], [-84.3901653782632, 33.7732037261808], [-84.3901673319596, 33.7732995764445], [-84.3901707242227, 33.7734030773298], [-84.3901754968226, 33.7735200752578], [-84.3901841572311, 33.7736590574513], [-84.3901920209473, 33.7737461040868], [-84.3902049634024, 33.7738925586284], [-84.3902084727733, 33.7739213970418], [-84.3898740651416, 33.7739153589269], [-84.389872316086, 33.7739003829346], [-84.3898688596955, 33.7738698646366], [-84.3898653580587, 33.773838967726], [-84.3898619632961, 33.7738080643103], [-84.3898589809023, 33.773777133099], [-84.3898569406924, 33.7737506354131], [-84.3898551973526, 33.7737241209604], [-84.3898534561663, 33.7736976037988], [-84.3898520598984, 33.7736617025137], [-84.3898508933021, 33.7736065315931], [-84.3898486679794, 33.7735361228525], [-84.3898458380665, 33.7734411568892], [-84.3898421707135, 33.7733113606915], [-84.3898395844111, 33.7731387845223], [-84.3898399284745, 33.7729720863337]]]}, "properties": {"OBJECTID_1": 302, "OBJECTID": null, "Shape_Leng": null, "CreationDate": 1628109913579, "Creator": "wsims6_GTFacilities", "EditDate": 1628109913579, "Editor": "wsims6_GTFacilities", "Shape__Area": 13848.33984375, "Shape__Length": 772.2841336191774, "GlobalID": "baf83c38-02bf-44ff-a889-1e0f067cb701"}}, {"type": "Feature", "id": 303, "geometry": {"type": "Polygon", "coordinates": [[[-84.3901787523498, 33.7729618074568], [-84.3901830961407, 33.7728754329737], [-84.3901896692303, 33.7727935509944], [-84.3902092457587, 33.7725436891777], [-84.3902354964048, 33.7721964628938], [-84.3902422029416, 33.7721036454146], [-84.3902637798572, 33.7717856510411], [-84.3902805723036, 33.7715597754818], [-84.3902910631208, 33.7714088504176], [-84.3902944912207, 33.7713715274928], [-84.390375624174, 33.7713737554123], [-84.3905255884361, 33.771377754627], [-84.3906021418032, 33.7713800916891], [-84.3906067665149, 33.7713819686542], [-84.3906113923135, 33.7713838483222], [-84.3906154494383, 33.7713862591938], [-84.3906178112697, 33.7713885775663], [-84.3906198747804, 33.7713911814024], [-84.3906219350477, 33.7713937834411], [-84.3906221554235, 33.7714000567428], [-84.390608159591, 33.77156178639], [-84.3906017033872, 33.7716543807338], [-84.3906011879428, 33.7716625082672], [-84.390585106483, 33.7718563297143], [-84.3905594217538, 33.7721864407881], [-84.3905387924499, 33.772432107388], [-84.3905209227305, 33.772720559609], [-84.3905164316698, 33.7727867066935], [-84.390509424223, 33.772907782521], [-84.3905069358717, 33.7730025516431], [-84.3905035948854, 33.7731173687559], [-84.3905036446981, 33.7731996291511], [-84.3905055403966, 33.7733452714824], [-84.3905076530718, 33.7734199037578], [-84.3905166686753, 33.7735906423941], [-84.3905187364873, 33.7735940504973], [-84.3905232917886, 33.7735945174057], [-84.3905265509689, 33.7735931292604], [-84.3905264185795, 33.7735912116853], [-84.390526371282, 33.7735904615961], [-84.3905223931824, 33.7734997472226], [-84.3905178679243, 33.7734008179805], [-84.3905135495637, 33.7732930124919], [-84.3905129167254, 33.7731978856692], [-84.3905143749665, 33.7731142871911], [-84.3905204388089, 33.7730583962626], [-84.390522351735, 33.7729839893079], [-84.390532241243, 33.7727829623063], [-84.3905426781534, 33.7726305234739], [-84.3905572993238, 33.7724534078244], [-84.3906303525989, 33.7724015041735], [-84.3906295748102, 33.7725237471701], [-84.3906280191606, 33.7727706964717], [-84.3906255684382, 33.7730404601043], [-84.3906235823054, 33.7732688595631], [-84.3906225634739, 33.7735324974522], [-84.3906193566766, 33.7738137747246], [-84.3906225788625, 33.7739288729524], [-84.3902173870585, 33.7739215585205], [-84.3902128261765, 33.7738840300805], [-84.3902040572261, 33.7737897520302], [-84.3901946921717, 33.7736858580301], [-84.3901878325699, 33.7735942418027], [-84.3901832799315, 33.7735166366852], [-84.3901798547263, 33.7734341353537], [-84.3901768921369, 33.7733464243353], [-84.3901759555306, 33.7732647290802], [-84.3901745164666, 33.7731945172819], [-84.3901751942069, 33.7731108318585], [-84.3901768610455, 33.7730367553597], [-84.3901787523498, 33.7729618074568]]]}, "properties": {"OBJECTID_1": 303, "OBJECTID": null, "Shape_Leng": null, "CreationDate": 1628109913579, "Creator": "wsims6_GTFacilities", "EditDate": 1628109913579, "Editor": "wsims6_GTFacilities", "Shape__Area": 14566.515625, "Shape__Length": 1088.481011149103, "GlobalID": "5849d62c-6988-4857-b84a-0b9dedd0863a"}}, {"type": "Feature", "id": 304, "geometry": {"type": "Polygon", "coordinates": [[[-84.3908291837602, 33.7713817082476], [-84.3908134208821, 33.7713829649276], [-84.3907980343343, 33.7713861152952], [-84.3907833543258, 33.7713910965367], [-84.3907696850345, 33.7713977999018], [-84.3907573132914, 33.7714060887204], [-84.3907465020675, 33.7714157848897], [-84.3907374775654, 33.771426686931], [-84.3907304302844, 33.7714385645771], [-84.3907255107279, 33.7714511686991], [-84.3907228451076, 33.7714640428315], [-84.3907224885053, 33.7714937854045], [-84.390717607641, 33.77241138751], [-84.3906371009127, 33.7724012475793], [-84.3906303913939, 33.7724014761518], [-84.3905572993238, 33.7724534078244], [-84.390592413584, 33.7719679618278], [-84.3906335887588, 33.7714522723604], [-84.3906341764768, 33.7714138311215], [-84.390633390672, 33.7714101664264], [-84.3906325446157, 33.7714065820877], [-84.3906284707497, 33.7714027168807], [-84.3906221554235, 33.7714000567428], [-84.3906219350477, 33.7713937834411], [-84.3906198747804, 33.7713911814024], [-84.3906178112697, 33.7713885775663], [-84.3906154494383, 33.7713862591938], [-84.3906113923135, 33.7713838483222], [-84.3906067665149, 33.7713819686542], [-84.3906021418032, 33.7713800916891], [-84.3897308128107, 33.7713548688448], [-84.3897353483407, 33.7711636074128], [-84.3906490116726, 33.771192562893], [-84.390694342048, 33.7711914058484], [-84.3907615087583, 33.7712198600005], [-84.3908291837602, 33.7713817082476]]]}, "properties": {"OBJECTID_1": 304, "OBJECTID": null, "Shape_Leng": null, "CreationDate": 1628109913579, "Creator": "wsims6_GTFacilities", "EditDate": 1628109913579, "Editor": "wsims6_GTFacilities", "Shape__Area": 4896.92578125, "Shape__Length": 571.625722478511, "GlobalID": "0fe9d326-229f-479f-bb83-c09eca34f848"}}, {"type": "Feature", "id": 305, "geometry": {"type": "Polygon", "coordinates": [[[-84.3939393530023, 33.7713751924332], [-84.3926348911315, 33.7713677353058], [-84.3922192784498, 33.7713640846653], [-84.3918922664048, 33.7713728553417], [-84.390996262675, 33.7713803154772], [-84.3908291985052, 33.7713823952804], [-84.3907613162181, 33.7712205501146], [-84.3909720781087, 33.7712181718927], [-84.3913233412612, 33.7712141472916], [-84.3916495540737, 33.7712120806658], [-84.3917540569492, 33.7712101607514], [-84.3919277291175, 33.7712109024335], [-84.3919395954666, 33.771209635592], [-84.3919510898244, 33.771206905144], [-84.3922672058206, 33.7711995256447], [-84.3922932258362, 33.7712021767269], [-84.3924725553067, 33.7712029009884], [-84.3927449220998, 33.7712051289693], [-84.392885325681, 33.7712057679428], [-84.3929071479734, 33.7712075718226], [-84.3930305502023, 33.7712217133921], [-84.3931906326384, 33.7712391948673], [-84.3933812528867, 33.7712623590632], [-84.393420870595, 33.7712648009913], [-84.3934592929867, 33.7712671873975], [-84.3935259283693, 33.7712673642806], [-84.3935982147961, 33.7712651431601], [-84.39364579765, 33.7712632938303], [-84.3936546762865, 33.7712631404502], [-84.3937726780681, 33.7712690077236], [-84.3937822123625, 33.7712706086461], [-84.3937983147974, 33.7712720387895], [-84.3939390853285, 33.7712713585738], [-84.3939393530023, 33.7713751924332]]]}, "properties": {"OBJECTID_1": 305, "OBJECTID": null, "Shape_Leng": null, "CreationDate": 1628109913579, "Creator": "wsims6_GTFacilities", "EditDate": 1628109913579, "Editor": "wsims6_GTFacilities", "Shape__Area": 6981.73828125, "Shape__Length": 737.5798757475062, "GlobalID": "bef2d4de-c8b5-4434-9aea-c509d23e5d5b"}}, {"type": "Feature", "id": 306, "geometry": {"type": "Polygon", "coordinates": [[[-84.3960156038343, 33.7713927658776], [-84.3956216458698, 33.7713897841628], [-84.3956134451495, 33.7713906570966], [-84.3954342114874, 33.7713886730204], [-84.3954329152185, 33.7713886999028], [-84.3954295052137, 33.7713875962278], [-84.3949230709891, 33.7713839521584], [-84.3939393555658, 33.771376181628], [-84.3939390851729, 33.7712713585525], [-84.3947990280214, 33.7712758904963], [-84.3948028009456, 33.7712736226576], [-84.3948169934288, 33.7712653667384], [-84.3948292967549, 33.7712552297887], [-84.3948393524962, 33.7712435052756], [-84.3948468713951, 33.7712305329635], [-84.3948481056803, 33.7712352822099], [-84.3949793504416, 33.7712350395205], [-84.3949868370012, 33.7712411724699], [-84.3949891366883, 33.7712485450019], [-84.3949929410536, 33.7712554732249], [-84.3949981333159, 33.7712617487996], [-84.3950045571685, 33.7712671790681], [-84.3950120167786, 33.7712716012418], [-84.3950202866691, 33.7712748794151], [-84.3950291153117, 33.7712769157655], [-84.3950382350085, 33.7712776475673], [-84.3959645085592, 33.7712841591091], [-84.3960156038343, 33.7713927658776]]]}, "properties": {"OBJECTID_1": 306, "OBJECTID": null, "Shape_Leng": null, "CreationDate": 1628109913579, "Creator": "wsims6_GTFacilities", "EditDate": 1628109913579, "Editor": "wsims6_GTFacilities", "Shape__Area": 3376.1875, "Shape__Length": 492.4953891176639, "GlobalID": "fb16f5eb-90b7-4e88-8a7b-c6376aa11f50"}}, {"type": "Feature", "id": 307, "geometry": {"type": "Polygon", "coordinates": [[[-84.3910546775521, 33.7794219380402], [-84.3910529264855, 33.7792427505448], [-84.3910526771179, 33.7791976359461], [-84.3910531650162, 33.7791019247136], [-84.3910534959594, 33.7790445736428], [-84.3910524242037, 33.7789896658936], [-84.3910481287303, 33.7788670003568], [-84.3910438752973, 33.7787579686198], [-84.3910391160818, 33.7786528960522], [-84.3910346004157, 33.7785567484925], [-84.3910263021316, 33.7784352236003], [-84.3910165365415, 33.7782983877153], [-84.3910078624259, 33.778190064587], [-84.3909961228855, 33.77806390063], [-84.3909869910456, 33.7779734012838], [-84.3909730568346, 33.7778432343676], [-84.3909617880099, 33.7777406270082], [-84.3909493670096, 33.7776458408668], [-84.3909291354491, 33.7774947706608], [-84.3909100683214, 33.777361263417], [-84.3908972448623, 33.7772760715744], [-84.3908851591054, 33.777204227349], [-84.3912615346005, 33.7772095001633], [-84.3912631732047, 33.7772196831454], [-84.391271921209, 33.7772743208685], [-84.391280413406, 33.7773289879089], [-84.3912886036432, 33.7773842037023], [-84.3912965348259, 33.7774394461141], [-84.3913043537608, 33.7774947013524], [-84.3913124567745, 33.7775516493751], [-84.3913204378115, 33.7776086057336], [-84.3913279719613, 33.7776656043806], [-84.3913352157124, 33.7777250993282], [-84.3913419737097, 33.7777846384385], [-84.3913483063769, 33.7778442062734], [-84.3913532461201, 33.7778946465149], [-84.3913578803555, 33.7779451062467], [-84.3913625437516, 33.7779955668265], [-84.3913683636751, 33.7780555864178], [-84.3913742203155, 33.7781156050398], [-84.3913797876409, 33.7781756413191], [-84.3913841849749, 33.7782275747782], [-84.3913883620936, 33.7782795257692], [-84.3913925791511, 33.7783314703753], [-84.3913954257652, 33.7783642961432], [-84.3913982864228, 33.7783971236885], [-84.3914008469469, 33.7784299635016], [-84.3914024915682, 33.7784535982144], [-84.3914039818025, 33.7784772386181], [-84.3914051265504, 33.7785008904706], [-84.3914056923282, 33.7785211468546], [-84.3914060087014, 33.7785414091026], [-84.3914063250725, 33.7785616704489], [-84.3914088281891, 33.7786808462427], [-84.3914083880736, 33.7788955808559], [-84.3914075533432, 33.7790559609993], [-84.3914068939743, 33.7792347020573], [-84.3914041826488, 33.779393434685], [-84.3914033113755, 33.7795100577202], [-84.3913972686151, 33.779727768942], [-84.3913971929449, 33.7797529558203], [-84.3913771620581, 33.7802485959905], [-84.391376950767, 33.7802487271148], [-84.3913761238887, 33.7804563781007], [-84.3913765496374, 33.7806268535049], [-84.3913765546039, 33.7806299957519], [-84.3913759768702, 33.7807755170651], [-84.3913777557296, 33.7809588682863], [-84.391377398304, 33.7811424406901], [-84.3913782339537, 33.7813536853065], [-84.391045403428, 33.7813531972317], [-84.3910457463297, 33.7813004301565], [-84.3910452784729, 33.7811880942397], [-84.3910470265624, 33.7809545290386], [-84.3910483130802, 33.7807083478565], [-84.3910495040149, 33.780454498291], [-84.3910503445133, 33.7802103601411], [-84.3910525018972, 33.7799056051467], [-84.3910536451821, 33.7797771717908], [-84.3910546748902, 33.7796610840551], [-84.3910546775521, 33.7794219380402]]]}, "properties": {"OBJECTID_1": 307, "OBJECTID": null, "Shape_Leng": null, "CreationDate": 1628109913579, "Creator": "wsims6_GTFacilities", "EditDate": 1628109913579, "Editor": "wsims6_GTFacilities", "Shape__Area": 21773.94140625, "Shape__Length": 1191.3526408739015, "GlobalID": "6a1c79f2-9f3d-478c-8beb-54ed10973a81"}}, {"type": "Feature", "id": 308, "geometry": {"type": "Polygon", "coordinates": [[[-84.3906236468914, 33.7791920938182], [-84.3906258982196, 33.7791315411043], [-84.3906253428077, 33.7788878445401], [-84.3906276074288, 33.7786374093116], [-84.3906250766685, 33.7784138456933], [-84.3906260388627, 33.7782624682991], [-84.3906265104053, 33.7781565557916], [-84.3906269112039, 33.7780363215697], [-84.3906284311243, 33.7779486475767], [-84.390626642318, 33.7778720131033], [-84.3906258538518, 33.7777839555868], [-84.3906181117245, 33.7776912581635], [-84.3906095887409, 33.777630836792], [-84.3905995362783, 33.7775631328457], [-84.3905905072811, 33.7775003572745], [-84.3905769423143, 33.7774072691743], [-84.3905479869449, 33.7772257695397], [-84.39054348294, 33.7771994395494], [-84.3908774906234, 33.77720412046], [-84.3908842868008, 33.7772452982876], [-84.3908905769494, 33.777284955045], [-84.3908968671039, 33.7773246118019], [-84.3909030093847, 33.7773642850566], [-84.3909079332402, 33.7773971368214], [-84.3909127545542, 33.7774299995921], [-84.3909174873582, 33.7774628715397], [-84.3909232329819, 33.7775032136374], [-84.3909288404347, 33.7775435668056], [-84.3909341391693, 33.7775839502887], [-84.3909375340132, 33.777612191076], [-84.3909407734048, 33.7776404420638], [-84.3909441045635, 33.7776686883763], [-84.390947566961, 33.7776963321465], [-84.3909511211163, 33.7777239676348], [-84.3909546709527, 33.7777516022292], [-84.3909716300835, 33.7778956815525], [-84.3909839559767, 33.7780198193391], [-84.3909876453725, 33.7780550059148], [-84.3909913369332, 33.7780901933879], [-84.3909948158253, 33.778125394772], [-84.3909974347293, 33.7781541833667], [-84.3909999122184, 33.7781829830381], [-84.3910022871418, 33.7782117856007], [-84.3910045176749, 33.7782402863722], [-84.3910066456562, 33.7782687954449], [-84.3910087768711, 33.7782973018065], [-84.3910147438759, 33.7783831769168], [-84.3910228794436, 33.7784882685981], [-84.391023248057, 33.7784971275601], [-84.3910236199191, 33.7785059901228], [-84.3910240155284, 33.7785148499373], [-84.3910259115764, 33.778546747838], [-84.3910281412338, 33.7785786334105], [-84.3910299940977, 33.778610532291], [-84.3910307812824, 33.778630845078], [-84.3910314205598, 33.7786511644455], [-84.3910320587579, 33.7786714838148], [-84.3910360822843, 33.7787656450268], [-84.3910404457155, 33.7788361156169], [-84.3910410701079, 33.7788482398966], [-84.3910416945005, 33.7788603641761], [-84.3910422681455, 33.778872488548], [-84.3910432437694, 33.7788979845882], [-84.3910439915921, 33.7789234900591], [-84.3910445936478, 33.7789489948932], [-84.3910450081566, 33.7789725552051], [-84.3910452995727, 33.7789961148391], [-84.3910455877592, 33.7790196780854], [-84.3910460103803, 33.7790504903683], [-84.3910464265327, 33.7790813062695], [-84.3910468394369, 33.7791121185698], [-84.3910472162333, 33.7791406777076], [-84.391047587622, 33.7791692332484], [-84.3910479579407, 33.7791977923977], [-84.3910476175242, 33.779304516136], [-84.3910465523738, 33.7795382830295], [-84.3910454433883, 33.7797771867039], [-84.3910453358846, 33.7798001429535], [-84.3910439438277, 33.7800526458439], [-84.3910410869282, 33.7803454696445], [-84.3910408256494, 33.7806047030894], [-84.3910390986446, 33.7808045365767], [-84.3910373501815, 33.7810238872469], [-84.3910366978854, 33.7812093590637], [-84.3910353606881, 33.7813263814403], [-84.3910351969979, 33.7813530507873], [-84.3907111723712, 33.7813518560364], [-84.3907113102896, 33.7812899538002], [-84.3907109292721, 33.7810855627034], [-84.390714155903, 33.7808318726574], [-84.3907155145585, 33.7805815139886], [-84.3907175525615, 33.7803540325865], [-84.3907192825824, 33.7801086259971], [-84.3907206285425, 33.7798608613742], [-84.3907206324827, 33.7797777768611], [-84.3907206455713, 33.7795650879987], [-84.3907216618797, 33.7794270937523], [-84.3907205098899, 33.779325947639], [-84.3907174084631, 33.7793204099144], [-84.3907104028483, 33.7793207517363], [-84.3907077124958, 33.7793267066212], [-84.3906219367178, 33.7792784472189], [-84.3906236468914, 33.7791920938182]]]}, "properties": {"OBJECTID_1": 308, "OBJECTID": null, "Shape_Leng": null, "CreationDate": 1628109913579, "Creator": "wsims6_GTFacilities", "EditDate": 1628109913579, "Editor": "wsims6_GTFacilities", "Shape__Area": 21699.2265625, "Shape__Length": 1194.1008572022588, "GlobalID": "1ce14057-c54a-4501-a7e4-7bd1d98425ec"}}, {"type": "Feature", "id": 309, "geometry": {"type": "Polygon", "coordinates": [[[-84.3914397501686, 33.7816547398566], [-84.3914427819827, 33.781426038143], [-84.391476446348, 33.7814262434712], [-84.3914795078065, 33.7814261479002], [-84.3914825719599, 33.7814260538226], [-84.3914855858077, 33.7814257656164], [-84.3914898878396, 33.7814248621723], [-84.3914940910568, 33.7814235518051], [-84.3914981253908, 33.7814219830975], [-84.3915040875093, 33.7814189442399], [-84.3915096364028, 33.7814152677448], [-84.3915148493264, 33.7814113194695], [-84.3915242322295, 33.781402725549], [-84.3915322999991, 33.7813930676538], [-84.3915391855858, 33.7813829386223], [-84.3915468015027, 33.7813666295801], [-84.3915516766598, 33.7813492416274], [-84.3915557415365, 33.7813317170344], [-84.3915604406237, 33.7813080333301], [-84.3916693649452, 33.781306554965], [-84.3916707690119, 33.7813158776246], [-84.3916730794789, 33.781331230966], [-84.3916744727659, 33.7813366172905], [-84.3916763134139, 33.7813419102837], [-84.3916785906431, 33.7813470808261], [-84.3916819934614, 33.7813517294608], [-84.3916908616299, 33.7813666288334], [-84.3917007278267, 33.7813810003231], [-84.3917115983399, 33.7813948566231], [-84.391747561494, 33.781435277165], [-84.3917525183978, 33.7814400430186], [-84.3917582954633, 33.7814441204626], [-84.3917647561469, 33.7814474139262], [-84.391771748633, 33.7814498457581], [-84.3917791067335, 33.7814513569733], [-84.3917866561752, 33.7814519132259], [-84.3920161811202, 33.7814539814402], [-84.3926118647648, 33.7814574832182], [-84.3928179311045, 33.7814588451036], [-84.3928333929072, 33.7816303790336], [-84.3923902387062, 33.781649378938], [-84.3922240710398, 33.7816571246439], [-84.3921313559194, 33.7816600425364], [-84.3921135270559, 33.7816623772984], [-84.39209640337, 33.7816671162601], [-84.3920804492905, 33.7816741309981], [-84.3920660996022, 33.7816832296239], [-84.3920537441738, 33.7816941649972], [-84.3920437198735, 33.7817066399522], [-84.3920362997893, 33.7817203147646], [-84.3920316851437, 33.7817348176045], [-84.3920300017008, 33.7817497534962], [-84.3920288240095, 33.781847064455], [-84.3918693937078, 33.7818519587085], [-84.391871007082, 33.7817982212082], [-84.3918696560159, 33.7817469386437], [-84.3918691844003, 33.7817370157283], [-84.3918673419557, 33.7817229728224], [-84.3918627057505, 33.7817093823813], [-84.3918554060405, 33.7816966251946], [-84.3918456476416, 33.7816850596527], [-84.3918337054382, 33.7816750090536], [-84.391819911807, 33.7816667556301], [-84.3918046557185, 33.7816605300963], [-84.3917883629742, 33.781656508661], [-84.3917778616686, 33.7816549362245], [-84.3917639512564, 33.7816544285052], [-84.3916969854452, 33.7816556246321], [-84.3916896048868, 33.7816560808328], [-84.3916825099927, 33.7816578451573], [-84.3916760286479, 33.7816608332345], [-84.3916704537033, 33.7816649106681], [-84.3916660474668, 33.7816698840764], [-84.3916630102628, 33.7816755317057], [-84.3916614831269, 33.7816815884965], [-84.3916615352291, 33.7816877774432], [-84.3916623985101, 33.7817145790341], [-84.3916632617911, 33.7817413836031], [-84.3916638421028, 33.7817681896572], [-84.3916639687653, 33.7817950009293], [-84.391663814255, 33.7818218129396], [-84.3916636076425, 33.7818486279282], [-84.3916635411672, 33.7818582768123], [-84.3915350299793, 33.7818622213337], [-84.3915350200978, 33.7818142374836], [-84.3915350102163, 33.78176625062], [-84.3915340508156, 33.7816836701449], [-84.3915328857007, 33.7816762992576], [-84.3915296023583, 33.781669385317], [-84.391524407401, 33.7816633598844], [-84.3915176143409, 33.78165859031], [-84.3915096516742, 33.7816553782389], [-84.3915010053895, 33.7816539177993], [-84.3914397501686, 33.7816547398566]]]}, "properties": {"OBJECTID_1": 309, "OBJECTID": null, "Shape_Leng": null, "CreationDate": 1628109913579, "Creator": "wsims6_GTFacilities", "EditDate": 1628109913579, "Editor": "wsims6_GTFacilities", "Shape__Area": 5362.55078125, "Shape__Length": 477.26693053896054, "GlobalID": "222d15b2-403b-48b8-add3-d2c94c839a7e"}}, {"type": "Feature", "id": 310, "geometry": {"type": "Polygon", "coordinates": [[[-84.392833393254, 33.7816303792782], [-84.3928179313113, 33.7814588449802], [-84.3928528603421, 33.7814589883425], [-84.3929781591839, 33.781443517098], [-84.3930051543611, 33.7814405128754], [-84.3930197397808, 33.7814396097172], [-84.3930493284225, 33.7814377764813], [-84.3930593201358, 33.781437157651], [-84.3934679736384, 33.7814407703484], [-84.3936783533312, 33.7814424618155], [-84.3938253487459, 33.7814436465775], [-84.3943769289704, 33.7814463438915], [-84.3945936003735, 33.7814479671873], [-84.3948579835707, 33.7814478302224], [-84.3949787385164, 33.7814487086836], [-84.3953182873222, 33.7814469944089], [-84.3956769179656, 33.781449752046], [-84.3956798379197, 33.7815614071374], [-84.3954313404907, 33.7815600701666], [-84.3950931189498, 33.7815587788958], [-84.3948536396549, 33.7815573690671], [-84.3946926537797, 33.7815579804236], [-84.3945344318863, 33.7815597207437], [-84.3943194679249, 33.7815668916078], [-84.3940117601213, 33.7815796005278], [-84.3936886944092, 33.7815951320552], [-84.3934866925101, 33.7816025120512], [-84.3932211354991, 33.7816142813413], [-84.3930066805341, 33.7816225291631], [-84.392833393254, 33.7816303792782]]]}, "properties": {"OBJECTID_1": 310, "OBJECTID": null, "Shape_Leng": null, "CreationDate": 1628109913579, "Creator": "wsims6_GTFacilities", "EditDate": 1628109913579, "Editor": "wsims6_GTFacilities", "Shape__Area": 5737.75, "Shape__Length": 673.5707333838998, "GlobalID": "ff7e1a73-83d1-4aad-92a6-3b559116f621"}}, {"type": "Feature", "id": 311, "geometry": {"type": "Polygon", "coordinates": [[[-84.389140640658, 33.7867289481794], [-84.3880671601817, 33.7867289825231], [-84.3879395571905, 33.7867301457287], [-84.3879292409378, 33.7867320719613], [-84.3879194708608, 33.7867354324157], [-84.3879105326237, 33.7867401277937], [-84.3879026885347, 33.7867460207206], [-84.3878961685623, 33.7867529394776], [-84.3878911631496, 33.7867606794958], [-84.3878878178234, 33.7867690167943], [-84.3878904768367, 33.7868049305554], [-84.3879168917976, 33.7868883475108], [-84.3879153206442, 33.7872757687751], [-84.3878744598752, 33.7873341048593], [-84.3878747554209, 33.7881146298686], [-84.3878749530503, 33.7890747261438], [-84.3877174074141, 33.7890683578049], [-84.387717028325, 33.7886902291787], [-84.387717410109, 33.7886792775274], [-84.387715518257, 33.7886684341294], [-84.3877114111595, 33.7886580230028], [-84.3877052091908, 33.7886483547271], [-84.3876970992004, 33.7886397174842], [-84.3876873219369, 33.7886323681001], [-84.3876761684543, 33.7886265268174], [-84.387663972926, 33.7886223668443], [-84.3876510982714, 33.7886200121144], [-84.3876379271727, 33.7886195342998], [-84.3876248539903, 33.7886209460926], [-84.3875462235552, 33.788621553813], [-84.3874837331508, 33.7886164964442], [-84.3874218104816, 33.7886078718901], [-84.3873607501951, 33.7885957227051], [-84.3871567104547, 33.7885559080376], [-84.3868318122744, 33.7884917949538], [-84.3867133146069, 33.7884749930251], [-84.3865939258107, 33.7884633320889], [-84.3864739692792, 33.7884568442506], [-84.3863537693043, 33.7884555459363], [-84.3860877628774, 33.7884576684823], [-84.3858923757098, 33.7884549374681], [-84.3855317416491, 33.7884582426075], [-84.3854970325431, 33.7884595356956], [-84.3854630771237, 33.7884656539733], [-84.3854308401814, 33.7884764234849], [-84.3853679374503, 33.7884993444352], [-84.3853072742192, 33.788526110298], [-84.3852822237991, 33.788538329672], [-84.3852860793683, 33.7883327271059], [-84.385657716893, 33.7883309450008], [-84.3860293508243, 33.7883331668462], [-84.3863993399404, 33.7883327554763], [-84.3865187961102, 33.7883354596173], [-84.3866378875641, 33.7883436765619], [-84.3867562459926, 33.7883573816711], [-84.3868637491793, 33.788372889787], [-84.3869704825098, 33.7883917149873], [-84.3870762986604, 33.7884138311395], [-84.3873390630675, 33.7884685178796], [-84.3874045754046, 33.7884819280673], [-84.38747082975, 33.7884925273551], [-84.3875376509324, 33.7885002896136], [-84.3876228390691, 33.7885027481223], [-84.3876367126504, 33.7885031273881], [-84.387650470349, 33.788501586434], [-84.3876637276859, 33.7884981678152], [-84.3876761181486, 33.7884929663479], [-84.3876872976823, 33.7884861276162], [-84.3876969545717, 33.7884778405062], [-84.3877048220169, 33.7884683349659], [-84.3877106808292, 33.7884578760334], [-84.3877143675151, 33.788446753384], [-84.3877157805651, 33.7884352768509], [-84.38771669505, 33.7881251373713], [-84.3877245238677, 33.7871754984981], [-84.3877274586638, 33.7867676266225], [-84.3877263124135, 33.7867604726871], [-84.387723729757, 33.7867535823016], [-84.3877197825597, 33.7867471533153], [-84.3877145858057, 33.7867413708856], [-84.3877082895139, 33.7867364007581], [-84.3877010724489, 33.7867323862806], [-84.3876931439182, 33.7867294424298], [-84.3876847302973, 33.7867276543186], [-84.3876760750295, 33.7867270727158], [-84.3876316389657, 33.7867261902324], [-84.3866196131363, 33.7867229970165], [-84.3859591474849, 33.7867201315586], [-84.3854818007092, 33.7867205951983], [-84.3852764449369, 33.7867175513025], [-84.3852812194826, 33.7865775700554], [-84.3855746299157, 33.7865804571696], [-84.3856584059008, 33.7866107229596], [-84.3865336443636, 33.7866128082212], [-84.387596036036, 33.7866144835979], [-84.3876806223015, 33.7866136175387], [-84.3876882840325, 33.7866134144627], [-84.3876957948466, 33.7866121385185], [-84.3877029382498, 33.7866098262896], [-84.3877095085278, 33.7866065442236], [-84.3877153179327, 33.7866023871388], [-84.387720199378, 33.7865974744917], [-84.3877240109297, 33.7865919466435], [-84.3877266447901, 33.7865859633671], [-84.3877280255007, 33.786579696381], [-84.387728111739, 33.7865733256167], [-84.3877295723996, 33.7864886772046], [-84.3877352281927, 33.7858077650454], [-84.3877344682179, 33.785797927714], [-84.3877317732721, 33.78578832855], [-84.3877272152203, 33.7857792281205], [-84.3877209189285, 33.7857708743001], [-84.3877130568731, 33.7857634948053], [-84.3877038410566, 33.7857572897277], [-84.3876935230073, 33.7857524285482], [-84.3876823847961, 33.7857490434171], [-84.3876707273586, 33.7857472261675], [-84.3873249352631, 33.7857457292138], [-84.3870107638655, 33.7857403267411], [-84.38673049848, 33.7857365399331], [-84.3864397021444, 33.7857342276806], [-84.386369627264, 33.7857331436022], [-84.3863340234361, 33.7857307977521], [-84.3862991768879, 33.7857242888016], [-84.3862657883054, 33.7857137481534], [-84.3862345305268, 33.7856993878434], [-84.3862158311958, 33.7856914857148], [-84.386195878715, 33.7856861004107], [-84.3861751608697, 33.7856833648285], [-84.3861541825128, 33.7856833439233], [-84.3855051173807, 33.7856777906313], [-84.3853123047847, 33.7856749445504], [-84.3852777924099, 33.7856748676495], [-84.3852767180248, 33.7856089381425], [-84.3852811979231, 33.7856090142968], [-84.385426183315, 33.7856099669732], [-84.3861867733913, 33.7856216977328], [-84.3861983095562, 33.7856202149625], [-84.3862093776988, 33.7856171284707], [-84.386219655324, 33.7856125285973], [-84.3862288477843, 33.7856065474923], [-84.3862366873818, 33.7855993591158], [-84.386242947741, 33.7855911702791], [-84.3862474491989, 33.7855822176578], [-84.3862500597031, 33.7855727610725], [-84.3862507046935, 33.785563073783], [-84.3862487526544, 33.7851335826923], [-84.3862554460015, 33.7846350958111], [-84.3862560577543, 33.7846309169787], [-84.3862558295822, 33.7846267105211], [-84.3862547677735, 33.7846225944043], [-84.3862529010743, 33.7846186798749], [-84.3862502824853, 33.7846150759392], [-84.3862469829732, 33.7846118818979], [-84.3862430923698, 33.7846091851055], [-84.3862387202692, 33.7846070594776], [-84.3862339843511, 33.7846055647438], [-84.3862290166676, 33.784604740475], [-84.3862239537626, 33.7846046105631], [-84.3862189348751, 33.7846051787411], [-84.3859056043006, 33.7846048002046], [-84.3857246728227, 33.7846012470385], [-84.3853107183599, 33.7845978312505], [-84.3852756831656, 33.7845973773053], [-84.3852778687666, 33.7845318770224], [-84.3861810699876, 33.7845396620386], [-84.386188846703, 33.7845392133194], [-84.386196442857, 33.7845377551688], [-84.3862036680069, 33.784535322678], [-84.3862103442861, 33.7845319778162], [-84.3862163064046, 33.7845278027119], [-84.3862214043438, 33.7845229011451], [-84.386225513238, 33.7845173948149], [-84.386228530679, 33.784511420353], [-84.3862303821068, 33.7845051263368], [-84.3862310199107, 33.7844986688101], [-84.3862384525713, 33.783377950169], [-84.38623777075, 33.7833708161096], [-84.3862356120984, 33.7833638881197], [-84.3862320403968, 33.7833573767495], [-84.3862271652398, 33.7833514776164], [-84.3862211330526, 33.7833463706586], [-84.3862141270917, 33.7833422096825], [-84.3862063602578, 33.7833391216154], [-84.3861980661128, 33.7833371990396], [-84.3861894970833, 33.7833365001927], [-84.3852797956529, 33.7833344379969], [-84.3852864593557, 33.7831982523261], [-84.3862062210189, 33.7831956294058], [-84.3862128425009, 33.7831954629067], [-84.3862193454052, 33.7831944123947], [-84.3862255599503, 33.7831925040018], [-84.3862313235412, 33.7831897884989], [-84.3862364852608, 33.7831863368162], [-84.3862409094636, 33.7831822385494], [-84.3862445997428, 33.7831708270144], [-84.3862456355003, 33.7831382320067], [-84.3862661269703, 33.7825660119926], [-84.3862884276472, 33.7820446584252], [-84.3863080908704, 33.7815989429815], [-84.3863093359354, 33.7815910188219], [-84.3863089658295, 33.781583034183], [-84.3863069922309, 33.7815752130591], [-84.3863034699366, 33.7815677779508], [-84.3862984995582, 33.7815609379194], [-84.3862922203343, 33.7815548863467], [-84.3862848101316, 33.7815497949614], [-84.3862764791556, 33.78154580712], [-84.3862674618668, 33.7815430355664], [-84.3862580133866, 33.7815415586987], [-84.3862475507085, 33.7815415019535], [-84.3854137991405, 33.7815416632292], [-84.38533676052, 33.7815438344787], [-84.3852600911072, 33.7815504557439], [-84.3852550722197, 33.7814145636556], [-84.3853332570904, 33.7814095334871], [-84.3855488213176, 33.7814064856693], [-84.385947876323, 33.7814069314182], [-84.3863585770877, 33.7814057337946], [-84.3868074239127, 33.7814046869938], [-84.387235765793, 33.7814034550242], [-84.3872614890512, 33.7814106474861], [-84.387581587533, 33.7814070157895], [-84.3875965022616, 33.7814041404473], [-84.3876106821684, 33.7813993424858], [-84.3876237724187, 33.7813927436084], [-84.3876354451275, 33.7813845088239], [-84.3876454056474, 33.7813748449534], [-84.387653405145, 33.7813639946574], [-84.3876592423977, 33.781352230462], [-84.3876627700818, 33.7813398480398], [-84.3876639010608, 33.7813271572499], [-84.3876626065884, 33.7813144776578], [-84.3878623972976, 33.7813571239971], [-84.3878678572578, 33.7813686156651], [-84.3878753617837, 33.7813792807918], [-84.3878847348054, 33.7813888707436], [-84.3878957571339, 33.781397160033], [-84.3879081718512, 33.7814039560252], [-84.3879216870046, 33.7814090996845], [-84.3879359881839, 33.7814124700542], [-84.3879507403175, 33.7814139887365], [-84.3889830267499, 33.781410072567], [-84.388999128153, 33.7814075563628], [-84.3890144956326, 33.7814028382928], [-84.3890286979972, 33.781396049767], [-84.3890413345983, 33.7813873834201], [-84.3890520488047, 33.7813770826588], [-84.3890605405791, 33.7813654371824], [-84.389066569173, 33.7813527755155], [-84.3890699657031, 33.7813394545559], [-84.3890706340496, 33.781325849121], [-84.3890056598034, 33.7809616098746], [-84.3889453738647, 33.7806448182596], [-84.3890814443757, 33.7806314038581], [-84.3891098706646, 33.7807806070378], [-84.3892087212785, 33.7813435013922], [-84.3892144453435, 33.7813574375896], [-84.3892228993886, 33.7813703785023], [-84.3892338453603, 33.7813819567797], [-84.3892469733399, 33.7813918453905], [-84.3892619105264, 33.7813997643421], [-84.3892782338135, 33.7814054881473], [-84.3892954814669, 33.7814088555306], [-84.389313163905, 33.7814097709212], [-84.3897757729201, 33.7814136325854], [-84.3900645507412, 33.7814156059763], [-84.3901675237239, 33.7814164631284], [-84.3904314065336, 33.7814204786017], [-84.3904370335805, 33.7814201911422], [-84.3904426606275, 33.7814199059226], [-84.3904482391654, 33.7814193601229], [-84.3904530253892, 33.7814186149681], [-84.3904577756804, 33.7814176764315], [-84.3904624226654, 33.781416519127], [-84.3904709818134, 33.7814135444809], [-84.3904791735505, 33.7814097589749], [-84.3904870320126, 33.7814055538523], [-84.3904939068195, 33.7814016384292], [-84.3905005202166, 33.7813973885073], [-84.3905064095716, 33.7813926151849], [-84.3905117293947, 33.7813867189031], [-84.3905162110897, 33.7813802141023], [-84.3905199525728, 33.7813734442409], [-84.3905225433141, 33.7813674732929], [-84.3905245842864, 33.7813613074692], [-84.3905262434748, 33.7813550744467], [-84.3905273475042, 33.7813494768217], [-84.3905281488015, 33.7813438284243], [-84.3905289500987, 33.7813381762932], [-84.3905275478286, 33.7809366030002], [-84.390659183357, 33.7809380037199], [-84.3906590791525, 33.7811369109058], [-84.3906577532391, 33.7813708003587], [-84.3906573606753, 33.7813910061578], [-84.390658670419, 33.7813959228368], [-84.3906599801627, 33.7814008402622], [-84.3906620983901, 33.7814054007895], [-84.3906648696928, 33.7814090952046], [-84.3906682545448, 33.7814125185864], [-84.3906721622162, 33.7814153334498], [-84.3906761453462, 33.7814170492471], [-84.3906805327181, 33.7814182924161], [-84.3906849227849, 33.7814195348385], [-84.3907007726597, 33.7814204763618], [-84.3908758956311, 33.7814214499908], [-84.3911233680171, 33.7814240893916], [-84.3913714503593, 33.7814256028472], [-84.3914427819827, 33.781426038143], [-84.3914397501686, 33.7816547398566], [-84.3913889145067, 33.7816554222911], [-84.3913703894489, 33.7816556895903], [-84.3910370381217, 33.7816516547152], [-84.3906840559106, 33.7816488966047], [-84.3906792633986, 33.7816499411625], [-84.3906744708865, 33.7816509887069], [-84.3906701832277, 33.7816526261017], [-84.3906658012457, 33.7816559456899], [-84.3906621998998, 33.7816601843992], [-84.3906592749852, 33.78166471878], [-84.3906577298829, 33.7816679398105], [-84.3906565081741, 33.7816713004636], [-84.3906552891603, 33.7816746641033], [-84.3906541761476, 33.7817024497772], [-84.3906536147006, 33.7817484939057], [-84.3906538797036, 33.7817552958432], [-84.3906546028474, 33.7817854595549], [-84.3906546594412, 33.7818132548993], [-84.3906543333528, 33.7818410509812], [-84.3906538329912, 33.7818688478009], [-84.3906529643203, 33.7818990719507], [-84.3906518935285, 33.78192929385], [-84.3906512449449, 33.7819595164853], [-84.3906513347764, 33.7819873289459], [-84.3906517848324, 33.7820151458774], [-84.3906522330917, 33.7820429598133], [-84.3906524046699, 33.782106350496], [-84.3906517893239, 33.7821645579461], [-84.3906449765008, 33.7845984330265], [-84.3906392290796, 33.7864489399508], [-84.3906395246253, 33.7865623863869], [-84.3906392659106, 33.7865662522983], [-84.3906397806452, 33.7865700995445], [-84.390641053558, 33.786573823601], [-84.3906430505128, 33.7865773214366], [-84.3906457167126, 33.7865804959929], [-84.3906489775971, 33.7865832606641], [-84.3906527433348, 33.7865855392965], [-84.3906569115177, 33.7865872676825], [-84.3906613662632, 33.7865884002793], [-84.390665984502, 33.7865889042363], [-84.3906706395718, 33.7865887661148], [-84.3906752030135, 33.7865879896477], [-84.3906702425165, 33.786755916178], [-84.3906437520971, 33.7867578603285], [-84.390639144638, 33.7867583904155], [-84.3906347123504, 33.7867595655663], [-84.3906305863883, 33.7867613514371], [-84.3906268871259, 33.7867636950191], [-84.3906237232595, 33.7867665291183], [-84.3906211855188, 33.7867697693686], [-84.3906193502607, 33.7867733216981], [-84.3906182695874, 33.7867770823292], [-84.3906179758383, 33.7867809407649], [-84.3906184779966, 33.7867847842685], [-84.3906282732264, 33.787158608959], [-84.3906402037517, 33.7876955934305], [-84.3906338553576, 33.7885318089896], [-84.3906313903804, 33.7890133877467], [-84.3906315745351, 33.7890841689039], [-84.3904917921853, 33.7890833782744], [-84.3904921461215, 33.789032905634], [-84.3904935331203, 33.7889082973264], [-84.3905304574718, 33.788753889684], [-84.3905325963604, 33.7887032085524], [-84.3905359650428, 33.7883535987118], [-84.3905206343941, 33.7868387172356], [-84.3905149552449, 33.7868228109036], [-84.3905063951986, 33.7868078213948], [-84.390495159071, 33.7867941063317], [-84.3904815163568, 33.7867819934728], [-84.3904657904494, 33.7867717717535], [-84.3904483586413, 33.7867636845667], [-84.3904104892622, 33.7867563872836], [-84.3903523476021, 33.7867503092003], [-84.3900407184367, 33.7867370779258], [-84.3898510220965, 33.7867307430101], [-84.3896695633074, 33.7867287070271], [-84.3895180579432, 33.7867275520341], [-84.3893776126367, 33.7867263761363], [-84.3893582602306, 33.7867266590984], [-84.3893326429736, 33.7867352524847], [-84.3893238781114, 33.786757143591], [-84.3893474660741, 33.788164307186], [-84.3893612372474, 33.7888684910167], [-84.389365424295, 33.7890618222312], [-84.3893659390296, 33.7890868439044], [-84.3892328401455, 33.7890868565963], [-84.3892321179, 33.7890485136695], [-84.3892187374939, 33.7882910682435], [-84.3892109643717, 33.7879203192273], [-84.3892066946792, 33.7877072290871], [-84.3891664878837, 33.7876873219224], [-84.3891547999035, 33.7869096734017], [-84.3891904513422, 33.7868230401101], [-84.389191490693, 33.786794410945], [-84.3891874734271, 33.7867659646877], [-84.3891844739523, 33.786757964106], [-84.3891801225131, 33.7867504047653], [-84.3891745089409, 33.7867434441984], [-84.3891677500167, 33.786737225753], [-84.389140640658, 33.7867289481794]], [[-84.3903918132874, 33.7865866076855], [-84.3904194203128, 33.786583452541], [-84.3904601400463, 33.7865731546446], [-84.3904694196431, 33.7865696956322], [-84.3904780075373, 33.7865651682304], [-84.3904857285571, 33.7865596657647], [-84.3904924228026, 33.7865533032115], [-84.3904979528315, 33.7865462089866], [-84.3905066485235, 33.7865227335335], [-84.3905106316534, 33.7864983942534], [-84.3905109900812, 33.7864208661343], [-84.3905175091552, 33.7845496630245], [-84.3905155148953, 33.7845418996613], [-84.3905121021956, 33.7845344849693], [-84.3905073545993, 33.7845275966445], [-84.3905013834976, 33.7845214004368], [-84.3904943335192, 33.7845160441774], [-84.3904863735475, 33.7845116562853], [-84.3904598516871, 33.784501261079], [-84.3893159980897, 33.7844878577341], [-84.3892824190644, 33.7844976750572], [-84.3892739210018, 33.7845205283835], [-84.3893154932365, 33.7864929440456], [-84.3893200198472, 33.786589013987], [-84.3893205785993, 33.7865944425372], [-84.3893222548557, 33.7865997090742], [-84.3893250010055, 33.7866046568115], [-84.3893287326072, 33.7866091364286], [-84.3893333382696, 33.786613013537], [-84.3893386805506, 33.7866161716667], [-84.3893445977534, 33.786618516746], [-84.3893509129099, 33.7866199771009], [-84.3893574373737, 33.7866205109219], [-84.3893639744141, 33.7866200995438], [-84.3895428289871, 33.7866207378891], [-84.38975387918, 33.7866236832368], [-84.3898464622481, 33.7866225536269], [-84.3899182385376, 33.786619345475], [-84.3900819529049, 33.7866073960974], [-84.3903918132874, 33.7865866076855]], [[-84.3891371498048, 33.7844881802745], [-84.3891271515557, 33.7844782225854], [-84.3891029212976, 33.7844758752077], [-84.3886418160622, 33.7844769525824], [-84.3882063110158, 33.7844763060083], [-84.3880103677911, 33.7844709415332], [-84.3879952239921, 33.7844677437534], [-84.387979681341, 33.7844664095408], [-84.387964070418, 33.7844669680137], [-84.3879487235997, 33.7844694064795], [-84.3879339651779, 33.7844736726745], [-84.3879201104613, 33.7844796777505], [-84.3879062081339, 33.7845003972382], [-84.3879063680341, 33.7850102760362], [-84.3879038204119, 33.7865666069349], [-84.3879047322019, 33.7865882337868], [-84.3879153179492, 33.7866093768347], [-84.387927871007, 33.7866143559288], [-84.3891150081297, 33.78661722363], [-84.3891469010172, 33.7866171661416], [-84.3891748377243, 33.7866142573772], [-84.3891856103211, 33.786605443731], [-84.3891859714439, 33.7865160155943], [-84.3891426016803, 33.7845091118005], [-84.3891371498048, 33.7844881802745]], [[-84.3877031313876, 33.7846139604886], [-84.3863767230565, 33.7846065734278], [-84.3863679608892, 33.7846074365209], [-84.386359492471, 33.7846094942063], [-84.3863515504656, 33.7846126904876], [-84.3863443567568, 33.7846169365167], [-84.386338108974, 33.7846221150742], [-84.386332980492, 33.7846280820622], [-84.386329114143, 33.7846346739708], [-84.3863266150299, 33.7846417071313], [-84.3863255532213, 33.7846489874224], [-84.3863262440257, 33.7847005982549], [-84.3863331341039, 33.7852720812837], [-84.3863302873428, 33.7856138291945], [-84.3863287727832, 33.7856235851665], [-84.3863292282291, 33.7856334143052], [-84.3863316420022, 33.7856430440976], [-84.3863359458308, 33.7856522072569], [-84.3863420220354, 33.7856606484424], [-84.3863496999361, 33.7856681339649], [-84.3863587675306, 33.7856744555202], [-84.3863689723922, 33.7856794376551], [-84.3863800315517, 33.7856829415001], [-84.3864600795283, 33.7856842286573], [-84.3867557132917, 33.7856868067046], [-84.3868713749778, 33.7856882491568], [-84.3870288756982, 33.7856925025987], [-84.3873521533178, 33.7856938211134], [-84.3876640394013, 33.7856937300269], [-84.3876787870434, 33.7856921457188], [-84.3876930271372, 33.7856885843851], [-84.387706377899, 33.7856831423384], [-84.3877184835958, 33.7856759651676], [-84.3877290199357, 33.7856672440045], [-84.3877377048479, 33.7856572117915], [-84.3877436795429, 33.7846521710096], [-84.387744950659, 33.7846472112135], [-84.387745195899, 33.7846421439039], [-84.3877444080765, 33.7846371154183], [-84.387742611446, 33.7846322691076], [-84.3877398572113, 33.7846277438433], [-84.3877362226277, 33.784623670284], [-84.3877318136962, 33.7846201649024], [-84.3877267570795, 33.7846173277457], [-84.3877211956096, 33.7846152409422], [-84.3877152909832, 33.7846139634751], [-84.3877092111854, 33.7846135326752], [-84.3877031313876, 33.7846139604886]], [[-84.3877433498611, 33.7845237470667], [-84.3877452794424, 33.7843908110936], [-84.3877490954857, 33.783992913566], [-84.3877506908937, 33.7833973954244], [-84.3877475467902, 33.7833848759178], [-84.3877418442847, 33.7833729962722], [-84.3877337549556, 33.7833621163641], [-84.3877235231445, 33.7833525639648], [-84.3877114569736, 33.783344626528], [-84.3876979211589, 33.7833385437227], [-84.3876833226372, 33.7833344992207], [-84.3863942464927, 33.7833360873056], [-84.3863720383423, 33.7833394516264], [-84.3863580919975, 33.7833425822515], [-84.3863464633061, 33.7833513977269], [-84.3863410868892, 33.7833723205712], [-84.3863411282116, 33.7833885082773], [-84.3863365692616, 33.7845034218007], [-84.3863359045083, 33.784508513757], [-84.3863362108338, 33.7845136303515], [-84.3863374810516, 33.7845186424187], [-84.3863396837207, 33.7845234267663], [-84.3863427631455, 33.7845278639348], [-84.3863466438675, 33.7845318434245], [-84.3863512288687, 33.7845352666814], [-84.3863564040631, 33.7845380485909], [-84.3863620409915, 33.7845401197172], [-84.3863679995167, 33.7845414285435], [-84.3876881618617, 33.7845519051266], [-84.3876953034682, 33.7845531363043], [-84.3877025932967, 33.7845533595439], [-84.3877098247347, 33.7845525666326], [-84.3877167956613, 33.784550782209], [-84.3877233102438, 33.7845480540567], [-84.3877291852257, 33.7845444605707], [-84.3877342553172, 33.7845401017982], [-84.3877383785844, 33.7845351009316], [-84.3877414382462, 33.7845295975887], [-84.3877433498611, 33.7845237470667]], [[-84.3887310717705, 33.7844118509036], [-84.3890608963119, 33.7844136480227], [-84.3891181585214, 33.7844116493157], [-84.3891312478734, 33.7844075578271], [-84.3891445573127, 33.7843870869421], [-84.3891467833379, 33.7832624208908], [-84.3891589204758, 33.7823379428766], [-84.3891541001159, 33.7819602048904], [-84.3891282214492, 33.7816739742025], [-84.3891258678632, 33.7816608944595], [-84.3891209576718, 33.7816483149674], [-84.3891136247242, 33.7816365784369], [-84.3891040666496, 33.7816260051798], [-84.3890925466543, 33.7816168834019], [-84.3890793773523, 33.7816094609902], [-84.3890649189678, 33.7816039410331], [-84.3890495640646, 33.7816004736069], [-84.3890337321561, 33.7815991542825], [-84.3890178544334, 33.7816000174059], [-84.3879881686238, 33.7816077914888], [-84.3879738791226, 33.7816104868824], [-84.387960272341, 33.7816150078262], [-84.3879476851472, 33.7816212430698], [-84.3879364265618, 33.7816290395502], [-84.3879267750624, 33.781638203139], [-84.3879189678042, 33.781648509842], [-84.3879131979252, 33.7816597050525], [-84.3879096064607, 33.7816715132577], [-84.3879082832423, 33.7816836425191], [-84.3879222816893, 33.7828921824535], [-84.3879101499414, 33.7843821883538], [-84.3879150215052, 33.7843950138296], [-84.3879244574089, 33.7844040382508], [-84.3882030070122, 33.7844075787325], [-84.3887310717705, 33.7844118509036]], [[-84.3876707947323, 33.7816153542701], [-84.3871290441406, 33.7815487250163], [-84.3870458547554, 33.7815405454987], [-84.3868388029639, 33.781538772212], [-84.3865255217968, 33.7815410069265], [-84.3864762581866, 33.7815427436274], [-84.3864667450277, 33.7815420141533], [-84.3864572210891, 33.7815426405902], [-84.3864483520223, 33.7815445034744], [-84.3864399626558, 33.7815475348611], [-84.3864322748736, 33.7815516548589], [-84.3864254898983, 33.7815567544571], [-84.3864197882912, 33.781562700006], [-84.3864153191726, 33.7815693339627], [-84.3864122011203, 33.7815764823585], [-84.3864105158808, 33.781583955545], [-84.3863763799, 33.7824744920353], [-84.3863491079463, 33.7831623146534], [-84.3863508524746, 33.7831753926739], [-84.3863637082646, 33.783196311828], [-84.3863782304295, 33.7831993640619], [-84.3864064375294, 33.7831997806829], [-84.3876957840668, 33.7832015449756], [-84.3877048130338, 33.7832022662226], [-84.3877138608653, 33.7832017443265], [-84.3877226832197, 33.7831999942198], [-84.3877310402468, 33.783197063687], [-84.3877387046728, 33.783193031871], [-84.3877454671903, 33.7831880085267], [-84.3877511463395, 33.7831821302877], [-84.3877555858136, 33.7831755561864], [-84.3877586661367, 33.7831684661615], [-84.3877603028672, 33.7831610513506], [-84.3877604528858, 33.7831535133447], [-84.3877591108028, 33.7831460574677], [-84.387756313449, 33.7831388868039], [-84.3877550980284, 33.7826378437716], [-84.3877801771945, 33.7825456422103], [-84.3877822621843, 33.781928721921], [-84.3877621821428, 33.7816879081062], [-84.3877577660248, 33.7816743997906], [-84.3877508912179, 33.781661620946], [-84.3877417230122, 33.7816498784442], [-84.387730482393, 33.7816394537713], [-84.3877174388551, 33.7816305985475], [-84.3877029059104, 33.7816235248209], [-84.3876872321053, 33.7816184020805], [-84.3876707947323, 33.7816153542701]], [[-84.3900649397117, 33.7816323972182], [-84.3898956405183, 33.7816252361341], [-84.3893589115091, 33.7816019333007], [-84.3893431299062, 33.7816032399321], [-84.3893278244104, 33.7816066946652], [-84.3893134154333, 33.7816122019291], [-84.3893002991318, 33.7816196116476], [-84.3892888339338, 33.7816287199856], [-84.3892793360463, 33.7816392760695], [-84.3892720659807, 33.7816509916935], [-84.389267223163, 33.7816635435593], [-84.3892649405439, 33.7816765882095], [-84.3892830595632, 33.7819375494881], [-84.3892909315, 33.7822559632519], [-84.3892804778051, 33.7830859639417], [-84.3892786488351, 33.7843635392215], [-84.3892826840674, 33.7843839802472], [-84.3892924173135, 33.7843934981867], [-84.3893169287443, 33.7844024688512], [-84.3904613312123, 33.7844122973836], [-84.3904703188568, 33.7844115231365], [-84.3904790441931, 33.7844095744531], [-84.3904872889308, 33.7844065013569], [-84.390494842864, 33.7844023807498], [-84.3905015155499, 33.7843973179055], [-84.3905071390036, 33.7843914397495], [-84.3905115703929, 33.784384895606], [-84.3905146974284, 33.7843778497318], [-84.390516442855, 33.7843704820629], [-84.3905167608586, 33.7843629770148], [-84.3905211105012, 33.7821630743693], [-84.390520955991, 33.782137548183], [-84.3905211733833, 33.7821033952866], [-84.3905215380993, 33.7820692423766], [-84.3905219037136, 33.7820350887063], [-84.3905226097894, 33.7819673823727], [-84.3905248483911, 33.7817726083023], [-84.390524158485, 33.7817580793362], [-84.3905235341559, 33.7817517761579], [-84.3905229053351, 33.7817454722325], [-84.3905220456474, 33.7817391974258], [-84.3905212030277, 33.7817342710601], [-84.3905202166775, 33.781729361867], [-84.3905189168153, 33.7817245236049], [-84.3905164814826, 33.7817179135528], [-84.3905134433803, 33.7817114476028], [-84.3905098950349, 33.781705195193], [-84.3905059729904, 33.7816993691173], [-84.3905015748388, 33.7816937423957], [-84.3904968047846, 33.7816883702799], [-84.39048998208, 33.7816817841177], [-84.3904825278598, 33.7816756227965], [-84.3904747161101, 33.7816698109051], [-84.3904656943297, 33.7816633800439], [-84.3904562197984, 33.7816573926898], [-84.3904460742256, 33.7816527112194], [-84.3904355423772, 33.7816501435036], [-84.3904244050643, 33.7816487547419], [-84.3904132641581, 33.7816473644869], [-84.3904066031503, 33.7816464588052], [-84.3903154133692, 33.7816434968601], [-84.3901365767624, 33.7816354278552], [-84.3900649397117, 33.7816323972182]]]}, "properties": {"OBJECTID_1": 311, "OBJECTID": null, "Shape_Leng": null, "CreationDate": 1628109913579, "Creator": "wsims6_GTFacilities", "EditDate": 1628109913579, "Editor": "wsims6_GTFacilities", "Shape__Area": 98245.4765625, "Shape__Length": 12394.197862088142, "GlobalID": "24746c2d-ffa0-4453-87e5-663186be94cf"}}, {"type": "Feature", "id": 312, "geometry": {"type": "Polygon", "coordinates": [[[-84.3900630137238, 33.7805608412041], [-84.389411772872, 33.7805893589615], [-84.389114943451, 33.780602885368], [-84.3891098679697, 33.780602599399], [-84.389104808658, 33.7806030444055], [-84.3890999173313, 33.780604206201], [-84.3890953386182, 33.7806060511859], [-84.3890912108595, 33.7806085226145], [-84.3890876571243, 33.7806115488077], [-84.3890847825154, 33.7806150371802], [-84.3890826732711, 33.7806188854404], [-84.3890813931718, 33.7806229778567], [-84.3890809790484, 33.7806271927241], [-84.3890814443757, 33.7806314038581], [-84.3889453738647, 33.7806448182596], [-84.3889433140278, 33.7806406661121], [-84.3889404663683, 33.7806368492124], [-84.3889369081415, 33.7806334691056], [-84.3889327336704, 33.7806306168837], [-84.3889280561427, 33.7806283687057], [-84.3889229995259, 33.7806267850505], [-84.3889176994658, 33.7806259077309], [-84.3889122987943, 33.7806257613865], [-84.3889069421402, 33.780626349004], [-84.3888664604603, 33.7806301696375], [-84.3876513021889, 33.7807573308541], [-84.387646387506, 33.7807587061905], [-84.3876418007082, 33.7807607176758], [-84.387637660373, 33.7807633137911], [-84.3876340742984, 33.780766428084], [-84.3876311350108, 33.7807699791692], [-84.3876289170704, 33.7807738759549], [-84.3876274788676, 33.7807780168962], [-84.3876268572334, 33.7807822967149], [-84.3876270683375, 33.7807866034129], [-84.38762810679, 33.7807908272321], [-84.3875641799794, 33.7806578989045], [-84.3875668192297, 33.7806619397996], [-84.387570190607, 33.780665584221], [-84.3875742123645, 33.7806687410768], [-84.387578781196, 33.7806713319682], [-84.3875837848122, 33.7806732919365], [-84.3875890974488, 33.7806745724491], [-84.3875945861551, 33.7806751406532], [-84.3876001143874, 33.7806749831091], [-84.387621670361, 33.7806738213146], [-84.3888710373766, 33.7805443998472], [-84.3889053979363, 33.7805395757046], [-84.3889100763623, 33.7805382003647], [-84.388914420615, 33.7805362060472], [-84.3889183121168, 33.7805336472578], [-84.3889216457648, 33.7805305919423], [-84.3889243326258, 33.7805271244726], [-84.3889262981397, 33.7805233374341], [-84.3889274893057, 33.7805193331185], [-84.3889278755813, 33.7805152212843], [-84.3890569401314, 33.7804907578452], [-84.3890577549034, 33.7804955521243], [-84.389059551534, 33.7805001589925], [-84.3890622752259, 33.7805044395717], [-84.3890658451309, 33.7805082654372], [-84.3890701552476, 33.7805115238439], [-84.3890750762187, 33.7805141162334], [-84.3890804607205, 33.7805159649536], [-84.3890861479546, 33.7805170154985], [-84.389091967241, 33.7805172365087], [-84.3891194682651, 33.7805159895932], [-84.389526297291, 33.7804977928393], [-84.3900628574169, 33.78047394912], [-84.3901754306951, 33.7804702240515], [-84.390442764832, 33.7804559636609], [-84.3904466608254, 33.7804560607262], [-84.3904505550222, 33.7804561577916], [-84.3904544060998, 33.7804564803471], [-84.3904584826546, 33.780457100072], [-84.390462509802, 33.7804579751534], [-84.3904662917093, 33.7804592459626], [-84.3904698149019, 33.7804611051371], [-84.3904730784813, 33.7804633831859], [-84.3904761920421, 33.780465799366], [-84.390479793388, 33.7804689315894], [-84.3904831557822, 33.7804722698899], [-84.3904865181763, 33.7804756104302], [-84.3904884163165, 33.7804773717924], [-84.3904903090668, 33.7804791353946], [-84.3904924290908, 33.7804806048141], [-84.3904948275926, 33.7804816635726], [-84.3904974398935, 33.7804824475617], [-84.3905001069916, 33.7804829433414], [-84.3905028199037, 33.7804830926727], [-84.3905055903081, 33.7804829470747], [-84.3905083337629, 33.7804826723052], [-84.3905122055018, 33.7804821459126], [-84.3905160314266, 33.7804813559503], [-84.3905197019428, 33.7804802643388], [-84.3905238090403, 33.7804786918807], [-84.3905277131186, 33.7804767341479], [-84.3905308985446, 33.7804742552491], [-84.3905326637341, 33.7804719846672], [-84.3905340327666, 33.7804694266226], [-84.3905350038454, 33.7804667864457], [-84.3905354350367, 33.7804642351208], [-84.390535506902, 33.7804616098769], [-84.3905355787672, 33.7804589823929], [-84.3905303981829, 33.7803042750386], [-84.3905285728063, 33.78017190371], [-84.3905241486035, 33.7799914039467], [-84.3907024650857, 33.7799961519608], [-84.3906966520875, 33.7800045780239], [-84.3906803979708, 33.7803338292421], [-84.3906648741843, 33.7806585417741], [-84.3906592022217, 33.780903291849], [-84.390659183357, 33.7809380037199], [-84.3905275478286, 33.7809366030002], [-84.3905274283526, 33.7809020113399], [-84.3905269720084, 33.7806192259152], [-84.3905265345289, 33.7806145272148], [-84.3905260979477, 33.7806098285143], [-84.3905253622275, 33.7806051775993], [-84.3905239653472, 33.7805993813151], [-84.3905221004447, 33.780593657456], [-84.3905195582124, 33.7805882232988], [-84.3905146013087, 33.7805813809492], [-84.3905083643057, 33.7805750851509], [-84.3905016314326, 33.7805691880661], [-84.3904950979855, 33.7805638494792], [-84.3904881270589, 33.7805588663001], [-84.3904806746353, 33.7805545401776], [-84.3904729086997, 33.7805509920701], [-84.3904646891149, 33.7805480636867], [-84.390456221595, 33.7805459879838], [-84.3904494995017, 33.7805451950355], [-84.3904426300847, 33.7805449157863], [-84.3904357615661, 33.7805446335504], [-84.3904194248043, 33.7805448373874], [-84.3902181626548, 33.7805537517093], [-84.3900630137238, 33.7805608412041]]]}, "properties": {"OBJECTID_1": 312, "OBJECTID": null, "Shape_Leng": null, "CreationDate": 1628109913579, "Creator": "wsims6_GTFacilities", "EditDate": 1628109913579, "Editor": "wsims6_GTFacilities", "Shape__Area": 5965.5625, "Shape__Length": 962.3524384315526, "GlobalID": "ac28c673-7001-427e-945b-aeb8f3786d3b"}}, {"type": "Feature", "id": 313, "geometry": {"type": "Polygon", "coordinates": [[[-84.3899478467947, 33.7796198754799], [-84.3899159650046, 33.7795088027695], [-84.3903380935677, 33.7795113059687], [-84.3904035915498, 33.7795109428885], [-84.3904102914391, 33.7795105349161], [-84.3904169902486, 33.7795101269452], [-84.3904236506667, 33.7795094882207], [-84.3904287431986, 33.7795088171744], [-84.390433812697, 33.7795080082169], [-84.3904387962644, 33.7795069568707], [-84.3904447941984, 33.7795052590038], [-84.3904506572843, 33.7795031926056], [-84.3904563382501, 33.7795008488286], [-84.3904631752857, 33.779497541794], [-84.3904697337022, 33.779493803373], [-84.3904759370368, 33.7794897103448], [-84.3904814557566, 33.77948559782], [-84.3904866702647, 33.7794811774818], [-84.3904913840538, 33.7794764523916], [-84.3904961929288, 33.7794705080955], [-84.3905003301914, 33.7794641466509], [-84.3905037228764, 33.7794575440123], [-84.3905058914521, 33.7794514836835], [-84.3905074753799, 33.77944523056], [-84.390509058237, 33.7794389810449], [-84.3905088945546, 33.7794242068749], [-84.3905073614132, 33.7793320969035], [-84.3905065663835, 33.7792792516289], [-84.3905974441004, 33.7792786178968], [-84.3905978477713, 33.7793287643354], [-84.3905987668922, 33.7793479480155], [-84.3905996892528, 33.7793671316897], [-84.3906004431874, 33.7793863210794], [-84.3906008563659, 33.7794031920388], [-84.390601139982, 33.7794200659382], [-84.3906014937747, 33.7794369370053], [-84.3906022273604, 33.7794599241892], [-84.3906030905046, 33.7794829066296], [-84.3906039568932, 33.7795058908673], [-84.3906072718012, 33.7796440801234], [-84.3906063234872, 33.7797779843486], [-84.3906058492359, 33.7798446930143], [-84.3906183938578, 33.779844277129], [-84.3906190829133, 33.7797779611936], [-84.3906212836828, 33.779566458541], [-84.3906219367178, 33.7792784472189], [-84.3907077124958, 33.7793267066212], [-84.3907083900514, 33.7793808324528], [-84.3907095726472, 33.7794684411093], [-84.3907087071753, 33.7796921632322], [-84.3907069487892, 33.7797778017046], [-84.3907024194644, 33.779996046622], [-84.3907024650887, 33.7799961520324], [-84.3905241488008, 33.7799914038399], [-84.3905225119652, 33.779924609742], [-84.3905192447496, 33.7797781423382], [-84.3905178367734, 33.7797150617264], [-84.3905173305441, 33.7797101486424], [-84.390516819996, 33.7797052355663], [-84.3905161917925, 33.77970033713], [-84.3905153433764, 33.7796942155516], [-84.3905143103654, 33.7796881105378], [-84.3905126267176, 33.779682180723], [-84.3905099095752, 33.7796761860606], [-84.3905064813703, 33.7796703820347], [-84.3905026164486, 33.7796648024106], [-84.3904976070198, 33.7796584052607], [-84.3904919862036, 33.7796523284043], [-84.3904856888905, 33.7796468622912], [-84.3904790498324, 33.7796424327955], [-84.3904718150757, 33.7796385435676], [-84.3904643254412, 33.7796350479217], [-84.3904577262565, 33.779632248539], [-84.3904509334816, 33.7796297434455], [-84.3904439875315, 33.7796277110949], [-84.3904338723577, 33.7796260388398], [-84.3904234540464, 33.7796253021465], [-84.3904130357282, 33.7796245627473], [-84.3903544218727, 33.779624808763], [-84.3902142040934, 33.7796220044444], [-84.3899478467947, 33.7796198754799]]]}, "properties": {"OBJECTID_1": 313, "OBJECTID": null, "Shape_Leng": null, "CreationDate": 1628109913579, "Creator": "wsims6_GTFacilities", "EditDate": 1628109913579, "Editor": "wsims6_GTFacilities", "Shape__Area": 2902.0546875, "Shape__Length": 499.52284394840876, "GlobalID": "a1beeed4-889a-4c7f-ab70-c276206e8924"}}, {"type": "Feature", "id": 314, "geometry": {"type": "Polygon", "coordinates": [[[-84.3905041362505, 33.7787410086255], [-84.3905084306155, 33.7780831555488], [-84.3905103520712, 33.7779385171577], [-84.3905116552046, 33.7778994570303], [-84.390604597356, 33.777900207194], [-84.3906031886482, 33.7780219147437], [-84.390598244997, 33.7783328791501], [-84.3905999933013, 33.7786138686018], [-84.3905947276585, 33.7789172894411], [-84.3905967448097, 33.7791916314008], [-84.3905974441004, 33.7792786178968], [-84.3905065663835, 33.7792792516289], [-84.3905056031498, 33.7792152892913], [-84.3905034183053, 33.7790623343247], [-84.3905023501191, 33.7788666967339], [-84.3905041362505, 33.7787410086255]]]}, "properties": {"OBJECTID_1": 314, "OBJECTID": null, "Shape_Leng": null, "CreationDate": 1628109913579, "Creator": "wsims6_GTFacilities", "EditDate": 1628109913579, "Editor": "wsims6_GTFacilities", "Shape__Area": 1910.86328125, "Shape__Length": 389.88118429114047, "GlobalID": "2d58eaf8-1008-44a2-a83c-37e4ec6a2944"}}, {"type": "Feature", "id": 315, "geometry": {"type": "Polygon", "coordinates": [[[-84.38814530373, 33.7759295953879], [-84.388147275532, 33.7758701904798], [-84.3887092561839, 33.7758717398748], [-84.3887170023566, 33.7758712388416], [-84.3887245580864, 33.7758697364883], [-84.3887317383205, 33.7758672694032], [-84.3887383651923, 33.7758638980686], [-84.3887442761069, 33.7758597068611], [-84.3887493237405, 33.7758547973312], [-84.3887533850239, 33.7758492919372], [-84.3887563593458, 33.775843325831], [-84.3887581739427, 33.7758370461117], [-84.3887587830004, 33.7758306080922], [-84.3887588746286, 33.7757961263744], [-84.3887326051947, 33.7757740920872], [-84.3887339490744, 33.775270075168], [-84.3887603343909, 33.7752481378167], [-84.388760496986, 33.7751873704508], [-84.3888821782828, 33.7751936136293], [-84.3888823076402, 33.7752437681173], [-84.388911565769, 33.7752695091681], [-84.3889059548917, 33.7757567343605], [-84.3888768297136, 33.7757825812882], [-84.3888740539194, 33.7759439954176], [-84.3887284666562, 33.7759422488961], [-84.3887043379077, 33.7759345541954], [-84.38814530373, 33.7759295953879]]]}, "properties": {"OBJECTID_1": 315, "OBJECTID": null, "Shape_Leng": null, "CreationDate": 1628109913579, "Creator": "wsims6_GTFacilities", "EditDate": 1628109913579, "Editor": "wsims6_GTFacilities", "Shape__Area": 2340.453125, "Shape__Length": 365.6980279644022, "GlobalID": "203bc19b-4742-4aec-a082-bdfe8a3367a0"}}, {"type": "Feature", "id": 316, "geometry": {"type": "Polygon", "coordinates": [[[-84.3887098811085, 33.7766961400312], [-84.3887135591037, 33.7760405636478], [-84.3888713219018, 33.7761028327269], [-84.3888691345026, 33.7762299994013], [-84.3888687355393, 33.7762302047948], [-84.3888992161671, 33.776256681932], [-84.3888962570367, 33.7766962833336], [-84.3888649392614, 33.7767236715103], [-84.3887421499932, 33.7767184817151], [-84.3887098811085, 33.7766961400312]]]}, "properties": {"OBJECTID_1": 316, "OBJECTID": null, "Shape_Leng": null, "CreationDate": 1628109913579, "Creator": "wsims6_GTFacilities", "EditDate": 1628109913579, "Editor": "wsims6_GTFacilities", "Shape__Area": 1720.109375, "Shape__Length": 211.52842905609538, "GlobalID": "0aa64470-e61e-4278-9685-bb8c51f2c218"}}, {"type": "Feature", "id": 317, "geometry": {"type": "Polygon", "coordinates": [[[-84.3887098811085, 33.7766961400312], [-84.3887135591037, 33.7760405636478], [-84.3888713219018, 33.7761028327269], [-84.3888691345026, 33.7762299994013], [-84.3888687355393, 33.7762302047948], [-84.3888992161671, 33.776256681932], [-84.3888962570367, 33.7766962833336], [-84.3888649392614, 33.7767236715103], [-84.3887421499932, 33.7767184817151], [-84.3887098811085, 33.7766961400312]]]}, "properties": {"OBJECTID_1": 317, "OBJECTID": null, "Shape_Leng": null, "CreationDate": 1628109913579, "Creator": "wsims6_GTFacilities", "EditDate": 1628109913579, "Editor": "wsims6_GTFacilities", "Shape__Area": 1720.109375, "Shape__Length": 211.52842905609538, "GlobalID": "d336ba22-5948-4c93-be08-b395e2e36f01"}}, {"type": "Feature", "id": 318, "geometry": {"type": "Polygon", "coordinates": [[[-84.3887474935041, 33.7760151156625], [-84.3887473779025, 33.7759703163704], [-84.3887401770791, 33.7759539030251], [-84.3887278976949, 33.7759422424108], [-84.3888740537566, 33.7759439954313], [-84.3888713219018, 33.7761028327269], [-84.3887135591037, 33.7760405636478], [-84.3887474935041, 33.7760151156625]]]}, "properties": {"OBJECTID_1": 318, "OBJECTID": null, "Shape_Leng": null, "CreationDate": 1628109913579, "Creator": "wsims6_GTFacilities", "EditDate": 1628109913579, "Editor": "wsims6_GTFacilities", "Shape__Area": 265.8515625, "Shape__Length": 72.48991007329721, "GlobalID": "8ab69c7f-d445-48bd-b52f-a3bdb4c6791e"}}, {"type": "Feature", "id": 319, "geometry": {"type": "Polygon", "coordinates": [[[-84.3874445074508, 33.7759233742228], [-84.3874479269415, 33.7758682591093], [-84.3881472759606, 33.7758701906366], [-84.3881453039684, 33.7759295950362], [-84.3874445074508, 33.7759233742228]]]}, "properties": {"OBJECTID_1": 319, "OBJECTID": null, "Shape_Leng": null, "CreationDate": 1628109913579, "Creator": "wsims6_GTFacilities", "EditDate": 1628109913579, "Editor": "wsims6_GTFacilities", "Shape__Area": 597.77734375, "Shape__Length": 171.21803144256, "GlobalID": "96f34aec-ddba-45b3-a18c-6dd7d3769eb9"}}, {"type": "Feature", "id": 320, "geometry": {"type": "Polygon", "coordinates": [[[-84.3872065741395, 33.7763951844188], [-84.3872043831486, 33.7763913859972], [-84.3872014420643, 33.7763879549479], [-84.3871978371251, 33.776384995061], [-84.3871936743321, 33.7763825914596], [-84.3871890785511, 33.7763808173194], [-84.3871711005673, 33.7763772929331], [-84.3871239848289, 33.7763738155883], [-84.3860505429802, 33.7763008219291], [-84.3860286456468, 33.776308885463], [-84.3860132709807, 33.7764100219316], [-84.3859925127111, 33.7766325559406], [-84.3859200042947, 33.7774043347708], [-84.3858535774727, 33.7773986823798], [-84.3859139388699, 33.7767932479141], [-84.3859580955577, 33.7763250618103], [-84.385958640835, 33.7763207735553], [-84.3859583111533, 33.7763164703663], [-84.3859571145974, 33.7763122747007], [-84.3859550862014, 33.7763083067762], [-84.3859522825594, 33.7763046785967], [-84.3859487854181, 33.7763014939524], [-84.3859446926936, 33.7762988446868], [-84.3859401220655, 33.776296805469], [-84.3859352037893, 33.7762954345411], [-84.3859300780023, 33.7762947707313], [-84.3854173834185, 33.7762585240179], [-84.3852445448629, 33.7762464081755], [-84.3852482899393, 33.7761663730848], [-84.3859121260696, 33.7762110081921], [-84.3859181052562, 33.7762112896955], [-84.3859240556966, 33.7762107251952], [-84.3859298049144, 33.7762093311185], [-84.3859351876196, 33.7762071477867], [-84.385940046607, 33.7762042386688], [-84.385944243536, 33.776200688141], [-84.3859476571341, 33.7761965970069], [-84.3859501867899, 33.776192085484], [-84.3859517615366, 33.7761872827505], [-84.3859523355601, 33.776182327691], [-84.3859999444735, 33.7756486722402], [-84.3860594506745, 33.7750698147723], [-84.3860600264946, 33.7750635476903], [-84.3861738250748, 33.7750500443036], [-84.3861564920814, 33.775079701125], [-84.3860499671601, 33.7761909490163], [-84.3860487023322, 33.7761945361325], [-84.3860481768177, 33.7761982486931], [-84.3860484058881, 33.7762019821609], [-84.3860493823568, 33.7762056312522], [-84.3860510792744, 33.77620909367], [-84.3860534490301, 33.7762122708507], [-84.3860564242503, 33.7762150739379], [-84.38605992229, 33.7762174237821], [-84.3860638434363, 33.7762192546743], [-84.3860680771962, 33.7762205150928], [-84.3870181210677, 33.776287803341], [-84.3871509037447, 33.7762975969633], [-84.3871779205769, 33.7762890070098], [-84.3872034417141, 33.7762776886397], [-84.3872139753592, 33.776270842959], [-84.3872165032184, 33.7762685939199], [-84.3872188963303, 33.7762662507973], [-84.3872218580758, 33.7762630123897], [-84.3872245763778, 33.7762596194166], [-84.3872269694897, 33.7762560860651], [-84.3872289906991, 33.7762523152649], [-84.3872306660571, 33.7762483958727], [-84.3872321428875, 33.7762444271985], [-84.3872330807286, 33.7762415621368], [-84.3872339116703, 33.7762386716873], [-84.3872347480018, 33.7762357797443], [-84.3872356714699, 33.7762226685565], [-84.3872356741648, 33.7761657167409], [-84.3872103317924, 33.7761380330614], [-84.3872113370072, 33.7760835109337], [-84.3872121167448, 33.7760283249594], [-84.3872128704313, 33.775975639633], [-84.3872136618471, 33.7759249606462], [-84.387214447873, 33.7758848354358], [-84.3872149374548, 33.7758449297354], [-84.3873987345586, 33.7758262473829], [-84.3873991891061, 33.7758327548454], [-84.3874008743456, 33.7758391219286], [-84.3874037489545, 33.7758451865991], [-84.387407739271, 33.775850798771], [-84.3874127473787, 33.7758558158254], [-84.3874186448185, 33.7758601123173], [-84.3874252851651, 33.7758635799759], [-84.3874325022301, 33.7758661329312], [-84.3874401127572, 33.775867705474], [-84.3874479272018, 33.775868258776], [-84.3874445073156, 33.7759233739173], [-84.3874194613871, 33.7759264062496], [-84.3874192134521, 33.7759265361747], [-84.3874006452752, 33.7759376858379], [-84.3873926664388, 33.7759443732457], [-84.3873873232595, 33.7759548366932], [-84.387385691919, 33.7760160657191], [-84.3874108088143, 33.7760414078027], [-84.3874094532566, 33.7762101554681], [-84.3873826636981, 33.7762311099246], [-84.3873803819773, 33.7764312048268], [-84.3872077149999, 33.7764756964314], [-84.3872081794289, 33.7764107006744], [-84.3872083186678, 33.7764082492854], [-84.3872084606016, 33.7764058001364], [-84.387208407601, 33.7764033621877], [-84.38720804558, 33.7764006031615], [-84.3872074329289, 33.7763978642959], [-84.3872065741395, 33.7763951844188]]]}, "properties": {"OBJECTID_1": 320, "OBJECTID": null, "Shape_Leng": null, "CreationDate": 1628109913579, "Creator": "wsims6_GTFacilities", "EditDate": 1628109913579, "Editor": "wsims6_GTFacilities", "Shape__Area": 6868.76171875, "Shape__Length": 1256.7958067756304, "GlobalID": "8fd3332f-1fda-4092-9e64-a2844bdcd53f"}}, {"type": "Feature", "id": 321, "geometry": {"type": "Polygon", "coordinates": [[[-84.3872181004229, 33.7755509166736], [-84.3872183366799, 33.7755318556804], [-84.3872439728014, 33.7755058332027], [-84.3872454756829, 33.7753986488857], [-84.3872457757202, 33.7753013119333], [-84.3872475229434, 33.7752101000686], [-84.3872485784639, 33.7751811758075], [-84.3872481589507, 33.7751741792053], [-84.3872477394374, 33.7751671826026], [-84.3872462931498, 33.7751604503319], [-84.387242997231, 33.7751534552214], [-84.3872384822984, 33.7751467714854], [-84.3872332765613, 33.7751405290502], [-84.3872266478929, 33.7751338684609], [-84.3872191227057, 33.7751277805923], [-84.3872108752731, 33.7751226783712], [-84.3872007593447, 33.7751187581805], [-84.3871897729488, 33.7751160237542], [-84.3871787874512, 33.7751132923145], [-84.3871761895233, 33.7751128599734], [-84.3871735915956, 33.7751124268856], [-84.3871709846846, 33.7751120423336], [-84.3871681442117, 33.7751117063172], [-84.3861915668017, 33.7750515242701], [-84.3861738250748, 33.7750500443036], [-84.3860600264946, 33.7750635476903], [-84.3860488649272, 33.775048534469], [-84.3860335486516, 33.7750432851425], [-84.3860308824519, 33.7750431246012], [-84.3856367969266, 33.7750184034798], [-84.3852672255272, 33.774992098592], [-84.3852513181601, 33.7749909426941], [-84.3852509139182, 33.7749161647255], [-84.385679881026, 33.7749432454626], [-84.385791462564, 33.7749503301948], [-84.3857948007036, 33.7749563979151], [-84.3860348521071, 33.7749737796985], [-84.386062495065, 33.7749732360978], [-84.386077162757, 33.7749566652353], [-84.3860792207973, 33.7749375891757], [-84.3861716969659, 33.7738542058385], [-84.3861718820189, 33.7738500048254], [-84.3861711948077, 33.7738458389076], [-84.386169654197, 33.7738418342799], [-84.3861673068991, 33.7738381104165], [-84.3861642229827, 33.7738347778311], [-84.3861604949743, 33.7738319365836], [-84.3861562333666, 33.7738296717994], [-84.3861515666187, 33.7738280506828], [-84.3861466330712, 33.773827122517], [-84.3861415818443, 33.7738269141837], [-84.3852486492654, 33.773767872961], [-84.3852533869802, 33.7736380923429], [-84.3853121071554, 33.7736422201883], [-84.386360552483, 33.7737093678391], [-84.3872087372827, 33.7737695799509], [-84.3872195503038, 33.7737670732294], [-84.387229759657, 33.7737631940461], [-84.3872391156107, 33.7737580364867], [-84.3872473872978, 33.7737517282395], [-84.3872543716992, 33.7737444238739], [-84.3872598990331, 33.7737363018549], [-84.3872638327557, 33.7737275623016], [-84.387266075849, 33.7737184195212], [-84.387266574414, 33.7737090975281], [-84.387266075849, 33.7737020963254], [-84.3872412068887, 33.7736840892831], [-84.38725781584, 33.7723972468834], [-84.38725565629, 33.7723905950416], [-84.3872522040644, 33.7723843307505], [-84.3872475534862, 33.7723786272508], [-84.3872418330144, 33.7723736413553], [-84.387235198956, 33.7723695097153], [-84.3872278354657, 33.7723663465798], [-84.3872199446642, 33.7723642385695], [-84.3872117421474, 33.7723632431824], [-84.3872150443543, 33.7722520995157], [-84.3872217781257, 33.7722527596232], [-84.3872285496263, 33.772252480347], [-84.3872351711083, 33.7722512699009], [-84.387241458417, 33.7722491603943], [-84.3872472363809, 33.7722462123121], [-84.3872523450999, 33.7722425070476], [-84.3872566417419, 33.7722381469023], [-84.387260006831, 33.7722332543397], [-84.3872623469423, 33.7722279645173], [-84.3872635964988, 33.7722224252875], [-84.3873278637709, 33.7714178278096], [-84.3872630206787, 33.7713903016505], [-84.3868761279639, 33.7713920094345], [-84.3861428592487, 33.7713855382247], [-84.3856264258767, 33.7713811519001], [-84.3852417978147, 33.7713775324727], [-84.3852449598845, 33.7712148783701], [-84.3855124763795, 33.7712168437819], [-84.3858043839311, 33.771219364766], [-84.3859941665096, 33.7711867749178], [-84.3867426895167, 33.771197410696], [-84.3869066473274, 33.771234357003], [-84.3872451253399, 33.7712129898721], [-84.3872580592834, 33.7712125642321], [-84.3872707515801, 33.771210451713], [-84.3872828860229, 33.7712067060798], [-84.387294160778, 33.7712014206745], [-84.3873042937744, 33.7711947269226], [-84.3873130352805, 33.7711867905994], [-84.3873201652089, 33.7711778103366], [-84.3873255065916, 33.7711680094084], [-84.3873289273762, 33.7711576319978], [-84.3873303413244, 33.7711469364757], [-84.3873356126385, 33.7698360957825], [-84.3873100501788, 33.7698256151592], [-84.3866354441465, 33.7698355864997], [-84.3859641286431, 33.7698453009574], [-84.3853232866891, 33.7698558913504], [-84.3852536259321, 33.7698571974141], [-84.3852386339483, 33.7698614471617], [-84.3852387516276, 33.7697535045529], [-84.3852589852811, 33.7697649567064], [-84.3852781113118, 33.7697677532838], [-84.385472833726, 33.7697713929414], [-84.3860396976198, 33.7697601364372], [-84.3867464462712, 33.7697475551974], [-84.3872987475759, 33.7697425833371], [-84.3873056196878, 33.769742888011], [-84.3873124540705, 33.7697422151894], [-84.3873190512979, 33.7697405850345], [-84.3873252182324, 33.7697380460849], [-84.3873307752107, 33.7697346707753], [-84.3873355596379, 33.7697305584235], [-84.3873394322751, 33.7697258292558], [-84.3873422799346, 33.7697206214212], [-84.3873440199713, 33.7697150865098], [-84.3873446011812, 33.7697093858194], [-84.3873557726301, 33.7689071259886], [-84.3873557654436, 33.7689033010985], [-84.3873549767228, 33.7688995329618], [-84.3873534307222, 33.768895930605], [-84.3873511705609, 33.7688925985742], [-84.3873482636127, 33.7688896339478], [-84.3873447934207, 33.768887122603], [-84.3873408605964, 33.7688851369753], [-84.3873365801241, 33.7688837353119], [-84.3873320750729, 33.7688829579374], [-84.387327476597, 33.7688828272549], [-84.3853630604966, 33.7689188358863], [-84.3853344257986, 33.7689294390887], [-84.385309820943, 33.768972410459], [-84.3852296840331, 33.769733349028], [-84.3850897660377, 33.769514423325], [-84.3852181083424, 33.7682450298911], [-84.3853817688107, 33.7682447394004], [-84.3853301803606, 33.768812811258], [-84.3853287241915, 33.7688171618698], [-84.3853281205236, 33.7688216491379], [-84.3853283855266, 33.7688261588086], [-84.385329512014, 33.7688305766278], [-84.3853314712396, 33.768834787595], [-84.3853342128979, 33.7688386856704], [-84.3853376669202, 33.7688421700419], [-84.3853417452715, 33.768845152592], [-84.3853463437475, 33.7688475564049], [-84.3853513437704, 33.7688493194998], [-84.3853566186777, 33.7688503978178], [-84.3853620328239, 33.768850763729], [-84.3854064212771, 33.7688499975556], [-84.3873267327919, 33.7688107419918], [-84.3873313348611, 33.7688102678004], [-84.3873357887083, 33.7688091924689], [-84.3873399811457, 33.7688075428805], [-84.3873438052739, 33.7688053623472], [-84.3873471649731, 33.7688027046353], [-84.3873499749033, 33.7687996377], [-84.3873521640976, 33.7687962384573], [-84.3873536768606, 33.7687925942776], [-84.3873544754629, 33.7687887962658], [-84.3873545392432, 33.7687849415001], [-84.3873597207258, 33.76824121916], [-84.3874355142813, 33.7682557317496], [-84.3874336915996, 33.7683663795231], [-84.3874493079124, 33.7683731123276], [-84.3874540824582, 33.7683615614155], [-84.3874552538613, 33.7683439975742], [-84.3874664756158, 33.7682669720226], [-84.38746884088, 33.7682526767429], [-84.3875957270156, 33.7682580026552], [-84.3875837884054, 33.7683314825883], [-84.3875580220281, 33.7683571151952], [-84.3875563879926, 33.7684128527402], [-84.3875514274956, 33.7687108540941], [-84.3875396389042, 33.7696312891609], [-84.3875416169944, 33.7696967478192], [-84.3875599938302, 33.7697152657298], [-84.3876449960156, 33.7697163776406], [-84.387748780177, 33.7697106874049], [-84.3878520100779, 33.7697001134225], [-84.387954351545, 33.7696846915356], [-84.3880554775915, 33.7696644695336], [-84.3881547665832, 33.7696363648261], [-84.3882556878138, 33.769612612921], [-84.3883579646021, 33.7695932795359], [-84.3884613175722, 33.7695784176932], [-84.3885654637546, 33.7695680677199], [-84.3886701183836, 33.769562257994], [-84.3887659003524, 33.7695583211204], [-84.3887851467574, 33.7695565543065], [-84.3887995449548, 33.7695510051961], [-84.3888097192737, 33.7695404326875], [-84.3888080708651, 33.7697180555881], [-84.3888073935354, 33.7697126670394], [-84.3888058071106, 33.7697074129055], [-84.3888033430318, 33.7697023977314], [-84.3888000507063, 33.7696977215814], [-84.3887959966094, 33.76969348004], [-84.3887704467261, 33.7696877554522], [-84.3886656232139, 33.7696912577112], [-84.3885611428581, 33.7696991247251], [-84.3884572679669, 33.7697113363307], [-84.3883542608482, 33.7697278619093], [-84.3882523793186, 33.7697486596404], [-84.3881518811945, 33.7697736772484], [-84.3880380287154, 33.7698014742501], [-84.3879194636743, 33.7698207351535], [-84.387799963487, 33.7698354707536], [-84.3876797778851, 33.7698456496891], [-84.387559158397, 33.7698512510528], [-84.387540242572, 33.7698665922609], [-84.3875390046936, 33.7699611619661], [-84.3875321604294, 33.7701021590629], [-84.3875293406177, 33.7711080866961], [-84.3875680687863, 33.7711344032308], [-84.3887109638812, 33.7711422462167], [-84.3887188376147, 33.7711416271711], [-84.3887265011424, 33.7711400037635], [-84.3887337703097, 33.7711374140772], [-84.3887404708434, 33.7711339215849], [-84.3887464410467, 33.7711296091744], [-84.388751536291, 33.771124581389], [-84.3887556353037, 33.7711189591999], [-84.3887836807068, 33.7713594271195], [-84.3887811672207, 33.7713540961727], [-84.3887776251635, 33.7713491863846], [-84.38877315335, 33.7713448321678], [-84.3887678739511, 33.7713411544935], [-84.3887619342904, 33.7713382549179], [-84.3887554987597, 33.7713362148353], [-84.3887487452255, 33.7713350895042], [-84.3887418614354, 33.7713349110343], [-84.3875675333904, 33.7713285921543], [-84.3875613422014, 33.7713284823841], [-84.387555209403, 33.7713291932768], [-84.3875492904036, 33.7713307069107], [-84.3875437370185, 33.7713329844555], [-84.3875386902832, 33.7713359676657], [-84.3875342795552, 33.7713395803742], [-84.3875306171238, 33.7713437314791], [-84.3875277955155, 33.7713483141972], [-84.3875258883921, 33.7713532112908], [-84.3875246307507, 33.7713782500856], [-84.387454440886, 33.7722389526219], [-84.3874531868378, 33.7722455096411], [-84.3874531949227, 33.7722521495465], [-84.3874544642422, 33.7722587043244], [-84.387456962457, 33.7722650104415], [-84.3874606275834, 33.7722709095914], [-84.3874653670948, 33.7722762531754], [-84.387471063312, 33.7722809075295], [-84.3874775716062, 33.7722847561641], [-84.3874847293824, 33.7722877012581], [-84.3881871158149, 33.7723419592199], [-84.388731665557, 33.7723806381863], [-84.3887389266394, 33.7723809854143], [-84.3887461535858, 33.7723803073863], [-84.3887531379872, 33.7723786235172], [-84.3887596795191, 33.7723759823442], [-84.3887655895353, 33.7723724585399], [-84.388770697356, 33.7723681558992], [-84.3887748565558, 33.7723631968853], [-84.3887779467604, 33.7723577241229], [-84.3887798799349, 33.7723518966648], [-84.3887805994854, 33.772345881031], [-84.3887785306653, 33.7724950717605], [-84.3887780779144, 33.7724904652085], [-84.3887766837291, 33.7724859915736], [-84.3887743903302, 33.7724817815326], [-84.3887712632947, 33.7724779597889], [-84.3887673969457, 33.7724746383516], [-84.3887629035726, 33.7724719165352], [-84.3887579161262, 33.7724698734927], [-84.38875258193, 33.7724685689622], [-84.3887470581893, 33.772468043267], [-84.3887121209113, 33.7724659785693], [-84.3874988715599, 33.7723780291226], [-84.387491119099, 33.7723784211542], [-84.3874835498945, 33.7723798698043], [-84.387476371457, 33.7723823347497], [-84.3874697796195, 33.7723857487848], [-84.3874639540448, 33.7723900193153], [-84.3874590546333, 33.7723950283583], [-84.3874552143354, 33.7724006407563], [-84.3874357837758, 33.7737857157084], [-84.3874352196339, 33.7737897464738], [-84.3874354684672, 33.7737937988937], [-84.3874365230893, 33.773797760961], [-84.3874383556525, 33.7738015221618], [-84.3874409140544, 33.7738049779563], [-84.3874441264299, 33.773808032765], [-84.3874479056423, 33.7738106014626], [-84.3874521456904, 33.7738126131112], [-84.3874567279967, 33.7738140109605], [-84.3874615258986, 33.7738147569281], [-84.3874664073439, 33.7738148301061], [-84.3874647400707, 33.7738999457932], [-84.3874596960304, 33.7739003437915], [-84.3874547948222, 33.7739014138322], [-84.3874501667019, 33.77390312978], [-84.3874459338402, 33.7739054445921], [-84.3874422067301, 33.7739082985313], [-84.3874390841862, 33.7739116161795], [-84.3874366488535, 33.7739153101711], [-84.387434963614, 33.7739192826868], [-84.3874340742819, 33.7739234291864], [-84.387424544055, 33.7747052554671], [-84.3874214637319, 33.7750274333692], [-84.3874213990532, 33.7750316731532], [-84.3874224177427, 33.7750361011063], [-84.3874234337373, 33.7750405260724], [-84.3874249707548, 33.7750447919904], [-84.3874265643661, 33.7750478206203], [-84.3874284409467, 33.7750507603923], [-84.3874305951068, 33.7750535269291], [-84.3874338847373, 33.7750569341374], [-84.38743765317, 33.7750600441575], [-84.3874418042849, 33.775062669567], [-84.3874459688745, 33.7750644482147], [-84.3874504478746, 33.7750658333496], [-84.3874549232813, 33.7750672192311], [-84.3874499367331, 33.7751480065317], [-84.3874421510346, 33.7751485463978], [-84.387434564762, 33.7751500980461], [-84.3874273665616, 33.7751526233946], [-84.3874207360965, 33.7751560582269], [-84.387414839555, 33.7751603181655], [-84.3874098224641, 33.7751652971785], [-84.3874058105881, 33.7751708698198], [-84.3874029045381, 33.7751768979491], [-84.3874011752812, 33.7751832307327], [-84.3874006668348, 33.7751897113628], [-84.3874000119629, 33.775287263492], [-84.3874222497578, 33.7753069219008], [-84.3874232388029, 33.7758054100588], [-84.3873987345586, 33.7758262473829], [-84.3872149374548, 33.7758449297354], [-84.3872154548844, 33.7758030452693], [-84.3872154485962, 33.7758002697964], [-84.3872159318898, 33.7757578917415], [-84.3872166837797, 33.7757044364032], [-84.3872171320391, 33.7756480136522], [-84.3872174221949, 33.7756332013952], [-84.3872178920138, 33.7755852984325], [-84.3872181004229, 33.7755509166736]], [[-84.3872061204903, 33.7738589519526], [-84.386290529705, 33.773815601462], [-84.3862831410618, 33.7738173383196], [-84.3862762033728, 33.7738200750276], [-84.3862699115726, 33.7738237331809], [-84.3862644408325, 33.773828211973], [-84.3862599447645, 33.7738333859559], [-84.3862565482344, 33.7738391102667], [-84.3862543464636, 33.7738452251086], [-84.386253401436, 33.773851559484], [-84.3861546783829, 33.7749620519607], [-84.3861655587776, 33.7749830843797], [-84.3861860035351, 33.7749865655145], [-84.3871660304758, 33.7750467916627], [-84.3871819252664, 33.7750470895974], [-84.3871996759765, 33.7750439392548], [-84.3872143050409, 33.7750357971979], [-84.3872285379482, 33.7750253754535], [-84.387234421015, 33.7750209519801], [-84.3872394408008, 33.7750158460191], [-84.3872434841179, 33.7750101733094], [-84.3872464620331, 33.7750040615375], [-84.3872483053761, 33.7749976488434], [-84.3872548873321, 33.7749518788599], [-84.3872293958393, 33.7749272861454], [-84.3872289233255, 33.7748181925251], [-84.3872549654856, 33.7747959048531], [-84.3872542082058, 33.7745351779371], [-84.3872286448477, 33.774503296483], [-84.3872319533429, 33.7743339660085], [-84.3872555889164, 33.7743094642153], [-84.3872589045981, 33.7742270139459], [-84.3872339008905, 33.7742015413979], [-84.3872344650325, 33.7740262903903], [-84.3872609859946, 33.7739991205045], [-84.3872594687401, 33.7739191684396], [-84.3872575068195, 33.7739080117933], [-84.3872533907389, 33.7738972688249], [-84.3872472291943, 33.7738872247791], [-84.3872391865776, 33.7738781462331], [-84.3872294757894, 33.7738702751226], [-84.3872183546462, 33.7738638197809], [-84.3872061204903, 33.7738589519526]]]}, "properties": {"OBJECTID_1": 321, "OBJECTID": null, "Shape_Leng": null, "CreationDate": 1628109913579, "Creator": "wsims6_GTFacilities", "EditDate": 1628109913579, "Editor": "wsims6_GTFacilities", "Shape__Area": 50511.90625, "Shape__Length": 5967.165525948634, "GlobalID": "7ce234ec-97d5-49fe-be76-0e12db5e0e1e"}}, {"type": "Feature", "id": 322, "geometry": {"type": "Polygon", "coordinates": [[[-84.3874499367331, 33.7751480065317], [-84.3874549232813, 33.7750672192311], [-84.3877209279116, 33.7750683669143], [-84.3878723497326, 33.7750693025338], [-84.3881598878786, 33.7750710020307], [-84.3887200512386, 33.775075623378], [-84.3887240424534, 33.7750753635252], [-84.3887280336683, 33.7750751029257], [-84.3887318883391, 33.7750744801751], [-84.3887363089486, 33.7750731069876], [-84.3887405391153, 33.7750712252951], [-84.3887443434806, 33.7750689239551], [-84.3887476376027, 33.775066295559], [-84.3887505427543, 33.7750632781303], [-84.3887527418301, 33.775059987408], [-84.388753729977, 33.7750573007688], [-84.3887543138819, 33.7750544603086], [-84.3887549031767, 33.7750516183547], [-84.3887551726713, 33.7750415445763], [-84.3887553496394, 33.775034937742], [-84.3887670241448, 33.7739539951477], [-84.3887672020113, 33.7739493909143], [-84.3887664815624, 33.7739448247631], [-84.3887648807646, 33.7739404146747], [-84.3887624418386, 33.7739362786298], [-84.3887592303614, 33.7739325256487], [-84.3887553298765, 33.7739292535508], [-84.3887508445883, 33.7739265504484], [-84.3887458912778, 33.7739244857859], [-84.3887406010991, 33.7739231155668], [-84.388735113291, 33.7739224748867], [-84.3882570640328, 33.7739151145322], [-84.3874647400707, 33.7738999457932], [-84.3874664073439, 33.7738148301061], [-84.3874805638945, 33.7738156731466], [-84.3880658594212, 33.7738259703369], [-84.3887253162645, 33.7738370396283], [-84.3887335367477, 33.7738366259487], [-84.388741583856, 33.7738351691094], [-84.3887492671466, 33.7738327056992], [-84.3887564060582, 33.7738292932153], [-84.3887628317074, 33.773825010809], [-84.3887683931773, 33.773819961527], [-84.3887788360925, 33.7725017885593], [-84.3887805994854, 33.772345881031], [-84.3887867789963, 33.7713701756332], [-84.3887575756647, 33.7711134893449], [-84.3887690633205, 33.7703480011701], [-84.3887942862171, 33.7701806159706], [-84.388802400699, 33.7701548704038], [-84.3888066452388, 33.7701284908416], [-84.3888069560558, 33.7701018775394], [-84.3888047686581, 33.7700936797536], [-84.3888009059024, 33.7700859203074], [-84.3887954863663, 33.7700788344262], [-84.3887886726449, 33.770072634933], [-84.3887806704523, 33.7700675092616], [-84.3887717214355, 33.7700636134824], [-84.3887620968855, 33.7700610640879], [-84.3883905393109, 33.77006099016], [-84.388417080036, 33.7699909452558], [-84.3887592195816, 33.7699920877798], [-84.388764990359, 33.7699931825119], [-84.3887708985787, 33.7699934767305], [-84.3887767843404, 33.7699929622214], [-84.3887824895408, 33.7699916539194], [-84.3887878605679, 33.7699895854283], [-84.3887927509963, 33.7699868142476], [-84.3887970287736, 33.7699834143052], [-84.388800579814, 33.7699794781976], [-84.3888033062009, 33.7699751112165], [-84.3888051360691, 33.7699704320945], [-84.3888097192737, 33.7695404326875], [-84.3888153139813, 33.7693748694814], [-84.3888274861534, 33.7683914707173], [-84.3888061242159, 33.7682618201065], [-84.3887966757357, 33.7682386413343], [-84.3889983529069, 33.7682382776607], [-84.3889980753275, 33.7682644696207], [-84.3889855932366, 33.7692541343627], [-84.3889931238136, 33.7692858318284], [-84.3890065284743, 33.7693161597363], [-84.3890254784352, 33.7693443690943], [-84.3890436369804, 33.7693604653605], [-84.3890648030851, 33.7693737822089], [-84.38908836859, 33.7693839387967], [-84.3891136579618, 33.7693906446382], [-84.3891399462603, 33.7693937055783], [-84.3891664789005, 33.7693930342475], [-84.3891862705829, 33.7693907215537], [-84.3892054038001, 33.7693859199323], [-84.3892234293946, 33.7693787421426], [-84.3892399215649, 33.7693693576969], [-84.3892544931371, 33.7693579861399], [-84.3892668009548, 33.7693448963021], [-84.3892765557605, 33.769330395845], [-84.3893013375843, 33.7692737030518], [-84.3893195536216, 33.7692153150886], [-84.3893310412774, 33.7691557569205], [-84.3893356972456, 33.7690955617286], [-84.3893334793051, 33.7690352701629], [-84.389321090639, 33.7689389243948], [-84.3893029491619, 33.7688432102753], [-84.3892791006877, 33.7687483652759], [-84.3892496027087, 33.7686546246285], [-84.3892182703699, 33.768556800594], [-84.3891807037231, 33.7684605058144], [-84.389137007871, 33.7683660151033], [-84.3890873085779, 33.7682735980479], [-84.3890761353324, 33.7682540500397], [-84.3892151900468, 33.7682505290529], [-84.3892791851294, 33.7683743325363], [-84.3893261445608, 33.7684704071183], [-84.3893684453293, 33.768567964658], [-84.3894060209593, 33.7686668505714], [-84.3894388112638, 33.7687669057942], [-84.389459354836, 33.7688345658079], [-84.389474717824, 33.7689031696693], [-84.3894848391423, 33.7689724425695], [-84.3894896783667, 33.7690421089542], [-84.3894892148361, 33.7691118902825], [-84.3894834521435, 33.769181507268], [-84.3894762889774, 33.7692264887746], [-84.3894641374666, 33.7692707235036], [-84.3894471009172, 33.7693138306118], [-84.3894253284497, 33.769355438218], [-84.3894030286711, 33.7693923987607], [-84.3893764475218, 33.7694273475361], [-84.3893458455133, 33.7694599432807], [-84.3893115208863, 33.7694898686276], [-84.3892798247298, 33.7695147563763], [-84.3892459815998, 33.7695376062326], [-84.3892101792442, 33.7695582897569], [-84.3891567663157, 33.7695819662552], [-84.3891178099751, 33.7695967855324], [-84.3890769339347, 33.7696074491378], [-84.3890132811103, 33.7696160830727], [-84.3889979522583, 33.7696183643968], [-84.3889886528985, 33.7696239052885], [-84.388985392014, 33.7696352066157], [-84.3889374893515, 33.7699322956727], [-84.3889364526956, 33.7699895159808], [-84.3889241143352, 33.7711223964341], [-84.3889252057883, 33.7711267192993], [-84.3889271704038, 33.7711308241168], [-84.388929948893, 33.7711345891684], [-84.3889334604074, 33.7711379039371], [-84.3889376025392, 33.7711406713469], [-84.3889422522191, 33.7711428100036], [-84.3889472729032, 33.7711442564344], [-84.3889525172679, 33.7711449688221], [-84.3893012225999, 33.7711467863814], [-84.3897353487323, 33.7711636073912], [-84.3897308131384, 33.7713548690442], [-84.3894191821765, 33.7713421790152], [-84.3889536823828, 33.7713361976603], [-84.388947964606, 33.7713367920622], [-84.3889424318822, 33.771338130213], [-84.3889372234502, 33.7713401785097], [-84.3889324695657, 33.7713428861741], [-84.388928290603, 33.7713461837598], [-84.3889247907666, 33.7713499898724], [-84.3889220598882, 33.7713542074364], [-84.3889201644429, 33.771358730415], [-84.3889174093099, 33.7713918571005], [-84.3888999855867, 33.7738136973404], [-84.3889012450247, 33.7738181955476], [-84.3889033479808, 33.7738224697404], [-84.388906240556, 33.7738264131385], [-84.3889098499868, 33.7738299241888], [-84.3889140837467, 33.7738329140325], [-84.3889188358346, 33.7738353072515], [-84.3889239840795, 33.7738370426152], [-84.388929399124, 33.7738380768143], [-84.3889349426276, 33.7738383829671], [-84.3896183746076, 33.7738456081729], [-84.3896192890926, 33.7739303377786], [-84.3889310520241, 33.7739260135615], [-84.388926247834, 33.7739262801382], [-84.3889215496451, 33.7739271552862], [-84.3889170679501, 33.7739286188445], [-84.3889129096487, 33.7739306357172], [-84.3889091717588, 33.7739331588616], [-84.3889059432136, 33.7739361285404], [-84.3889033012684, 33.7739394745627], [-84.3889013061101, 33.77394311703], [-84.3888875367335, 33.7750123126162], [-84.3888967390752, 33.7750338094726], [-84.3889029015181, 33.7750437578058], [-84.3889075619778, 33.775049141539], [-84.3889127623249, 33.7750542497381], [-84.3889184675253, 33.7750588531654], [-84.3889260052889, 33.7750635917458], [-84.3889342572131, 33.775067622451], [-84.3889428711583, 33.7750709183999], [-84.3889509461144, 33.775073060692], [-84.3889593121247, 33.7750746071147], [-84.3889676817282, 33.7750761527907], [-84.3890691778805, 33.775076363361], [-84.3891928597255, 33.7750773281018], [-84.3892615035896, 33.7750778500474], [-84.3893635665789, 33.7750785967508], [-84.3894305018474, 33.775079064187], [-84.3895010240888, 33.7750794950348], [-84.3895837113157, 33.7750793016387], [-84.3896802200216, 33.7750814737986], [-84.3898051882541, 33.7750820816151], [-84.3898103823131, 33.7750822974124], [-84.3898155754737, 33.7750825102229], [-84.3898207659394, 33.7750827812761], [-84.3898302260977, 33.7750835063251], [-84.3898396700863, 33.7750844128229], [-84.3898491104816, 33.7750853327613], [-84.3898627217548, 33.7750864266816], [-84.3898763285364, 33.7750875452431], [-84.3898898167404, 33.7750892029243], [-84.3899024766977, 33.7750915789341], [-84.3899150288571, 33.7750944388073], [-84.3899275603553, 33.7750973658839], [-84.3899380742374, 33.7750995671648], [-84.3899485719498, 33.7751018177281], [-84.3899587938795, 33.7751046081577], [-84.3899744209721, 33.775110675867], [-84.3899893518705, 33.7751181324434], [-84.3900036261003, 33.7751263424425], [-84.3900180952646, 33.7751356635346], [-84.3900318314036, 33.7751458291465], [-84.3900446180234, 33.7751567242857], [-84.3900548767839, 33.7751671766289], [-84.3900643827563, 33.7751782069185], [-84.3900738923219, 33.7751892349667], [-84.3900787288513, 33.7751973008453], [-84.3900835644825, 33.7752053667233], [-84.3900881764332, 33.7752135177245], [-84.3900927237052, 33.7752221249599], [-84.3900970239404, 33.7752308232921], [-84.3901009082557, 33.7752396418425], [-84.3901040595457, 33.7752482796901], [-84.3901068236619, 33.7752570243151], [-84.390109587778, 33.7752657726728], [-84.3900111602706, 33.7752548924815], [-84.3900105575011, 33.7752520699487], [-84.3900035695065, 33.7752430632307], [-84.3899932577453, 33.7752202679118], [-84.3899760343464, 33.7752002376255], [-84.3899502284432, 33.7751816551905], [-84.389914139525, 33.775170256777], [-84.3899120347723, 33.775170236616], [-84.3899055372578, 33.7751676029961], [-84.388928455893, 33.7751605712977], [-84.3889061444363, 33.7751649111333], [-84.3888907194645, 33.7751764028854], [-84.3888821782828, 33.7751936136293], [-84.388760496986, 33.7751873704508], [-84.3887599202676, 33.7751809181952], [-84.3887581326202, 33.7751746205065], [-84.3887551789595, 33.7751686334456], [-84.3887511329475, 33.7751631063531], [-84.3887460933987, 33.7751581743822], [-84.3887401860774, 33.7751539607391], [-84.3887335565106, 33.7751505699622], [-84.38872636909, 33.7751480841888], [-84.3887188016821, 33.7751465668888], [-84.3887110420347, 33.7751460546507], [-84.3886197561338, 33.7751461965243], [-84.3885934777168, 33.7751682235059], [-84.3880880388255, 33.7751690067969], [-84.3880616481191, 33.775147061206], [-84.3878562492277, 33.7751473793014], [-84.3878299851838, 33.775169405536], [-84.3875403845059, 33.7751698520642], [-84.3875139929011, 33.7751479072202], [-84.3874499367331, 33.7751480065317]], [[-84.3891901018976, 33.7694674966799], [-84.3891753767134, 33.7694615047397], [-84.3891327202122, 33.7694628660691], [-84.3890903691381, 33.7694584154254], [-84.3890584331314, 33.7694477667366], [-84.3890284832999, 33.7694336844784], [-84.3890010505477, 33.7694164173176], [-84.3889914646253, 33.7694254769208], [-84.3889896275706, 33.7695295838794], [-84.3889962795952, 33.7695438625176], [-84.3890112913419, 33.7695466113101], [-84.3890926418758, 33.769522609965], [-84.3891367581394, 33.7695052435042], [-84.3891484595943, 33.7695001932208], [-84.3891733366394, 33.7694868472687], [-84.3891853264535, 33.7694788010147], [-84.3891901018976, 33.7694674966799]]]}, "properties": {"OBJECTID_1": 322, "OBJECTID": null, "Shape_Leng": null, "CreationDate": 1628109913579, "Creator": "wsims6_GTFacilities", "EditDate": 1628109913579, "Editor": "wsims6_GTFacilities", "Shape__Area": 27166.28515625, "Shape__Length": 3616.1447431674983, "GlobalID": "d230e9ec-6bed-45d0-b967-d9e4792ec361"}}, {"type": "Feature", "id": 323, "geometry": {"type": "Polygon", "coordinates": [[[-84.3871982781979, 33.7774821607651], [-84.3871985979981, 33.777328321654], [-84.387201888527, 33.7771175534844], [-84.387204578083, 33.7769148109388], [-84.3872045843712, 33.7769114949002], [-84.3873965507541, 33.7769132697761], [-84.3873961276476, 33.776957039084], [-84.3873977518017, 33.7771374354788], [-84.3873939043173, 33.7773889336845], [-84.3873937929262, 33.7775097223011], [-84.3873944262385, 33.7775116920485], [-84.3873950559575, 33.7775136580626], [-84.3873959300183, 33.7775155217811], [-84.3873973008474, 33.7775173966999], [-84.3873989573408, 33.7775191446826], [-84.3874007485814, 33.7775207933566], [-84.3874024472957, 33.7775222441598], [-84.3874042538077, 33.7775236098412], [-84.3874061860839, 33.7775248045324], [-84.3874092996446, 33.7775260738919], [-84.3873922316542, 33.7776028103675], [-84.3873897496091, 33.7776030186915], [-84.3873872657674, 33.7776032262689], [-84.3873848349262, 33.7776035966229], [-84.3873821345905, 33.7776042275687], [-84.38737950073, 33.7776050593717], [-84.3873771139063, 33.7776061935805], [-84.3873753145808, 33.7776075346201], [-84.3873737083931, 33.7776091131044], [-84.3873721767655, 33.7776107393762], [-84.3873703909147, 33.7776125889057], [-84.3873687038786, 33.7776145026497], [-84.3873672908287, 33.7776165224225], [-84.3873661418834, 33.7776192231684], [-84.3873654133498, 33.7776220851974], [-84.3873646794262, 33.7776249472263], [-84.3873640973178, 33.7776302635958], [-84.3873630031698, 33.7777293249734], [-84.387362764218, 33.7777508637088], [-84.3873930275616, 33.7777669919963], [-84.3873897352361, 33.7779112220592], [-84.3873614787288, 33.7779358594645], [-84.387361886564, 33.7779770103965], [-84.3873642994388, 33.7779860728279], [-84.3873895474882, 33.7780682140884], [-84.3873824103732, 33.7788309198827], [-84.3873786419406, 33.7794516107447], [-84.3873783086656, 33.7794873797348], [-84.3873766135447, 33.7796218853396], [-84.387373776665, 33.7799671763028], [-84.3873806020646, 33.7800567912233], [-84.3873929035941, 33.7801460013607], [-84.3874106507108, 33.7802345752522], [-84.3874337958041, 33.7803222844226], [-84.3874622786868, 33.7804089011441], [-84.3875641799794, 33.7806578989045], [-84.38762810679, 33.7807908272321], [-84.3876771557028, 33.7808922921627], [-84.3877587056626, 33.7810634957141], [-84.3877973556777, 33.7811603534893], [-84.3878319336296, 33.7812582691572], [-84.3878623972976, 33.7813571239971], [-84.3876613839814, 33.7813087224872], [-84.38762379308, 33.7812075955358], [-84.387582049267, 33.7811076003875], [-84.3875362010516, 33.7810088550174], [-84.3874548298565, 33.7808388437617], [-84.3874495271014, 33.7808333961803], [-84.3874432038601, 33.7808287624506], [-84.3874360371008, 33.7808250717437], [-84.3874282298426, 33.7808224293378], [-84.3874200003763, 33.780820908405], [-84.3874115804671, 33.7808205529981], [-84.3874032081687, 33.7808213720767], [-84.3866060027614, 33.7808245356466], [-84.3859498373453, 33.7808333147951], [-84.3859210696966, 33.7808319379666], [-84.3858341702693, 33.7808140085817], [-84.3854379162109, 33.7808140518876], [-84.3854166279353, 33.7808162604882], [-84.3854038062813, 33.7808216431118], [-84.3853840011242, 33.78083728699], [-84.3853545723155, 33.7808480582075], [-84.3853402900008, 33.7808485509985], [-84.385272327958, 33.7808486712096], [-84.3852658007991, 33.7808486503034], [-84.3852651567071, 33.7807294590084], [-84.3853046726981, 33.7807290378955], [-84.3855281995919, 33.7807262782619], [-84.3855394842285, 33.7807244713589], [-84.385543260746, 33.7807239360079], [-84.3855468719734, 33.7807228750124], [-84.3855502137063, 33.7807213174918], [-84.3855531880282, 33.7807193104855], [-84.3855557069042, 33.7807169114856], [-84.3855576984692, 33.7807141906777], [-84.385559102536, 33.7807112287003], [-84.385559880477, 33.7807081106722], [-84.385571676255, 33.7805322293585], [-84.3855848581335, 33.7803324643521], [-84.3856496086992, 33.7796137959843], [-84.3856490688117, 33.7796075493946], [-84.3856472344519, 33.7796014752839], [-84.385644160417, 33.7795957573314], [-84.3856399401318, 33.77959056951], [-84.3856347020554, 33.7795860678726], [-84.3856286033929, 33.7795823898054], [-84.3856218300957, 33.7795796458148], [-84.3856145878778, 33.779577920274], [-84.3856070941318, 33.7795772639563], [-84.3856271867497, 33.7795192682939], [-84.3856490795915, 33.7795089240014], [-84.3856540760211, 33.7794936614265], [-84.3857176246409, 33.7788463386299], [-84.3857280208437, 33.7787285303709], [-84.3857318252089, 33.7786846342873], [-84.3857231843142, 33.778664327049], [-84.3852617646686, 33.7786290975594], [-84.3852610442197, 33.7785776794429], [-84.3857050356505, 33.7786100327711], [-84.3857240089677, 33.7785989230293], [-84.3857369321313, 33.7785837103193], [-84.3857563510128, 33.7783774208062], [-84.3858391550208, 33.777512099737], [-84.3858390409347, 33.7775072948373], [-84.3858379836176, 33.7775025690857], [-84.3858360109173, 33.7774980516582], [-84.3858331776309, 33.777493862024], [-84.3858295583186, 33.7774901136788], [-84.3858252517951, 33.7774869074249], [-84.3858203721465, 33.7774843291307], [-84.3858150505268, 33.7774824482378], [-84.3858094315647, 33.777481314774], [-84.3858036652788, 33.7774809600998], [-84.3857979070779, 33.7774813931756], [-84.3852517951655, 33.7774427045651], [-84.3852569425121, 33.7773924938699], [-84.3857977696356, 33.7774274177281], [-84.385803839552, 33.7774291739262], [-84.3858101699798, 33.7774300953329], [-84.3858165965274, 33.7774301565608], [-84.3858229512097, 33.7774293568635], [-84.3858290687368, 33.7774277171479], [-84.3858347874119, 33.777425279975], [-84.3858399599113, 33.7774221088128], [-84.3858444505894, 33.7774182865429], [-84.3858481426652, 33.7774139139674], [-84.3858509382223, 33.7774091038355], [-84.385852766294, 33.7774039815897], [-84.3858535774727, 33.7773986823798], [-84.3859200042947, 33.7774043347708], [-84.3859202594162, 33.7774081734684], [-84.3859212484613, 33.777411929284], [-84.3859229462772, 33.7774155051488], [-84.3859253088464, 33.7774188099675], [-84.3859282759818, 33.7774217593652], [-84.3859317722249, 33.7774242764332], [-84.3859357068458, 33.7774262969571], [-84.3859399792333, 33.7774277701624], [-84.3859444797929, 33.777428656475], [-84.3859490926419, 33.7774289349877], [-84.385953700101, 33.7774285967404], [-84.3859919162298, 33.7774311406888], [-84.3863914509355, 33.7774596983158], [-84.3871137727808, 33.7775127807111], [-84.3871182769336, 33.7775128449258], [-84.3871459207898, 33.777512794898], [-84.3871582286076, 33.7775124984652], [-84.3871633597845, 33.7775110879827], [-84.3871666610931, 33.7775101815106], [-84.3871715326569, 33.7775104734633], [-84.387173934752, 33.7775104032751], [-84.3871763341521, 33.7775103338337], [-84.3871793974072, 33.7775099418256], [-84.387182277406, 33.7775089151376], [-84.3871839931882, 33.7775081871225], [-84.3871865533868, 33.7775068714685], [-84.3871889518886, 33.7775053228497], [-84.3871910889807, 33.7775035763601], [-84.3871928918994, 33.7775016969609], [-84.3871944486798, 33.7774996323846], [-84.3871956883549, 33.7774974617792], [-84.3871964815673, 33.7774951485576], [-84.3871969459963, 33.7774927270669], [-84.3871974104253, 33.7774903055762], [-84.3871982781979, 33.7774821607651]], [[-84.3871731298615, 33.7795801953596], [-84.3871562550089, 33.7795705297923], [-84.3871373616418, 33.7795709262709], [-84.3867478665077, 33.7795741272202], [-84.3862779155617, 33.7795764023059], [-84.3858032421723, 33.7795767793712], [-84.3857762549846, 33.7795767442781], [-84.3857717256789, 33.7795774872089], [-84.3857673949009, 33.7795788192576], [-84.3857633740417, 33.7795807053312], [-84.3857597646109, 33.7795830983896], [-84.3857566582367, 33.7795859372064], [-84.3857541330724, 33.7795891501017], [-84.3857522537968, 33.7795926556892], [-84.3857510689189, 33.7795963643692], [-84.3857506062866, 33.7796001828086], [-84.3857508793744, 33.7796040139411], [-84.385751880996, 33.7796077599538], [-84.3857194383395, 33.7800243413758], [-84.3856841614983, 33.7803751604598], [-84.3856668940819, 33.780586366367], [-84.3856624689808, 33.7806840467483], [-84.3856628175271, 33.7807042728691], [-84.3856646384122, 33.7807090820693], [-84.385667353121, 33.7807135903676], [-84.3856708951782, 33.780717683526], [-84.3856751738539, 33.7807212577595], [-84.3856800813503, 33.7807242212298], [-84.3857436650044, 33.780724108485], [-84.3865368046367, 33.7807143161156], [-84.3873151400332, 33.7807067435482], [-84.3873219950771, 33.7807057587111], [-84.3873285590669, 33.7807038420496], [-84.3873346496445, 33.7807010473225], [-84.3873400970284, 33.7806974506885], [-84.3873447520982, 33.7806931521992], [-84.3873484836999, 33.7806882720659], [-84.3873511894255, 33.7806829446863], [-84.3873527938166, 33.7806773186446], [-84.3873532537541, 33.780671548498], [-84.3873525548648, 33.7806657947776], [-84.3873507169117, 33.7806602180139], [-84.3872846161781, 33.7804570657258], [-84.3872499214452, 33.7803642809175], [-84.3872217736341, 33.7802699758128], [-84.3872002688645, 33.7801744707234], [-84.3871854790017, 33.7800780874556], [-84.3871774552496, 33.7799811530439], [-84.3871848959951, 33.7795968526874], [-84.3871731298615, 33.7795801953596]], [[-84.3871251876731, 33.7795041513204], [-84.3871331144072, 33.7795053153707], [-84.3871411633121, 33.7795053288107], [-84.3871490954361, 33.7795041908936], [-84.3871566745221, 33.7795019367127], [-84.3871636732965, 33.7794986319742], [-84.3871698842484, 33.7794943767314], [-84.3871751223248, 33.7794892971703], [-84.3871792312189, 33.779483544117], [-84.3871820887598, 33.7794772893046], [-84.3871836096076, 33.779470719399], [-84.3871837488465, 33.7794640300265], [-84.3871825010865, 33.7794574205466], [-84.3871859236678, 33.7787933481549], [-84.3871849633687, 33.7787898126678], [-84.3871833383164, 33.7787864496616], [-84.3871810898332, 33.7787833442567], [-84.3871782754114, 33.7787805756004], [-84.3871749669163, 33.7787782146265], [-84.3871712487893, 33.7787763210686], [-84.3871672153537, 33.7787749434604], [-84.3871629699156, 33.7787741168954], [-84.387158620273, 33.7787738630272], [-84.3858160126224, 33.7786856661879], [-84.3858009882993, 33.7786915477222], [-84.3857917464317, 33.7787072830833], [-84.3857884954286, 33.7787485956724], [-84.3857811049888, 33.7788316874601], [-84.38575823478, 33.7791172974588], [-84.3857223506777, 33.7794879068802], [-84.3857268979496, 33.7795026841241], [-84.385733911097, 33.7795040736673], [-84.3858030580177, 33.7795043349999], [-84.3861158136704, 33.7795054564904], [-84.3867205505365, 33.779505368384], [-84.3868554110169, 33.7795096758928], [-84.3869903694136, 33.7795092697072], [-84.3871251876731, 33.7795041513204]], [[-84.3871733768982, 33.7786824024849], [-84.3871779053055, 33.7786789819808], [-84.3871816809247, 33.7786749798189], [-84.3871845977544, 33.7786705080003], [-84.3871865731497, 33.7786656942056], [-84.3871875514151, 33.7786606735824], [-84.3871906532978, 33.7783249855673], [-84.3871969630643, 33.7777484093714], [-84.3872213433411, 33.7777282325802], [-84.3872219416191, 33.7776441959174], [-84.3872234409073, 33.777612909232], [-84.3872233780252, 33.7776117421692], [-84.3872233160415, 33.777610573613], [-84.3872231588363, 33.7776094222305], [-84.3872226548814, 33.7776076436356], [-84.387221630802, 33.7776052945762], [-84.3872210549819, 33.777603973697], [-84.3872204333477, 33.7776026640179], [-84.3872197084073, 33.7776014036198], [-84.3872186313273, 33.7775998841232], [-84.3872173979404, 33.7775984370548], [-84.3872160145349, 33.7775971176687], [-84.3872137301191, 33.7775954592894], [-84.3872111474626, 33.7775940600084], [-84.3872084093976, 33.7775929459597], [-84.3872064133411, 33.7775923889354], [-84.3872043418261, 33.7775919693004], [-84.387202270311, 33.7775915496654], [-84.3871899292556, 33.7775903378015], [-84.387112303137, 33.7775846256882], [-84.3859616564795, 33.777502648234], [-84.3859546747731, 33.7775005396035], [-84.3859473696732, 33.7774994188334], [-84.3859399433007, 33.7774993157913], [-84.3859325977766, 33.7775002334638], [-84.3859255352219, 33.7775021472103], [-84.3859189496725, 33.7775050047631], [-84.3859130234866, 33.7775087262271], [-84.3859079174625, 33.7775132108], [-84.3859037717375, 33.7775183345325], [-84.3859007021942, 33.7775239563017], [-84.3858987914776, 33.7775299230376], [-84.3858980925882, 33.7775360697234], [-84.3858550650828, 33.7779826806696], [-84.3857930849214, 33.7785735242085], [-84.3858019602764, 33.7785951373989], [-84.3858091728498, 33.778597131015], [-84.3858269136784, 33.7785983353979], [-84.3860949179586, 33.7786161898327], [-84.3871531971437, 33.778687010944], [-84.387157477616, 33.7786871341448], [-84.3871617311389, 33.7786867189952], [-84.3871658615925, 33.7786857759486], [-84.3871697728573, 33.7786843259118], [-84.3871733768982, 33.7786824024849]]]}, "properties": {"OBJECTID_1": 323, "OBJECTID": null, "Shape_Leng": null, "CreationDate": 1628109913579, "Creator": "wsims6_GTFacilities", "EditDate": 1628109913579, "Editor": "wsims6_GTFacilities", "Shape__Area": 25671.62109375, "Shape__Length": 3692.911660455264, "GlobalID": "d930bfd5-a007-4a4d-840b-d4733cd02702"}}, {"type": "Feature", "id": 324, "geometry": {"type": "Polygon", "coordinates": [[[-84.3872045845084, 33.7769114948298], [-84.3872049662449, 33.7767309725385], [-84.3872074824687, 33.7765082725412], [-84.387207715346, 33.7764756963275], [-84.3873803816338, 33.776431204874], [-84.3873768200514, 33.7767433308188], [-84.3873822305163, 33.776759747444], [-84.3873947880003, 33.7767716718775], [-84.3874180668455, 33.7767776036857], [-84.387426806405, 33.7768753776529], [-84.3874246324801, 33.7768756240861], [-84.3874224673039, 33.776875913783], [-84.3874203651513, 33.7768763593529], [-84.3874181093903, 33.7768771135627], [-84.3874159372762, 33.7768780659863], [-84.3874138659063, 33.7768791471659], [-84.3874119308488, 33.7768803326934], [-84.3874100943599, 33.7768816406692], [-84.387408360659, 33.7768830323148], [-84.3874063246334, 33.7768848437694], [-84.3874044379275, 33.7768867793849], [-84.387402804185, 33.7768888353693], [-84.3874015161272, 33.7768909592611], [-84.387400461577, 33.7768931954416], [-84.3873995755688, 33.7768954727967], [-84.3873987730619, 33.7768983126334], [-84.3873982212134, 33.7769012160392], [-84.3873975116892, 33.7769041053005], [-84.3873965504886, 33.7769132696101], [-84.3872045845084, 33.7769114948298]]]}, "properties": {"OBJECTID_1": 324, "OBJECTID": null, "Shape_Leng": null, "CreationDate": 1628109913579, "Creator": "wsims6_GTFacilities", "EditDate": 1628109913579, "Editor": "wsims6_GTFacilities", "Shape__Area": 1263.40234375, "Shape__Length": 168.62479624144564, "GlobalID": "bc6cbc99-d074-4409-9b75-c56f783e9c93"}}, {"type": "Feature", "id": 325, "geometry": {"type": "Polygon", "coordinates": [[[-84.3886873642404, 33.7776276345316], [-84.3886926472326, 33.7775489843329], [-84.3886944079305, 33.7775487804887], [-84.3886961641369, 33.7775485766446], [-84.3886978844107, 33.7775482652783], [-84.3887005820515, 33.777547463342], [-84.3887031754877, 33.7775463873735], [-84.388705581176, 33.7775451023341], [-84.3887081458662, 33.7775432348827], [-84.38871044196, 33.7775410650253], [-84.3887126042049, 33.7775388040725], [-84.3887145796002, 33.7775367365103], [-84.3887164400112, 33.7775345927865], [-84.3887180003848, 33.7775323273534], [-84.3887190837531, 33.7775298991437], [-84.3887198679823, 33.7775273537049], [-84.3887206504149, 33.7775248037858], [-84.3887210241141, 33.7775176886526], [-84.3887224012314, 33.7773792678698], [-84.3887237702639, 33.7773048683147], [-84.3888546188682, 33.777303495163], [-84.3888504039729, 33.7777549599954], [-84.3888505530932, 33.7777614516312], [-84.3888519706347, 33.777767837238], [-84.3888546206648, 33.777773945826], [-84.3888584313183, 33.7777796146192], [-84.3888633001871, 33.7777846920417], [-84.3888690988123, 33.7777890436912], [-84.3888756726835, 33.7777925523391], [-84.388882845731, 33.7777951246505], [-84.3888904266137, 33.7777966926778], [-84.3888896342996, 33.7778551987417], [-84.3888827774591, 33.7778555153337], [-84.3888760724338, 33.777856748101], [-84.388869693497, 33.7778588626962], [-84.3888638086335, 33.7778618053585], [-84.3888585723538, 33.7778654991799], [-84.3888541212015, 33.7778698455985], [-84.3888505719578, 33.7778747326124], [-84.3888480180475, 33.7778800310463], [-84.3888441031895, 33.7780151977449], [-84.3888456357154, 33.7781668038066], [-84.388840862068, 33.7783598440846], [-84.388832431379, 33.7788613900125], [-84.3888322517159, 33.7789613228229], [-84.3888348451522, 33.779050189887], [-84.3888396852749, 33.7791355833595], [-84.3888494373856, 33.7792555339928], [-84.388854381713, 33.7793081291954], [-84.3888601650668, 33.7793585082608], [-84.3888781134061, 33.7794748910165], [-84.388882982275, 33.7794870467223], [-84.3888890548863, 33.7794945462243], [-84.3889003278448, 33.7795001491972], [-84.3889276420193, 33.7795023555916], [-84.3893217895283, 33.7795046052926], [-84.3899159649017, 33.7795088030417], [-84.3899478470094, 33.7796198753208], [-84.3889880330609, 33.7796164339475], [-84.3889373986216, 33.7796161599218], [-84.3889220221589, 33.7796173769838], [-84.3889146505837, 33.7796214575012], [-84.3889106387076, 33.7796266430808], [-84.3889076536059, 33.7796340544643], [-84.3889072547539, 33.7796387905516], [-84.3889103566366, 33.779656231118], [-84.3890569401314, 33.7804907578452], [-84.3889278755813, 33.7805152212843], [-84.3888256967093, 33.7799304376004], [-84.3887731281972, 33.779628167768], [-84.3887713701942, 33.7796251512467], [-84.3887690723037, 33.7796223960576], [-84.3887662902213, 33.7796199694004], [-84.3887630895239, 33.779617929515], [-84.3887595474667, 33.7796163256812], [-84.388755750288, 33.7796151959789], [-84.3887517887176, 33.7796145680347], [-84.3887477579769, 33.7796144560351], [-84.3885775173491, 33.7796137705977], [-84.3878963284624, 33.7796091151487], [-84.387625599592, 33.7796030649313], [-84.3874102841982, 33.7795974612186], [-84.3874050542066, 33.7795976658045], [-84.3873999284196, 33.7795985535879], [-84.3873950352962, 33.7796001014223], [-84.3873904970074, 33.7796022712276], [-84.3873864267409, 33.7796050084974], [-84.3873829269045, 33.7796082452854], [-84.387380084635, 33.7796118994582], [-84.3873779708991, 33.7796158814162], [-84.3873766386975, 33.7796200903599], [-84.3873791953028, 33.779490396261], [-84.3873803936554, 33.7794945029178], [-84.3873823834238, 33.7794983922948], [-84.3873851116073, 33.7795019576192], [-84.3873885045441, 33.7795051048113], [-84.3873924715044, 33.7795077487511], [-84.387396903792, 33.7795098177591], [-84.387401684626, 33.779511256582], [-84.3874066837505, 33.7795120263933], [-84.3874117673167, 33.7795121062864], [-84.3876773227894, 33.7795173142725], [-84.3879562460919, 33.7795224154852], [-84.3887054149877, 33.779527756377], [-84.3887145472609, 33.7795275644842], [-84.3887235807194, 33.7795264332874], [-84.3887323761243, 33.7795243799598], [-84.3887367365467, 33.7795219607665], [-84.3887405400136, 33.7795189614147], [-84.3887436760323, 33.7795154692641], [-84.3887460538728, 33.7795115858611], [-84.388747604365, 33.7795074232053], [-84.3887482834914, 33.7795031022564], [-84.3887482772032, 33.7794944148113], [-84.3887444027694, 33.7794725457417], [-84.3887246506129, 33.7793352406507], [-84.3887174380395, 33.779259075434], [-84.3887090432832, 33.7791535198158], [-84.3887018612524, 33.7789376884901], [-84.3887022547145, 33.7788236577638], [-84.3887077649805, 33.778411965699], [-84.3887114534631, 33.7780928633952], [-84.3887105479612, 33.778089027715], [-84.3887088986544, 33.7780853675038], [-84.3887065495599, 33.7780819813229], [-84.3887035644582, 33.7780789617604], [-84.3887000241977, 33.7780763887108], [-84.388696024898, 33.7780743331085], [-84.3886916743571, 33.7780728502075], [-84.3886870893559, 33.7780719803285], [-84.3886823956586, 33.7780717466185], [-84.3886777190292, 33.7780721550509], [-84.3884339584819, 33.7780692624233], [-84.3881344457931, 33.7780638587197], [-84.3874851264378, 33.7780514982224], [-84.387409514342, 33.7780486735416], [-84.3874058204695, 33.7780492917906], [-84.3874023017686, 33.7780504125534], [-84.3873990561555, 33.7780520029763], [-84.38739617436, 33.7780540197521], [-84.387393735434, 33.7780564068797], [-84.3873918076494, 33.7780590971583], [-84.3873904449051, 33.7780620166667], [-84.3873896840321, 33.7780650840171], [-84.3873895474882, 33.7780682140884], [-84.3873642994388, 33.7779860728279], [-84.3873669701301, 33.7779900227544], [-84.3873704142709, 33.7779935351274], [-84.3873745312499, 33.7779965061589], [-84.3873791988961, 33.7779988477407], [-84.3873842797673, 33.7780004904321], [-84.387389623845, 33.7780013864455], [-84.3873950739238, 33.7780015096473], [-84.3874848075358, 33.7780028992149], [-84.3881879970622, 33.7780148960871], [-84.3886857778156, 33.7780204901966], [-84.388690004389, 33.77802027366], [-84.3886941294528, 33.7780194799416], [-84.3886980407175, 33.778018130695], [-84.3887016303854, 33.778016263254], [-84.3887047987434, 33.7780139283927], [-84.3887074604516, 33.778011191072], [-84.3887095418481, 33.7780081259597], [-84.3887109854408, 33.7780048174303], [-84.388711752602, 33.7780013558317], [-84.388711820874, 33.7779978367389], [-84.388715220099, 33.7777950649162], [-84.3887174299546, 33.7776580909025], [-84.3887172134606, 33.7776530239261], [-84.3887161678217, 33.7776495518598], [-84.3887151221827, 33.7776460768067], [-84.3887136687085, 33.7776427540764], [-84.3887122745232, 33.7776404296584], [-84.3887106620473, 33.7776381866287], [-84.3887087944498, 33.7776361317624], [-84.3887064525419, 33.7776341762047], [-84.3887038186814, 33.7776324394245], [-84.3887010105479, 33.7776309520358], [-84.388698232957, 33.777629876815], [-84.3886953089408, 33.7776290188784], [-84.3886923840262, 33.7776281616885], [-84.3886873642404, 33.7776276345316]]]}, "properties": {"OBJECTID_1": 325, "OBJECTID": null, "Shape_Leng": null, "CreationDate": 1628109913579, "Creator": "wsims6_GTFacilities", "EditDate": 1628109913579, "Editor": "wsims6_GTFacilities", "Shape__Area": 10957.29296875, "Shape__Length": 1741.5487881797221, "GlobalID": "c3a42778-474b-49a9-89f4-ce1b5cc782ba"}}, {"type": "Feature", "id": 326, "geometry": {"type": "Polygon", "coordinates": [[[-84.3873922315556, 33.7776028104646], [-84.3874092995994, 33.7775260736799], [-84.3874126717715, 33.7775269855299], [-84.3874160439368, 33.7775278946749], [-84.3874337676419, 33.7775287204412], [-84.3876823518932, 33.7775339504932], [-84.3879923685691, 33.7775388174214], [-84.3880615442643, 33.7776154789393], [-84.3877068023169, 33.7776100250798], [-84.3875945510504, 33.7776069224319], [-84.3874962703219, 33.7776042049352], [-84.3874534182118, 33.777603020197], [-84.3873922315556, 33.7776028104646]]]}, "properties": {"OBJECTID_1": 326, "OBJECTID": null, "Shape_Leng": null, "CreationDate": 1628109913579, "Creator": "wsims6_GTFacilities", "EditDate": 1628109913579, "Editor": "wsims6_GTFacilities", "Shape__Area": 702.15234375, "Shape__Length": 162.77876490711677, "GlobalID": "e407c145-2ce2-44d6-91bb-2224042025be"}}, {"type": "Feature", "id": 327, "geometry": {"type": "Polygon", "coordinates": [[[-84.3880615442643, 33.7776154789393], [-84.3879923685691, 33.7775388174214], [-84.3881184132471, 33.7775398031236], [-84.3882488282841, 33.7775418970954], [-84.3884299521398, 33.7775454136906], [-84.3885198307648, 33.7775470247951], [-84.3886714713345, 33.7775496157423], [-84.3886926475085, 33.7775489843586], [-84.3886873643138, 33.7776276341605], [-84.388586162852, 33.777626588138], [-84.3883193139395, 33.7776206614739], [-84.3880615442643, 33.7776154789393]]]}, "properties": {"OBJECTID_1": 327, "OBJECTID": null, "Shape_Leng": null, "CreationDate": 1628109913579, "Creator": "wsims6_GTFacilities", "EditDate": 1628109913579, "Editor": "wsims6_GTFacilities", "Shape__Area": 765.953125, "Shape__Length": 171.0403530830786, "GlobalID": "6100ad74-b200-4124-a8ac-15ae6ef2acff"}}, {"type": "Feature", "id": 328, "geometry": {"type": "MultiPolygon", "coordinates": [[[[-84.3887206549065, 33.7769003841915], [-84.3887122879979, 33.7768972279436], [-84.3887152317771, 33.7768979798579], [-84.3887180354191, 33.7768990379141], [-84.3887206549065, 33.7769003841915]]], [[[-84.388728127093, 33.7769077256224], [-84.388721673596, 33.7769010203692], [-84.3887244610684, 33.776903176056], [-84.3887268110612, 33.7769056670052], [-84.3887286633873, 33.7769084319886], [-84.3887299740293, 33.7769114038044], [-84.3887307106478, 33.7769145085304], [-84.3887304061189, 33.7769135124495], [-84.3887294817525, 33.7769118383765], [-84.388728127093, 33.7769077256224]]], [[[-84.3888545074771, 33.7773154600258], [-84.3888546188682, 33.7773034959097], [-84.3887265900756, 33.7773048391941], [-84.3887309217519, 33.7770092414474], [-84.388732013205, 33.7769347295679], [-84.3887321488506, 33.7769255632358], [-84.3887319673909, 33.776918626511], [-84.3887314526562, 33.776916938251], [-84.3888580486359, 33.7769361549936], [-84.3888633549843, 33.7769137670699], [-84.3888656223321, 33.7769108094413], [-84.3888643610974, 33.7769174594387], [-84.388863456494, 33.7769422509473], [-84.3888611181793, 33.7770063181696], [-84.388856883521, 33.7773154734661], [-84.3888545074771, 33.7773154600258]]]]}, "properties": {"OBJECTID_1": 328, "OBJECTID": null, "Shape_Leng": null, "CreationDate": 1628109913579, "Creator": "wsims6_GTFacilities", "EditDate": 1628109913579, "Editor": "wsims6_GTFacilities", "Shape__Area": 735.1796875, "Shape__Length": 146.42203648669468, "GlobalID": "297e0c45-7fc2-4f84-8e2a-446ab88b4940"}}, {"type": "Feature", "id": 329, "geometry": {"type": "Polygon", "coordinates": [[[-84.3887108808594, 33.7768969848804], [-84.3887093775066, 33.7768968370094], [-84.3887097662229, 33.7768968435232], [-84.3887108808594, 33.7768969848804]]]}, "properties": {"OBJECTID_1": 329, "OBJECTID": null, "Shape_Leng": null, "CreationDate": 1628109913579, "Creator": "wsims6_GTFacilities", "EditDate": 1628109913579, "Editor": "wsims6_GTFacilities", "Shape__Area": 0, "Shape__Length": 0.33731725685376857, "GlobalID": "668199c4-19f6-4a77-8020-af7ddcc160e8"}}]}